"Region","Cell","Niche","n_cells_in_niche"
"A13","Cell_17954","A13_1",29
"A13","Cell_35955","A13_2",26
"A13","Cell_6403","A13_2",26
"A13","Cell_23466","A13_1",29
"A13","Cell_34399","A13_2",26
"A13","Cell_35602","A13_1",29
"A13","Cell_36409","A13_1",29
"A13","Cell_10551","A13_1",29
"A13","Cell_36343","A13_1",29
"A13","Cell_43698","A13_1",29
"A13","Cell_5718","A13_2",26
"A13","Cell_19570","A13_1",29
"A13","Cell_31237","A13_1",29
"A13","Cell_1114","A13_1",29
"A13","Cell_1327","A13_2",26
"A13","Cell_11266","A13_1",29
"A13","Cell_13153","A13_2",26
"A13","Cell_13360","A13_2",26
"A13","Cell_15289","A13_1",29
"A13","Cell_15992","A13_1",29
"A13","Cell_21589","A13_2",26
"A13","Cell_23312","A13_1",29
"A13","Cell_25741","A13_1",29
"A13","Cell_31354","A13_1",29
"A13","Cell_37186","A13_1",29
"A13","Cell_45035","A13_1",29
"A13","Cell_3240","A13_1",29
"A13","Cell_3461","A13_1",29
"A13","Cell_5362","A13_2",26
"A13","Cell_6302","A13_1",29
"A13","Cell_7160","A13_2",26
"A13","Cell_11543","A13_2",26
"A13","Cell_12279","A13_2",26
"A13","Cell_15429","A13_1",29
"A13","Cell_18545","A13_2",26
"A13","Cell_21811","A13_2",26
"A13","Cell_21953","A13_1",29
"A13","Cell_24780","A13_2",26
"A13","Cell_31755","A13_2",26
"A13","Cell_34094","A13_1",29
"A13","Cell_34294","A13_2",26
"A13","Cell_38753","A13_2",26
"A13","Cell_12688","A13_1",29
"A13","Cell_26599","A13_2",26
"A13","Cell_32463","A13_1",29
"A13","Cell_3615","A13_2",26
"A13","Cell_6873","A13_2",26
"A13","Cell_9394","A13_2",26
"A13","Cell_10451","A13_2",26
"A13","Cell_22001","A13_2",26
"A13","Cell_25253","A13_2",26
"A13","Cell_28777","A13_1",29
"A13","Cell_33799","A13_2",26
"A13","Cell_21092","A13_1",29
"A13","Cell_22474","A13_1",29
"ARH","Cell_708","ARH_1",106
"ARH","Cell_759","ARH_2",81
"ARH","Cell_821","ARH_3",136
"ARH","Cell_960","ARH_3",136
"ARH","Cell_1774","ARH_3",136
"ARH","Cell_2071","ARH_2",81
"ARH","Cell_2217","ARH_1",106
"ARH","Cell_3830","ARH_3",136
"ARH","Cell_4464","ARH_3",136
"ARH","Cell_4897","ARH_2",81
"ARH","Cell_4963","ARH_1",106
"ARH","Cell_5000","ARH_1",106
"ARH","Cell_5392","ARH_1",106
"ARH","Cell_5880","ARH_3",136
"ARH","Cell_6937","ARH_3",136
"ARH","Cell_7928","ARH_2",81
"ARH","Cell_8389","ARH_3",136
"ARH","Cell_8627","ARH_3",136
"ARH","Cell_9057","ARH_2",81
"ARH","Cell_9651","ARH_3",136
"ARH","Cell_10039","ARH_3",136
"ARH","Cell_10074","ARH_3",136
"ARH","Cell_10325","ARH_1",106
"ARH","Cell_11523","ARH_2",81
"ARH","Cell_11537","ARH_2",81
"ARH","Cell_11743","ARH_2",81
"ARH","Cell_11916","ARH_1",106
"ARH","Cell_12376","ARH_3",136
"ARH","Cell_13158","ARH_1",106
"ARH","Cell_13220","ARH_2",81
"ARH","Cell_13459","ARH_3",136
"ARH","Cell_13620","ARH_1",106
"ARH","Cell_13649","ARH_1",106
"ARH","Cell_13940","ARH_1",106
"ARH","Cell_14403","ARH_1",106
"ARH","Cell_14492","ARH_2",81
"ARH","Cell_14940","ARH_1",106
"ARH","Cell_15275","ARH_2",81
"ARH","Cell_15310","ARH_1",106
"ARH","Cell_15428","ARH_3",136
"ARH","Cell_15809","ARH_1",106
"ARH","Cell_16189","ARH_3",136
"ARH","Cell_16976","ARH_1",106
"ARH","Cell_17376","ARH_1",106
"ARH","Cell_18473","ARH_1",106
"ARH","Cell_19477","ARH_1",106
"ARH","Cell_19517","ARH_1",106
"ARH","Cell_19685","ARH_1",106
"ARH","Cell_20893","ARH_1",106
"ARH","Cell_21013","ARH_3",136
"ARH","Cell_21673","ARH_3",136
"ARH","Cell_22341","ARH_2",81
"ARH","Cell_22575","ARH_1",106
"ARH","Cell_22730","ARH_3",136
"ARH","Cell_23604","ARH_2",81
"ARH","Cell_24389","ARH_2",81
"ARH","Cell_24734","ARH_3",136
"ARH","Cell_25156","ARH_1",106
"ARH","Cell_27591","ARH_2",81
"ARH","Cell_27709","ARH_3",136
"ARH","Cell_30460","ARH_2",81
"ARH","Cell_30725","ARH_2",81
"ARH","Cell_30830","ARH_3",136
"ARH","Cell_34140","ARH_3",136
"ARH","Cell_35775","ARH_1",106
"ARH","Cell_36703","ARH_3",136
"ARH","Cell_38833","ARH_1",106
"ARH","Cell_39111","ARH_1",106
"ARH","Cell_39127","ARH_1",106
"ARH","Cell_39283","ARH_3",136
"ARH","Cell_39550","ARH_3",136
"ARH","Cell_39669","ARH_1",106
"ARH","Cell_40406","ARH_2",81
"ARH","Cell_40748","ARH_1",106
"ARH","Cell_40869","ARH_1",106
"ARH","Cell_41336","ARH_3",136
"ARH","Cell_42168","ARH_1",106
"ARH","Cell_42232","ARH_3",136
"ARH","Cell_42588","ARH_1",106
"ARH","Cell_43237","ARH_2",81
"ARH","Cell_44497","ARH_1",106
"ARH","Cell_44895","ARH_1",106
"ARH","Cell_545","ARH_3",136
"ARH","Cell_1505","ARH_3",136
"ARH","Cell_5081","ARH_3",136
"ARH","Cell_6207","ARH_2",81
"ARH","Cell_7734","ARH_3",136
"ARH","Cell_16236","ARH_1",106
"ARH","Cell_18685","ARH_2",81
"ARH","Cell_21523","ARH_3",136
"ARH","Cell_22519","ARH_3",136
"ARH","Cell_27917","ARH_2",81
"ARH","Cell_34402","ARH_3",136
"ARH","Cell_36275","ARH_3",136
"ARH","Cell_37403","ARH_1",106
"ARH","Cell_38410","ARH_3",136
"ARH","Cell_42018","ARH_2",81
"ARH","Cell_42844","ARH_3",136
"ARH","Cell_531","ARH_1",106
"ARH","Cell_1497","ARH_2",81
"ARH","Cell_3384","ARH_3",136
"ARH","Cell_3775","ARH_3",136
"ARH","Cell_4323","ARH_2",81
"ARH","Cell_5813","ARH_3",136
"ARH","Cell_6579","ARH_3",136
"ARH","Cell_6993","ARH_3",136
"ARH","Cell_7381","ARH_1",106
"ARH","Cell_8046","ARH_2",81
"ARH","Cell_12125","ARH_2",81
"ARH","Cell_12482","ARH_1",106
"ARH","Cell_12917","ARH_2",81
"ARH","Cell_14265","ARH_2",81
"ARH","Cell_14887","ARH_3",136
"ARH","Cell_15130","ARH_1",106
"ARH","Cell_18794","ARH_3",136
"ARH","Cell_20279","ARH_1",106
"ARH","Cell_23504","ARH_3",136
"ARH","Cell_24308","ARH_1",106
"ARH","Cell_25295","ARH_1",106
"ARH","Cell_25801","ARH_2",81
"ARH","Cell_25841","ARH_2",81
"ARH","Cell_26687","ARH_3",136
"ARH","Cell_27870","ARH_1",106
"ARH","Cell_28949","ARH_3",136
"ARH","Cell_29034","ARH_1",106
"ARH","Cell_29184","ARH_1",106
"ARH","Cell_29265","ARH_2",81
"ARH","Cell_29340","ARH_3",136
"ARH","Cell_30163","ARH_1",106
"ARH","Cell_31480","ARH_3",136
"ARH","Cell_32175","ARH_1",106
"ARH","Cell_33997","ARH_1",106
"ARH","Cell_34237","ARH_3",136
"ARH","Cell_34265","ARH_3",136
"ARH","Cell_34735","ARH_3",136
"ARH","Cell_37056","ARH_3",136
"ARH","Cell_37111","ARH_3",136
"ARH","Cell_37363","ARH_1",106
"ARH","Cell_37474","ARH_3",136
"ARH","Cell_37528","ARH_2",81
"ARH","Cell_37790","ARH_3",136
"ARH","Cell_38174","ARH_2",81
"ARH","Cell_38925","ARH_1",106
"ARH","Cell_39129","ARH_3",136
"ARH","Cell_39940","ARH_3",136
"ARH","Cell_41424","ARH_3",136
"ARH","Cell_42046","ARH_3",136
"ARH","Cell_42307","ARH_1",106
"ARH","Cell_42398","ARH_2",81
"ARH","Cell_42814","ARH_3",136
"ARH","Cell_43026","ARH_1",106
"ARH","Cell_43297","ARH_1",106
"ARH","Cell_43684","ARH_3",136
"ARH","Cell_44764","ARH_3",136
"ARH","Cell_989","ARH_3",136
"ARH","Cell_8476","ARH_3",136
"ARH","Cell_19811","ARH_3",136
"ARH","Cell_26090","ARH_2",81
"ARH","Cell_30239","ARH_3",136
"ARH","Cell_34092","ARH_3",136
"ARH","Cell_34850","ARH_1",106
"ARH","Cell_35449","ARH_3",136
"ARH","Cell_36117","ARH_3",136
"ARH","Cell_36280","ARH_3",136
"ARH","Cell_40","ARH_3",136
"ARH","Cell_17921","ARH_3",136
"ARH","Cell_19454","ARH_3",136
"ARH","Cell_33248","ARH_3",136
"ARH","Cell_39600","ARH_3",136
"ARH","Cell_5642","ARH_1",106
"ARH","Cell_6518","ARH_1",106
"ARH","Cell_10848","ARH_3",136
"ARH","Cell_10916","ARH_1",106
"ARH","Cell_39046","ARH_3",136
"ARH","Cell_2028","ARH_2",81
"ARH","Cell_10940","ARH_2",81
"ARH","Cell_17980","ARH_1",106
"ARH","Cell_19773","ARH_1",106
"ARH","Cell_20094","ARH_3",136
"ARH","Cell_25403","ARH_3",136
"ARH","Cell_31920","ARH_3",136
"ARH","Cell_32553","ARH_3",136
"ARH","Cell_38504","ARH_2",81
"ARH","Cell_39799","ARH_3",136
"ARH","Cell_40977","ARH_2",81
"ARH","Cell_717","ARH_1",106
"ARH","Cell_971","ARH_1",106
"ARH","Cell_1081","ARH_1",106
"ARH","Cell_1439","ARH_2",81
"ARH","Cell_1843","ARH_3",136
"ARH","Cell_2222","ARH_1",106
"ARH","Cell_2452","ARH_3",136
"ARH","Cell_2567","ARH_3",136
"ARH","Cell_2580","ARH_2",81
"ARH","Cell_2640","ARH_2",81
"ARH","Cell_3014","ARH_1",106
"ARH","Cell_3938","ARH_1",106
"ARH","Cell_4360","ARH_2",81
"ARH","Cell_4461","ARH_3",136
"ARH","Cell_5401","ARH_2",81
"ARH","Cell_6062","ARH_3",136
"ARH","Cell_6066","ARH_3",136
"ARH","Cell_6286","ARH_3",136
"ARH","Cell_6824","ARH_3",136
"ARH","Cell_7994","ARH_3",136
"ARH","Cell_8002","ARH_3",136
"ARH","Cell_8231","ARH_3",136
"ARH","Cell_8406","ARH_3",136
"ARH","Cell_8844","ARH_2",81
"ARH","Cell_8915","ARH_2",81
"ARH","Cell_8927","ARH_3",136
"ARH","Cell_9658","ARH_3",136
"ARH","Cell_10709","ARH_1",106
"ARH","Cell_11511","ARH_1",106
"ARH","Cell_11834","ARH_2",81
"ARH","Cell_12194","ARH_1",106
"ARH","Cell_12753","ARH_1",106
"ARH","Cell_12782","ARH_3",136
"ARH","Cell_13325","ARH_2",81
"ARH","Cell_13575","ARH_3",136
"ARH","Cell_14032","ARH_3",136
"ARH","Cell_14466","ARH_3",136
"ARH","Cell_14787","ARH_1",106
"ARH","Cell_14805","ARH_2",81
"ARH","Cell_14835","ARH_3",136
"ARH","Cell_16367","ARH_1",106
"ARH","Cell_16392","ARH_1",106
"ARH","Cell_17146","ARH_3",136
"ARH","Cell_17628","ARH_3",136
"ARH","Cell_17786","ARH_1",106
"ARH","Cell_19146","ARH_1",106
"ARH","Cell_19527","ARH_1",106
"ARH","Cell_19946","ARH_1",106
"ARH","Cell_21509","ARH_1",106
"ARH","Cell_21631","ARH_1",106
"ARH","Cell_21920","ARH_1",106
"ARH","Cell_22056","ARH_1",106
"ARH","Cell_22599","ARH_3",136
"ARH","Cell_23059","ARH_2",81
"ARH","Cell_23119","ARH_2",81
"ARH","Cell_23371","ARH_3",136
"ARH","Cell_23639","ARH_3",136
"ARH","Cell_23865","ARH_3",136
"ARH","Cell_24419","ARH_2",81
"ARH","Cell_24965","ARH_1",106
"ARH","Cell_25526","ARH_2",81
"ARH","Cell_27150","ARH_1",106
"ARH","Cell_27512","ARH_1",106
"ARH","Cell_28026","ARH_3",136
"ARH","Cell_28061","ARH_1",106
"ARH","Cell_28750","ARH_1",106
"ARH","Cell_29349","ARH_2",81
"ARH","Cell_29495","ARH_2",81
"ARH","Cell_29595","ARH_1",106
"ARH","Cell_30368","ARH_2",81
"ARH","Cell_30510","ARH_1",106
"ARH","Cell_31037","ARH_1",106
"ARH","Cell_31770","ARH_1",106
"ARH","Cell_32970","ARH_3",136
"ARH","Cell_33074","ARH_1",106
"ARH","Cell_33204","ARH_3",136
"ARH","Cell_33358","ARH_2",81
"ARH","Cell_33802","ARH_3",136
"ARH","Cell_33970","ARH_3",136
"ARH","Cell_34873","ARH_3",136
"ARH","Cell_34932","ARH_1",106
"ARH","Cell_35910","ARH_2",81
"ARH","Cell_35948","ARH_3",136
"ARH","Cell_36549","ARH_3",136
"ARH","Cell_36691","ARH_3",136
"ARH","Cell_36899","ARH_1",106
"ARH","Cell_37307","ARH_3",136
"ARH","Cell_37509","ARH_3",136
"ARH","Cell_37780","ARH_1",106
"ARH","Cell_37853","ARH_2",81
"ARH","Cell_37997","ARH_2",81
"ARH","Cell_39348","ARH_3",136
"ARH","Cell_40068","ARH_1",106
"ARH","Cell_41847","ARH_2",81
"ARH","Cell_42057","ARH_1",106
"ARH","Cell_42815","ARH_3",136
"ARH","Cell_44032","ARH_1",106
"ARH","Cell_44122","ARH_3",136
"ARH","Cell_44459","ARH_2",81
"ARH","Cell_44904","ARH_2",81
"ARH","Cell_45211","ARH_2",81
"ARH","Cell_1395","ARH_1",106
"ARH","Cell_1983","ARH_3",136
"ARH","Cell_2707","ARH_2",81
"ARH","Cell_4206","ARH_2",81
"ARH","Cell_4318","ARH_3",136
"ARH","Cell_5651","ARH_3",136
"ARH","Cell_6313","ARH_1",106
"ARH","Cell_14218","ARH_1",106
"ARH","Cell_15294","ARH_2",81
"ARH","Cell_21222","ARH_3",136
"ARH","Cell_21587","ARH_3",136
"ARH","Cell_24353","ARH_2",81
"ARH","Cell_25168","ARH_2",81
"ARH","Cell_27408","ARH_2",81
"ARH","Cell_27834","ARH_2",81
"ARH","Cell_31465","ARH_3",136
"ARH","Cell_31812","ARH_2",81
"ARH","Cell_34648","ARH_3",136
"ARH","Cell_38622","ARH_3",136
"ARH","Cell_38743","ARH_2",81
"ARH","Cell_40461","ARH_2",81
"ARH","Cell_41628","ARH_3",136
"ARH","Cell_45166","ARH_2",81
"ARH","Cell_6736","ARH_2",81
"ARH","Cell_33586","ARH_1",106
"ARH","Cell_4467","ARH_3",136
"ARH","Cell_16549","ARH_2",81
"ARH","Cell_16847","ARH_3",136
"ARH","Cell_26944","ARH_3",136
"ARH","Cell_13569","ARH_3",136
"ARH","Cell_6595","ARH_1",106
"ARH","Cell_7572","ARH_1",106
"ARH","Cell_41757","ARH_1",106
"ARH","Cell_44192","ARH_2",81
"ARH","Cell_28346","ARH_2",81
"ARH","Cell_35852","ARH_2",81
"ARH","Cell_41770","ARH_1",106
"CA1so","Cell_8917","CA1so_1",26
"CA1so","Cell_28783","CA1so_3",26
"CA1so","Cell_31811","CA1so_4",19
"CA1so","Cell_33819","CA1so_4",19
"CA1so","Cell_4978","CA1so_1",26
"CA1so","Cell_2188","CA1so_5",24
"CA1so","Cell_6212","CA1so_4",19
"CA1so","Cell_6287","CA1so_4",19
"CA1so","Cell_6527","CA1so_4",19
"CA1so","Cell_7911","CA1so_5",24
"CA1so","Cell_8467","CA1so_6",21
"CA1so","Cell_9736","CA1so_3",26
"CA1so","Cell_9841","CA1so_6",21
"CA1so","Cell_10253","CA1so_4",19
"CA1so","Cell_11861","CA1so_3",26
"CA1so","Cell_14132","CA1so_6",21
"CA1so","Cell_14775","CA1so_5",24
"CA1so","Cell_15156","CA1so_3",26
"CA1so","Cell_15272","CA1so_1",26
"CA1so","Cell_15312","CA1so_6",21
"CA1so","Cell_17052","CA1so_1",26
"CA1so","Cell_20532","CA1so_4",19
"CA1so","Cell_23215","CA1so_1",26
"CA1so","Cell_25045","CA1so_3",26
"CA1so","Cell_26064","CA1so_5",24
"CA1so","Cell_28827","CA1so_5",24
"CA1so","Cell_29971","CA1so_3",26
"CA1so","Cell_31698","CA1so_5",24
"CA1so","Cell_33463","CA1so_4",19
"CA1so","Cell_34741","CA1so_6",21
"CA1so","Cell_35310","CA1so_5",24
"CA1so","Cell_35377","CA1so_4",19
"CA1so","Cell_36059","CA1so_5",24
"CA1so","Cell_36447","CA1so_4",19
"CA1so","Cell_36578","CA1so_3",26
"CA1so","Cell_42413","CA1so_3",26
"CA1so","Cell_44908","CA1so_4",19
"CA1so","Cell_4013","CA1so_5",24
"CA1so","Cell_4950","CA1so_3",26
"CA1so","Cell_8136","CA1so_5",24
"CA1so","Cell_11288","CA1so_5",24
"CA1so","Cell_11468","CA1so_1",26
"CA1so","Cell_12666","CA1so_5",24
"CA1so","Cell_13282","CA1so_1",26
"CA1so","Cell_17190","CA1so_6",21
"CA1so","Cell_18416","CA1so_5",24
"CA1so","Cell_19577","CA1so_5",24
"CA1so","Cell_20569","CA1so_4",19
"CA1so","Cell_23360","CA1so_1",26
"CA1so","Cell_24302","CA1so_1",26
"CA1so","Cell_25564","CA1so_1",26
"CA1so","Cell_28696","CA1so_5",24
"CA1so","Cell_30521","CA1so_5",24
"CA1so","Cell_31838","CA1so_3",26
"CA1so","Cell_34219","CA1so_5",24
"CA1so","Cell_34925","CA1so_1",26
"CA1so","Cell_8941","CA1so_4",19
"CA1so","Cell_6118","CA1so_6",21
"CA1so","Cell_17268","CA1so_5",24
"CA1so","Cell_21882","CA1so_5",24
"CA1so","Cell_25574","CA1so_1",26
"CA1so","Cell_25630","CA1so_1",26
"CA1so","Cell_26025","CA1so_3",26
"CA1so","Cell_27368","CA1so_5",24
"CA1so","Cell_28121","CA1so_5",24
"CA1so","Cell_28754","CA1so_3",26
"CA1so","Cell_29398","CA1so_1",26
"CA1so","Cell_30829","CA1so_4",19
"CA1so","Cell_32571","CA1so_6",21
"CA1so","Cell_43298","CA1so_1",26
"CA1so","Cell_44147","CA1so_6",21
"CA1so","Cell_44613","CA1so_6",21
"CA1so","Cell_1384","CA1so_6",21
"CA1so","Cell_5884","CA1so_5",24
"CA1so","Cell_6182","CA1so_6",21
"CA1so","Cell_7288","CA1so_6",21
"CA1so","Cell_11451","CA1so_1",26
"CA1so","Cell_11986","CA1so_1",26
"CA1so","Cell_14009","CA1so_1",26
"CA1so","Cell_14535","CA1so_1",26
"CA1so","Cell_15666","CA1so_1",26
"CA1so","Cell_15685","CA1so_3",26
"CA1so","Cell_17869","CA1so_3",26
"CA1so","Cell_21244","CA1so_4",19
"CA1so","Cell_21972","CA1so_3",26
"CA1so","Cell_27341","CA1so_1",26
"CA1so","Cell_27938","CA1so_6",21
"CA1so","Cell_30611","CA1so_6",21
"CA1so","Cell_30919","CA1so_6",21
"CA1so","Cell_33224","CA1so_4",19
"CA1so","Cell_33365","CA1so_3",26
"CA1so","Cell_33899","CA1so_1",26
"CA1so","Cell_36557","CA1so_3",26
"CA1so","Cell_38216","CA1so_6",21
"CA1so","Cell_38574","CA1so_1",26
"CA1so","Cell_38872","CA1so_6",21
"CA1so","Cell_39835","CA1so_4",19
"CA1so","Cell_40717","CA1so_6",21
"CA1so","Cell_42784","CA1so_1",26
"CA1so","Cell_44498","CA1so_3",26
"CA1so","Cell_752","CA1so_3",26
"CA1so","Cell_20357","CA1so_3",26
"CA1so","Cell_24648","CA1so_3",26
"CA1so","Cell_32960","CA1so_6",21
"CA1so","Cell_19218","CA1so_3",26
"CA1so","Cell_41348","CA1so_3",26
"CA1so","Cell_44705","CA1so_5",24
"CA1so","Cell_3724","CA1so_6",21
"CA1so","Cell_23333","CA1so_4",19
"CA1so","Cell_41411","CA1so_1",26
"CA1so","Cell_41902","CA1so_5",24
"CA1so","Cell_25367","CA1so_3",26
"CA1so","Cell_31660","CA1so_3",26
"CA1so","Cell_31692","CA1so_4",19
"CA1so","Cell_1202","CA1so_3",26
"CA1so","Cell_41054","CA1so_1",26
"CA1sp","Cell_20516","CA1sp_1",33
"CA1sp","Cell_29075","CA1sp_1",33
"CA1sp","Cell_166","CA1sp_2",70
"CA1sp","Cell_1660","CA1sp_2",70
"CA1sp","Cell_1664","CA1sp_2",70
"CA1sp","Cell_2341","CA1sp_2",70
"CA1sp","Cell_3080","CA1sp_3",31
"CA1sp","Cell_3098","CA1sp_2",70
"CA1sp","Cell_3893","CA1sp_1",33
"CA1sp","Cell_6877","CA1sp_1",33
"CA1sp","Cell_7351","CA1sp_4",34
"CA1sp","Cell_8399","CA1sp_2",70
"CA1sp","Cell_9252","CA1sp_5",51
"CA1sp","Cell_9650","CA1sp_2",70
"CA1sp","Cell_9913","CA1sp_1",33
"CA1sp","Cell_13068","CA1sp_1",33
"CA1sp","Cell_13135","CA1sp_2",70
"CA1sp","Cell_13145","CA1sp_5",51
"CA1sp","Cell_13797","CA1sp_1",33
"CA1sp","Cell_13963","CA1sp_2",70
"CA1sp","Cell_14363","CA1sp_2",70
"CA1sp","Cell_14786","CA1sp_2",70
"CA1sp","Cell_15038","CA1sp_1",33
"CA1sp","Cell_15158","CA1sp_2",70
"CA1sp","Cell_16259","CA1sp_1",33
"CA1sp","Cell_16950","CA1sp_1",33
"CA1sp","Cell_17029","CA1sp_2",70
"CA1sp","Cell_18455","CA1sp_2",70
"CA1sp","Cell_20101","CA1sp_2",70
"CA1sp","Cell_20761","CA1sp_1",33
"CA1sp","Cell_22435","CA1sp_2",70
"CA1sp","Cell_22737","CA1sp_1",33
"CA1sp","Cell_23827","CA1sp_2",70
"CA1sp","Cell_24464","CA1sp_1",33
"CA1sp","Cell_24619","CA1sp_1",33
"CA1sp","Cell_24894","CA1sp_1",33
"CA1sp","Cell_25472","CA1sp_2",70
"CA1sp","Cell_26173","CA1sp_2",70
"CA1sp","Cell_26313","CA1sp_1",33
"CA1sp","Cell_28070","CA1sp_1",33
"CA1sp","Cell_28181","CA1sp_2",70
"CA1sp","Cell_28394","CA1sp_2",70
"CA1sp","Cell_29411","CA1sp_4",34
"CA1sp","Cell_30186","CA1sp_5",51
"CA1sp","Cell_30306","CA1sp_2",70
"CA1sp","Cell_30770","CA1sp_2",70
"CA1sp","Cell_31254","CA1sp_3",31
"CA1sp","Cell_33256","CA1sp_2",70
"CA1sp","Cell_33406","CA1sp_1",33
"CA1sp","Cell_34218","CA1sp_2",70
"CA1sp","Cell_34802","CA1sp_2",70
"CA1sp","Cell_34858","CA1sp_2",70
"CA1sp","Cell_34874","CA1sp_3",31
"CA1sp","Cell_35006","CA1sp_2",70
"CA1sp","Cell_35169","CA1sp_5",51
"CA1sp","Cell_35565","CA1sp_2",70
"CA1sp","Cell_35943","CA1sp_2",70
"CA1sp","Cell_37156","CA1sp_2",70
"CA1sp","Cell_37286","CA1sp_4",34
"CA1sp","Cell_39217","CA1sp_2",70
"CA1sp","Cell_39713","CA1sp_2",70
"CA1sp","Cell_40518","CA1sp_1",33
"CA1sp","Cell_42082","CA1sp_1",33
"CA1sp","Cell_43236","CA1sp_2",70
"CA1sp","Cell_43601","CA1sp_2",70
"CA1sp","Cell_45188","CA1sp_4",34
"CA1sp","Cell_7196","CA1sp_2",70
"CA1sp","Cell_7580","CA1sp_5",51
"CA1sp","Cell_7993","CA1sp_1",33
"CA1sp","Cell_11350","CA1sp_2",70
"CA1sp","Cell_18193","CA1sp_2",70
"CA1sp","Cell_20808","CA1sp_2",70
"CA1sp","Cell_21321","CA1sp_1",33
"CA1sp","Cell_22368","CA1sp_2",70
"CA1sp","Cell_23510","CA1sp_2",70
"CA1sp","Cell_28619","CA1sp_2",70
"CA1sp","Cell_38429","CA1sp_1",33
"CA1sp","Cell_38672","CA1sp_2",70
"CA1sp","Cell_39806","CA1sp_2",70
"CA1sp","Cell_40222","CA1sp_4",34
"CA1sp","Cell_40983","CA1sp_2",70
"CA1sp","Cell_41295","CA1sp_5",51
"CA1sp","Cell_42277","CA1sp_4",34
"CA1sp","Cell_42416","CA1sp_1",33
"CA1sp","Cell_20987","CA1sp_2",70
"CA1sp","Cell_18274","CA1sp_5",51
"CA1sp","Cell_574","CA1sp_4",34
"CA1sp","Cell_1966","CA1sp_3",31
"CA1sp","Cell_2118","CA1sp_5",51
"CA1sp","Cell_2235","CA1sp_2",70
"CA1sp","Cell_2495","CA1sp_2",70
"CA1sp","Cell_7340","CA1sp_5",51
"CA1sp","Cell_8083","CA1sp_3",31
"CA1sp","Cell_9028","CA1sp_5",51
"CA1sp","Cell_9470","CA1sp_5",51
"CA1sp","Cell_9582","CA1sp_2",70
"CA1sp","Cell_10116","CA1sp_2",70
"CA1sp","Cell_12784","CA1sp_1",33
"CA1sp","Cell_14602","CA1sp_1",33
"CA1sp","Cell_16171","CA1sp_3",31
"CA1sp","Cell_18335","CA1sp_2",70
"CA1sp","Cell_20812","CA1sp_3",31
"CA1sp","Cell_22260","CA1sp_4",34
"CA1sp","Cell_22752","CA1sp_3",31
"CA1sp","Cell_27453","CA1sp_3",31
"CA1sp","Cell_27985","CA1sp_4",34
"CA1sp","Cell_30124","CA1sp_3",31
"CA1sp","Cell_30128","CA1sp_1",33
"CA1sp","Cell_34981","CA1sp_2",70
"CA1sp","Cell_35718","CA1sp_2",70
"CA1sp","Cell_39059","CA1sp_3",31
"CA1sp","Cell_39959","CA1sp_2",70
"CA1sp","Cell_44012","CA1sp_5",51
"CA1sp","Cell_1262","CA1sp_4",34
"CA1sp","Cell_1537","CA1sp_5",51
"CA1sp","Cell_4018","CA1sp_2",70
"CA1sp","Cell_5096","CA1sp_5",51
"CA1sp","Cell_5116","CA1sp_1",33
"CA1sp","Cell_5756","CA1sp_5",51
"CA1sp","Cell_6152","CA1sp_3",31
"CA1sp","Cell_6294","CA1sp_3",31
"CA1sp","Cell_6395","CA1sp_1",33
"CA1sp","Cell_6740","CA1sp_5",51
"CA1sp","Cell_7002","CA1sp_4",34
"CA1sp","Cell_7785","CA1sp_5",51
"CA1sp","Cell_7976","CA1sp_1",33
"CA1sp","Cell_8067","CA1sp_4",34
"CA1sp","Cell_8732","CA1sp_4",34
"CA1sp","Cell_9826","CA1sp_3",31
"CA1sp","Cell_9964","CA1sp_2",70
"CA1sp","Cell_10535","CA1sp_4",34
"CA1sp","Cell_11416","CA1sp_5",51
"CA1sp","Cell_12761","CA1sp_5",51
"CA1sp","Cell_14748","CA1sp_3",31
"CA1sp","Cell_16826","CA1sp_5",51
"CA1sp","Cell_17807","CA1sp_5",51
"CA1sp","Cell_17906","CA1sp_3",31
"CA1sp","Cell_18770","CA1sp_5",51
"CA1sp","Cell_21351","CA1sp_5",51
"CA1sp","Cell_21537","CA1sp_4",34
"CA1sp","Cell_21701","CA1sp_3",31
"CA1sp","Cell_21778","CA1sp_4",34
"CA1sp","Cell_23502","CA1sp_2",70
"CA1sp","Cell_24653","CA1sp_3",31
"CA1sp","Cell_25785","CA1sp_4",34
"CA1sp","Cell_25798","CA1sp_2",70
"CA1sp","Cell_25927","CA1sp_2",70
"CA1sp","Cell_26148","CA1sp_5",51
"CA1sp","Cell_26272","CA1sp_3",31
"CA1sp","Cell_27164","CA1sp_5",51
"CA1sp","Cell_27674","CA1sp_2",70
"CA1sp","Cell_29440","CA1sp_3",31
"CA1sp","Cell_30088","CA1sp_4",34
"CA1sp","Cell_30199","CA1sp_5",51
"CA1sp","Cell_31415","CA1sp_2",70
"CA1sp","Cell_32106","CA1sp_2",70
"CA1sp","Cell_32989","CA1sp_5",51
"CA1sp","Cell_33135","CA1sp_5",51
"CA1sp","Cell_34634","CA1sp_4",34
"CA1sp","Cell_34953","CA1sp_5",51
"CA1sp","Cell_37620","CA1sp_5",51
"CA1sp","Cell_38167","CA1sp_2",70
"CA1sp","Cell_38398","CA1sp_1",33
"CA1sp","Cell_39696","CA1sp_1",33
"CA1sp","Cell_40424","CA1sp_2",70
"CA1sp","Cell_40451","CA1sp_5",51
"CA1sp","Cell_41792","CA1sp_5",51
"CA1sp","Cell_43493","CA1sp_4",34
"CA1sp","Cell_43578","CA1sp_4",34
"CA1sp","Cell_44271","CA1sp_3",31
"CA1sp","Cell_44997","CA1sp_4",34
"CA1sp","Cell_45122","CA1sp_5",51
"CA1sp","Cell_6111","CA1sp_5",51
"CA1sp","Cell_11025","CA1sp_5",51
"CA1sp","Cell_12037","CA1sp_5",51
"CA1sp","Cell_21268","CA1sp_3",31
"CA1sp","Cell_21350","CA1sp_3",31
"CA1sp","Cell_10980","CA1sp_5",51
"CA1sp","Cell_19883","CA1sp_2",70
"CA1sp","Cell_31178","CA1sp_5",51
"CA1sp","Cell_5361","CA1sp_5",51
"CA1sp","Cell_6833","CA1sp_5",51
"CA1sp","Cell_11699","CA1sp_3",31
"CA1sp","Cell_18252","CA1sp_4",34
"CA1sp","Cell_19556","CA1sp_5",51
"CA1sp","Cell_19926","CA1sp_5",51
"CA1sp","Cell_20598","CA1sp_2",70
"CA1sp","Cell_43441","CA1sp_5",51
"CA1sp","Cell_44855","CA1sp_3",31
"CA1sp","Cell_4987","CA1sp_5",51
"CA1sp","Cell_7569","CA1sp_4",34
"CA1sp","Cell_14039","CA1sp_4",34
"CA1sp","Cell_18422","CA1sp_2",70
"CA1sp","Cell_20652","CA1sp_5",51
"CA1sp","Cell_22151","CA1sp_4",34
"CA1sp","Cell_27504","CA1sp_4",34
"CA1sp","Cell_28331","CA1sp_4",34
"CA1sp","Cell_30366","CA1sp_4",34
"CA1sp","Cell_32586","CA1sp_2",70
"CA1sp","Cell_34182","CA1sp_5",51
"CA1sp","Cell_37921","CA1sp_5",51
"CA1sp","Cell_42161","CA1sp_2",70
"CA1sp","Cell_8781","CA1sp_4",34
"CA1sp","Cell_11630","CA1sp_5",51
"CA1sp","Cell_22515","CA1sp_5",51
"CA1sp","Cell_23175","CA1sp_3",31
"CA1sp","Cell_39169","CA1sp_4",34
"CA1sp","Cell_27375","CA1sp_1",33
"CA1sp","Cell_7582","CA1sp_3",31
"CA1sp","Cell_8563","CA1sp_4",34
"CA1sp","Cell_28966","CA1sp_2",70
"CA1sp","Cell_32931","CA1sp_5",51
"CA1sp","Cell_36545","CA1sp_3",31
"CA1sp","Cell_38020","CA1sp_4",34
"CA1sp","Cell_43181","CA1sp_3",31
"CA1sp","Cell_2344","CA1sp_5",51
"CA1sp","Cell_2854","CA1sp_3",31
"CA1sp","Cell_9315","CA1sp_3",31
"CA1sp","Cell_39656","CA1sp_4",34
"CA2sp","Cell_44875","CA2sp_1",43
"CA2sp","Cell_9827","CA2sp_1",43
"CA2sp","Cell_3927","CA2sp_1",43
"CA2sp","Cell_6520","CA2sp_1",43
"CA2sp","Cell_6739","CA2sp_2",31
"CA2sp","Cell_7963","CA2sp_2",31
"CA2sp","Cell_10121","CA2sp_2",31
"CA2sp","Cell_14613","CA2sp_1",43
"CA2sp","Cell_16165","CA2sp_1",43
"CA2sp","Cell_19040","CA2sp_1",43
"CA2sp","Cell_20477","CA2sp_1",43
"CA2sp","Cell_20517","CA2sp_2",31
"CA2sp","Cell_22945","CA2sp_1",43
"CA2sp","Cell_24153","CA2sp_2",31
"CA2sp","Cell_25084","CA2sp_1",43
"CA2sp","Cell_26998","CA2sp_1",43
"CA2sp","Cell_27003","CA2sp_1",43
"CA2sp","Cell_29774","CA2sp_1",43
"CA2sp","Cell_32973","CA2sp_2",31
"CA2sp","Cell_33305","CA2sp_1",43
"CA2sp","Cell_33367","CA2sp_2",31
"CA2sp","Cell_33528","CA2sp_1",43
"CA2sp","Cell_33855","CA2sp_2",31
"CA2sp","Cell_35207","CA2sp_1",43
"CA2sp","Cell_35940","CA2sp_2",31
"CA2sp","Cell_36182","CA2sp_2",31
"CA2sp","Cell_36745","CA2sp_1",43
"CA2sp","Cell_37247","CA2sp_2",31
"CA2sp","Cell_38170","CA2sp_1",43
"CA2sp","Cell_39019","CA2sp_2",31
"CA2sp","Cell_39653","CA2sp_1",43
"CA2sp","Cell_40997","CA2sp_1",43
"CA2sp","Cell_42142","CA2sp_1",43
"CA2sp","Cell_44661","CA2sp_2",31
"CA2sp","Cell_3676","CA2sp_1",43
"CA2sp","Cell_10925","CA2sp_1",43
"CA2sp","Cell_12227","CA2sp_1",43
"CA2sp","Cell_13242","CA2sp_1",43
"CA2sp","Cell_19415","CA2sp_2",31
"CA2sp","Cell_21737","CA2sp_2",31
"CA2sp","Cell_37285","CA2sp_1",43
"CA2sp","Cell_41106","CA2sp_1",43
"CA2sp","Cell_2590","CA2sp_1",43
"CA2sp","Cell_5782","CA2sp_2",31
"CA2sp","Cell_12916","CA2sp_1",43
"CA2sp","Cell_20856","CA2sp_2",31
"CA2sp","Cell_22054","CA2sp_2",31
"CA2sp","Cell_29670","CA2sp_2",31
"CA2sp","Cell_31622","CA2sp_2",31
"CA2sp","Cell_44067","CA2sp_2",31
"CA2sp","Cell_2586","CA2sp_1",43
"CA2sp","Cell_4862","CA2sp_2",31
"CA2sp","Cell_6251","CA2sp_1",43
"CA2sp","Cell_10406","CA2sp_2",31
"CA2sp","Cell_18949","CA2sp_1",43
"CA2sp","Cell_18982","CA2sp_2",31
"CA2sp","Cell_20106","CA2sp_1",43
"CA2sp","Cell_23159","CA2sp_2",31
"CA2sp","Cell_23891","CA2sp_2",31
"CA2sp","Cell_26851","CA2sp_1",43
"CA2sp","Cell_27305","CA2sp_1",43
"CA2sp","Cell_29577","CA2sp_2",31
"CA2sp","Cell_35609","CA2sp_1",43
"CA2sp","Cell_35815","CA2sp_1",43
"CA2sp","Cell_38609","CA2sp_1",43
"CA2sp","Cell_42594","CA2sp_2",31
"CA2sp","Cell_45208","CA2sp_1",43
"CA2sp","Cell_2389","CA2sp_2",31
"CA2sp","Cell_26259","CA2sp_1",43
"CA2sp","Cell_2890","CA2sp_1",43
"CA2sp","Cell_18278","CA2sp_2",31
"CA2sp","Cell_23850","CA2sp_2",31
"CA2sp","Cell_29756","CA2sp_1",43
"CA2sp","Cell_31865","CA2sp_1",43
"CA2sp","Cell_25862","CA2sp_3",28
"CA2sp","Cell_43165","CA2sp_3",28
"CA2sp","Cell_2014","CA2sp_3",28
"CA2sp","Cell_2213","CA2sp_3",28
"CA2sp","Cell_4249","CA2sp_3",28
"CA2sp","Cell_7631","CA2sp_3",28
"CA2sp","Cell_8575","CA2sp_3",28
"CA2sp","Cell_9610","CA2sp_3",28
"CA2sp","Cell_13485","CA2sp_3",28
"CA2sp","Cell_16968","CA2sp_3",28
"CA2sp","Cell_18589","CA2sp_3",28
"CA2sp","Cell_20878","CA2sp_3",28
"CA2sp","Cell_21219","CA2sp_3",28
"CA2sp","Cell_22406","CA2sp_3",28
"CA2sp","Cell_23866","CA2sp_3",28
"CA2sp","Cell_25716","CA2sp_3",28
"CA2sp","Cell_26520","CA2sp_3",28
"CA2sp","Cell_29026","CA2sp_3",28
"CA2sp","Cell_35132","CA2sp_3",28
"CA2sp","Cell_20577","CA2sp_3",28
"CA2sp","Cell_22022","CA2sp_3",28
"CA2sp","Cell_1102","CA2sp_3",28
"CA2sp","Cell_5170","CA2sp_3",28
"CA2sp","Cell_23932","CA2sp_3",28
"CA2sp","Cell_43966","CA2sp_3",28
"CA2sp","Cell_7139","CA2sp_3",28
"CA2sp","Cell_17955","CA2sp_3",28
"CA2sp","Cell_29053","CA2sp_3",28
"CA2sr","Cell_6661","CA2sr_1",15
"CA2sr","Cell_6924","CA2sr_1",15
"CA2sr","Cell_292","CA2sr_1",15
"CA2sr","Cell_17234","CA2sr_1",15
"CA2sr","Cell_20079","CA2sr_1",15
"CA2sr","Cell_31476","CA2sr_1",15
"CA2sr","Cell_24429","CA2sr_1",15
"CA2sr","Cell_40814","CA2sr_1",15
"CA2sr","Cell_5794","CA2sr_1",15
"CA2sr","Cell_11549","CA2sr_1",15
"CA2sr","Cell_23905","CA2sr_1",15
"CA2sr","Cell_26765","CA2sr_1",15
"CA2sr","Cell_30527","CA2sr_1",15
"CA2sr","Cell_36446","CA2sr_1",15
"CA2sr","Cell_25633","CA2sr_1",15
"CA3so","Cell_17","CA3so_1",33
"CA3so","Cell_10562","CA3so_2",32
"CA3so","Cell_19665","CA3so_3",16
"CA3so","Cell_34030","CA3so_1",33
"CA3so","Cell_43544","CA3so_2",32
"CA3so","Cell_44362","CA3so_3",16
"CA3so","Cell_724","CA3so_1",33
"CA3so","Cell_984","CA3so_2",32
"CA3so","Cell_1062","CA3so_2",32
"CA3so","Cell_2899","CA3so_2",32
"CA3so","Cell_4354","CA3so_2",32
"CA3so","Cell_7353","CA3so_1",33
"CA3so","Cell_7796","CA3so_1",33
"CA3so","Cell_7903","CA3so_1",33
"CA3so","Cell_10607","CA3so_1",33
"CA3so","Cell_13535","CA3so_1",33
"CA3so","Cell_15817","CA3so_1",33
"CA3so","Cell_18791","CA3so_1",33
"CA3so","Cell_25494","CA3so_2",32
"CA3so","Cell_25604","CA3so_1",33
"CA3so","Cell_32549","CA3so_2",32
"CA3so","Cell_34067","CA3so_3",16
"CA3so","Cell_44844","CA3so_2",32
"CA3so","Cell_4026","CA3so_2",32
"CA3so","Cell_6120","CA3so_1",33
"CA3so","Cell_7561","CA3so_3",16
"CA3so","Cell_10437","CA3so_2",32
"CA3so","Cell_12102","CA3so_3",16
"CA3so","Cell_14610","CA3so_2",32
"CA3so","Cell_15585","CA3so_2",32
"CA3so","Cell_16422","CA3so_1",33
"CA3so","Cell_17951","CA3so_2",32
"CA3so","Cell_18823","CA3so_2",32
"CA3so","Cell_18941","CA3so_1",33
"CA3so","Cell_19242","CA3so_1",33
"CA3so","Cell_21844","CA3so_1",33
"CA3so","Cell_24700","CA3so_2",32
"CA3so","Cell_29888","CA3so_3",16
"CA3so","Cell_31018","CA3so_1",33
"CA3so","Cell_33203","CA3so_2",32
"CA3so","Cell_34166","CA3so_2",32
"CA3so","Cell_35323","CA3so_2",32
"CA3so","Cell_35461","CA3so_1",33
"CA3so","Cell_36469","CA3so_1",33
"CA3so","Cell_44790","CA3so_2",32
"CA3so","Cell_31719","CA3so_3",16
"CA3so","Cell_98","CA3so_1",33
"CA3so","Cell_549","CA3so_3",16
"CA3so","Cell_3469","CA3so_1",33
"CA3so","Cell_8283","CA3so_1",33
"CA3so","Cell_10181","CA3so_3",16
"CA3so","Cell_12273","CA3so_1",33
"CA3so","Cell_13490","CA3so_1",33
"CA3so","Cell_41175","CA3so_2",32
"CA3so","Cell_1838","CA3so_3",16
"CA3so","Cell_2648","CA3so_3",16
"CA3so","Cell_2755","CA3so_2",32
"CA3so","Cell_2963","CA3so_2",32
"CA3so","Cell_4536","CA3so_2",32
"CA3so","Cell_10367","CA3so_1",33
"CA3so","Cell_10612","CA3so_1",33
"CA3so","Cell_10690","CA3so_2",32
"CA3so","Cell_10873","CA3so_2",32
"CA3so","Cell_11669","CA3so_2",32
"CA3so","Cell_13252","CA3so_1",33
"CA3so","Cell_16296","CA3so_1",33
"CA3so","Cell_21794","CA3so_2",32
"CA3so","Cell_24396","CA3so_1",33
"CA3so","Cell_26558","CA3so_2",32
"CA3so","Cell_26752","CA3so_2",32
"CA3so","Cell_28025","CA3so_1",33
"CA3so","Cell_35033","CA3so_1",33
"CA3so","Cell_35982","CA3so_2",32
"CA3so","Cell_42803","CA3so_1",33
"CA3so","Cell_43738","CA3so_2",32
"CA3so","Cell_43942","CA3so_1",33
"CA3so","Cell_23765","CA3so_3",16
"CA3so","Cell_16195","CA3so_3",16
"CA3so","Cell_32296","CA3so_3",16
"CA3so","Cell_41261","CA3so_3",16
"CA3so","Cell_39228","CA3so_3",16
"CA3sp","Cell_2987","CA3sp_1",93
"CA3sp","Cell_4439","CA3sp_1",93
"CA3sp","Cell_4558","CA3sp_2",101
"CA3sp","Cell_11244","CA3sp_2",101
"CA3sp","Cell_12327","CA3sp_3",77
"CA3sp","Cell_15401","CA3sp_2",101
"CA3sp","Cell_15927","CA3sp_1",93
"CA3sp","Cell_17000","CA3sp_3",77
"CA3sp","Cell_18209","CA3sp_3",77
"CA3sp","Cell_25650","CA3sp_4",80
"CA3sp","Cell_35183","CA3sp_2",101
"CA3sp","Cell_35610","CA3sp_4",80
"CA3sp","Cell_38298","CA3sp_2",101
"CA3sp","Cell_45196","CA3sp_2",101
"CA3sp","Cell_7878","CA3sp_2",101
"CA3sp","Cell_8102","CA3sp_4",80
"CA3sp","Cell_42305","CA3sp_2",101
"CA3sp","Cell_4973","CA3sp_4",80
"CA3sp","Cell_9615","CA3sp_1",93
"CA3sp","Cell_11889","CA3sp_2",101
"CA3sp","Cell_13289","CA3sp_3",77
"CA3sp","Cell_21091","CA3sp_1",93
"CA3sp","Cell_22851","CA3sp_2",101
"CA3sp","Cell_23829","CA3sp_4",80
"CA3sp","Cell_26262","CA3sp_2",101
"CA3sp","Cell_29672","CA3sp_2",101
"CA3sp","Cell_1610","CA3sp_1",93
"CA3sp","Cell_5192","CA3sp_2",101
"CA3sp","Cell_7001","CA3sp_1",93
"CA3sp","Cell_13048","CA3sp_1",93
"CA3sp","Cell_22336","CA3sp_2",101
"CA3sp","Cell_1403","CA3sp_1",93
"CA3sp","Cell_2040","CA3sp_4",80
"CA3sp","Cell_2623","CA3sp_1",93
"CA3sp","Cell_5687","CA3sp_4",80
"CA3sp","Cell_6450","CA3sp_1",93
"CA3sp","Cell_6922","CA3sp_4",80
"CA3sp","Cell_8018","CA3sp_2",101
"CA3sp","Cell_8125","CA3sp_4",80
"CA3sp","Cell_9082","CA3sp_4",80
"CA3sp","Cell_9873","CA3sp_1",93
"CA3sp","Cell_9925","CA3sp_2",101
"CA3sp","Cell_10110","CA3sp_2",101
"CA3sp","Cell_10386","CA3sp_1",93
"CA3sp","Cell_10860","CA3sp_4",80
"CA3sp","Cell_11309","CA3sp_3",77
"CA3sp","Cell_13146","CA3sp_4",80
"CA3sp","Cell_13466","CA3sp_1",93
"CA3sp","Cell_14822","CA3sp_4",80
"CA3sp","Cell_16374","CA3sp_4",80
"CA3sp","Cell_17629","CA3sp_2",101
"CA3sp","Cell_17674","CA3sp_1",93
"CA3sp","Cell_17952","CA3sp_2",101
"CA3sp","Cell_18579","CA3sp_2",101
"CA3sp","Cell_20156","CA3sp_1",93
"CA3sp","Cell_22690","CA3sp_1",93
"CA3sp","Cell_23235","CA3sp_4",80
"CA3sp","Cell_27913","CA3sp_1",93
"CA3sp","Cell_28241","CA3sp_4",80
"CA3sp","Cell_28645","CA3sp_1",93
"CA3sp","Cell_29443","CA3sp_1",93
"CA3sp","Cell_30415","CA3sp_4",80
"CA3sp","Cell_30790","CA3sp_1",93
"CA3sp","Cell_32372","CA3sp_3",77
"CA3sp","Cell_32429","CA3sp_4",80
"CA3sp","Cell_33835","CA3sp_2",101
"CA3sp","Cell_34028","CA3sp_1",93
"CA3sp","Cell_34766","CA3sp_1",93
"CA3sp","Cell_34892","CA3sp_1",93
"CA3sp","Cell_36001","CA3sp_3",77
"CA3sp","Cell_36040","CA3sp_3",77
"CA3sp","Cell_36184","CA3sp_4",80
"CA3sp","Cell_36269","CA3sp_1",93
"CA3sp","Cell_37022","CA3sp_1",93
"CA3sp","Cell_37708","CA3sp_4",80
"CA3sp","Cell_38718","CA3sp_2",101
"CA3sp","Cell_39604","CA3sp_4",80
"CA3sp","Cell_39628","CA3sp_3",77
"CA3sp","Cell_39744","CA3sp_1",93
"CA3sp","Cell_41754","CA3sp_1",93
"CA3sp","Cell_42664","CA3sp_1",93
"CA3sp","Cell_43898","CA3sp_4",80
"CA3sp","Cell_44209","CA3sp_4",80
"CA3sp","Cell_44817","CA3sp_2",101
"CA3sp","Cell_912","CA3sp_4",80
"CA3sp","Cell_1755","CA3sp_1",93
"CA3sp","Cell_2126","CA3sp_1",93
"CA3sp","Cell_2357","CA3sp_4",80
"CA3sp","Cell_2359","CA3sp_3",77
"CA3sp","Cell_2523","CA3sp_3",77
"CA3sp","Cell_2752","CA3sp_2",101
"CA3sp","Cell_3879","CA3sp_3",77
"CA3sp","Cell_4030","CA3sp_4",80
"CA3sp","Cell_4593","CA3sp_1",93
"CA3sp","Cell_5363","CA3sp_1",93
"CA3sp","Cell_5806","CA3sp_1",93
"CA3sp","Cell_6093","CA3sp_4",80
"CA3sp","Cell_6602","CA3sp_4",80
"CA3sp","Cell_7174","CA3sp_2",101
"CA3sp","Cell_8975","CA3sp_1",93
"CA3sp","Cell_9272","CA3sp_1",93
"CA3sp","Cell_10145","CA3sp_4",80
"CA3sp","Cell_10337","CA3sp_3",77
"CA3sp","Cell_10708","CA3sp_4",80
"CA3sp","Cell_11094","CA3sp_1",93
"CA3sp","Cell_11421","CA3sp_2",101
"CA3sp","Cell_11710","CA3sp_1",93
"CA3sp","Cell_12861","CA3sp_3",77
"CA3sp","Cell_12868","CA3sp_3",77
"CA3sp","Cell_17885","CA3sp_4",80
"CA3sp","Cell_19128","CA3sp_2",101
"CA3sp","Cell_20314","CA3sp_1",93
"CA3sp","Cell_20352","CA3sp_3",77
"CA3sp","Cell_21123","CA3sp_4",80
"CA3sp","Cell_21585","CA3sp_3",77
"CA3sp","Cell_21656","CA3sp_2",101
"CA3sp","Cell_22196","CA3sp_2",101
"CA3sp","Cell_22242","CA3sp_2",101
"CA3sp","Cell_22393","CA3sp_1",93
"CA3sp","Cell_23509","CA3sp_1",93
"CA3sp","Cell_24112","CA3sp_4",80
"CA3sp","Cell_24778","CA3sp_3",77
"CA3sp","Cell_25013","CA3sp_2",101
"CA3sp","Cell_25812","CA3sp_2",101
"CA3sp","Cell_25999","CA3sp_1",93
"CA3sp","Cell_27178","CA3sp_3",77
"CA3sp","Cell_27374","CA3sp_2",101
"CA3sp","Cell_27947","CA3sp_1",93
"CA3sp","Cell_27987","CA3sp_1",93
"CA3sp","Cell_29223","CA3sp_2",101
"CA3sp","Cell_30257","CA3sp_4",80
"CA3sp","Cell_31872","CA3sp_3",77
"CA3sp","Cell_32932","CA3sp_3",77
"CA3sp","Cell_33063","CA3sp_3",77
"CA3sp","Cell_33395","CA3sp_1",93
"CA3sp","Cell_36671","CA3sp_2",101
"CA3sp","Cell_38625","CA3sp_3",77
"CA3sp","Cell_38760","CA3sp_2",101
"CA3sp","Cell_39942","CA3sp_1",93
"CA3sp","Cell_40238","CA3sp_3",77
"CA3sp","Cell_42108","CA3sp_2",101
"CA3sp","Cell_42264","CA3sp_1",93
"CA3sp","Cell_42842","CA3sp_3",77
"CA3sp","Cell_42921","CA3sp_2",101
"CA3sp","Cell_43618","CA3sp_1",93
"CA3sp","Cell_43673","CA3sp_1",93
"CA3sp","Cell_43998","CA3sp_4",80
"CA3sp","Cell_44779","CA3sp_2",101
"CA3sp","Cell_44784","CA3sp_4",80
"CA3sp","Cell_1623","CA3sp_4",80
"CA3sp","Cell_13139","CA3sp_1",93
"CA3sp","Cell_13193","CA3sp_4",80
"CA3sp","Cell_20208","CA3sp_1",93
"CA3sp","Cell_20981","CA3sp_4",80
"CA3sp","Cell_25557","CA3sp_3",77
"CA3sp","Cell_28071","CA3sp_2",101
"CA3sp","Cell_1981","CA3sp_2",101
"CA3sp","Cell_4449","CA3sp_3",77
"CA3sp","Cell_19966","CA3sp_2",101
"CA3sp","Cell_28826","CA3sp_3",77
"CA3sp","Cell_43586","CA3sp_1",93
"CA3sp","Cell_44085","CA3sp_1",93
"CA3sp","Cell_765","CA3sp_2",101
"CA3sp","Cell_2062","CA3sp_2",101
"CA3sp","Cell_4203","CA3sp_3",77
"CA3sp","Cell_5863","CA3sp_4",80
"CA3sp","Cell_5929","CA3sp_2",101
"CA3sp","Cell_7335","CA3sp_2",101
"CA3sp","Cell_7615","CA3sp_3",77
"CA3sp","Cell_10225","CA3sp_2",101
"CA3sp","Cell_10339","CA3sp_2",101
"CA3sp","Cell_13724","CA3sp_2",101
"CA3sp","Cell_14135","CA3sp_4",80
"CA3sp","Cell_15986","CA3sp_1",93
"CA3sp","Cell_16255","CA3sp_4",80
"CA3sp","Cell_17912","CA3sp_2",101
"CA3sp","Cell_18667","CA3sp_1",93
"CA3sp","Cell_18744","CA3sp_1",93
"CA3sp","Cell_20431","CA3sp_3",77
"CA3sp","Cell_22901","CA3sp_2",101
"CA3sp","Cell_23082","CA3sp_2",101
"CA3sp","Cell_24237","CA3sp_2",101
"CA3sp","Cell_25481","CA3sp_2",101
"CA3sp","Cell_25739","CA3sp_3",77
"CA3sp","Cell_26468","CA3sp_4",80
"CA3sp","Cell_26931","CA3sp_2",101
"CA3sp","Cell_27471","CA3sp_3",77
"CA3sp","Cell_27895","CA3sp_4",80
"CA3sp","Cell_29750","CA3sp_3",77
"CA3sp","Cell_30178","CA3sp_1",93
"CA3sp","Cell_31801","CA3sp_1",93
"CA3sp","Cell_34453","CA3sp_3",77
"CA3sp","Cell_35416","CA3sp_2",101
"CA3sp","Cell_36339","CA3sp_1",93
"CA3sp","Cell_36495","CA3sp_3",77
"CA3sp","Cell_37037","CA3sp_1",93
"CA3sp","Cell_37336","CA3sp_4",80
"CA3sp","Cell_38365","CA3sp_4",80
"CA3sp","Cell_39960","CA3sp_2",101
"CA3sp","Cell_40166","CA3sp_4",80
"CA3sp","Cell_41148","CA3sp_4",80
"CA3sp","Cell_42037","CA3sp_1",93
"CA3sp","Cell_42529","CA3sp_1",93
"CA3sp","Cell_42579","CA3sp_1",93
"CA3sp","Cell_42918","CA3sp_1",93
"CA3sp","Cell_24","CA3sp_3",77
"CA3sp","Cell_144","CA3sp_4",80
"CA3sp","Cell_748","CA3sp_1",93
"CA3sp","Cell_850","CA3sp_3",77
"CA3sp","Cell_3926","CA3sp_3",77
"CA3sp","Cell_4082","CA3sp_3",77
"CA3sp","Cell_4342","CA3sp_1",93
"CA3sp","Cell_4550","CA3sp_2",101
"CA3sp","Cell_4601","CA3sp_2",101
"CA3sp","Cell_5022","CA3sp_3",77
"CA3sp","Cell_5248","CA3sp_1",93
"CA3sp","Cell_5670","CA3sp_1",93
"CA3sp","Cell_5996","CA3sp_4",80
"CA3sp","Cell_6950","CA3sp_3",77
"CA3sp","Cell_7034","CA3sp_4",80
"CA3sp","Cell_7119","CA3sp_2",101
"CA3sp","Cell_7496","CA3sp_4",80
"CA3sp","Cell_7877","CA3sp_2",101
"CA3sp","Cell_7973","CA3sp_2",101
"CA3sp","Cell_8169","CA3sp_4",80
"CA3sp","Cell_8214","CA3sp_2",101
"CA3sp","Cell_8372","CA3sp_2",101
"CA3sp","Cell_8404","CA3sp_3",77
"CA3sp","Cell_9608","CA3sp_4",80
"CA3sp","Cell_10371","CA3sp_2",101
"CA3sp","Cell_10428","CA3sp_3",77
"CA3sp","Cell_10470","CA3sp_2",101
"CA3sp","Cell_11197","CA3sp_1",93
"CA3sp","Cell_11352","CA3sp_4",80
"CA3sp","Cell_11463","CA3sp_3",77
"CA3sp","Cell_11746","CA3sp_2",101
"CA3sp","Cell_12018","CA3sp_4",80
"CA3sp","Cell_14597","CA3sp_2",101
"CA3sp","Cell_15535","CA3sp_2",101
"CA3sp","Cell_15657","CA3sp_2",101
"CA3sp","Cell_15869","CA3sp_1",93
"CA3sp","Cell_16298","CA3sp_3",77
"CA3sp","Cell_16467","CA3sp_3",77
"CA3sp","Cell_16574","CA3sp_1",93
"CA3sp","Cell_17719","CA3sp_2",101
"CA3sp","Cell_18114","CA3sp_1",93
"CA3sp","Cell_18686","CA3sp_3",77
"CA3sp","Cell_18832","CA3sp_2",101
"CA3sp","Cell_18835","CA3sp_2",101
"CA3sp","Cell_18875","CA3sp_3",77
"CA3sp","Cell_20111","CA3sp_3",77
"CA3sp","Cell_20296","CA3sp_4",80
"CA3sp","Cell_21061","CA3sp_2",101
"CA3sp","Cell_21352","CA3sp_1",93
"CA3sp","Cell_21457","CA3sp_4",80
"CA3sp","Cell_22429","CA3sp_2",101
"CA3sp","Cell_22465","CA3sp_2",101
"CA3sp","Cell_23014","CA3sp_3",77
"CA3sp","Cell_23046","CA3sp_2",101
"CA3sp","Cell_23242","CA3sp_2",101
"CA3sp","Cell_23628","CA3sp_3",77
"CA3sp","Cell_24293","CA3sp_3",77
"CA3sp","Cell_24362","CA3sp_2",101
"CA3sp","Cell_25067","CA3sp_1",93
"CA3sp","Cell_25522","CA3sp_3",77
"CA3sp","Cell_25669","CA3sp_4",80
"CA3sp","Cell_25705","CA3sp_2",101
"CA3sp","Cell_26035","CA3sp_1",93
"CA3sp","Cell_26163","CA3sp_2",101
"CA3sp","Cell_26245","CA3sp_2",101
"CA3sp","Cell_26759","CA3sp_1",93
"CA3sp","Cell_27358","CA3sp_2",101
"CA3sp","Cell_27962","CA3sp_4",80
"CA3sp","Cell_28028","CA3sp_3",77
"CA3sp","Cell_28472","CA3sp_1",93
"CA3sp","Cell_28480","CA3sp_3",77
"CA3sp","Cell_29000","CA3sp_4",80
"CA3sp","Cell_29095","CA3sp_2",101
"CA3sp","Cell_29704","CA3sp_4",80
"CA3sp","Cell_30437","CA3sp_4",80
"CA3sp","Cell_30453","CA3sp_1",93
"CA3sp","Cell_31944","CA3sp_4",80
"CA3sp","Cell_32049","CA3sp_4",80
"CA3sp","Cell_32340","CA3sp_2",101
"CA3sp","Cell_32378","CA3sp_2",101
"CA3sp","Cell_32581","CA3sp_3",77
"CA3sp","Cell_33870","CA3sp_1",93
"CA3sp","Cell_33964","CA3sp_2",101
"CA3sp","Cell_33995","CA3sp_4",80
"CA3sp","Cell_34972","CA3sp_4",80
"CA3sp","Cell_35277","CA3sp_1",93
"CA3sp","Cell_35370","CA3sp_3",77
"CA3sp","Cell_35717","CA3sp_2",101
"CA3sp","Cell_35832","CA3sp_4",80
"CA3sp","Cell_36197","CA3sp_1",93
"CA3sp","Cell_37369","CA3sp_1",93
"CA3sp","Cell_37991","CA3sp_2",101
"CA3sp","Cell_38379","CA3sp_3",77
"CA3sp","Cell_38710","CA3sp_4",80
"CA3sp","Cell_38882","CA3sp_3",77
"CA3sp","Cell_39327","CA3sp_3",77
"CA3sp","Cell_39725","CA3sp_3",77
"CA3sp","Cell_40242","CA3sp_2",101
"CA3sp","Cell_40513","CA3sp_2",101
"CA3sp","Cell_40696","CA3sp_4",80
"CA3sp","Cell_41067","CA3sp_1",93
"CA3sp","Cell_41177","CA3sp_2",101
"CA3sp","Cell_41297","CA3sp_3",77
"CA3sp","Cell_41393","CA3sp_2",101
"CA3sp","Cell_41531","CA3sp_4",80
"CA3sp","Cell_41563","CA3sp_4",80
"CA3sp","Cell_42736","CA3sp_3",77
"CA3sp","Cell_43150","CA3sp_3",77
"CA3sp","Cell_43748","CA3sp_3",77
"CA3sp","Cell_43831","CA3sp_4",80
"CA3sp","Cell_44159","CA3sp_2",101
"CA3sp","Cell_44755","CA3sp_3",77
"CA3sp","Cell_2289","CA3sp_4",80
"CA3sp","Cell_10681","CA3sp_3",77
"CA3sp","Cell_25386","CA3sp_4",80
"CA3sp","Cell_29884","CA3sp_3",77
"CA3sp","Cell_32359","CA3sp_3",77
"CA3sp","Cell_32534","CA3sp_4",80
"CA3sp","Cell_40418","CA3sp_2",101
"CA3sp","Cell_40571","CA3sp_3",77
"CA3sp","Cell_43125","CA3sp_4",80
"CA3sp","Cell_14305","CA3sp_1",93
"CA3sp","Cell_11726","CA3sp_3",77
"CA3sp","Cell_28148","CA3sp_1",93
"CA3sp","Cell_843","CA3sp_2",101
"CA3sp","Cell_9656","CA3sp_2",101
"CA3sp","Cell_10532","CA3sp_2",101
"CA3sp","Cell_14541","CA3sp_2",101
"CA3sp","Cell_44948","CA3sp_4",80
"CA3sp","Cell_20865","CA3sp_3",77
"CA3sp","Cell_22187","CA3sp_3",77
"CA3sp","Cell_30401","CA3sp_1",93
"CA3sp","Cell_35539","CA3sp_1",93
"CA3sp","Cell_42130","CA3sp_2",101
"CA3sp","Cell_45115","CA3sp_1",93
"CA3sp","Cell_45216","CA3sp_4",80
"CA3sp","Cell_45169","CA3sp_3",77
"CA3sp","Cell_240","CA3sp_1",93
"CA3sp","Cell_11775","CA3sp_1",93
"CA3sp","Cell_14485","CA3sp_3",77
"CA3sp","Cell_17825","CA3sp_4",80
"CA3sp","Cell_28818","CA3sp_1",93
"CA3sp","Cell_42733","CA3sp_1",93
"CA3sp","Cell_43755","CA3sp_1",93
"CA3sp","Cell_44773","CA3sp_2",101
"CA3sp","Cell_29212","CA3sp_3",77
"CEAc","Cell_28","CEAc_1",70
"CEAc","Cell_3809","CEAc_2",71
"CEAc","Cell_5316","CEAc_3",68
"CEAc","Cell_6718","CEAc_4",39
"CEAc","Cell_9791","CEAc_1",70
"CEAc","Cell_11182","CEAc_5",19
"CEAc","Cell_15035","CEAc_2",71
"CEAc","Cell_15486","CEAc_5",19
"CEAc","Cell_16023","CEAc_3",68
"CEAc","Cell_16311","CEAc_1",70
"CEAc","Cell_17827","CEAc_1",70
"CEAc","Cell_20073","CEAc_1",70
"CEAc","Cell_20494","CEAc_4",39
"CEAc","Cell_22685","CEAc_2",71
"CEAc","Cell_23581","CEAc_1",70
"CEAc","Cell_24730","CEAc_2",71
"CEAc","Cell_29967","CEAc_2",71
"CEAc","Cell_32769","CEAc_3",68
"CEAc","Cell_36367","CEAc_2",71
"CEAc","Cell_36381","CEAc_1",70
"CEAc","Cell_36765","CEAc_2",71
"CEAc","Cell_42369","CEAc_1",70
"CEAc","Cell_42456","CEAc_1",70
"CEAc","Cell_44196","CEAc_4",39
"CEAc","Cell_44330","CEAc_1",70
"CEAc","Cell_14458","CEAc_3",68
"CEAc","Cell_27561","CEAc_2",71
"CEAc","Cell_29700","CEAc_2",71
"CEAc","Cell_36327","CEAc_1",70
"CEAc","Cell_2067","CEAc_6",36
"CEAc","Cell_3125","CEAc_6",36
"CEAc","Cell_4054","CEAc_4",39
"CEAc","Cell_4408","CEAc_2",71
"CEAc","Cell_4878","CEAc_1",70
"CEAc","Cell_8943","CEAc_3",68
"CEAc","Cell_8990","CEAc_2",71
"CEAc","Cell_11456","CEAc_3",68
"CEAc","Cell_11721","CEAc_5",19
"CEAc","Cell_12921","CEAc_5",19
"CEAc","Cell_14293","CEAc_1",70
"CEAc","Cell_14640","CEAc_2",71
"CEAc","Cell_16082","CEAc_4",39
"CEAc","Cell_18567","CEAc_1",70
"CEAc","Cell_18914","CEAc_5",19
"CEAc","Cell_23287","CEAc_3",68
"CEAc","Cell_24031","CEAc_1",70
"CEAc","Cell_25399","CEAc_6",36
"CEAc","Cell_27232","CEAc_6",36
"CEAc","Cell_27667","CEAc_3",68
"CEAc","Cell_27699","CEAc_5",19
"CEAc","Cell_28977","CEAc_5",19
"CEAc","Cell_29309","CEAc_2",71
"CEAc","Cell_43311","CEAc_5",19
"CEAc","Cell_44759","CEAc_1",70
"CEAc","Cell_45201","CEAc_1",70
"CEAc","Cell_1233","CEAc_3",68
"CEAc","Cell_23959","CEAc_3",68
"CEAc","Cell_4315","CEAc_4",39
"CEAc","Cell_7406","CEAc_4",39
"CEAc","Cell_14658","CEAc_2",71
"CEAc","Cell_23438","CEAc_4",39
"CEAc","Cell_31083","CEAc_4",39
"CEAc","Cell_35257","CEAc_4",39
"CEAc","Cell_35497","CEAc_4",39
"CEAc","Cell_36824","CEAc_6",36
"CEAc","Cell_40131","CEAc_4",39
"CEAc","Cell_42011","CEAc_4",39
"CEAc","Cell_3397","CEAc_5",19
"CEAc","Cell_4602","CEAc_6",36
"CEAc","Cell_8553","CEAc_2",71
"CEAc","Cell_13257","CEAc_3",68
"CEAc","Cell_15019","CEAc_3",68
"CEAc","Cell_15543","CEAc_6",36
"CEAc","Cell_16616","CEAc_3",68
"CEAc","Cell_17355","CEAc_1",70
"CEAc","Cell_20102","CEAc_3",68
"CEAc","Cell_24004","CEAc_2",71
"CEAc","Cell_24408","CEAc_5",19
"CEAc","Cell_24785","CEAc_4",39
"CEAc","Cell_33055","CEAc_1",70
"CEAc","Cell_33362","CEAc_2",71
"CEAc","Cell_36921","CEAc_2",71
"CEAc","Cell_37404","CEAc_1",70
"CEAc","Cell_38219","CEAc_2",71
"CEAc","Cell_64","CEAc_3",68
"CEAc","Cell_997","CEAc_1",70
"CEAc","Cell_1825","CEAc_1",70
"CEAc","Cell_2984","CEAc_2",71
"CEAc","Cell_3150","CEAc_1",70
"CEAc","Cell_3247","CEAc_3",68
"CEAc","Cell_3316","CEAc_1",70
"CEAc","Cell_3624","CEAc_2",71
"CEAc","Cell_3740","CEAc_3",68
"CEAc","Cell_3948","CEAc_1",70
"CEAc","Cell_4065","CEAc_2",71
"CEAc","Cell_4561","CEAc_2",71
"CEAc","Cell_4888","CEAc_2",71
"CEAc","Cell_5329","CEAc_3",68
"CEAc","Cell_5743","CEAc_3",68
"CEAc","Cell_6055","CEAc_3",68
"CEAc","Cell_6865","CEAc_2",71
"CEAc","Cell_7082","CEAc_2",71
"CEAc","Cell_8008","CEAc_6",36
"CEAc","Cell_8495","CEAc_3",68
"CEAc","Cell_9564","CEAc_1",70
"CEAc","Cell_10444","CEAc_2",71
"CEAc","Cell_10564","CEAc_3",68
"CEAc","Cell_10863","CEAc_1",70
"CEAc","Cell_11749","CEAc_1",70
"CEAc","Cell_11895","CEAc_6",36
"CEAc","Cell_13377","CEAc_3",68
"CEAc","Cell_13445","CEAc_4",39
"CEAc","Cell_15254","CEAc_3",68
"CEAc","Cell_15953","CEAc_1",70
"CEAc","Cell_16371","CEAc_1",70
"CEAc","Cell_16606","CEAc_2",71
"CEAc","Cell_16857","CEAc_2",71
"CEAc","Cell_18389","CEAc_3",68
"CEAc","Cell_18591","CEAc_1",70
"CEAc","Cell_18610","CEAc_3",68
"CEAc","Cell_18664","CEAc_6",36
"CEAc","Cell_18718","CEAc_2",71
"CEAc","Cell_19417","CEAc_2",71
"CEAc","Cell_20795","CEAc_6",36
"CEAc","Cell_21016","CEAc_2",71
"CEAc","Cell_21111","CEAc_2",71
"CEAc","Cell_21196","CEAc_1",70
"CEAc","Cell_22070","CEAc_4",39
"CEAc","Cell_23770","CEAc_2",71
"CEAc","Cell_24255","CEAc_2",71
"CEAc","Cell_24595","CEAc_4",39
"CEAc","Cell_24712","CEAc_2",71
"CEAc","Cell_24761","CEAc_6",36
"CEAc","Cell_26019","CEAc_2",71
"CEAc","Cell_26316","CEAc_1",70
"CEAc","Cell_26373","CEAc_3",68
"CEAc","Cell_26779","CEAc_3",68
"CEAc","Cell_26867","CEAc_2",71
"CEAc","Cell_27335","CEAc_4",39
"CEAc","Cell_27695","CEAc_4",39
"CEAc","Cell_27794","CEAc_2",71
"CEAc","Cell_28518","CEAc_3",68
"CEAc","Cell_29055","CEAc_1",70
"CEAc","Cell_29165","CEAc_2",71
"CEAc","Cell_31041","CEAc_3",68
"CEAc","Cell_31336","CEAc_1",70
"CEAc","Cell_31863","CEAc_4",39
"CEAc","Cell_31915","CEAc_1",70
"CEAc","Cell_34052","CEAc_3",68
"CEAc","Cell_35947","CEAc_3",68
"CEAc","Cell_36849","CEAc_2",71
"CEAc","Cell_37395","CEAc_1",70
"CEAc","Cell_38681","CEAc_2",71
"CEAc","Cell_38903","CEAc_2",71
"CEAc","Cell_39010","CEAc_4",39
"CEAc","Cell_40043","CEAc_2",71
"CEAc","Cell_41113","CEAc_3",68
"CEAc","Cell_41848","CEAc_6",36
"CEAc","Cell_41971","CEAc_6",36
"CEAc","Cell_42195","CEAc_3",68
"CEAc","Cell_43214","CEAc_1",70
"CEAc","Cell_43701","CEAc_4",39
"CEAc","Cell_44150","CEAc_3",68
"CEAc","Cell_44171","CEAc_1",70
"CEAc","Cell_44232","CEAc_2",71
"CEAc","Cell_44575","CEAc_2",71
"CEAc","Cell_45140","CEAc_3",68
"CEAc","Cell_357","CEAc_1",70
"CEAc","Cell_833","CEAc_2",71
"CEAc","Cell_1068","CEAc_1",70
"CEAc","Cell_1469","CEAc_1",70
"CEAc","Cell_1972","CEAc_3",68
"CEAc","Cell_2461","CEAc_1",70
"CEAc","Cell_2994","CEAc_2",71
"CEAc","Cell_3003","CEAc_4",39
"CEAc","Cell_3285","CEAc_1",70
"CEAc","Cell_3539","CEAc_1",70
"CEAc","Cell_3748","CEAc_4",39
"CEAc","Cell_3900","CEAc_5",19
"CEAc","Cell_3973","CEAc_3",68
"CEAc","Cell_4245","CEAc_1",70
"CEAc","Cell_4326","CEAc_1",70
"CEAc","Cell_5566","CEAc_6",36
"CEAc","Cell_5681","CEAc_4",39
"CEAc","Cell_6704","CEAc_3",68
"CEAc","Cell_7565","CEAc_3",68
"CEAc","Cell_7883","CEAc_1",70
"CEAc","Cell_9038","CEAc_1",70
"CEAc","Cell_9446","CEAc_1",70
"CEAc","Cell_9638","CEAc_2",71
"CEAc","Cell_10534","CEAc_3",68
"CEAc","Cell_10669","CEAc_1",70
"CEAc","Cell_11394","CEAc_6",36
"CEAc","Cell_12263","CEAc_1",70
"CEAc","Cell_14165","CEAc_4",39
"CEAc","Cell_14910","CEAc_4",39
"CEAc","Cell_15030","CEAc_1",70
"CEAc","Cell_15737","CEAc_4",39
"CEAc","Cell_15892","CEAc_2",71
"CEAc","Cell_17775","CEAc_2",71
"CEAc","Cell_19840","CEAc_3",68
"CEAc","Cell_22564","CEAc_5",19
"CEAc","Cell_23384","CEAc_3",68
"CEAc","Cell_23797","CEAc_4",39
"CEAc","Cell_27265","CEAc_3",68
"CEAc","Cell_27371","CEAc_1",70
"CEAc","Cell_28231","CEAc_5",19
"CEAc","Cell_30430","CEAc_1",70
"CEAc","Cell_31296","CEAc_2",71
"CEAc","Cell_33370","CEAc_6",36
"CEAc","Cell_34861","CEAc_3",68
"CEAc","Cell_37210","CEAc_6",36
"CEAc","Cell_38597","CEAc_2",71
"CEAc","Cell_38803","CEAc_1",70
"CEAc","Cell_38914","CEAc_2",71
"CEAc","Cell_39703","CEAc_1",70
"CEAc","Cell_40387","CEAc_1",70
"CEAc","Cell_40770","CEAc_5",19
"CEAc","Cell_40855","CEAc_1",70
"CEAc","Cell_42532","CEAc_3",68
"CEAc","Cell_43416","CEAc_2",71
"CEAc","Cell_44786","CEAc_2",71
"CEAc","Cell_44922","CEAc_1",70
"CEAc","Cell_18755","CEAc_6",36
"CEAc","Cell_37980","CEAc_4",39
"CEAc","Cell_1600","CEAc_3",68
"CEAc","Cell_2612","CEAc_6",36
"CEAc","Cell_3269","CEAc_3",68
"CEAc","Cell_3828","CEAc_2",71
"CEAc","Cell_6840","CEAc_2",71
"CEAc","Cell_9810","CEAc_4",39
"CEAc","Cell_9885","CEAc_6",36
"CEAc","Cell_10210","CEAc_2",71
"CEAc","Cell_10336","CEAc_6",36
"CEAc","Cell_17973","CEAc_2",71
"CEAc","Cell_18123","CEAc_3",68
"CEAc","Cell_20702","CEAc_2",71
"CEAc","Cell_21749","CEAc_3",68
"CEAc","Cell_23409","CEAc_2",71
"CEAc","Cell_25721","CEAc_3",68
"CEAc","Cell_27180","CEAc_4",39
"CEAc","Cell_28596","CEAc_2",71
"CEAc","Cell_29447","CEAc_5",19
"CEAc","Cell_30172","CEAc_3",68
"CEAc","Cell_31095","CEAc_3",68
"CEAc","Cell_33352","CEAc_5",19
"CEAc","Cell_34217","CEAc_3",68
"CEAc","Cell_36425","CEAc_3",68
"CEAc","Cell_39285","CEAc_3",68
"CEAc","Cell_40667","CEAc_6",36
"CEAc","Cell_41122","CEAc_3",68
"CEAc","Cell_41538","CEAc_3",68
"CEAc","Cell_41947","CEAc_2",71
"CEAc","Cell_42851","CEAc_3",68
"CEAc","Cell_45180","CEAc_6",36
"CEAc","Cell_5674","CEAc_5",19
"CEAc","Cell_6235","CEAc_4",39
"CEAc","Cell_7320","CEAc_2",71
"CEAc","Cell_8166","CEAc_6",36
"CEAc","Cell_9141","CEAc_3",68
"CEAc","Cell_9262","CEAc_2",71
"CEAc","Cell_11845","CEAc_3",68
"CEAc","Cell_14722","CEAc_4",39
"CEAc","Cell_20419","CEAc_3",68
"CEAc","Cell_21208","CEAc_6",36
"CEAc","Cell_27611","CEAc_2",71
"CEAc","Cell_29606","CEAc_1",70
"CEAc","Cell_29949","CEAc_2",71
"CEAc","Cell_31902","CEAc_4",39
"CEAc","Cell_33047","CEAc_3",68
"CEAc","Cell_33443","CEAc_6",36
"CEAc","Cell_34259","CEAc_3",68
"CEAc","Cell_964","CEAc_6",36
"CEAc","Cell_14353","CEAc_1",70
"CEAc","Cell_32939","CEAc_6",36
"CEAc","Cell_34813","CEAc_1",70
"CEAc","Cell_28268","CEAc_1",70
"CEAc","Cell_37986","CEAc_3",68
"CEAc","Cell_3369","CEAc_1",70
"CEAc","Cell_15415","CEAc_6",36
"CEAc","Cell_18277","CEAc_1",70
"CEAc","Cell_19994","CEAc_2",71
"CEAc","Cell_37644","CEAc_3",68
"CEAc","Cell_38033","CEAc_6",36
"CEAc","Cell_5035","CEAc_6",36
"CEAc","Cell_8279","CEAc_1",70
"CEAc","Cell_14461","CEAc_1",70
"CEAc","Cell_25887","CEAc_6",36
"CEAc","Cell_1344","CEAc_6",36
"CEAc","Cell_2843","CEAc_3",68
"CEAc","Cell_15476","CEAc_3",68
"CEAc","Cell_18705","CEAc_1",70
"CEAc","Cell_18724","CEAc_6",36
"CEAc","Cell_21539","CEAc_2",71
"CEAc","Cell_36546","CEAc_4",39
"CEAc","Cell_41860","CEAc_1",70
"CEAc","Cell_43717","CEAc_2",71
"CEAc","Cell_44133","CEAc_6",36
"CEAc","Cell_17857","CEAc_4",39
"CEAc","Cell_24407","CEAc_5",19
"CEAc","Cell_28216","CEAc_5",19
"CEAc","Cell_31406","CEAc_4",39
"CEAc","Cell_10673","CEAc_4",39
"CEAl","Cell_2326","CEAl_1",36
"CEAl","Cell_10454","CEAl_1",36
"CEAl","Cell_14270","CEAl_2",40
"CEAl","Cell_19103","CEAl_2",40
"CEAl","Cell_40412","CEAl_2",40
"CEAl","Cell_40927","CEAl_3",43
"CEAl","Cell_6797","CEAl_1",36
"CEAl","Cell_11561","CEAl_2",40
"CEAl","Cell_16019","CEAl_3",43
"CEAl","Cell_17708","CEAl_1",36
"CEAl","Cell_18129","CEAl_1",36
"CEAl","Cell_19187","CEAl_3",43
"CEAl","Cell_20142","CEAl_1",36
"CEAl","Cell_27972","CEAl_3",43
"CEAl","Cell_31585","CEAl_3",43
"CEAl","Cell_40350","CEAl_3",43
"CEAl","Cell_14994","CEAl_1",36
"CEAl","Cell_305","CEAl_1",36
"CEAl","Cell_8420","CEAl_3",43
"CEAl","Cell_14069","CEAl_3",43
"CEAl","Cell_26875","CEAl_3",43
"CEAl","Cell_26947","CEAl_2",40
"CEAl","Cell_35600","CEAl_1",36
"CEAl","Cell_42548","CEAl_1",36
"CEAl","Cell_1874","CEAl_1",36
"CEAl","Cell_8325","CEAl_2",40
"CEAl","Cell_11529","CEAl_2",40
"CEAl","Cell_12270","CEAl_2",40
"CEAl","Cell_12540","CEAl_2",40
"CEAl","Cell_15152","CEAl_3",43
"CEAl","Cell_17993","CEAl_3",43
"CEAl","Cell_18379","CEAl_3",43
"CEAl","Cell_18555","CEAl_2",40
"CEAl","Cell_19297","CEAl_2",40
"CEAl","Cell_19458","CEAl_3",43
"CEAl","Cell_20693","CEAl_1",36
"CEAl","Cell_23960","CEAl_2",40
"CEAl","Cell_24779","CEAl_3",43
"CEAl","Cell_29377","CEAl_3",43
"CEAl","Cell_29737","CEAl_2",40
"CEAl","Cell_30338","CEAl_2",40
"CEAl","Cell_30559","CEAl_3",43
"CEAl","Cell_31386","CEAl_3",43
"CEAl","Cell_34796","CEAl_3",43
"CEAl","Cell_38550","CEAl_2",40
"CEAl","Cell_39919","CEAl_1",36
"CEAl","Cell_41389","CEAl_3",43
"CEAl","Cell_42312","CEAl_2",40
"CEAl","Cell_44573","CEAl_1",36
"CEAl","Cell_2057","CEAl_1",36
"CEAl","Cell_2455","CEAl_3",43
"CEAl","Cell_3561","CEAl_1",36
"CEAl","Cell_3743","CEAl_2",40
"CEAl","Cell_5930","CEAl_2",40
"CEAl","Cell_6149","CEAl_1",36
"CEAl","Cell_8758","CEAl_2",40
"CEAl","Cell_9110","CEAl_1",36
"CEAl","Cell_10158","CEAl_1",36
"CEAl","Cell_25150","CEAl_1",36
"CEAl","Cell_26220","CEAl_2",40
"CEAl","Cell_26318","CEAl_3",43
"CEAl","Cell_29103","CEAl_3",43
"CEAl","Cell_29429","CEAl_2",40
"CEAl","Cell_30822","CEAl_2",40
"CEAl","Cell_33781","CEAl_2",40
"CEAl","Cell_37060","CEAl_2",40
"CEAl","Cell_37510","CEAl_1",36
"CEAl","Cell_37579","CEAl_3",43
"CEAl","Cell_39814","CEAl_1",36
"CEAl","Cell_40517","CEAl_3",43
"CEAl","Cell_40949","CEAl_3",43
"CEAl","Cell_41838","CEAl_2",40
"CEAl","Cell_42657","CEAl_2",40
"CEAl","Cell_44049","CEAl_1",36
"CEAl","Cell_14636","CEAl_1",36
"CEAl","Cell_28441","CEAl_1",36
"CEAl","Cell_38466","CEAl_3",43
"CEAl","Cell_191","CEAl_2",40
"CEAl","Cell_1809","CEAl_3",43
"CEAl","Cell_6407","CEAl_3",43
"CEAl","Cell_9558","CEAl_3",43
"CEAl","Cell_9975","CEAl_3",43
"CEAl","Cell_10917","CEAl_1",36
"CEAl","Cell_11295","CEAl_2",40
"CEAl","Cell_15007","CEAl_3",43
"CEAl","Cell_15899","CEAl_1",36
"CEAl","Cell_19429","CEAl_2",40
"CEAl","Cell_20031","CEAl_1",36
"CEAl","Cell_27855","CEAl_2",40
"CEAl","Cell_30153","CEAl_2",40
"CEAl","Cell_35853","CEAl_2",40
"CEAl","Cell_36405","CEAl_2",40
"CEAl","Cell_37486","CEAl_2",40
"CEAl","Cell_41476","CEAl_3",43
"CEAl","Cell_20929","CEAl_1",36
"CEAl","Cell_22304","CEAl_3",43
"CEAl","Cell_22799","CEAl_1",36
"CEAl","Cell_27072","CEAl_1",36
"CEAl","Cell_44541","CEAl_1",36
"CEAl","Cell_26581","CEAl_1",36
"CEAl","Cell_27272","CEAl_3",43
"CEAl","Cell_279","CEAl_3",43
"CEAl","Cell_7503","CEAl_1",36
"CEAl","Cell_7779","CEAl_3",43
"CEAl","Cell_10712","CEAl_2",40
"CEAl","Cell_11027","CEAl_3",43
"CEAl","Cell_14351","CEAl_3",43
"CEAl","Cell_16608","CEAl_3",43
"CEAl","Cell_23616","CEAl_1",36
"CEAl","Cell_23655","CEAl_1",36
"CEAl","Cell_25334","CEAl_2",40
"CEAl","Cell_30317","CEAl_2",40
"CEAl","Cell_39601","CEAl_3",43
"CEAl","Cell_40329","CEAl_2",40
"CEAl","Cell_41500","CEAl_2",40
"CEAl","Cell_43390","CEAl_3",43
"CEAl","Cell_44754","CEAl_2",40
"CEAl","Cell_15274","CEAl_3",43
"CEAl","Cell_25879","CEAl_3",43
"CEAm","Cell_296","CEAm_1",116
"CEAm","Cell_777","CEAm_1",116
"CEAm","Cell_3252","CEAm_2",68
"CEAm","Cell_4755","CEAm_2",68
"CEAm","Cell_6146","CEAm_3",104
"CEAm","Cell_7372","CEAm_2",68
"CEAm","Cell_8371","CEAm_3",104
"CEAm","Cell_9201","CEAm_2",68
"CEAm","Cell_9373","CEAm_4",85
"CEAm","Cell_12156","CEAm_3",104
"CEAm","Cell_16134","CEAm_2",68
"CEAm","Cell_16562","CEAm_1",116
"CEAm","Cell_16819","CEAm_1",116
"CEAm","Cell_17003","CEAm_1",116
"CEAm","Cell_18028","CEAm_1",116
"CEAm","Cell_18431","CEAm_2",68
"CEAm","Cell_20033","CEAm_1",116
"CEAm","Cell_20304","CEAm_3",104
"CEAm","Cell_27647","CEAm_4",85
"CEAm","Cell_28273","CEAm_1",116
"CEAm","Cell_28511","CEAm_1",116
"CEAm","Cell_30873","CEAm_2",68
"CEAm","Cell_33946","CEAm_1",116
"CEAm","Cell_34860","CEAm_4",85
"CEAm","Cell_35455","CEAm_1",116
"CEAm","Cell_35467","CEAm_1",116
"CEAm","Cell_36915","CEAm_2",68
"CEAm","Cell_38404","CEAm_1",116
"CEAm","Cell_40335","CEAm_1",116
"CEAm","Cell_41114","CEAm_1",116
"CEAm","Cell_44221","CEAm_4",85
"CEAm","Cell_1074","CEAm_2",68
"CEAm","Cell_5897","CEAm_1",116
"CEAm","Cell_8149","CEAm_4",85
"CEAm","Cell_431","CEAm_2",68
"CEAm","Cell_808","CEAm_3",104
"CEAm","Cell_1667","CEAm_3",104
"CEAm","Cell_2180","CEAm_3",104
"CEAm","Cell_2204","CEAm_1",116
"CEAm","Cell_6203","CEAm_2",68
"CEAm","Cell_7218","CEAm_1",116
"CEAm","Cell_8078","CEAm_1",116
"CEAm","Cell_8623","CEAm_3",104
"CEAm","Cell_11128","CEAm_4",85
"CEAm","Cell_11747","CEAm_4",85
"CEAm","Cell_11890","CEAm_4",85
"CEAm","Cell_17130","CEAm_4",85
"CEAm","Cell_19439","CEAm_1",116
"CEAm","Cell_21970","CEAm_3",104
"CEAm","Cell_23169","CEAm_4",85
"CEAm","Cell_23431","CEAm_2",68
"CEAm","Cell_24212","CEAm_1",116
"CEAm","Cell_28243","CEAm_4",85
"CEAm","Cell_33066","CEAm_1",116
"CEAm","Cell_34770","CEAm_3",104
"CEAm","Cell_35489","CEAm_2",68
"CEAm","Cell_36790","CEAm_4",85
"CEAm","Cell_36938","CEAm_1",116
"CEAm","Cell_38529","CEAm_3",104
"CEAm","Cell_40601","CEAm_3",104
"CEAm","Cell_40874","CEAm_2",68
"CEAm","Cell_40893","CEAm_1",116
"CEAm","Cell_44547","CEAm_2",68
"CEAm","Cell_44554","CEAm_3",104
"CEAm","Cell_45086","CEAm_3",104
"CEAm","Cell_25281","CEAm_1",116
"CEAm","Cell_4952","CEAm_1",116
"CEAm","Cell_11209","CEAm_2",68
"CEAm","Cell_13120","CEAm_2",68
"CEAm","Cell_14552","CEAm_1",116
"CEAm","Cell_19686","CEAm_1",116
"CEAm","Cell_24350","CEAm_1",116
"CEAm","Cell_28635","CEAm_1",116
"CEAm","Cell_32005","CEAm_1",116
"CEAm","Cell_42032","CEAm_1",116
"CEAm","Cell_24460","CEAm_1",116
"CEAm","Cell_31220","CEAm_3",104
"CEAm","Cell_6608","CEAm_2",68
"CEAm","Cell_9517","CEAm_1",116
"CEAm","Cell_24210","CEAm_1",116
"CEAm","Cell_30678","CEAm_4",85
"CEAm","Cell_40883","CEAm_3",104
"CEAm","Cell_1416","CEAm_4",85
"CEAm","Cell_2162","CEAm_4",85
"CEAm","Cell_2875","CEAm_1",116
"CEAm","Cell_10884","CEAm_2",68
"CEAm","Cell_13211","CEAm_3",104
"CEAm","Cell_13310","CEAm_4",85
"CEAm","Cell_13988","CEAm_1",116
"CEAm","Cell_15921","CEAm_3",104
"CEAm","Cell_18066","CEAm_2",68
"CEAm","Cell_20351","CEAm_4",85
"CEAm","Cell_22031","CEAm_4",85
"CEAm","Cell_28418","CEAm_3",104
"CEAm","Cell_30452","CEAm_1",116
"CEAm","Cell_35720","CEAm_1",116
"CEAm","Cell_36473","CEAm_2",68
"CEAm","Cell_36863","CEAm_4",85
"CEAm","Cell_40392","CEAm_1",116
"CEAm","Cell_42010","CEAm_1",116
"CEAm","Cell_533","CEAm_1",116
"CEAm","Cell_1546","CEAm_1",116
"CEAm","Cell_1736","CEAm_3",104
"CEAm","Cell_1975","CEAm_4",85
"CEAm","Cell_1978","CEAm_4",85
"CEAm","Cell_2085","CEAm_3",104
"CEAm","Cell_2185","CEAm_3",104
"CEAm","Cell_2240","CEAm_2",68
"CEAm","Cell_2428","CEAm_1",116
"CEAm","Cell_2862","CEAm_2",68
"CEAm","Cell_3372","CEAm_1",116
"CEAm","Cell_3769","CEAm_4",85
"CEAm","Cell_4023","CEAm_3",104
"CEAm","Cell_4358","CEAm_2",68
"CEAm","Cell_4883","CEAm_4",85
"CEAm","Cell_5030","CEAm_1",116
"CEAm","Cell_5284","CEAm_1",116
"CEAm","Cell_5608","CEAm_4",85
"CEAm","Cell_5661","CEAm_1",116
"CEAm","Cell_5885","CEAm_1",116
"CEAm","Cell_6131","CEAm_4",85
"CEAm","Cell_6299","CEAm_1",116
"CEAm","Cell_7512","CEAm_1",116
"CEAm","Cell_8155","CEAm_2",68
"CEAm","Cell_8368","CEAm_1",116
"CEAm","Cell_8695","CEAm_3",104
"CEAm","Cell_8902","CEAm_2",68
"CEAm","Cell_9189","CEAm_3",104
"CEAm","Cell_9451","CEAm_3",104
"CEAm","Cell_9540","CEAm_3",104
"CEAm","Cell_11039","CEAm_4",85
"CEAm","Cell_12684","CEAm_3",104
"CEAm","Cell_12760","CEAm_2",68
"CEAm","Cell_12910","CEAm_3",104
"CEAm","Cell_12941","CEAm_4",85
"CEAm","Cell_13110","CEAm_1",116
"CEAm","Cell_13301","CEAm_3",104
"CEAm","Cell_13386","CEAm_1",116
"CEAm","Cell_14148","CEAm_1",116
"CEAm","Cell_15799","CEAm_3",104
"CEAm","Cell_16788","CEAm_4",85
"CEAm","Cell_16863","CEAm_3",104
"CEAm","Cell_17265","CEAm_2",68
"CEAm","Cell_17984","CEAm_2",68
"CEAm","Cell_18515","CEAm_4",85
"CEAm","Cell_19303","CEAm_1",116
"CEAm","Cell_19442","CEAm_3",104
"CEAm","Cell_19852","CEAm_2",68
"CEAm","Cell_20484","CEAm_1",116
"CEAm","Cell_20601","CEAm_2",68
"CEAm","Cell_20682","CEAm_1",116
"CEAm","Cell_20905","CEAm_3",104
"CEAm","Cell_21226","CEAm_2",68
"CEAm","Cell_22460","CEAm_1",116
"CEAm","Cell_22793","CEAm_1",116
"CEAm","Cell_23165","CEAm_1",116
"CEAm","Cell_23380","CEAm_1",116
"CEAm","Cell_23433","CEAm_1",116
"CEAm","Cell_25031","CEAm_2",68
"CEAm","Cell_26712","CEAm_4",85
"CEAm","Cell_27298","CEAm_1",116
"CEAm","Cell_27493","CEAm_4",85
"CEAm","Cell_28050","CEAm_4",85
"CEAm","Cell_28056","CEAm_3",104
"CEAm","Cell_29639","CEAm_2",68
"CEAm","Cell_30500","CEAm_3",104
"CEAm","Cell_31567","CEAm_4",85
"CEAm","Cell_32326","CEAm_3",104
"CEAm","Cell_32593","CEAm_1",116
"CEAm","Cell_32975","CEAm_4",85
"CEAm","Cell_33462","CEAm_2",68
"CEAm","Cell_33526","CEAm_1",116
"CEAm","Cell_34354","CEAm_2",68
"CEAm","Cell_34591","CEAm_4",85
"CEAm","Cell_35105","CEAm_2",68
"CEAm","Cell_37371","CEAm_1",116
"CEAm","Cell_37462","CEAm_1",116
"CEAm","Cell_37730","CEAm_2",68
"CEAm","Cell_37819","CEAm_4",85
"CEAm","Cell_38565","CEAm_3",104
"CEAm","Cell_39162","CEAm_4",85
"CEAm","Cell_39661","CEAm_1",116
"CEAm","Cell_40218","CEAm_4",85
"CEAm","Cell_40838","CEAm_3",104
"CEAm","Cell_42045","CEAm_4",85
"CEAm","Cell_42147","CEAm_3",104
"CEAm","Cell_42474","CEAm_4",85
"CEAm","Cell_42690","CEAm_3",104
"CEAm","Cell_42920","CEAm_4",85
"CEAm","Cell_43271","CEAm_2",68
"CEAm","Cell_43420","CEAm_2",68
"CEAm","Cell_44445","CEAm_4",85
"CEAm","Cell_44945","CEAm_4",85
"CEAm","Cell_44953","CEAm_4",85
"CEAm","Cell_45011","CEAm_1",116
"CEAm","Cell_45251","CEAm_2",68
"CEAm","Cell_73","CEAm_4",85
"CEAm","Cell_106","CEAm_3",104
"CEAm","Cell_480","CEAm_3",104
"CEAm","Cell_1142","CEAm_4",85
"CEAm","Cell_1237","CEAm_2",68
"CEAm","Cell_1491","CEAm_4",85
"CEAm","Cell_1866","CEAm_4",85
"CEAm","Cell_2025","CEAm_2",68
"CEAm","Cell_2076","CEAm_1",116
"CEAm","Cell_2223","CEAm_4",85
"CEAm","Cell_3005","CEAm_4",85
"CEAm","Cell_4992","CEAm_2",68
"CEAm","Cell_8651","CEAm_1",116
"CEAm","Cell_8954","CEAm_4",85
"CEAm","Cell_9798","CEAm_4",85
"CEAm","Cell_11426","CEAm_1",116
"CEAm","Cell_12212","CEAm_1",116
"CEAm","Cell_12346","CEAm_2",68
"CEAm","Cell_12643","CEAm_3",104
"CEAm","Cell_12678","CEAm_3",104
"CEAm","Cell_12844","CEAm_4",85
"CEAm","Cell_13434","CEAm_3",104
"CEAm","Cell_13718","CEAm_2",68
"CEAm","Cell_13991","CEAm_1",116
"CEAm","Cell_14171","CEAm_2",68
"CEAm","Cell_16798","CEAm_3",104
"CEAm","Cell_17358","CEAm_4",85
"CEAm","Cell_17659","CEAm_3",104
"CEAm","Cell_18487","CEAm_2",68
"CEAm","Cell_19028","CEAm_4",85
"CEAm","Cell_19173","CEAm_1",116
"CEAm","Cell_22352","CEAm_3",104
"CEAm","Cell_22784","CEAm_4",85
"CEAm","Cell_22969","CEAm_3",104
"CEAm","Cell_24744","CEAm_1",116
"CEAm","Cell_24872","CEAm_3",104
"CEAm","Cell_25820","CEAm_1",116
"CEAm","Cell_26720","CEAm_3",104
"CEAm","Cell_27750","CEAm_3",104
"CEAm","Cell_29207","CEAm_2",68
"CEAm","Cell_29307","CEAm_1",116
"CEAm","Cell_29436","CEAm_4",85
"CEAm","Cell_31003","CEAm_2",68
"CEAm","Cell_31439","CEAm_2",68
"CEAm","Cell_32369","CEAm_4",85
"CEAm","Cell_33511","CEAm_1",116
"CEAm","Cell_33760","CEAm_3",104
"CEAm","Cell_34020","CEAm_2",68
"CEAm","Cell_36841","CEAm_3",104
"CEAm","Cell_38074","CEAm_1",116
"CEAm","Cell_38331","CEAm_3",104
"CEAm","Cell_38460","CEAm_1",116
"CEAm","Cell_38508","CEAm_4",85
"CEAm","Cell_38722","CEAm_2",68
"CEAm","Cell_38885","CEAm_3",104
"CEAm","Cell_40845","CEAm_1",116
"CEAm","Cell_41022","CEAm_1",116
"CEAm","Cell_41286","CEAm_4",85
"CEAm","Cell_41594","CEAm_4",85
"CEAm","Cell_41632","CEAm_3",104
"CEAm","Cell_41801","CEAm_3",104
"CEAm","Cell_42113","CEAm_4",85
"CEAm","Cell_42853","CEAm_2",68
"CEAm","Cell_43431","CEAm_2",68
"CEAm","Cell_43958","CEAm_1",116
"CEAm","Cell_44137","CEAm_2",68
"CEAm","Cell_44471","CEAm_1",116
"CEAm","Cell_2711","CEAm_1",116
"CEAm","Cell_10886","CEAm_3",104
"CEAm","Cell_10975","CEAm_1",116
"CEAm","Cell_13914","CEAm_1",116
"CEAm","Cell_15914","CEAm_3",104
"CEAm","Cell_19962","CEAm_4",85
"CEAm","Cell_20346","CEAm_1",116
"CEAm","Cell_20553","CEAm_1",116
"CEAm","Cell_22642","CEAm_1",116
"CEAm","Cell_22847","CEAm_1",116
"CEAm","Cell_28414","CEAm_1",116
"CEAm","Cell_29668","CEAm_3",104
"CEAm","Cell_30258","CEAm_3",104
"CEAm","Cell_433","CEAm_3",104
"CEAm","Cell_1928","CEAm_1",116
"CEAm","Cell_2657","CEAm_1",116
"CEAm","Cell_4255","CEAm_4",85
"CEAm","Cell_6160","CEAm_3",104
"CEAm","Cell_7646","CEAm_4",85
"CEAm","Cell_8051","CEAm_4",85
"CEAm","Cell_9742","CEAm_1",116
"CEAm","Cell_10911","CEAm_3",104
"CEAm","Cell_13043","CEAm_4",85
"CEAm","Cell_13425","CEAm_2",68
"CEAm","Cell_13861","CEAm_4",85
"CEAm","Cell_16016","CEAm_3",104
"CEAm","Cell_16818","CEAm_4",85
"CEAm","Cell_17884","CEAm_2",68
"CEAm","Cell_20104","CEAm_4",85
"CEAm","Cell_20175","CEAm_3",104
"CEAm","Cell_20372","CEAm_3",104
"CEAm","Cell_22517","CEAm_1",116
"CEAm","Cell_22552","CEAm_3",104
"CEAm","Cell_23831","CEAm_1",116
"CEAm","Cell_25683","CEAm_2",68
"CEAm","Cell_29522","CEAm_3",104
"CEAm","Cell_31464","CEAm_3",104
"CEAm","Cell_31961","CEAm_3",104
"CEAm","Cell_32128","CEAm_4",85
"CEAm","Cell_36860","CEAm_2",68
"CEAm","Cell_37816","CEAm_4",85
"CEAm","Cell_40267","CEAm_3",104
"CEAm","Cell_42315","CEAm_3",104
"CEAm","Cell_1971","CEAm_1",116
"CEAm","Cell_11538","CEAm_2",68
"CEAm","Cell_18055","CEAm_1",116
"CEAm","Cell_26194","CEAm_2",68
"CEAm","Cell_34830","CEAm_3",104
"CEAm","Cell_34425","CEAm_3",104
"CEAm","Cell_3933","CEAm_3",104
"CEAm","Cell_3455","CEAm_3",104
"CEAm","Cell_2201","CEAm_3",104
"CEAm","Cell_4351","CEAm_2",68
"CEAm","Cell_4741","CEAm_1",116
"CEAm","Cell_12072","CEAm_3",104
"CEAm","Cell_13696","CEAm_4",85
"CEAm","Cell_15241","CEAm_1",116
"CEAm","Cell_16828","CEAm_4",85
"CEAm","Cell_17535","CEAm_4",85
"CEAm","Cell_18091","CEAm_3",104
"CEAm","Cell_18483","CEAm_1",116
"CEAm","Cell_21598","CEAm_3",104
"CEAm","Cell_25478","CEAm_4",85
"CEAm","Cell_25744","CEAm_3",104
"CEAm","Cell_26230","CEAm_1",116
"CEAm","Cell_26967","CEAm_4",85
"CEAm","Cell_28655","CEAm_2",68
"CEAm","Cell_28948","CEAm_1",116
"CEAm","Cell_40156","CEAm_3",104
"CEAm","Cell_43121","CEAm_4",85
"CEAm","Cell_43973","CEAm_1",116
"CEAm","Cell_45239","CEAm_3",104
"CEAm","Cell_11896","CEAm_1",116
"CEAm","Cell_11927","CEAm_1",116
"CEAm","Cell_13365","CEAm_2",68
"CEAm","Cell_14698","CEAm_4",85
"CEAm","Cell_2490","CEAm_2",68
"CEAm","Cell_3496","CEAm_1",116
"CEAm","Cell_4161","CEAm_3",104
"CEAm","Cell_5826","CEAm_2",68
"CEAm","Cell_6338","CEAm_1",116
"CEAm","Cell_6910","CEAm_4",85
"CEAm","Cell_7650","CEAm_3",104
"CEAm","Cell_8692","CEAm_1",116
"CEAm","Cell_9290","CEAm_3",104
"CEAm","Cell_11596","CEAm_4",85
"CEAm","Cell_14057","CEAm_3",104
"CEAm","Cell_19036","CEAm_2",68
"CEAm","Cell_20024","CEAm_4",85
"CEAm","Cell_23532","CEAm_3",104
"CEAm","Cell_23721","CEAm_3",104
"CEAm","Cell_26067","CEAm_4",85
"CEAm","Cell_29198","CEAm_3",104
"CEAm","Cell_29937","CEAm_3",104
"CEAm","Cell_30773","CEAm_3",104
"CEAm","Cell_31159","CEAm_3",104
"CEAm","Cell_32961","CEAm_3",104
"CEAm","Cell_41726","CEAm_3",104
"CEAm","Cell_5766","CEAm_4",85
"CEAm","Cell_9184","CEAm_3",104
"CEAm","Cell_5161","CEAm_3",104
"CEAm","Cell_24476","CEAm_1",116
"CEAm","Cell_25059","CEAm_3",104
"CEAm","Cell_32689","CEAm_1",116
"CEAm","Cell_42985","CEAm_3",104
"CEAm","Cell_38438","CEAm_3",104
"CEAm","Cell_44200","CEAm_3",104
"CEAm","Cell_10763","CEAm_4",85
"CEAm","Cell_43275","CEAm_1",116
"CEAm","Cell_20203","CEAm_1",116
"CL","Cell_43418","CL_1",34
"CL","Cell_3305","CL_2",36
"CL","Cell_27643","CL_4",34
"CL","Cell_34598","CL_2",36
"CL","Cell_35353","CL_4",34
"CL","Cell_43384","CL_1",34
"CL","Cell_10970","CL_1",34
"CL","Cell_44074","CL_1",34
"CL","Cell_17408","CL_1",34
"CL","Cell_23529","CL_4",34
"CL","Cell_26105","CL_2",36
"CL","Cell_31246","CL_1",34
"CL","Cell_40479","CL_1",34
"CL","Cell_41814","CL_2",36
"CL","Cell_42619","CL_1",34
"CL","Cell_1575","CL_2",36
"CL","Cell_4104","CL_1",34
"CL","Cell_9498","CL_4",34
"CL","Cell_9848","CL_4",34
"CL","Cell_13009","CL_1",34
"CL","Cell_20519","CL_1",34
"CL","Cell_24994","CL_2",36
"CL","Cell_29530","CL_1",34
"CL","Cell_30050","CL_1",34
"CL","Cell_31195","CL_4",34
"CL","Cell_34605","CL_1",34
"CL","Cell_41081","CL_1",34
"CL","Cell_43569","CL_2",36
"CL","Cell_44346","CL_2",36
"CL","Cell_285","CL_2",36
"CL","Cell_915","CL_2",36
"CL","Cell_2247","CL_4",34
"CL","Cell_4222","CL_1",34
"CL","Cell_7073","CL_1",34
"CL","Cell_7108","CL_2",36
"CL","Cell_7156","CL_2",36
"CL","Cell_9357","CL_4",34
"CL","Cell_12000","CL_4",34
"CL","Cell_12516","CL_1",34
"CL","Cell_20509","CL_2",36
"CL","Cell_28980","CL_1",34
"CL","Cell_28983","CL_4",34
"CL","Cell_30083","CL_4",34
"CL","Cell_30614","CL_2",36
"CL","Cell_33871","CL_2",36
"CL","Cell_37475","CL_1",34
"CL","Cell_39916","CL_1",34
"CL","Cell_41112","CL_4",34
"CL","Cell_41213","CL_4",34
"CL","Cell_43258","CL_2",36
"CL","Cell_29768","CL_2",36
"CL","Cell_217","CL_1",34
"CL","Cell_10569","CL_1",34
"CL","Cell_29545","CL_4",34
"CL","Cell_44225","CL_2",36
"CL","Cell_757","CL_2",36
"CL","Cell_7191","CL_4",34
"CL","Cell_12113","CL_1",34
"CL","Cell_12976","CL_2",36
"CL","Cell_22767","CL_2",36
"CL","Cell_24724","CL_1",34
"CL","Cell_33199","CL_4",34
"CL","Cell_336","CL_2",36
"CL","Cell_5243","CL_1",34
"CL","Cell_17586","CL_2",36
"CL","Cell_20137","CL_4",34
"CL","Cell_24214","CL_4",34
"CL","Cell_29154","CL_4",34
"CL","Cell_33944","CL_4",34
"CL","Cell_5382","CL_2",36
"CL","Cell_7623","CL_1",34
"CL","Cell_10458","CL_2",36
"CL","Cell_12726","CL_2",36
"CL","Cell_14024","CL_1",34
"CL","Cell_16476","CL_1",34
"CL","Cell_21328","CL_4",34
"CL","Cell_21666","CL_1",34
"CL","Cell_27623","CL_2",36
"CL","Cell_30797","CL_2",36
"CL","Cell_30905","CL_2",36
"CL","Cell_31252","CL_2",36
"CL","Cell_37170","CL_2",36
"CL","Cell_39831","CL_4",34
"CL","Cell_41826","CL_2",36
"CL","Cell_7078","CL_4",34
"CL","Cell_11423","CL_1",34
"CL","Cell_12369","CL_1",34
"CL","Cell_28016","CL_4",34
"CL","Cell_36389","CL_4",34
"CL","Cell_12719","CL_4",34
"CL","Cell_13168","CL_4",34
"CL","Cell_13862","CL_4",34
"CL","Cell_27758","CL_2",36
"CL","Cell_37267","CL_2",36
"CL","Cell_4471","CL_4",34
"CL","Cell_7061","CL_4",34
"CL","Cell_9402","CL_4",34
"CL","Cell_26772","CL_1",34
"CL","Cell_41440","CL_1",34
"CL","Cell_20659","CL_2",36
"CL","Cell_3866","CL_4",34
"CL","Cell_30685","CL_2",36
"CL","Cell_7509","CL_4",34
"CL","Cell_15220","CL_4",34
"CM","Cell_28945","CM_1",41
"CM","Cell_38648","CM_2",36
"CM","Cell_14077","CM_1",41
"CM","Cell_34141","CM_1",41
"CM","Cell_1884","CM_2",36
"CM","Cell_5541","CM_1",41
"CM","Cell_6616","CM_3",16
"CM","Cell_7599","CM_1",41
"CM","Cell_10431","CM_4",16
"CM","Cell_14523","CM_1",41
"CM","Cell_17270","CM_1",41
"CM","Cell_23808","CM_1",41
"CM","Cell_25460","CM_1",41
"CM","Cell_31177","CM_1",41
"CM","Cell_34421","CM_2",36
"CM","Cell_37047","CM_1",41
"CM","Cell_45250","CM_1",41
"CM","Cell_14053","CM_2",36
"CM","Cell_24025","CM_2",36
"CM","Cell_37108","CM_2",36
"CM","Cell_39272","CM_4",16
"CM","Cell_3995","CM_3",16
"CM","Cell_11598","CM_4",16
"CM","Cell_20381","CM_1",41
"CM","Cell_22026","CM_1",41
"CM","Cell_26452","CM_2",36
"CM","Cell_32811","CM_4",16
"CM","Cell_8748","CM_1",41
"CM","Cell_18330","CM_1",41
"CM","Cell_18656","CM_2",36
"CM","Cell_24178","CM_2",36
"CM","Cell_26216","CM_1",41
"CM","Cell_32217","CM_1",41
"CM","Cell_38048","CM_1",41
"CM","Cell_42912","CM_2",36
"CM","Cell_793","CM_2",36
"CM","Cell_1520","CM_2",36
"CM","Cell_1607","CM_1",41
"CM","Cell_1771","CM_2",36
"CM","Cell_2599","CM_2",36
"CM","Cell_3021","CM_1",41
"CM","Cell_3735","CM_2",36
"CM","Cell_6968","CM_1",41
"CM","Cell_7763","CM_4",16
"CM","Cell_8177","CM_2",36
"CM","Cell_9684","CM_1",41
"CM","Cell_10189","CM_2",36
"CM","Cell_10441","CM_1",41
"CM","Cell_12415","CM_2",36
"CM","Cell_12561","CM_2",36
"CM","Cell_13205","CM_1",41
"CM","Cell_15373","CM_2",36
"CM","Cell_16420","CM_1",41
"CM","Cell_17491","CM_2",36
"CM","Cell_22687","CM_2",36
"CM","Cell_23414","CM_1",41
"CM","Cell_24312","CM_1",41
"CM","Cell_24381","CM_1",41
"CM","Cell_27285","CM_1",41
"CM","Cell_28663","CM_4",16
"CM","Cell_30909","CM_2",36
"CM","Cell_31056","CM_4",16
"CM","Cell_31097","CM_4",16
"CM","Cell_35096","CM_1",41
"CM","Cell_35532","CM_4",16
"CM","Cell_36162","CM_4",16
"CM","Cell_39807","CM_1",41
"CM","Cell_39866","CM_2",36
"CM","Cell_40561","CM_4",16
"CM","Cell_2629","CM_2",36
"CM","Cell_15317","CM_2",36
"CM","Cell_18131","CM_2",36
"CM","Cell_22770","CM_3",16
"CM","Cell_26845","CM_4",16
"CM","Cell_31484","CM_2",36
"CM","Cell_32194","CM_3",16
"CM","Cell_36835","CM_3",16
"CM","Cell_37970","CM_3",16
"CM","Cell_2842","CM_1",41
"CM","Cell_24247","CM_2",36
"CM","Cell_1694","CM_4",16
"CM","Cell_13618","CM_1",41
"CM","Cell_17758","CM_2",36
"CM","Cell_24262","CM_3",16
"CM","Cell_26095","CM_3",16
"CM","Cell_32077","CM_3",16
"CM","Cell_41005","CM_1",41
"CM","Cell_7374","CM_2",36
"CM","Cell_16051","CM_1",41
"CM","Cell_17159","CM_2",36
"CM","Cell_36433","CM_3",16
"CM","Cell_38892","CM_2",36
"CM","Cell_40625","CM_3",16
"CM","Cell_3863","CM_3",16
"CM","Cell_4199","CM_3",16
"CM","Cell_14879","CM_3",16
"CM","Cell_14987","CM_3",16
"CM","Cell_18315","CM_1",41
"CM","Cell_23444","CM_2",36
"CM","Cell_39460","CM_2",36
"CM","Cell_42746","CM_1",41
"CM","Cell_37542","CM_1",41
"CM","Cell_25325","CM_1",41
"CM","Cell_82","CM_1",41
"CM","Cell_7124","CM_4",16
"CM","Cell_14685","CM_2",36
"CM","Cell_21035","CM_4",16
"CM","Cell_41942","CM_3",16
"CM","Cell_36053","CM_4",16
"CP","Cell_258","CP_1",246
"CP","Cell_705","CP_2",127
"CP","Cell_813","CP_3",201
"CP","Cell_1419","CP_3",201
"CP","Cell_1486","CP_4",204
"CP","Cell_2210","CP_1",246
"CP","Cell_2664","CP_3",201
"CP","Cell_3253","CP_5",141
"CP","Cell_3667","CP_6",156
"CP","Cell_3673","CP_7",106
"CP","Cell_3851","CP_8",56
"CP","Cell_3922","CP_3",201
"CP","Cell_4001","CP_6",156
"CP","Cell_4181","CP_6",156
"CP","Cell_4410","CP_4",204
"CP","Cell_4534","CP_9",143
"CP","Cell_4678","CP_10",124
"CP","Cell_4804","CP_6",156
"CP","Cell_4857","CP_11",143
"CP","Cell_4944","CP_7",106
"CP","Cell_5548","CP_3",201
"CP","Cell_5844","CP_3",201
"CP","Cell_5965","CP_4",204
"CP","Cell_6051","CP_4",204
"CP","Cell_6112","CP_3",201
"CP","Cell_6875","CP_7",106
"CP","Cell_6974","CP_2",127
"CP","Cell_7753","CP_6",156
"CP","Cell_8819","CP_7",106
"CP","Cell_9425","CP_12",78
"CP","Cell_9449","CP_1",246
"CP","Cell_9560","CP_4",204
"CP","Cell_10049","CP_9",143
"CP","Cell_10156","CP_9",143
"CP","Cell_10554","CP_13",100
"CP","Cell_10626","CP_11",143
"CP","Cell_11720","CP_2",127
"CP","Cell_12171","CP_6",156
"CP","Cell_12264","CP_9",143
"CP","Cell_12353","CP_1",246
"CP","Cell_12451","CP_5",141
"CP","Cell_12837","CP_10",124
"CP","Cell_13331","CP_9",143
"CP","Cell_13538","CP_2",127
"CP","Cell_13936","CP_3",201
"CP","Cell_14049","CP_4",204
"CP","Cell_14330","CP_6",156
"CP","Cell_14392","CP_7",106
"CP","Cell_14562","CP_6",156
"CP","Cell_14858","CP_5",141
"CP","Cell_15012","CP_6",156
"CP","Cell_16714","CP_3",201
"CP","Cell_16773","CP_1",246
"CP","Cell_16840","CP_2",127
"CP","Cell_17410","CP_9",143
"CP","Cell_17681","CP_5",141
"CP","Cell_18820","CP_1",246
"CP","Cell_18939","CP_9",143
"CP","Cell_19374","CP_5",141
"CP","Cell_20391","CP_3",201
"CP","Cell_20742","CP_11",143
"CP","Cell_20776","CP_10",124
"CP","Cell_20927","CP_1",246
"CP","Cell_21060","CP_4",204
"CP","Cell_21319","CP_11",143
"CP","Cell_21402","CP_3",201
"CP","Cell_21679","CP_3",201
"CP","Cell_22017","CP_4",204
"CP","Cell_22132","CP_1",246
"CP","Cell_22159","CP_11",143
"CP","Cell_22399","CP_1",246
"CP","Cell_22741","CP_11",143
"CP","Cell_23372","CP_4",204
"CP","Cell_24291","CP_13",100
"CP","Cell_25303","CP_1",246
"CP","Cell_26625","CP_9",143
"CP","Cell_26694","CP_11",143
"CP","Cell_27158","CP_5",141
"CP","Cell_27483","CP_3",201
"CP","Cell_27893","CP_6",156
"CP","Cell_28699","CP_4",204
"CP","Cell_29358","CP_3",201
"CP","Cell_29947","CP_4",204
"CP","Cell_30738","CP_3",201
"CP","Cell_30739","CP_7",106
"CP","Cell_30798","CP_1",246
"CP","Cell_31866","CP_4",204
"CP","Cell_32713","CP_11",143
"CP","Cell_32830","CP_1",246
"CP","Cell_33027","CP_1",246
"CP","Cell_33357","CP_8",56
"CP","Cell_33432","CP_4",204
"CP","Cell_33482","CP_2",127
"CP","Cell_33885","CP_1",246
"CP","Cell_34032","CP_12",78
"CP","Cell_34584","CP_6",156
"CP","Cell_34948","CP_4",204
"CP","Cell_35042","CP_1",246
"CP","Cell_35220","CP_1",246
"CP","Cell_35297","CP_4",204
"CP","Cell_35391","CP_4",204
"CP","Cell_35648","CP_1",246
"CP","Cell_36083","CP_3",201
"CP","Cell_36442","CP_1",246
"CP","Cell_36716","CP_11",143
"CP","Cell_36905","CP_11",143
"CP","Cell_37026","CP_6",156
"CP","Cell_37133","CP_10",124
"CP","Cell_37523","CP_11",143
"CP","Cell_37593","CP_1",246
"CP","Cell_37684","CP_1",246
"CP","Cell_37808","CP_6",156
"CP","Cell_38290","CP_12",78
"CP","Cell_38952","CP_2",127
"CP","Cell_38956","CP_1",246
"CP","Cell_40101","CP_7",106
"CP","Cell_40664","CP_1",246
"CP","Cell_40928","CP_11",143
"CP","Cell_41382","CP_13",100
"CP","Cell_41625","CP_10",124
"CP","Cell_41978","CP_1",246
"CP","Cell_42218","CP_6",156
"CP","Cell_42266","CP_3",201
"CP","Cell_42606","CP_7",106
"CP","Cell_43177","CP_6",156
"CP","Cell_43201","CP_13",100
"CP","Cell_43530","CP_3",201
"CP","Cell_43622","CP_4",204
"CP","Cell_44619","CP_3",201
"CP","Cell_44752","CP_4",204
"CP","Cell_45136","CP_6",156
"CP","Cell_45149","CP_4",204
"CP","Cell_1115","CP_3",201
"CP","Cell_2419","CP_9",143
"CP","Cell_5484","CP_4",204
"CP","Cell_6426","CP_2",127
"CP","Cell_7246","CP_1",246
"CP","Cell_12313","CP_4",204
"CP","Cell_16006","CP_10",124
"CP","Cell_22164","CP_3",201
"CP","Cell_24209","CP_7",106
"CP","Cell_27021","CP_6",156
"CP","Cell_27220","CP_12",78
"CP","Cell_29854","CP_5",141
"CP","Cell_31527","CP_2",127
"CP","Cell_32747","CP_12",78
"CP","Cell_35180","CP_8",56
"CP","Cell_35240","CP_5",141
"CP","Cell_37353","CP_3",201
"CP","Cell_43293","CP_9",143
"CP","Cell_120","CP_6",156
"CP","Cell_156","CP_6",156
"CP","Cell_1029","CP_3",201
"CP","Cell_1242","CP_5",141
"CP","Cell_2480","CP_7",106
"CP","Cell_2980","CP_6",156
"CP","Cell_3279","CP_11",143
"CP","Cell_4208","CP_12",78
"CP","Cell_6666","CP_2",127
"CP","Cell_6688","CP_7",106
"CP","Cell_6772","CP_4",204
"CP","Cell_7047","CP_5",141
"CP","Cell_7339","CP_10",124
"CP","Cell_7485","CP_1",246
"CP","Cell_7977","CP_4",204
"CP","Cell_8364","CP_7",106
"CP","Cell_9108","CP_9",143
"CP","Cell_9273","CP_5",141
"CP","Cell_9597","CP_4",204
"CP","Cell_9762","CP_11",143
"CP","Cell_9889","CP_11",143
"CP","Cell_10840","CP_12",78
"CP","Cell_12405","CP_6",156
"CP","Cell_12470","CP_12",78
"CP","Cell_12552","CP_7",106
"CP","Cell_13111","CP_3",201
"CP","Cell_13763","CP_3",201
"CP","Cell_14311","CP_10",124
"CP","Cell_14510","CP_3",201
"CP","Cell_15372","CP_5",141
"CP","Cell_15939","CP_1",246
"CP","Cell_16094","CP_3",201
"CP","Cell_16106","CP_8",56
"CP","Cell_17887","CP_7",106
"CP","Cell_18099","CP_1",246
"CP","Cell_18323","CP_7",106
"CP","Cell_19225","CP_5",141
"CP","Cell_19430","CP_3",201
"CP","Cell_20177","CP_10",124
"CP","Cell_20608","CP_13",100
"CP","Cell_20675","CP_8",56
"CP","Cell_20770","CP_14",76
"CP","Cell_21124","CP_1",246
"CP","Cell_21228","CP_1",246
"CP","Cell_21316","CP_11",143
"CP","Cell_21820","CP_6",156
"CP","Cell_22469","CP_5",141
"CP","Cell_22586","CP_10",124
"CP","Cell_22850","CP_6",156
"CP","Cell_23191","CP_1",246
"CP","Cell_24007","CP_1",246
"CP","Cell_24327","CP_3",201
"CP","Cell_25313","CP_3",201
"CP","Cell_25404","CP_14",76
"CP","Cell_27588","CP_10",124
"CP","Cell_27704","CP_6",156
"CP","Cell_27828","CP_12",78
"CP","Cell_28111","CP_6",156
"CP","Cell_28642","CP_6",156
"CP","Cell_29379","CP_2",127
"CP","Cell_32283","CP_1",246
"CP","Cell_32910","CP_6",156
"CP","Cell_33606","CP_9",143
"CP","Cell_34727","CP_13",100
"CP","Cell_34819","CP_4",204
"CP","Cell_35011","CP_9",143
"CP","Cell_35153","CP_11",143
"CP","Cell_36105","CP_6",156
"CP","Cell_36164","CP_2",127
"CP","Cell_36816","CP_8",56
"CP","Cell_37020","CP_11",143
"CP","Cell_37198","CP_4",204
"CP","Cell_37235","CP_7",106
"CP","Cell_37547","CP_11",143
"CP","Cell_38489","CP_9",143
"CP","Cell_39340","CP_10",124
"CP","Cell_39593","CP_13",100
"CP","Cell_40032","CP_11",143
"CP","Cell_40067","CP_9",143
"CP","Cell_41096","CP_6",156
"CP","Cell_41142","CP_5",141
"CP","Cell_41309","CP_7",106
"CP","Cell_41394","CP_1",246
"CP","Cell_41576","CP_6",156
"CP","Cell_42515","CP_7",106
"CP","Cell_42578","CP_7",106
"CP","Cell_43007","CP_11",143
"CP","Cell_43851","CP_10",124
"CP","Cell_44745","CP_10",124
"CP","Cell_7022","CP_4",204
"CP","Cell_10825","CP_6",156
"CP","Cell_11150","CP_9",143
"CP","Cell_22502","CP_10",124
"CP","Cell_32356","CP_4",204
"CP","Cell_33622","CP_3",201
"CP","Cell_35969","CP_9",143
"CP","Cell_39392","CP_7",106
"CP","Cell_39652","CP_2",127
"CP","Cell_40124","CP_2",127
"CP","Cell_41292","CP_4",204
"CP","Cell_43393","CP_7",106
"CP","Cell_9544","CP_1",246
"CP","Cell_15335","CP_8",56
"CP","Cell_15229","CP_6",156
"CP","Cell_15564","CP_6",156
"CP","Cell_31778","CP_4",204
"CP","Cell_1811","CP_12",78
"CP","Cell_11005","CP_6",156
"CP","Cell_657","CP_5",141
"CP","Cell_739","CP_7",106
"CP","Cell_1177","CP_13",100
"CP","Cell_1673","CP_9",143
"CP","Cell_1722","CP_5",141
"CP","Cell_1726","CP_9",143
"CP","Cell_4244","CP_3",201
"CP","Cell_5038","CP_7",106
"CP","Cell_5394","CP_6",156
"CP","Cell_5626","CP_11",143
"CP","Cell_5793","CP_5",141
"CP","Cell_7290","CP_10",124
"CP","Cell_8677","CP_3",201
"CP","Cell_9996","CP_10",124
"CP","Cell_10492","CP_9",143
"CP","Cell_10747","CP_7",106
"CP","Cell_11984","CP_3",201
"CP","Cell_12174","CP_11",143
"CP","Cell_12239","CP_11",143
"CP","Cell_12430","CP_3",201
"CP","Cell_14101","CP_11",143
"CP","Cell_16641","CP_1",246
"CP","Cell_16676","CP_11",143
"CP","Cell_17060","CP_5",141
"CP","Cell_17353","CP_6",156
"CP","Cell_18523","CP_1",246
"CP","Cell_18618","CP_1",246
"CP","Cell_18727","CP_7",106
"CP","Cell_18816","CP_1",246
"CP","Cell_19016","CP_1",246
"CP","Cell_19102","CP_6",156
"CP","Cell_19206","CP_13",100
"CP","Cell_19243","CP_2",127
"CP","Cell_20425","CP_9",143
"CP","Cell_21030","CP_2",127
"CP","Cell_21220","CP_13",100
"CP","Cell_24166","CP_14",76
"CP","Cell_24243","CP_5",141
"CP","Cell_24566","CP_2",127
"CP","Cell_26419","CP_2",127
"CP","Cell_26473","CP_11",143
"CP","Cell_27370","CP_12",78
"CP","Cell_27721","CP_10",124
"CP","Cell_28319","CP_10",124
"CP","Cell_28483","CP_5",141
"CP","Cell_28846","CP_10",124
"CP","Cell_28860","CP_3",201
"CP","Cell_32316","CP_10",124
"CP","Cell_34640","CP_4",204
"CP","Cell_36526","CP_14",76
"CP","Cell_37200","CP_3",201
"CP","Cell_37392","CP_6",156
"CP","Cell_37939","CP_3",201
"CP","Cell_38229","CP_7",106
"CP","Cell_39666","CP_11",143
"CP","Cell_39795","CP_3",201
"CP","Cell_41172","CP_5",141
"CP","Cell_41396","CP_10",124
"CP","Cell_42354","CP_1",246
"CP","Cell_42560","CP_1",246
"CP","Cell_43817","CP_3",201
"CP","Cell_44004","CP_8",56
"CP","Cell_300","CP_3",201
"CP","Cell_395","CP_8",56
"CP","Cell_417","CP_1",246
"CP","Cell_436","CP_1",246
"CP","Cell_672","CP_1",246
"CP","Cell_697","CP_3",201
"CP","Cell_750","CP_13",100
"CP","Cell_805","CP_11",143
"CP","Cell_943","CP_6",156
"CP","Cell_973","CP_11",143
"CP","Cell_1322","CP_7",106
"CP","Cell_1389","CP_1",246
"CP","Cell_1415","CP_10",124
"CP","Cell_1545","CP_4",204
"CP","Cell_1864","CP_4",204
"CP","Cell_1957","CP_4",204
"CP","Cell_2090","CP_6",156
"CP","Cell_2390","CP_8",56
"CP","Cell_2393","CP_1",246
"CP","Cell_2469","CP_1",246
"CP","Cell_2505","CP_11",143
"CP","Cell_2617","CP_2",127
"CP","Cell_2721","CP_9",143
"CP","Cell_2765","CP_6",156
"CP","Cell_2786","CP_12",78
"CP","Cell_2990","CP_4",204
"CP","Cell_3083","CP_1",246
"CP","Cell_3180","CP_5",141
"CP","Cell_3189","CP_4",204
"CP","Cell_3308","CP_13",100
"CP","Cell_3322","CP_12",78
"CP","Cell_3456","CP_1",246
"CP","Cell_3480","CP_9",143
"CP","Cell_3485","CP_11",143
"CP","Cell_3495","CP_4",204
"CP","Cell_3895","CP_11",143
"CP","Cell_4156","CP_1",246
"CP","Cell_4209","CP_6",156
"CP","Cell_4291","CP_11",143
"CP","Cell_4312","CP_4",204
"CP","Cell_4560","CP_1",246
"CP","Cell_4636","CP_6",156
"CP","Cell_4691","CP_10",124
"CP","Cell_4705","CP_2",127
"CP","Cell_4723","CP_14",76
"CP","Cell_4904","CP_4",204
"CP","Cell_5013","CP_1",246
"CP","Cell_5087","CP_1",246
"CP","Cell_5148","CP_9",143
"CP","Cell_5187","CP_1",246
"CP","Cell_5212","CP_1",246
"CP","Cell_5283","CP_4",204
"CP","Cell_5325","CP_3",201
"CP","Cell_5389","CP_5",141
"CP","Cell_5517","CP_5",141
"CP","Cell_5597","CP_1",246
"CP","Cell_5639","CP_14",76
"CP","Cell_5641","CP_8",56
"CP","Cell_6021","CP_9",143
"CP","Cell_6273","CP_7",106
"CP","Cell_6412","CP_6",156
"CP","Cell_6462","CP_4",204
"CP","Cell_6465","CP_2",127
"CP","Cell_6486","CP_11",143
"CP","Cell_6533","CP_10",124
"CP","Cell_6587","CP_3",201
"CP","Cell_6640","CP_1",246
"CP","Cell_6789","CP_2",127
"CP","Cell_6836","CP_2",127
"CP","Cell_6845","CP_12",78
"CP","Cell_7265","CP_1",246
"CP","Cell_7273","CP_3",201
"CP","Cell_7305","CP_3",201
"CP","Cell_7397","CP_1",246
"CP","Cell_7399","CP_13",100
"CP","Cell_7487","CP_8",56
"CP","Cell_7645","CP_1",246
"CP","Cell_7677","CP_7",106
"CP","Cell_7775","CP_9",143
"CP","Cell_7795","CP_9",143
"CP","Cell_8171","CP_3",201
"CP","Cell_8182","CP_3",201
"CP","Cell_8541","CP_9",143
"CP","Cell_8663","CP_8",56
"CP","Cell_8715","CP_3",201
"CP","Cell_8962","CP_13",100
"CP","Cell_8964","CP_5",141
"CP","Cell_9019","CP_2",127
"CP","Cell_9072","CP_2",127
"CP","Cell_9078","CP_1",246
"CP","Cell_9092","CP_9",143
"CP","Cell_9121","CP_8",56
"CP","Cell_9257","CP_3",201
"CP","Cell_9410","CP_13",100
"CP","Cell_9499","CP_7",106
"CP","Cell_9515","CP_4",204
"CP","Cell_9545","CP_3",201
"CP","Cell_9637","CP_5",141
"CP","Cell_9731","CP_3",201
"CP","Cell_10098","CP_3",201
"CP","Cell_10427","CP_10",124
"CP","Cell_10478","CP_1",246
"CP","Cell_10575","CP_10",124
"CP","Cell_10584","CP_1",246
"CP","Cell_10881","CP_13",100
"CP","Cell_10895","CP_12",78
"CP","Cell_10958","CP_10",124
"CP","Cell_10976","CP_11",143
"CP","Cell_11165","CP_11",143
"CP","Cell_11338","CP_3",201
"CP","Cell_11436","CP_8",56
"CP","Cell_11471","CP_9",143
"CP","Cell_11512","CP_14",76
"CP","Cell_11723","CP_1",246
"CP","Cell_11944","CP_4",204
"CP","Cell_12120","CP_5",141
"CP","Cell_12140","CP_3",201
"CP","Cell_12182","CP_1",246
"CP","Cell_12219","CP_4",204
"CP","Cell_12280","CP_12",78
"CP","Cell_12354","CP_1",246
"CP","Cell_12374","CP_5",141
"CP","Cell_12511","CP_3",201
"CP","Cell_12543","CP_1",246
"CP","Cell_12549","CP_8",56
"CP","Cell_12591","CP_1",246
"CP","Cell_12618","CP_1",246
"CP","Cell_12633","CP_10",124
"CP","Cell_12635","CP_14",76
"CP","Cell_12766","CP_4",204
"CP","Cell_12795","CP_1",246
"CP","Cell_12947","CP_13",100
"CP","Cell_13045","CP_8",56
"CP","Cell_13141","CP_11",143
"CP","Cell_13248","CP_10",124
"CP","Cell_13454","CP_7",106
"CP","Cell_13665","CP_10",124
"CP","Cell_13666","CP_11",143
"CP","Cell_13779","CP_1",246
"CP","Cell_13788","CP_8",56
"CP","Cell_13813","CP_8",56
"CP","Cell_13998","CP_7",106
"CP","Cell_14027","CP_9",143
"CP","Cell_14105","CP_6",156
"CP","Cell_14219","CP_2",127
"CP","Cell_14237","CP_4",204
"CP","Cell_14408","CP_8",56
"CP","Cell_14419","CP_6",156
"CP","Cell_14824","CP_4",204
"CP","Cell_14898","CP_11",143
"CP","Cell_14950","CP_4",204
"CP","Cell_15052","CP_2",127
"CP","Cell_15055","CP_4",204
"CP","Cell_15346","CP_7",106
"CP","Cell_15347","CP_9",143
"CP","Cell_15435","CP_11",143
"CP","Cell_15510","CP_9",143
"CP","Cell_15577","CP_1",246
"CP","Cell_15831","CP_8",56
"CP","Cell_15896","CP_3",201
"CP","Cell_15902","CP_8",56
"CP","Cell_15932","CP_7",106
"CP","Cell_15961","CP_4",204
"CP","Cell_16448","CP_5",141
"CP","Cell_16463","CP_10",124
"CP","Cell_16775","CP_11",143
"CP","Cell_16880","CP_10",124
"CP","Cell_16919","CP_6",156
"CP","Cell_16936","CP_4",204
"CP","Cell_16946","CP_10",124
"CP","Cell_17093","CP_6",156
"CP","Cell_17137","CP_9",143
"CP","Cell_17422","CP_8",56
"CP","Cell_17424","CP_1",246
"CP","Cell_17459","CP_11",143
"CP","Cell_17542","CP_6",156
"CP","Cell_18007","CP_12",78
"CP","Cell_18320","CP_1",246
"CP","Cell_18321","CP_10",124
"CP","Cell_18328","CP_7",106
"CP","Cell_18334","CP_9",143
"CP","Cell_18539","CP_5",141
"CP","Cell_18619","CP_9",143
"CP","Cell_18891","CP_10",124
"CP","Cell_18986","CP_3",201
"CP","Cell_18997","CP_12",78
"CP","Cell_19182","CP_3",201
"CP","Cell_19241","CP_1",246
"CP","Cell_19266","CP_10",124
"CP","Cell_19380","CP_14",76
"CP","Cell_19401","CP_10",124
"CP","Cell_19450","CP_12",78
"CP","Cell_19493","CP_6",156
"CP","Cell_20042","CP_1",246
"CP","Cell_20338","CP_5",141
"CP","Cell_20373","CP_2",127
"CP","Cell_20620","CP_13",100
"CP","Cell_20730","CP_13",100
"CP","Cell_20800","CP_1",246
"CP","Cell_20892","CP_9",143
"CP","Cell_20951","CP_2",127
"CP","Cell_21121","CP_6",156
"CP","Cell_21150","CP_1",246
"CP","Cell_21174","CP_4",204
"CP","Cell_21344","CP_13",100
"CP","Cell_21385","CP_6",156
"CP","Cell_21417","CP_9",143
"CP","Cell_21693","CP_10",124
"CP","Cell_21758","CP_6",156
"CP","Cell_21759","CP_12",78
"CP","Cell_21787","CP_5",141
"CP","Cell_21788","CP_4",204
"CP","Cell_21793","CP_3",201
"CP","Cell_21982","CP_1",246
"CP","Cell_22133","CP_10",124
"CP","Cell_22209","CP_1",246
"CP","Cell_22380","CP_9",143
"CP","Cell_22405","CP_1",246
"CP","Cell_22468","CP_4",204
"CP","Cell_22513","CP_11",143
"CP","Cell_22535","CP_10",124
"CP","Cell_22667","CP_12",78
"CP","Cell_23018","CP_8",56
"CP","Cell_23217","CP_1",246
"CP","Cell_23410","CP_6",156
"CP","Cell_23442","CP_12",78
"CP","Cell_23445","CP_9",143
"CP","Cell_23909","CP_1",246
"CP","Cell_24066","CP_6",156
"CP","Cell_24097","CP_13",100
"CP","Cell_24179","CP_3",201
"CP","Cell_24654","CP_9",143
"CP","Cell_24668","CP_11",143
"CP","Cell_24684","CP_10",124
"CP","Cell_24751","CP_7",106
"CP","Cell_24807","CP_9",143
"CP","Cell_24884","CP_8",56
"CP","Cell_24889","CP_3",201
"CP","Cell_24963","CP_3",201
"CP","Cell_25075","CP_1",246
"CP","Cell_25088","CP_4",204
"CP","Cell_25144","CP_6",156
"CP","Cell_25165","CP_8",56
"CP","Cell_25185","CP_1",246
"CP","Cell_25277","CP_9",143
"CP","Cell_25516","CP_1",246
"CP","Cell_25541","CP_3",201
"CP","Cell_25860","CP_6",156
"CP","Cell_26013","CP_9",143
"CP","Cell_26047","CP_11",143
"CP","Cell_26081","CP_1",246
"CP","Cell_26322","CP_11",143
"CP","Cell_26328","CP_3",201
"CP","Cell_26386","CP_10",124
"CP","Cell_26437","CP_13",100
"CP","Cell_26445","CP_3",201
"CP","Cell_26524","CP_12",78
"CP","Cell_26568","CP_4",204
"CP","Cell_26740","CP_1",246
"CP","Cell_26879","CP_7",106
"CP","Cell_26897","CP_1",246
"CP","Cell_26965","CP_1",246
"CP","Cell_26969","CP_10",124
"CP","Cell_27013","CP_2",127
"CP","Cell_27088","CP_12",78
"CP","Cell_27100","CP_4",204
"CP","Cell_27107","CP_6",156
"CP","Cell_27177","CP_10",124
"CP","Cell_27277","CP_4",204
"CP","Cell_27380","CP_1",246
"CP","Cell_27448","CP_11",143
"CP","Cell_27609","CP_1",246
"CP","Cell_27676","CP_1",246
"CP","Cell_27713","CP_9",143
"CP","Cell_27716","CP_7",106
"CP","Cell_27759","CP_1",246
"CP","Cell_27763","CP_6",156
"CP","Cell_27787","CP_11",143
"CP","Cell_27811","CP_4",204
"CP","Cell_28077","CP_3",201
"CP","Cell_28256","CP_2",127
"CP","Cell_28366","CP_11",143
"CP","Cell_28558","CP_14",76
"CP","Cell_28670","CP_4",204
"CP","Cell_28691","CP_14",76
"CP","Cell_28701","CP_2",127
"CP","Cell_28704","CP_11",143
"CP","Cell_28755","CP_13",100
"CP","Cell_28787","CP_1",246
"CP","Cell_28894","CP_2",127
"CP","Cell_28953","CP_5",141
"CP","Cell_29004","CP_6",156
"CP","Cell_29017","CP_5",141
"CP","Cell_29031","CP_11",143
"CP","Cell_29045","CP_9",143
"CP","Cell_29082","CP_1",246
"CP","Cell_29122","CP_11",143
"CP","Cell_29556","CP_14",76
"CP","Cell_29674","CP_2",127
"CP","Cell_29796","CP_3",201
"CP","Cell_29799","CP_2",127
"CP","Cell_29811","CP_1",246
"CP","Cell_30038","CP_9",143
"CP","Cell_30054","CP_3",201
"CP","Cell_30113","CP_10",124
"CP","Cell_30326","CP_10",124
"CP","Cell_30474","CP_14",76
"CP","Cell_30624","CP_14",76
"CP","Cell_30676","CP_6",156
"CP","Cell_30713","CP_14",76
"CP","Cell_30752","CP_7",106
"CP","Cell_31017","CP_13",100
"CP","Cell_31124","CP_3",201
"CP","Cell_31235","CP_1",246
"CP","Cell_31287","CP_5",141
"CP","Cell_31412","CP_6",156
"CP","Cell_31433","CP_10",124
"CP","Cell_31588","CP_3",201
"CP","Cell_31614","CP_4",204
"CP","Cell_31630","CP_9",143
"CP","Cell_31835","CP_3",201
"CP","Cell_31849","CP_3",201
"CP","Cell_31862","CP_3",201
"CP","Cell_32070","CP_1",246
"CP","Cell_32156","CP_10",124
"CP","Cell_32210","CP_1",246
"CP","Cell_32255","CP_4",204
"CP","Cell_32448","CP_1",246
"CP","Cell_32471","CP_2",127
"CP","Cell_32551","CP_4",204
"CP","Cell_32782","CP_5",141
"CP","Cell_32840","CP_7",106
"CP","Cell_32959","CP_3",201
"CP","Cell_33137","CP_11",143
"CP","Cell_33572","CP_6",156
"CP","Cell_33574","CP_13",100
"CP","Cell_33593","CP_1",246
"CP","Cell_33632","CP_13",100
"CP","Cell_33711","CP_11",143
"CP","Cell_33840","CP_4",204
"CP","Cell_33849","CP_3",201
"CP","Cell_34159","CP_4",204
"CP","Cell_34286","CP_12",78
"CP","Cell_34464","CP_5",141
"CP","Cell_34519","CP_11",143
"CP","Cell_34570","CP_3",201
"CP","Cell_34867","CP_3",201
"CP","Cell_35205","CP_4",204
"CP","Cell_35233","CP_3",201
"CP","Cell_35285","CP_6",156
"CP","Cell_35295","CP_10",124
"CP","Cell_35332","CP_2",127
"CP","Cell_35521","CP_10",124
"CP","Cell_35583","CP_1",246
"CP","Cell_35702","CP_4",204
"CP","Cell_35757","CP_11",143
"CP","Cell_35781","CP_1",246
"CP","Cell_35918","CP_4",204
"CP","Cell_36384","CP_1",246
"CP","Cell_36432","CP_10",124
"CP","Cell_36512","CP_6",156
"CP","Cell_36774","CP_2",127
"CP","Cell_36886","CP_6",156
"CP","Cell_36943","CP_4",204
"CP","Cell_37128","CP_14",76
"CP","Cell_37175","CP_8",56
"CP","Cell_37208","CP_10",124
"CP","Cell_37292","CP_1",246
"CP","Cell_37315","CP_1",246
"CP","Cell_37488","CP_1",246
"CP","Cell_37712","CP_5",141
"CP","Cell_37827","CP_6",156
"CP","Cell_37916","CP_3",201
"CP","Cell_37941","CP_12",78
"CP","Cell_37995","CP_10",124
"CP","Cell_38239","CP_9",143
"CP","Cell_38313","CP_10",124
"CP","Cell_38484","CP_14",76
"CP","Cell_38522","CP_4",204
"CP","Cell_38523","CP_1",246
"CP","Cell_38679","CP_14",76
"CP","Cell_38717","CP_11",143
"CP","Cell_38759","CP_9",143
"CP","Cell_39048","CP_13",100
"CP","Cell_39066","CP_8",56
"CP","Cell_39165","CP_12",78
"CP","Cell_39215","CP_1",246
"CP","Cell_39249","CP_1",246
"CP","Cell_39393","CP_1",246
"CP","Cell_39726","CP_1",246
"CP","Cell_39783","CP_7",106
"CP","Cell_39950","CP_10",124
"CP","Cell_40121","CP_3",201
"CP","Cell_40390","CP_1",246
"CP","Cell_40445","CP_4",204
"CP","Cell_40529","CP_10",124
"CP","Cell_40689","CP_4",204
"CP","Cell_40705","CP_12",78
"CP","Cell_40746","CP_9",143
"CP","Cell_41219","CP_10",124
"CP","Cell_41399","CP_3",201
"CP","Cell_41469","CP_6",156
"CP","Cell_41747","CP_2",127
"CP","Cell_41777","CP_6",156
"CP","Cell_41961","CP_6",156
"CP","Cell_41963","CP_9",143
"CP","Cell_42013","CP_10",124
"CP","Cell_42038","CP_4",204
"CP","Cell_42137","CP_7",106
"CP","Cell_42183","CP_6",156
"CP","Cell_42216","CP_14",76
"CP","Cell_42273","CP_10",124
"CP","Cell_42400","CP_14",76
"CP","Cell_42418","CP_9",143
"CP","Cell_42625","CP_2",127
"CP","Cell_42655","CP_6",156
"CP","Cell_42824","CP_5",141
"CP","Cell_42827","CP_1",246
"CP","Cell_43051","CP_7",106
"CP","Cell_43076","CP_1",246
"CP","Cell_43079","CP_6",156
"CP","Cell_43095","CP_11",143
"CP","Cell_43197","CP_1",246
"CP","Cell_43399","CP_1",246
"CP","Cell_43709","CP_13",100
"CP","Cell_43862","CP_11",143
"CP","Cell_43995","CP_3",201
"CP","Cell_44089","CP_5",141
"CP","Cell_44166","CP_4",204
"CP","Cell_44176","CP_6",156
"CP","Cell_44348","CP_6",156
"CP","Cell_44392","CP_6",156
"CP","Cell_44398","CP_4",204
"CP","Cell_44417","CP_2",127
"CP","Cell_44598","CP_14",76
"CP","Cell_44655","CP_5",141
"CP","Cell_44722","CP_14",76
"CP","Cell_44795","CP_13",100
"CP","Cell_44830","CP_7",106
"CP","Cell_44870","CP_9",143
"CP","Cell_44915","CP_1",246
"CP","Cell_45167","CP_8",56
"CP","Cell_45172","CP_1",246
"CP","Cell_256","CP_8",56
"CP","Cell_257","CP_1",246
"CP","Cell_390","CP_10",124
"CP","Cell_415","CP_5",141
"CP","Cell_485","CP_6",156
"CP","Cell_775","CP_7",106
"CP","Cell_783","CP_1",246
"CP","Cell_1085","CP_4",204
"CP","Cell_1119","CP_3",201
"CP","Cell_1709","CP_7",106
"CP","Cell_1728","CP_4",204
"CP","Cell_1942","CP_10",124
"CP","Cell_2101","CP_11",143
"CP","Cell_2226","CP_7",106
"CP","Cell_2367","CP_3",201
"CP","Cell_2547","CP_1",246
"CP","Cell_2780","CP_5",141
"CP","Cell_3002","CP_8",56
"CP","Cell_3302","CP_6",156
"CP","Cell_3321","CP_9",143
"CP","Cell_3359","CP_7",106
"CP","Cell_3421","CP_1",246
"CP","Cell_3596","CP_10",124
"CP","Cell_3691","CP_3",201
"CP","Cell_3951","CP_7",106
"CP","Cell_4007","CP_7",106
"CP","Cell_4020","CP_10",124
"CP","Cell_4113","CP_6",156
"CP","Cell_4301","CP_6",156
"CP","Cell_4503","CP_6",156
"CP","Cell_4693","CP_3",201
"CP","Cell_4903","CP_1",246
"CP","Cell_5139","CP_14",76
"CP","Cell_5364","CP_3",201
"CP","Cell_5436","CP_11",143
"CP","Cell_5569","CP_6",156
"CP","Cell_5798","CP_4",204
"CP","Cell_5941","CP_12",78
"CP","Cell_6059","CP_1",246
"CP","Cell_6130","CP_11",143
"CP","Cell_6245","CP_7",106
"CP","Cell_6540","CP_1",246
"CP","Cell_6557","CP_3",201
"CP","Cell_6716","CP_6",156
"CP","Cell_7346","CP_11",143
"CP","Cell_7368","CP_11",143
"CP","Cell_7387","CP_10",124
"CP","Cell_7508","CP_3",201
"CP","Cell_8523","CP_4",204
"CP","Cell_8830","CP_4",204
"CP","Cell_9090","CP_12",78
"CP","Cell_9456","CP_13",100
"CP","Cell_9538","CP_6",156
"CP","Cell_10006","CP_5",141
"CP","Cell_10207","CP_3",201
"CP","Cell_10357","CP_3",201
"CP","Cell_10391","CP_7",106
"CP","Cell_10585","CP_3",201
"CP","Cell_10652","CP_2",127
"CP","Cell_11072","CP_6",156
"CP","Cell_11319","CP_13",100
"CP","Cell_11565","CP_1",246
"CP","Cell_11976","CP_4",204
"CP","Cell_12157","CP_3",201
"CP","Cell_12318","CP_3",201
"CP","Cell_12331","CP_13",100
"CP","Cell_12355","CP_12",78
"CP","Cell_12377","CP_9",143
"CP","Cell_12731","CP_2",127
"CP","Cell_12972","CP_13",100
"CP","Cell_13150","CP_1",246
"CP","Cell_13297","CP_1",246
"CP","Cell_13332","CP_4",204
"CP","Cell_13410","CP_2",127
"CP","Cell_13545","CP_6",156
"CP","Cell_13568","CP_4",204
"CP","Cell_13580","CP_1",246
"CP","Cell_13600","CP_8",56
"CP","Cell_13884","CP_11",143
"CP","Cell_13887","CP_1",246
"CP","Cell_13941","CP_7",106
"CP","Cell_14050","CP_6",156
"CP","Cell_14130","CP_1",246
"CP","Cell_14349","CP_1",246
"CP","Cell_14531","CP_7",106
"CP","Cell_14682","CP_4",204
"CP","Cell_14724","CP_10",124
"CP","Cell_14941","CP_9",143
"CP","Cell_15142","CP_14",76
"CP","Cell_15633","CP_6",156
"CP","Cell_15639","CP_6",156
"CP","Cell_15644","CP_1",246
"CP","Cell_15760","CP_7",106
"CP","Cell_15766","CP_9",143
"CP","Cell_15859","CP_1",246
"CP","Cell_16105","CP_9",143
"CP","Cell_16149","CP_12",78
"CP","Cell_16221","CP_10",124
"CP","Cell_16458","CP_12",78
"CP","Cell_16486","CP_8",56
"CP","Cell_16630","CP_8",56
"CP","Cell_16853","CP_12",78
"CP","Cell_17457","CP_5",141
"CP","Cell_17518","CP_1",246
"CP","Cell_17633","CP_3",201
"CP","Cell_18059","CP_10",124
"CP","Cell_18272","CP_14",76
"CP","Cell_18327","CP_12",78
"CP","Cell_18351","CP_6",156
"CP","Cell_19013","CP_1",246
"CP","Cell_19171","CP_14",76
"CP","Cell_19633","CP_7",106
"CP","Cell_19654","CP_8",56
"CP","Cell_19785","CP_6",156
"CP","Cell_19825","CP_7",106
"CP","Cell_19828","CP_6",156
"CP","Cell_20284","CP_10",124
"CP","Cell_20541","CP_10",124
"CP","Cell_20804","CP_6",156
"CP","Cell_20907","CP_8",56
"CP","Cell_20946","CP_5",141
"CP","Cell_21077","CP_4",204
"CP","Cell_21508","CP_5",141
"CP","Cell_21705","CP_6",156
"CP","Cell_21957","CP_3",201
"CP","Cell_22046","CP_1",246
"CP","Cell_22416","CP_9",143
"CP","Cell_22579","CP_3",201
"CP","Cell_22637","CP_2",127
"CP","Cell_22883","CP_11",143
"CP","Cell_22905","CP_1",246
"CP","Cell_23440","CP_4",204
"CP","Cell_23551","CP_1",246
"CP","Cell_23563","CP_8",56
"CP","Cell_23630","CP_6",156
"CP","Cell_23748","CP_13",100
"CP","Cell_23910","CP_8",56
"CP","Cell_24008","CP_7",106
"CP","Cell_24218","CP_4",204
"CP","Cell_24263","CP_1",246
"CP","Cell_24857","CP_8",56
"CP","Cell_24871","CP_4",204
"CP","Cell_24956","CP_12",78
"CP","Cell_24981","CP_5",141
"CP","Cell_25012","CP_11",143
"CP","Cell_25237","CP_9",143
"CP","Cell_25321","CP_4",204
"CP","Cell_25408","CP_4",204
"CP","Cell_25790","CP_2",127
"CP","Cell_25824","CP_11",143
"CP","Cell_25965","CP_4",204
"CP","Cell_25989","CP_6",156
"CP","Cell_26046","CP_10",124
"CP","Cell_26377","CP_10",124
"CP","Cell_26516","CP_11",143
"CP","Cell_26541","CP_12",78
"CP","Cell_26667","CP_9",143
"CP","Cell_26929","CP_7",106
"CP","Cell_27080","CP_2",127
"CP","Cell_27489","CP_6",156
"CP","Cell_27494","CP_4",204
"CP","Cell_27507","CP_14",76
"CP","Cell_27736","CP_13",100
"CP","Cell_27800","CP_3",201
"CP","Cell_27878","CP_10",124
"CP","Cell_28089","CP_6",156
"CP","Cell_28359","CP_4",204
"CP","Cell_28533","CP_12",78
"CP","Cell_28855","CP_12",78
"CP","Cell_29217","CP_9",143
"CP","Cell_29318","CP_1",246
"CP","Cell_29818","CP_4",204
"CP","Cell_29986","CP_11",143
"CP","Cell_30108","CP_10",124
"CP","Cell_30111","CP_4",204
"CP","Cell_30380","CP_4",204
"CP","Cell_30440","CP_11",143
"CP","Cell_30641","CP_7",106
"CP","Cell_30854","CP_5",141
"CP","Cell_30980","CP_14",76
"CP","Cell_31136","CP_9",143
"CP","Cell_31244","CP_3",201
"CP","Cell_31452","CP_6",156
"CP","Cell_31756","CP_5",141
"CP","Cell_31858","CP_3",201
"CP","Cell_32073","CP_3",201
"CP","Cell_32154","CP_10",124
"CP","Cell_32167","CP_9",143
"CP","Cell_32533","CP_10",124
"CP","Cell_32620","CP_11",143
"CP","Cell_32706","CP_9",143
"CP","Cell_33227","CP_1",246
"CP","Cell_33512","CP_3",201
"CP","Cell_33521","CP_4",204
"CP","Cell_33623","CP_6",156
"CP","Cell_33672","CP_13",100
"CP","Cell_33866","CP_13",100
"CP","Cell_33884","CP_1",246
"CP","Cell_33896","CP_2",127
"CP","Cell_34066","CP_2",127
"CP","Cell_34096","CP_3",201
"CP","Cell_34681","CP_4",204
"CP","Cell_35036","CP_6",156
"CP","Cell_35208","CP_6",156
"CP","Cell_35380","CP_11",143
"CP","Cell_35413","CP_3",201
"CP","Cell_35442","CP_14",76
"CP","Cell_35617","CP_7",106
"CP","Cell_35961","CP_3",201
"CP","Cell_36110","CP_1",246
"CP","Cell_36128","CP_11",143
"CP","Cell_36173","CP_10",124
"CP","Cell_36227","CP_1",246
"CP","Cell_36257","CP_11",143
"CP","Cell_36581","CP_9",143
"CP","Cell_36689","CP_1",246
"CP","Cell_36993","CP_1",246
"CP","Cell_37245","CP_1",246
"CP","Cell_37303","CP_14",76
"CP","Cell_37396","CP_11",143
"CP","Cell_37449","CP_10",124
"CP","Cell_37683","CP_1",246
"CP","Cell_37759","CP_7",106
"CP","Cell_37818","CP_14",76
"CP","Cell_37879","CP_2",127
"CP","Cell_38128","CP_7",106
"CP","Cell_38818","CP_11",143
"CP","Cell_39143","CP_6",156
"CP","Cell_39284","CP_3",201
"CP","Cell_39364","CP_2",127
"CP","Cell_39404","CP_2",127
"CP","Cell_39677","CP_12",78
"CP","Cell_39723","CP_3",201
"CP","Cell_39851","CP_1",246
"CP","Cell_39974","CP_1",246
"CP","Cell_40079","CP_7",106
"CP","Cell_40314","CP_8",56
"CP","Cell_40483","CP_4",204
"CP","Cell_40617","CP_11",143
"CP","Cell_40714","CP_4",204
"CP","Cell_40784","CP_5",141
"CP","Cell_40948","CP_4",204
"CP","Cell_40978","CP_9",143
"CP","Cell_41060","CP_7",106
"CP","Cell_41130","CP_2",127
"CP","Cell_41311","CP_9",143
"CP","Cell_42071","CP_12",78
"CP","Cell_42084","CP_6",156
"CP","Cell_42294","CP_1",246
"CP","Cell_42436","CP_5",141
"CP","Cell_42556","CP_5",141
"CP","Cell_42590","CP_2",127
"CP","Cell_42635","CP_2",127
"CP","Cell_42688","CP_1",246
"CP","Cell_42857","CP_12",78
"CP","Cell_42859","CP_3",201
"CP","Cell_43534","CP_5",141
"CP","Cell_43558","CP_3",201
"CP","Cell_43649","CP_3",201
"CP","Cell_43725","CP_2",127
"CP","Cell_43846","CP_11",143
"CP","Cell_44036","CP_5",141
"CP","Cell_44495","CP_4",204
"CP","Cell_44560","CP_2",127
"CP","Cell_44800","CP_1",246
"CP","Cell_44816","CP_6",156
"CP","Cell_45021","CP_3",201
"CP","Cell_45105","CP_4",204
"CP","Cell_45117","CP_14",76
"CP","Cell_45206","CP_4",204
"CP","Cell_1962","CP_3",201
"CP","Cell_33343","CP_2",127
"CP","Cell_35189","CP_3",201
"CP","Cell_35747","CP_4",204
"CP","Cell_319","CP_1",246
"CP","Cell_585","CP_11",143
"CP","Cell_655","CP_13",100
"CP","Cell_1299","CP_1",246
"CP","Cell_1872","CP_1",246
"CP","Cell_2053","CP_11",143
"CP","Cell_2845","CP_10",124
"CP","Cell_4290","CP_1",246
"CP","Cell_4666","CP_7",106
"CP","Cell_5606","CP_9",143
"CP","Cell_5615","CP_4",204
"CP","Cell_5976","CP_13",100
"CP","Cell_6151","CP_1",246
"CP","Cell_6453","CP_1",246
"CP","Cell_8235","CP_3",201
"CP","Cell_8461","CP_1",246
"CP","Cell_9358","CP_12",78
"CP","Cell_10028","CP_1",246
"CP","Cell_10380","CP_10",124
"CP","Cell_10381","CP_10",124
"CP","Cell_10645","CP_4",204
"CP","Cell_10871","CP_11",143
"CP","Cell_12309","CP_11",143
"CP","Cell_12954","CP_1",246
"CP","Cell_13676","CP_12",78
"CP","Cell_14026","CP_6",156
"CP","Cell_14335","CP_8",56
"CP","Cell_14402","CP_11",143
"CP","Cell_14696","CP_11",143
"CP","Cell_15841","CP_14",76
"CP","Cell_17151","CP_1",246
"CP","Cell_18440","CP_5",141
"CP","Cell_19930","CP_13",100
"CP","Cell_20415","CP_1",246
"CP","Cell_20603","CP_2",127
"CP","Cell_21225","CP_7",106
"CP","Cell_22346","CP_1",246
"CP","Cell_22471","CP_6",156
"CP","Cell_22781","CP_7",106
"CP","Cell_22887","CP_9",143
"CP","Cell_23346","CP_1",246
"CP","Cell_23611","CP_1",246
"CP","Cell_26379","CP_4",204
"CP","Cell_27904","CP_6",156
"CP","Cell_27943","CP_1",246
"CP","Cell_28627","CP_6",156
"CP","Cell_29588","CP_1",246
"CP","Cell_29608","CP_10",124
"CP","Cell_29664","CP_9",143
"CP","Cell_29901","CP_1",246
"CP","Cell_30929","CP_3",201
"CP","Cell_30948","CP_4",204
"CP","Cell_31737","CP_1",246
"CP","Cell_32382","CP_9",143
"CP","Cell_32823","CP_2",127
"CP","Cell_34269","CP_1",246
"CP","Cell_34595","CP_7",106
"CP","Cell_34604","CP_10",124
"CP","Cell_34857","CP_1",246
"CP","Cell_36020","CP_3",201
"CP","Cell_36043","CP_3",201
"CP","Cell_36222","CP_12",78
"CP","Cell_36482","CP_1",246
"CP","Cell_37361","CP_10",124
"CP","Cell_38134","CP_11",143
"CP","Cell_38423","CP_7",106
"CP","Cell_38572","CP_7",106
"CP","Cell_38951","CP_7",106
"CP","Cell_39074","CP_12",78
"CP","Cell_39423","CP_5",141
"CP","Cell_39740","CP_8",56
"CP","Cell_39864","CP_1",246
"CP","Cell_40847","CP_1",246
"CP","Cell_41065","CP_8",56
"CP","Cell_41215","CP_1",246
"CP","Cell_41918","CP_8",56
"CP","Cell_42355","CP_4",204
"CP","Cell_42766","CP_1",246
"CP","Cell_43102","CP_1",246
"CP","Cell_43974","CP_6",156
"CP","Cell_44113","CP_12",78
"CP","Cell_44476","CP_4",204
"CP","Cell_45028","CP_10",124
"CP","Cell_33","CP_6",156
"CP","Cell_58","CP_4",204
"CP","Cell_714","CP_9",143
"CP","Cell_732","CP_10",124
"CP","Cell_900","CP_7",106
"CP","Cell_1231","CP_3",201
"CP","Cell_1363","CP_13",100
"CP","Cell_1580","CP_2",127
"CP","Cell_2209","CP_3",201
"CP","Cell_2282","CP_1",246
"CP","Cell_2506","CP_6",156
"CP","Cell_3036","CP_6",156
"CP","Cell_3091","CP_2",127
"CP","Cell_3261","CP_3",201
"CP","Cell_3677","CP_1",246
"CP","Cell_3739","CP_12",78
"CP","Cell_3792","CP_14",76
"CP","Cell_3834","CP_7",106
"CP","Cell_4116","CP_2",127
"CP","Cell_4742","CP_4",204
"CP","Cell_4780","CP_1",246
"CP","Cell_4832","CP_3",201
"CP","Cell_5142","CP_10",124
"CP","Cell_5287","CP_10",124
"CP","Cell_5567","CP_13",100
"CP","Cell_5584","CP_4",204
"CP","Cell_5949","CP_6",156
"CP","Cell_6164","CP_6",156
"CP","Cell_6175","CP_1",246
"CP","Cell_6392","CP_6",156
"CP","Cell_6567","CP_1",246
"CP","Cell_6615","CP_11",143
"CP","Cell_6842","CP_10",124
"CP","Cell_6956","CP_3",201
"CP","Cell_7311","CP_11",143
"CP","Cell_7378","CP_5",141
"CP","Cell_7440","CP_1",246
"CP","Cell_7663","CP_6",156
"CP","Cell_7864","CP_9",143
"CP","Cell_8286","CP_3",201
"CP","Cell_8313","CP_6",156
"CP","Cell_8346","CP_1",246
"CP","Cell_8440","CP_1",246
"CP","Cell_8613","CP_4",204
"CP","Cell_8790","CP_3",201
"CP","Cell_8792","CP_1",246
"CP","Cell_9399","CP_9",143
"CP","Cell_9660","CP_5",141
"CP","Cell_9822","CP_1",246
"CP","Cell_9987","CP_1",246
"CP","Cell_10095","CP_3",201
"CP","Cell_10396","CP_12",78
"CP","Cell_10545","CP_4",204
"CP","Cell_11664","CP_8",56
"CP","Cell_12089","CP_3",201
"CP","Cell_12521","CP_10",124
"CP","Cell_12582","CP_4",204
"CP","Cell_12999","CP_6",156
"CP","Cell_13050","CP_8",56
"CP","Cell_13060","CP_3",201
"CP","Cell_13140","CP_4",204
"CP","Cell_14354","CP_10",124
"CP","Cell_14437","CP_3",201
"CP","Cell_14497","CP_1",246
"CP","Cell_14520","CP_7",106
"CP","Cell_14853","CP_10",124
"CP","Cell_14908","CP_6",156
"CP","Cell_15194","CP_1",246
"CP","Cell_15352","CP_3",201
"CP","Cell_15813","CP_11",143
"CP","Cell_16232","CP_8",56
"CP","Cell_16409","CP_13",100
"CP","Cell_16584","CP_10",124
"CP","Cell_17329","CP_1",246
"CP","Cell_17678","CP_8",56
"CP","Cell_17734","CP_6",156
"CP","Cell_18276","CP_10",124
"CP","Cell_19200","CP_11",143
"CP","Cell_19649","CP_4",204
"CP","Cell_19745","CP_1",246
"CP","Cell_19897","CP_10",124
"CP","Cell_20288","CP_12",78
"CP","Cell_21505","CP_8",56
"CP","Cell_21545","CP_7",106
"CP","Cell_21571","CP_4",204
"CP","Cell_21664","CP_1",246
"CP","Cell_22676","CP_1",246
"CP","Cell_22712","CP_1",246
"CP","Cell_23335","CP_4",204
"CP","Cell_23347","CP_13",100
"CP","Cell_23368","CP_10",124
"CP","Cell_23936","CP_9",143
"CP","Cell_24443","CP_9",143
"CP","Cell_24548","CP_1",246
"CP","Cell_25162","CP_1",246
"CP","Cell_25665","CP_11",143
"CP","Cell_26055","CP_14",76
"CP","Cell_26244","CP_10",124
"CP","Cell_26686","CP_1",246
"CP","Cell_26977","CP_1",246
"CP","Cell_27191","CP_1",246
"CP","Cell_27197","CP_10",124
"CP","Cell_27284","CP_14",76
"CP","Cell_27762","CP_1",246
"CP","Cell_28298","CP_1",246
"CP","Cell_28329","CP_1",246
"CP","Cell_28482","CP_14",76
"CP","Cell_29123","CP_6",156
"CP","Cell_29211","CP_7",106
"CP","Cell_29459","CP_13",100
"CP","Cell_29579","CP_7",106
"CP","Cell_29637","CP_10",124
"CP","Cell_29787","CP_4",204
"CP","Cell_29860","CP_2",127
"CP","Cell_30152","CP_7",106
"CP","Cell_30661","CP_1",246
"CP","Cell_30859","CP_2",127
"CP","Cell_30970","CP_10",124
"CP","Cell_31680","CP_5",141
"CP","Cell_31905","CP_3",201
"CP","Cell_32177","CP_6",156
"CP","Cell_32425","CP_10",124
"CP","Cell_32685","CP_4",204
"CP","Cell_33445","CP_6",156
"CP","Cell_33803","CP_3",201
"CP","Cell_34075","CP_6",156
"CP","Cell_34377","CP_9",143
"CP","Cell_34405","CP_6",156
"CP","Cell_34530","CP_2",127
"CP","Cell_34538","CP_7",106
"CP","Cell_34764","CP_1",246
"CP","Cell_35767","CP_13",100
"CP","Cell_35905","CP_11",143
"CP","Cell_36928","CP_13",100
"CP","Cell_37272","CP_8",56
"CP","Cell_37505","CP_2",127
"CP","Cell_37803","CP_11",143
"CP","Cell_38006","CP_1",246
"CP","Cell_38195","CP_1",246
"CP","Cell_38691","CP_1",246
"CP","Cell_38964","CP_4",204
"CP","Cell_39535","CP_10",124
"CP","Cell_40244","CP_11",143
"CP","Cell_41257","CP_7",106
"CP","Cell_41767","CP_3",201
"CP","Cell_42151","CP_10",124
"CP","Cell_43013","CP_6",156
"CP","Cell_43326","CP_10",124
"CP","Cell_43565","CP_2",127
"CP","Cell_43606","CP_1",246
"CP","Cell_44092","CP_11",143
"CP","Cell_44664","CP_9",143
"CP","Cell_518","CP_1",246
"CP","Cell_18837","CP_8",56
"CP","Cell_37766","CP_1",246
"CP","Cell_38387","CP_3",201
"CP","Cell_1714","CP_12",78
"CP","Cell_6430","CP_4",204
"CP","Cell_9317","CP_5",141
"CP","Cell_11140","CP_2",127
"CP","Cell_33454","CP_2",127
"CP","Cell_4286","CP_4",204
"CP","Cell_5485","CP_13",100
"CP","Cell_3223","CP_3",201
"CP","Cell_3406","CP_9",143
"CP","Cell_6057","CP_4",204
"CP","Cell_6226","CP_7",106
"CP","Cell_7762","CP_3",201
"CP","Cell_15607","CP_13",100
"CP","Cell_23085","CP_11",143
"CP","Cell_29982","CP_3",201
"CP","Cell_30832","CP_12",78
"CP","Cell_27584","CP_4",204
"CP","Cell_33325","CP_9",143
"CP","Cell_77","CP_9",143
"CP","Cell_740","CP_3",201
"CP","Cell_897","CP_12",78
"CP","Cell_1346","CP_9",143
"CP","Cell_2654","CP_9",143
"CP","Cell_2702","CP_4",204
"CP","Cell_2738","CP_14",76
"CP","Cell_3352","CP_5",141
"CP","Cell_3454","CP_4",204
"CP","Cell_3689","CP_9",143
"CP","Cell_3702","CP_5",141
"CP","Cell_3937","CP_13",100
"CP","Cell_4061","CP_5",141
"CP","Cell_5130","CP_4",204
"CP","Cell_6400","CP_12",78
"CP","Cell_6564","CP_2",127
"CP","Cell_6965","CP_2",127
"CP","Cell_6966","CP_5",141
"CP","Cell_7352","CP_11",143
"CP","Cell_7917","CP_1",246
"CP","Cell_8093","CP_12",78
"CP","Cell_8151","CP_4",204
"CP","Cell_8170","CP_2",127
"CP","Cell_8237","CP_6",156
"CP","Cell_9045","CP_12",78
"CP","Cell_9138","CP_2",127
"CP","Cell_9310","CP_2",127
"CP","Cell_9633","CP_7",106
"CP","Cell_9772","CP_9",143
"CP","Cell_9930","CP_2",127
"CP","Cell_10206","CP_9",143
"CP","Cell_10678","CP_2",127
"CP","Cell_11118","CP_13",100
"CP","Cell_11576","CP_13",100
"CP","Cell_12131","CP_11",143
"CP","Cell_12851","CP_7",106
"CP","Cell_13636","CP_4",204
"CP","Cell_13740","CP_5",141
"CP","Cell_14019","CP_2",127
"CP","Cell_14228","CP_5",141
"CP","Cell_14291","CP_2",127
"CP","Cell_14662","CP_3",201
"CP","Cell_14744","CP_4",204
"CP","Cell_14842","CP_3",201
"CP","Cell_14904","CP_3",201
"CP","Cell_15326","CP_4",204
"CP","Cell_15514","CP_11",143
"CP","Cell_15554","CP_9",143
"CP","Cell_15586","CP_3",201
"CP","Cell_15595","CP_2",127
"CP","Cell_15620","CP_3",201
"CP","Cell_16152","CP_4",204
"CP","Cell_16460","CP_5",141
"CP","Cell_16723","CP_12",78
"CP","Cell_17028","CP_2",127
"CP","Cell_17414","CP_13",100
"CP","Cell_18525","CP_9",143
"CP","Cell_19267","CP_4",204
"CP","Cell_19404","CP_10",124
"CP","Cell_19426","CP_9",143
"CP","Cell_19895","CP_11",143
"CP","Cell_19951","CP_11",143
"CP","Cell_20217","CP_4",204
"CP","Cell_20769","CP_3",201
"CP","Cell_20777","CP_4",204
"CP","Cell_20854","CP_9",143
"CP","Cell_21551","CP_14",76
"CP","Cell_21613","CP_2",127
"CP","Cell_22488","CP_5",141
"CP","Cell_22497","CP_11",143
"CP","Cell_23207","CP_2",127
"CP","Cell_23365","CP_6",156
"CP","Cell_23689","CP_2",127
"CP","Cell_23951","CP_2",127
"CP","Cell_24181","CP_9",143
"CP","Cell_24805","CP_2",127
"CP","Cell_25209","CP_9",143
"CP","Cell_25521","CP_4",204
"CP","Cell_25882","CP_4",204
"CP","Cell_26598","CP_5",141
"CP","Cell_26839","CP_12",78
"CP","Cell_27211","CP_12",78
"CP","Cell_27902","CP_13",100
"CP","Cell_28286","CP_2",127
"CP","Cell_29214","CP_9",143
"CP","Cell_29659","CP_14",76
"CP","Cell_29730","CP_2",127
"CP","Cell_29790","CP_2",127
"CP","Cell_29798","CP_13",100
"CP","Cell_29983","CP_5",141
"CP","Cell_30432","CP_12",78
"CP","Cell_31578","CP_5",141
"CP","Cell_31590","CP_5",141
"CP","Cell_31984","CP_9",143
"CP","Cell_33091","CP_14",76
"CP","Cell_33247","CP_13",100
"CP","Cell_33410","CP_14",76
"CP","Cell_33842","CP_4",204
"CP","Cell_33856","CP_4",204
"CP","Cell_33935","CP_6",156
"CP","Cell_34124","CP_11",143
"CP","Cell_34697","CP_3",201
"CP","Cell_35147","CP_9",143
"CP","Cell_35238","CP_13",100
"CP","Cell_35244","CP_14",76
"CP","Cell_35267","CP_12",78
"CP","Cell_35276","CP_9",143
"CP","Cell_35883","CP_9",143
"CP","Cell_37025","CP_11",143
"CP","Cell_37090","CP_14",76
"CP","Cell_37406","CP_5",141
"CP","Cell_37732","CP_13",100
"CP","Cell_37933","CP_12",78
"CP","Cell_38168","CP_13",100
"CP","Cell_38309","CP_2",127
"CP","Cell_39585","CP_6",156
"CP","Cell_39769","CP_9",143
"CP","Cell_39966","CP_4",204
"CP","Cell_41337","CP_6",156
"CP","Cell_41353","CP_13",100
"CP","Cell_41499","CP_6",156
"CP","Cell_42575","CP_11",143
"CP","Cell_42577","CP_9",143
"CP","Cell_42951","CP_9",143
"CP","Cell_43078","CP_4",204
"CP","Cell_43180","CP_5",141
"CP","Cell_44109","CP_2",127
"CP","Cell_44688","CP_13",100
"CP","Cell_45203","CP_4",204
"CP","Cell_45277","CP_9",143
"CP","Cell_2353","CP_5",141
"CP","Cell_5728","CP_1",246
"CP","Cell_32384","CP_5",141
"CP","Cell_40016","CP_1",246
"CP","Cell_409","CP_1",246
"CP","Cell_1702","CP_3",201
"CP","Cell_1735","CP_14",76
"CP","Cell_2529","CP_3",201
"CP","Cell_3871","CP_5",141
"CP","Cell_4513","CP_1",246
"CP","Cell_4776","CP_7",106
"CP","Cell_4881","CP_4",204
"CP","Cell_4966","CP_5",141
"CP","Cell_5066","CP_14",76
"CP","Cell_5339","CP_4",204
"CP","Cell_5747","CP_14",76
"CP","Cell_5915","CP_3",201
"CP","Cell_6433","CP_14",76
"CP","Cell_7239","CP_2",127
"CP","Cell_7731","CP_14",76
"CP","Cell_10005","CP_11",143
"CP","Cell_10105","CP_6",156
"CP","Cell_10315","CP_14",76
"CP","Cell_10481","CP_3",201
"CP","Cell_10591","CP_4",204
"CP","Cell_10935","CP_5",141
"CP","Cell_11116","CP_7",106
"CP","Cell_11158","CP_8",56
"CP","Cell_11572","CP_11",143
"CP","Cell_12729","CP_4",204
"CP","Cell_13054","CP_9",143
"CP","Cell_13357","CP_4",204
"CP","Cell_14271","CP_4",204
"CP","Cell_14759","CP_12",78
"CP","Cell_14968","CP_14",76
"CP","Cell_15806","CP_4",204
"CP","Cell_16190","CP_13",100
"CP","Cell_19107","CP_1",246
"CP","Cell_19299","CP_2",127
"CP","Cell_20563","CP_10",124
"CP","Cell_20696","CP_1",246
"CP","Cell_20706","CP_9",143
"CP","Cell_21525","CP_1",246
"CP","Cell_25274","CP_3",201
"CP","Cell_28003","CP_7",106
"CP","Cell_30680","CP_13",100
"CP","Cell_31699","CP_7",106
"CP","Cell_32272","CP_11",143
"CP","Cell_32570","CP_13",100
"CP","Cell_33225","CP_7",106
"CP","Cell_34267","CP_5",141
"CP","Cell_36950","CP_11",143
"CP","Cell_37041","CP_5",141
"CP","Cell_37886","CP_12",78
"CP","Cell_39153","CP_9",143
"CP","Cell_39163","CP_13",100
"CP","Cell_39171","CP_1",246
"CP","Cell_39778","CP_11",143
"CP","Cell_40232","CP_1",246
"CP","Cell_40250","CP_4",204
"CP","Cell_40830","CP_12",78
"CP","Cell_40966","CP_12",78
"CP","Cell_42053","CP_6",156
"CP","Cell_42794","CP_7",106
"CP","Cell_237","CP_6",156
"CP","Cell_3213","CP_4",204
"CP","Cell_5324","CP_5",141
"CP","Cell_6868","CP_3",201
"CP","Cell_23474","CP_4",204
"CP","Cell_27935","CP_6",156
"CP","Cell_30185","CP_5",141
"CP","Cell_38908","CP_5",141
"CP","Cell_44812","CP_11",143
"CP","Cell_16756","CP_3",201
"CP","Cell_6970","CP_8",56
"CP","Cell_9303","CP_4",204
"CP","Cell_9530","CP_5",141
"CP","Cell_36892","CP_7",106
"CP","Cell_20","CP_5",141
"CP","Cell_194","CP_2",127
"CP","Cell_239","CP_4",204
"CP","Cell_340","CP_6",156
"CP","Cell_492","CP_4",204
"CP","Cell_636","CP_9",143
"CP","Cell_637","CP_9",143
"CP","Cell_687","CP_3",201
"CP","Cell_781","CP_3",201
"CP","Cell_1020","CP_3",201
"CP","Cell_1206","CP_9",143
"CP","Cell_1268","CP_7",106
"CP","Cell_1393","CP_5",141
"CP","Cell_1407","CP_3",201
"CP","Cell_1620","CP_13",100
"CP","Cell_1802","CP_7",106
"CP","Cell_2077","CP_4",204
"CP","Cell_2929","CP_5",141
"CP","Cell_3190","CP_4",204
"CP","Cell_3224","CP_13",100
"CP","Cell_3295","CP_3",201
"CP","Cell_3642","CP_4",204
"CP","Cell_3821","CP_13",100
"CP","Cell_4605","CP_5",141
"CP","Cell_4877","CP_2",127
"CP","Cell_5036","CP_2",127
"CP","Cell_5072","CP_14",76
"CP","Cell_5201","CP_4",204
"CP","Cell_5343","CP_12",78
"CP","Cell_5678","CP_2",127
"CP","Cell_5772","CP_6",156
"CP","Cell_5860","CP_4",204
"CP","Cell_5934","CP_2",127
"CP","Cell_5981","CP_13",100
"CP","Cell_6115","CP_3",201
"CP","Cell_6347","CP_9",143
"CP","Cell_6361","CP_12",78
"CP","Cell_6384","CP_3",201
"CP","Cell_6921","CP_3",201
"CP","Cell_7098","CP_13",100
"CP","Cell_7456","CP_5",141
"CP","Cell_7555","CP_4",204
"CP","Cell_7739","CP_2",127
"CP","Cell_7748","CP_4",204
"CP","Cell_8104","CP_10",124
"CP","Cell_8310","CP_6",156
"CP","Cell_8455","CP_9",143
"CP","Cell_8621","CP_11",143
"CP","Cell_8684","CP_12",78
"CP","Cell_9137","CP_11",143
"CP","Cell_9209","CP_11",143
"CP","Cell_9214","CP_5",141
"CP","Cell_9812","CP_4",204
"CP","Cell_10118","CP_5",141
"CP","Cell_10120","CP_13",100
"CP","Cell_10185","CP_13",100
"CP","Cell_10421","CP_5",141
"CP","Cell_10596","CP_4",204
"CP","Cell_10778","CP_4",204
"CP","Cell_10801","CP_4",204
"CP","Cell_11414","CP_13",100
"CP","Cell_11462","CP_4",204
"CP","Cell_11629","CP_12",78
"CP","Cell_11809","CP_10",124
"CP","Cell_11826","CP_3",201
"CP","Cell_11859","CP_7",106
"CP","Cell_11882","CP_5",141
"CP","Cell_11932","CP_6",156
"CP","Cell_12134","CP_9",143
"CP","Cell_12348","CP_9",143
"CP","Cell_12550","CP_13",100
"CP","Cell_12801","CP_3",201
"CP","Cell_13341","CP_7",106
"CP","Cell_13638","CP_6",156
"CP","Cell_13892","CP_13",100
"CP","Cell_13915","CP_5",141
"CP","Cell_14091","CP_11",143
"CP","Cell_14367","CP_4",204
"CP","Cell_14512","CP_5",141
"CP","Cell_14550","CP_5",141
"CP","Cell_14931","CP_4",204
"CP","Cell_15132","CP_6",156
"CP","Cell_15137","CP_2",127
"CP","Cell_15160","CP_11",143
"CP","Cell_15243","CP_3",201
"CP","Cell_15313","CP_2",127
"CP","Cell_15320","CP_1",246
"CP","Cell_15575","CP_10",124
"CP","Cell_15848","CP_7",106
"CP","Cell_16429","CP_11",143
"CP","Cell_16471","CP_1",246
"CP","Cell_16581","CP_9",143
"CP","Cell_17044","CP_9",143
"CP","Cell_17104","CP_5",141
"CP","Cell_17499","CP_5",141
"CP","Cell_17563","CP_4",204
"CP","Cell_17736","CP_6",156
"CP","Cell_17752","CP_4",204
"CP","Cell_17770","CP_1",246
"CP","Cell_17809","CP_2",127
"CP","Cell_17978","CP_7",106
"CP","Cell_17991","CP_11",143
"CP","Cell_18065","CP_1",246
"CP","Cell_18474","CP_11",143
"CP","Cell_18747","CP_2",127
"CP","Cell_18779","CP_4",204
"CP","Cell_18894","CP_2",127
"CP","Cell_19066","CP_6",156
"CP","Cell_19349","CP_6",156
"CP","Cell_19413","CP_5",141
"CP","Cell_19646","CP_10",124
"CP","Cell_19819","CP_9",143
"CP","Cell_20089","CP_13",100
"CP","Cell_20189","CP_6",156
"CP","Cell_20393","CP_5",141
"CP","Cell_20973","CP_2",127
"CP","Cell_21083","CP_3",201
"CP","Cell_21134","CP_14",76
"CP","Cell_21262","CP_5",141
"CP","Cell_21274","CP_4",204
"CP","Cell_21745","CP_9",143
"CP","Cell_21807","CP_13",100
"CP","Cell_22207","CP_11",143
"CP","Cell_22241","CP_5",141
"CP","Cell_22675","CP_11",143
"CP","Cell_22814","CP_8",56
"CP","Cell_22918","CP_3",201
"CP","Cell_22977","CP_1",246
"CP","Cell_23113","CP_4",204
"CP","Cell_23163","CP_3",201
"CP","Cell_23257","CP_1",246
"CP","Cell_23330","CP_5",141
"CP","Cell_23525","CP_13",100
"CP","Cell_23560","CP_3",201
"CP","Cell_24049","CP_11",143
"CP","Cell_24101","CP_9",143
"CP","Cell_24348","CP_9",143
"CP","Cell_24485","CP_13",100
"CP","Cell_24492","CP_12",78
"CP","Cell_24615","CP_2",127
"CP","Cell_24722","CP_5",141
"CP","Cell_24852","CP_3",201
"CP","Cell_25244","CP_9",143
"CP","Cell_25846","CP_5",141
"CP","Cell_26219","CP_2",127
"CP","Cell_26441","CP_13",100
"CP","Cell_26578","CP_2",127
"CP","Cell_26688","CP_9",143
"CP","Cell_26753","CP_5",141
"CP","Cell_26830","CP_4",204
"CP","Cell_26916","CP_14",76
"CP","Cell_27754","CP_5",141
"CP","Cell_27850","CP_4",204
"CP","Cell_28240","CP_11",143
"CP","Cell_28248","CP_3",201
"CP","Cell_28374","CP_9",143
"CP","Cell_28444","CP_9",143
"CP","Cell_28601","CP_8",56
"CP","Cell_29010","CP_6",156
"CP","Cell_29059","CP_9",143
"CP","Cell_29261","CP_7",106
"CP","Cell_29319","CP_3",201
"CP","Cell_29337","CP_4",204
"CP","Cell_29895","CP_9",143
"CP","Cell_29948","CP_3",201
"CP","Cell_30138","CP_3",201
"CP","Cell_30446","CP_5",141
"CP","Cell_30816","CP_11",143
"CP","Cell_30871","CP_9",143
"CP","Cell_30903","CP_9",143
"CP","Cell_31170","CP_2",127
"CP","Cell_31233","CP_11",143
"CP","Cell_31445","CP_6",156
"CP","Cell_31507","CP_6",156
"CP","Cell_31593","CP_9",143
"CP","Cell_31711","CP_11",143
"CP","Cell_32132","CP_2",127
"CP","Cell_32181","CP_11",143
"CP","Cell_32189","CP_3",201
"CP","Cell_32273","CP_10",124
"CP","Cell_32513","CP_10",124
"CP","Cell_32716","CP_7",106
"CP","Cell_32739","CP_13",100
"CP","Cell_32926","CP_6",156
"CP","Cell_33189","CP_9",143
"CP","Cell_33348","CP_9",143
"CP","Cell_33444","CP_5",141
"CP","Cell_33504","CP_5",141
"CP","Cell_33815","CP_5",141
"CP","Cell_33910","CP_6",156
"CP","Cell_34151","CP_1",246
"CP","Cell_34254","CP_10",124
"CP","Cell_34518","CP_4",204
"CP","Cell_34539","CP_3",201
"CP","Cell_34599","CP_4",204
"CP","Cell_34607","CP_3",201
"CP","Cell_34670","CP_3",201
"CP","Cell_34863","CP_5",141
"CP","Cell_35167","CP_3",201
"CP","Cell_35254","CP_4",204
"CP","Cell_35270","CP_10",124
"CP","Cell_35604","CP_6",156
"CP","Cell_36052","CP_12",78
"CP","Cell_36394","CP_4",204
"CP","Cell_36437","CP_11",143
"CP","Cell_36438","CP_6",156
"CP","Cell_36893","CP_6",156
"CP","Cell_36926","CP_1",246
"CP","Cell_37064","CP_1",246
"CP","Cell_37193","CP_10",124
"CP","Cell_37284","CP_2",127
"CP","Cell_37376","CP_1",246
"CP","Cell_37756","CP_4",204
"CP","Cell_38124","CP_1",246
"CP","Cell_38434","CP_1",246
"CP","Cell_38553","CP_4",204
"CP","Cell_38661","CP_4",204
"CP","Cell_39252","CP_1",246
"CP","Cell_39558","CP_5",141
"CP","Cell_40130","CP_5",141
"CP","Cell_40160","CP_7",106
"CP","Cell_40510","CP_7",106
"CP","Cell_40614","CP_5",141
"CP","Cell_40751","CP_3",201
"CP","Cell_41421","CP_11",143
"CP","Cell_41438","CP_5",141
"CP","Cell_41442","CP_10",124
"CP","Cell_41798","CP_5",141
"CP","Cell_42866","CP_3",201
"CP","Cell_42876","CP_14",76
"CP","Cell_43222","CP_13",100
"CP","Cell_43452","CP_9",143
"CP","Cell_43634","CP_13",100
"CP","Cell_43976","CP_3",201
"CP","Cell_44414","CP_13",100
"CP","Cell_44454","CP_10",124
"CP","Cell_44461","CP_3",201
"CP","Cell_44513","CP_7",106
"CP","Cell_45218","CP_12",78
"CP","Cell_333","CP_4",204
"CP","Cell_347","CP_4",204
"CP","Cell_807","CP_4",204
"CP","Cell_1069","CP_5",141
"CP","Cell_1355","CP_9",143
"CP","Cell_1593","CP_13",100
"CP","Cell_2167","CP_14",76
"CP","Cell_2494","CP_13",100
"CP","Cell_2498","CP_1",246
"CP","Cell_3805","CP_3",201
"CP","Cell_5120","CP_2",127
"CP","Cell_5214","CP_9",143
"CP","Cell_5543","CP_13",100
"CP","Cell_5737","CP_3",201
"CP","Cell_6276","CP_3",201
"CP","Cell_7076","CP_3",201
"CP","Cell_8200","CP_5",141
"CP","Cell_8447","CP_9",143
"CP","Cell_9086","CP_1",246
"CP","Cell_9525","CP_5",141
"CP","Cell_10993","CP_14",76
"CP","Cell_11708","CP_13",100
"CP","Cell_11740","CP_5",141
"CP","Cell_11945","CP_9",143
"CP","Cell_13896","CP_9",143
"CP","Cell_16665","CP_3",201
"CP","Cell_17006","CP_5",141
"CP","Cell_19082","CP_14",76
"CP","Cell_19638","CP_14",76
"CP","Cell_20613","CP_11",143
"CP","Cell_21504","CP_5",141
"CP","Cell_21849","CP_9",143
"CP","Cell_22167","CP_4",204
"CP","Cell_24256","CP_4",204
"CP","Cell_24970","CP_13",100
"CP","Cell_28002","CP_5",141
"CP","Cell_28744","CP_1",246
"CP","Cell_29094","CP_13",100
"CP","Cell_29136","CP_2",127
"CP","Cell_29765","CP_9",143
"CP","Cell_30901","CP_13",100
"CP","Cell_31577","CP_11",143
"CP","Cell_32097","CP_11",143
"CP","Cell_32423","CP_14",76
"CP","Cell_32717","CP_4",204
"CP","Cell_32749","CP_3",201
"CP","Cell_32803","CP_5",141
"CP","Cell_33680","CP_5",141
"CP","Cell_34737","CP_2",127
"CP","Cell_35483","CP_13",100
"CP","Cell_39612","CP_2",127
"CP","Cell_40037","CP_13",100
"CP","Cell_40981","CP_2",127
"CP","Cell_41066","CP_3",201
"CP","Cell_41537","CP_5",141
"CP","Cell_42376","CP_5",141
"CP","Cell_42383","CP_14",76
"CP","Cell_43506","CP_5",141
"CP","Cell_43767","CP_4",204
"CP","Cell_44025","CP_3",201
"CP","Cell_44990","CP_1",246
"CP","Cell_45039","CP_11",143
"CP","Cell_39463","CP_8",56
"CP","Cell_39926","CP_2",127
"CP","Cell_3245","CP_3",201
"CP","Cell_9049","CP_10",124
"CP","Cell_11079","CP_13",100
"CP","Cell_17070","CP_12",78
"CP","Cell_17125","CP_4",204
"CP","Cell_18494","CP_9",143
"CP","Cell_18560","CP_11",143
"CP","Cell_20433","CP_13",100
"CP","Cell_22321","CP_2",127
"CP","Cell_30162","CP_5",141
"CP","Cell_31127","CP_10",124
"CP","Cell_33773","CP_14",76
"CP","Cell_34721","CP_10",124
"CP","Cell_39085","CP_9",143
"CP","Cell_40396","CP_2",127
"CP","Cell_40787","CP_1",246
"CP","Cell_42091","CP_3",201
"CP","Cell_478","CP_5",141
"CP","Cell_1260","CP_9",143
"CP","Cell_4162","CP_14",76
"CP","Cell_4515","CP_14",76
"CP","Cell_5308","CP_11",143
"CP","Cell_5956","CP_5",141
"CP","Cell_5988","CP_3",201
"CP","Cell_8341","CP_14",76
"CP","Cell_10570","CP_14",76
"CP","Cell_10614","CP_14",76
"CP","Cell_11427","CP_11",143
"CP","Cell_11476","CP_7",106
"CP","Cell_12896","CP_14",76
"CP","Cell_15386","CP_2",127
"CP","Cell_15431","CP_4",204
"CP","Cell_16175","CP_5",141
"CP","Cell_16215","CP_14",76
"CP","Cell_16575","CP_6",156
"CP","Cell_17143","CP_4",204
"CP","Cell_17334","CP_2",127
"CP","Cell_23306","CP_11",143
"CP","Cell_24321","CP_11",143
"CP","Cell_27423","CP_3",201
"CP","Cell_33554","CP_11",143
"CP","Cell_34123","CP_3",201
"CP","Cell_34617","CP_4",204
"CP","Cell_41688","CP_14",76
"CP","Cell_6655","CP_14",76
"CP","Cell_23668","CP_12",78
"CP","Cell_9225","CP_1",246
"CP","Cell_16267","CP_3",201
"CP","Cell_22192","CP_1",246
"CP","Cell_28820","CP_2",127
"CP","Cell_29503","CP_10",124
"CP","Cell_6882","CP_12",78
"CP","Cell_23477","CP_3",201
"CP","Cell_30563","CP_5",141
"CP","Cell_33209","CP_4",204
"CP","Cell_35790","CP_14",76
"CP","Cell_39599","CP_10",124
"CP","Cell_44030","CP_11",143
"CP","Cell_613","CP_13",100
"CP","Cell_13223","CP_12",78
"CP","Cell_29064","CP_9",143
"CP","Cell_32135","CP_13",100
"CP","Cell_38078","CP_9",143
"CP","Cell_41950","CP_4",204
"CP","Cell_479","CP_5",141
"CP","Cell_6482","CP_2",127
"CP","Cell_7686","CP_10",124
"CP","Cell_7757","CP_3",201
"CP","Cell_10393","CP_10",124
"CP","Cell_13721","CP_4",204
"CP","Cell_17240","CP_5",141
"CP","Cell_17397","CP_5",141
"CP","Cell_20409","CP_3",201
"CP","Cell_20629","CP_4",204
"CP","Cell_20903","CP_13",100
"CP","Cell_21826","CP_3",201
"CP","Cell_24416","CP_7",106
"CP","Cell_32176","CP_14",76
"CP","Cell_37202","CP_2",127
"CP","Cell_39309","CP_3",201
"CP","Cell_41888","CP_11",143
"CP","Cell_42644","CP_2",127
"CP","Cell_3917","CP_11",143
"CP","Cell_4414","CP_7",106
"CP","Cell_6081","CP_14",76
"CP","Cell_8429","CP_3",201
"CP","Cell_9351","CP_4",204
"CP","Cell_18909","CP_13",100
"CP","Cell_18992","CP_2",127
"CP","Cell_23299","CP_13",100
"CP","Cell_29478","CP_12",78
"CP","Cell_30060","CP_7",106
"CP","Cell_33197","CP_5",141
"CP","Cell_34313","CP_14",76
"CP","Cell_35981","CP_2",127
"CP","Cell_36024","CP_14",76
"CTXsp","Cell_45","CTXsp_1",201
"CTXsp","Cell_232","CTXsp_1",201
"CTXsp","Cell_233","CTXsp_1",201
"CTXsp","Cell_236","CTXsp_2",138
"CTXsp","Cell_935","CTXsp_3",83
"CTXsp","Cell_1365","CTXsp_2",138
"CTXsp","Cell_1481","CTXsp_2",138
"CTXsp","Cell_2603","CTXsp_4",112
"CTXsp","Cell_3636","CTXsp_4",112
"CTXsp","Cell_3876","CTXsp_5",101
"CTXsp","Cell_3888","CTXsp_2",138
"CTXsp","Cell_6102","CTXsp_1",201
"CTXsp","Cell_6834","CTXsp_4",112
"CTXsp","Cell_6874","CTXsp_2",138
"CTXsp","Cell_7986","CTXsp_2",138
"CTXsp","Cell_8489","CTXsp_5",101
"CTXsp","Cell_9052","CTXsp_2",138
"CTXsp","Cell_10040","CTXsp_5",101
"CTXsp","Cell_10328","CTXsp_4",112
"CTXsp","Cell_11983","CTXsp_3",83
"CTXsp","Cell_12170","CTXsp_2",138
"CTXsp","Cell_13247","CTXsp_2",138
"CTXsp","Cell_13959","CTXsp_2",138
"CTXsp","Cell_14718","CTXsp_5",101
"CTXsp","Cell_15170","CTXsp_1",201
"CTXsp","Cell_15362","CTXsp_3",83
"CTXsp","Cell_16827","CTXsp_5",101
"CTXsp","Cell_17583","CTXsp_1",201
"CTXsp","Cell_17751","CTXsp_2",138
"CTXsp","Cell_19331","CTXsp_4",112
"CTXsp","Cell_19603","CTXsp_1",201
"CTXsp","Cell_23559","CTXsp_5",101
"CTXsp","Cell_24236","CTXsp_1",201
"CTXsp","Cell_24413","CTXsp_1",201
"CTXsp","Cell_24977","CTXsp_5",101
"CTXsp","Cell_25213","CTXsp_5",101
"CTXsp","Cell_25342","CTXsp_1",201
"CTXsp","Cell_26781","CTXsp_3",83
"CTXsp","Cell_26914","CTXsp_6",88
"CTXsp","Cell_27208","CTXsp_2",138
"CTXsp","Cell_28233","CTXsp_3",83
"CTXsp","Cell_29874","CTXsp_5",101
"CTXsp","Cell_31089","CTXsp_1",201
"CTXsp","Cell_31111","CTXsp_5",101
"CTXsp","Cell_31654","CTXsp_4",112
"CTXsp","Cell_32738","CTXsp_1",201
"CTXsp","Cell_33635","CTXsp_1",201
"CTXsp","Cell_35343","CTXsp_2",138
"CTXsp","Cell_36454","CTXsp_3",83
"CTXsp","Cell_36763","CTXsp_3",83
"CTXsp","Cell_37012","CTXsp_4",112
"CTXsp","Cell_38225","CTXsp_1",201
"CTXsp","Cell_38265","CTXsp_2",138
"CTXsp","Cell_38808","CTXsp_1",201
"CTXsp","Cell_38983","CTXsp_3",83
"CTXsp","Cell_40980","CTXsp_4",112
"CTXsp","Cell_41158","CTXsp_5",101
"CTXsp","Cell_42404","CTXsp_4",112
"CTXsp","Cell_43025","CTXsp_1",201
"CTXsp","Cell_44404","CTXsp_3",83
"CTXsp","Cell_1992","CTXsp_2",138
"CTXsp","Cell_10179","CTXsp_1",201
"CTXsp","Cell_21536","CTXsp_1",201
"CTXsp","Cell_28279","CTXsp_3",83
"CTXsp","Cell_31325","CTXsp_1",201
"CTXsp","Cell_31718","CTXsp_1",201
"CTXsp","Cell_38815","CTXsp_5",101
"CTXsp","Cell_38992","CTXsp_5",101
"CTXsp","Cell_399","CTXsp_3",83
"CTXsp","Cell_2189","CTXsp_4",112
"CTXsp","Cell_3193","CTXsp_4",112
"CTXsp","Cell_3870","CTXsp_2",138
"CTXsp","Cell_5808","CTXsp_4",112
"CTXsp","Cell_5946","CTXsp_1",201
"CTXsp","Cell_7261","CTXsp_2",138
"CTXsp","Cell_7644","CTXsp_5",101
"CTXsp","Cell_8187","CTXsp_4",112
"CTXsp","Cell_9297","CTXsp_3",83
"CTXsp","Cell_9376","CTXsp_1",201
"CTXsp","Cell_9846","CTXsp_3",83
"CTXsp","Cell_10177","CTXsp_4",112
"CTXsp","Cell_10642","CTXsp_2",138
"CTXsp","Cell_12834","CTXsp_5",101
"CTXsp","Cell_14281","CTXsp_1",201
"CTXsp","Cell_14625","CTXsp_4",112
"CTXsp","Cell_15279","CTXsp_5",101
"CTXsp","Cell_15436","CTXsp_1",201
"CTXsp","Cell_15559","CTXsp_3",83
"CTXsp","Cell_15650","CTXsp_3",83
"CTXsp","Cell_16611","CTXsp_5",101
"CTXsp","Cell_20124","CTXsp_1",201
"CTXsp","Cell_20556","CTXsp_5",101
"CTXsp","Cell_20834","CTXsp_1",201
"CTXsp","Cell_21043","CTXsp_1",201
"CTXsp","Cell_23327","CTXsp_4",112
"CTXsp","Cell_23401","CTXsp_5",101
"CTXsp","Cell_23523","CTXsp_5",101
"CTXsp","Cell_23820","CTXsp_4",112
"CTXsp","Cell_26079","CTXsp_2",138
"CTXsp","Cell_27519","CTXsp_5",101
"CTXsp","Cell_30132","CTXsp_2",138
"CTXsp","Cell_30750","CTXsp_4",112
"CTXsp","Cell_30823","CTXsp_1",201
"CTXsp","Cell_31253","CTXsp_5",101
"CTXsp","Cell_31576","CTXsp_4",112
"CTXsp","Cell_31656","CTXsp_5",101
"CTXsp","Cell_31700","CTXsp_4",112
"CTXsp","Cell_32778","CTXsp_2",138
"CTXsp","Cell_32851","CTXsp_4",112
"CTXsp","Cell_32997","CTXsp_3",83
"CTXsp","Cell_34362","CTXsp_1",201
"CTXsp","Cell_35814","CTXsp_5",101
"CTXsp","Cell_36522","CTXsp_5",101
"CTXsp","Cell_38140","CTXsp_3",83
"CTXsp","Cell_38145","CTXsp_1",201
"CTXsp","Cell_38218","CTXsp_2",138
"CTXsp","Cell_42054","CTXsp_1",201
"CTXsp","Cell_42756","CTXsp_2",138
"CTXsp","Cell_42879","CTXsp_1",201
"CTXsp","Cell_43646","CTXsp_2",138
"CTXsp","Cell_43731","CTXsp_2",138
"CTXsp","Cell_45130","CTXsp_1",201
"CTXsp","Cell_306","CTXsp_4",112
"CTXsp","Cell_381","CTXsp_2",138
"CTXsp","Cell_596","CTXsp_5",101
"CTXsp","Cell_763","CTXsp_1",201
"CTXsp","Cell_919","CTXsp_5",101
"CTXsp","Cell_1599","CTXsp_3",83
"CTXsp","Cell_2380","CTXsp_1",201
"CTXsp","Cell_2769","CTXsp_4",112
"CTXsp","Cell_2934","CTXsp_1",201
"CTXsp","Cell_3777","CTXsp_1",201
"CTXsp","Cell_4427","CTXsp_2",138
"CTXsp","Cell_4830","CTXsp_2",138
"CTXsp","Cell_5207","CTXsp_1",201
"CTXsp","Cell_5964","CTXsp_5",101
"CTXsp","Cell_6116","CTXsp_5",101
"CTXsp","Cell_7666","CTXsp_1",201
"CTXsp","Cell_7859","CTXsp_4",112
"CTXsp","Cell_8130","CTXsp_2",138
"CTXsp","Cell_8141","CTXsp_2",138
"CTXsp","Cell_10003","CTXsp_1",201
"CTXsp","Cell_10285","CTXsp_1",201
"CTXsp","Cell_11397","CTXsp_5",101
"CTXsp","Cell_12053","CTXsp_5",101
"CTXsp","Cell_14507","CTXsp_2",138
"CTXsp","Cell_17702","CTXsp_4",112
"CTXsp","Cell_17828","CTXsp_1",201
"CTXsp","Cell_18654","CTXsp_2",138
"CTXsp","Cell_18884","CTXsp_2",138
"CTXsp","Cell_18960","CTXsp_1",201
"CTXsp","Cell_19836","CTXsp_2",138
"CTXsp","Cell_20842","CTXsp_6",88
"CTXsp","Cell_21910","CTXsp_2",138
"CTXsp","Cell_22931","CTXsp_5",101
"CTXsp","Cell_23155","CTXsp_1",201
"CTXsp","Cell_23825","CTXsp_3",83
"CTXsp","Cell_27199","CTXsp_5",101
"CTXsp","Cell_27717","CTXsp_2",138
"CTXsp","Cell_27765","CTXsp_5",101
"CTXsp","Cell_31421","CTXsp_4",112
"CTXsp","Cell_32488","CTXsp_2",138
"CTXsp","Cell_33142","CTXsp_1",201
"CTXsp","Cell_33250","CTXsp_2",138
"CTXsp","Cell_33936","CTXsp_2",138
"CTXsp","Cell_34118","CTXsp_1",201
"CTXsp","Cell_34187","CTXsp_4",112
"CTXsp","Cell_34194","CTXsp_5",101
"CTXsp","Cell_35748","CTXsp_1",201
"CTXsp","Cell_35902","CTXsp_2",138
"CTXsp","Cell_36247","CTXsp_2",138
"CTXsp","Cell_36314","CTXsp_1",201
"CTXsp","Cell_36858","CTXsp_2",138
"CTXsp","Cell_38450","CTXsp_1",201
"CTXsp","Cell_40173","CTXsp_5",101
"CTXsp","Cell_40324","CTXsp_5",101
"CTXsp","Cell_40555","CTXsp_1",201
"CTXsp","Cell_40615","CTXsp_2",138
"CTXsp","Cell_41827","CTXsp_1",201
"CTXsp","Cell_42026","CTXsp_2",138
"CTXsp","Cell_42755","CTXsp_2",138
"CTXsp","Cell_42762","CTXsp_1",201
"CTXsp","Cell_43306","CTXsp_1",201
"CTXsp","Cell_43500","CTXsp_2",138
"CTXsp","Cell_44090","CTXsp_2",138
"CTXsp","Cell_44413","CTXsp_2",138
"CTXsp","Cell_44604","CTXsp_5",101
"CTXsp","Cell_44851","CTXsp_4",112
"CTXsp","Cell_44882","CTXsp_4",112
"CTXsp","Cell_41227","CTXsp_1",201
"CTXsp","Cell_3234","CTXsp_3",83
"CTXsp","Cell_22219","CTXsp_2",138
"CTXsp","Cell_24559","CTXsp_5",101
"CTXsp","Cell_26231","CTXsp_2",138
"CTXsp","Cell_29396","CTXsp_5",101
"CTXsp","Cell_44076","CTXsp_2",138
"CTXsp","Cell_1025","CTXsp_4",112
"CTXsp","Cell_1139","CTXsp_4",112
"CTXsp","Cell_8082","CTXsp_1",201
"CTXsp","Cell_10272","CTXsp_1",201
"CTXsp","Cell_12247","CTXsp_3",83
"CTXsp","Cell_13869","CTXsp_2",138
"CTXsp","Cell_14000","CTXsp_1",201
"CTXsp","Cell_14604","CTXsp_5",101
"CTXsp","Cell_14623","CTXsp_3",83
"CTXsp","Cell_17646","CTXsp_2",138
"CTXsp","Cell_17883","CTXsp_2",138
"CTXsp","Cell_24422","CTXsp_2",138
"CTXsp","Cell_28383","CTXsp_4",112
"CTXsp","Cell_29171","CTXsp_5",101
"CTXsp","Cell_30988","CTXsp_1",201
"CTXsp","Cell_32517","CTXsp_1",201
"CTXsp","Cell_33109","CTXsp_3",83
"CTXsp","Cell_34516","CTXsp_5",101
"CTXsp","Cell_38042","CTXsp_1",201
"CTXsp","Cell_45269","CTXsp_2",138
"CTXsp","Cell_260","CTXsp_3",83
"CTXsp","Cell_369","CTXsp_4",112
"CTXsp","Cell_595","CTXsp_5",101
"CTXsp","Cell_1353","CTXsp_5",101
"CTXsp","Cell_1905","CTXsp_1",201
"CTXsp","Cell_2103","CTXsp_1",201
"CTXsp","Cell_2170","CTXsp_2",138
"CTXsp","Cell_2252","CTXsp_1",201
"CTXsp","Cell_2900","CTXsp_5",101
"CTXsp","Cell_3490","CTXsp_4",112
"CTXsp","Cell_4305","CTXsp_2",138
"CTXsp","Cell_4497","CTXsp_2",138
"CTXsp","Cell_5540","CTXsp_5",101
"CTXsp","Cell_5579","CTXsp_3",83
"CTXsp","Cell_5723","CTXsp_4",112
"CTXsp","Cell_6110","CTXsp_2",138
"CTXsp","Cell_6434","CTXsp_1",201
"CTXsp","Cell_6613","CTXsp_2",138
"CTXsp","Cell_7097","CTXsp_3",83
"CTXsp","Cell_8022","CTXsp_5",101
"CTXsp","Cell_8508","CTXsp_3",83
"CTXsp","Cell_9188","CTXsp_3",83
"CTXsp","Cell_9243","CTXsp_1",201
"CTXsp","Cell_9407","CTXsp_1",201
"CTXsp","Cell_9940","CTXsp_3",83
"CTXsp","Cell_10180","CTXsp_1",201
"CTXsp","Cell_10293","CTXsp_3",83
"CTXsp","Cell_10717","CTXsp_3",83
"CTXsp","Cell_10953","CTXsp_3",83
"CTXsp","Cell_11021","CTXsp_2",138
"CTXsp","Cell_11286","CTXsp_1",201
"CTXsp","Cell_12186","CTXsp_2",138
"CTXsp","Cell_12576","CTXsp_1",201
"CTXsp","Cell_12845","CTXsp_5",101
"CTXsp","Cell_13470","CTXsp_2",138
"CTXsp","Cell_13673","CTXsp_3",83
"CTXsp","Cell_13961","CTXsp_2",138
"CTXsp","Cell_14022","CTXsp_3",83
"CTXsp","Cell_14214","CTXsp_1",201
"CTXsp","Cell_14221","CTXsp_3",83
"CTXsp","Cell_14452","CTXsp_3",83
"CTXsp","Cell_14502","CTXsp_4",112
"CTXsp","Cell_14595","CTXsp_1",201
"CTXsp","Cell_14770","CTXsp_1",201
"CTXsp","Cell_15448","CTXsp_1",201
"CTXsp","Cell_15475","CTXsp_3",83
"CTXsp","Cell_15597","CTXsp_1",201
"CTXsp","Cell_16114","CTXsp_5",101
"CTXsp","Cell_16577","CTXsp_4",112
"CTXsp","Cell_18402","CTXsp_1",201
"CTXsp","Cell_19612","CTXsp_1",201
"CTXsp","Cell_20040","CTXsp_2",138
"CTXsp","Cell_20090","CTXsp_2",138
"CTXsp","Cell_20453","CTXsp_5",101
"CTXsp","Cell_20773","CTXsp_4",112
"CTXsp","Cell_20841","CTXsp_1",201
"CTXsp","Cell_20972","CTXsp_2",138
"CTXsp","Cell_21101","CTXsp_5",101
"CTXsp","Cell_21116","CTXsp_2",138
"CTXsp","Cell_21155","CTXsp_2",138
"CTXsp","Cell_21423","CTXsp_2",138
"CTXsp","Cell_21588","CTXsp_3",83
"CTXsp","Cell_21709","CTXsp_1",201
"CTXsp","Cell_22113","CTXsp_4",112
"CTXsp","Cell_22139","CTXsp_1",201
"CTXsp","Cell_22418","CTXsp_4",112
"CTXsp","Cell_23321","CTXsp_2",138
"CTXsp","Cell_23793","CTXsp_2",138
"CTXsp","Cell_24204","CTXsp_1",201
"CTXsp","Cell_24260","CTXsp_2",138
"CTXsp","Cell_24896","CTXsp_3",83
"CTXsp","Cell_25278","CTXsp_2",138
"CTXsp","Cell_25551","CTXsp_1",201
"CTXsp","Cell_25783","CTXsp_2",138
"CTXsp","Cell_26100","CTXsp_1",201
"CTXsp","Cell_26570","CTXsp_2",138
"CTXsp","Cell_27233","CTXsp_5",101
"CTXsp","Cell_27289","CTXsp_5",101
"CTXsp","Cell_27692","CTXsp_2",138
"CTXsp","Cell_27956","CTXsp_2",138
"CTXsp","Cell_28493","CTXsp_2",138
"CTXsp","Cell_29273","CTXsp_5",101
"CTXsp","Cell_29658","CTXsp_3",83
"CTXsp","Cell_29769","CTXsp_2",138
"CTXsp","Cell_30020","CTXsp_2",138
"CTXsp","Cell_30196","CTXsp_2",138
"CTXsp","Cell_30208","CTXsp_1",201
"CTXsp","Cell_30825","CTXsp_4",112
"CTXsp","Cell_31071","CTXsp_5",101
"CTXsp","Cell_31104","CTXsp_4",112
"CTXsp","Cell_31379","CTXsp_5",101
"CTXsp","Cell_32034","CTXsp_1",201
"CTXsp","Cell_32231","CTXsp_3",83
"CTXsp","Cell_32234","CTXsp_1",201
"CTXsp","Cell_32319","CTXsp_1",201
"CTXsp","Cell_32361","CTXsp_1",201
"CTXsp","Cell_32515","CTXsp_4",112
"CTXsp","Cell_32708","CTXsp_5",101
"CTXsp","Cell_32753","CTXsp_1",201
"CTXsp","Cell_32762","CTXsp_3",83
"CTXsp","Cell_32828","CTXsp_1",201
"CTXsp","Cell_33005","CTXsp_2",138
"CTXsp","Cell_33070","CTXsp_1",201
"CTXsp","Cell_33388","CTXsp_2",138
"CTXsp","Cell_33480","CTXsp_1",201
"CTXsp","Cell_33690","CTXsp_2",138
"CTXsp","Cell_33971","CTXsp_2",138
"CTXsp","Cell_34041","CTXsp_2",138
"CTXsp","Cell_34273","CTXsp_1",201
"CTXsp","Cell_34686","CTXsp_5",101
"CTXsp","Cell_35265","CTXsp_1",201
"CTXsp","Cell_35312","CTXsp_3",83
"CTXsp","Cell_35468","CTXsp_6",88
"CTXsp","Cell_35587","CTXsp_1",201
"CTXsp","Cell_36061","CTXsp_3",83
"CTXsp","Cell_36652","CTXsp_5",101
"CTXsp","Cell_36843","CTXsp_1",201
"CTXsp","Cell_37656","CTXsp_1",201
"CTXsp","Cell_38598","CTXsp_3",83
"CTXsp","Cell_38834","CTXsp_1",201
"CTXsp","Cell_38915","CTXsp_5",101
"CTXsp","Cell_39239","CTXsp_3",83
"CTXsp","Cell_39907","CTXsp_2",138
"CTXsp","Cell_40353","CTXsp_1",201
"CTXsp","Cell_40631","CTXsp_1",201
"CTXsp","Cell_40710","CTXsp_2",138
"CTXsp","Cell_41071","CTXsp_2",138
"CTXsp","Cell_41131","CTXsp_4",112
"CTXsp","Cell_41201","CTXsp_5",101
"CTXsp","Cell_41334","CTXsp_2",138
"CTXsp","Cell_41641","CTXsp_2",138
"CTXsp","Cell_41697","CTXsp_1",201
"CTXsp","Cell_41875","CTXsp_5",101
"CTXsp","Cell_41977","CTXsp_1",201
"CTXsp","Cell_42134","CTXsp_5",101
"CTXsp","Cell_42191","CTXsp_3",83
"CTXsp","Cell_42334","CTXsp_5",101
"CTXsp","Cell_42617","CTXsp_2",138
"CTXsp","Cell_42890","CTXsp_1",201
"CTXsp","Cell_43128","CTXsp_4",112
"CTXsp","Cell_43248","CTXsp_3",83
"CTXsp","Cell_43321","CTXsp_1",201
"CTXsp","Cell_43366","CTXsp_1",201
"CTXsp","Cell_43769","CTXsp_5",101
"CTXsp","Cell_43938","CTXsp_1",201
"CTXsp","Cell_44245","CTXsp_2",138
"CTXsp","Cell_44578","CTXsp_1",201
"CTXsp","Cell_44678","CTXsp_1",201
"CTXsp","Cell_45254","CTXsp_1",201
"CTXsp","Cell_495","CTXsp_2",138
"CTXsp","Cell_700","CTXsp_3",83
"CTXsp","Cell_1566","CTXsp_1",201
"CTXsp","Cell_1619","CTXsp_1",201
"CTXsp","Cell_1643","CTXsp_5",101
"CTXsp","Cell_1898","CTXsp_2",138
"CTXsp","Cell_2773","CTXsp_1",201
"CTXsp","Cell_3688","CTXsp_6",88
"CTXsp","Cell_4299","CTXsp_1",201
"CTXsp","Cell_4347","CTXsp_5",101
"CTXsp","Cell_4591","CTXsp_4",112
"CTXsp","Cell_4761","CTXsp_1",201
"CTXsp","Cell_5721","CTXsp_5",101
"CTXsp","Cell_5783","CTXsp_1",201
"CTXsp","Cell_6005","CTXsp_5",101
"CTXsp","Cell_6133","CTXsp_1",201
"CTXsp","Cell_6221","CTXsp_2",138
"CTXsp","Cell_6809","CTXsp_1",201
"CTXsp","Cell_7088","CTXsp_3",83
"CTXsp","Cell_7637","CTXsp_2",138
"CTXsp","Cell_7861","CTXsp_2",138
"CTXsp","Cell_8146","CTXsp_2",138
"CTXsp","Cell_8413","CTXsp_4",112
"CTXsp","Cell_8625","CTXsp_1",201
"CTXsp","Cell_9076","CTXsp_1",201
"CTXsp","Cell_9914","CTXsp_3",83
"CTXsp","Cell_10187","CTXsp_2",138
"CTXsp","Cell_10809","CTXsp_3",83
"CTXsp","Cell_11022","CTXsp_1",201
"CTXsp","Cell_11762","CTXsp_2",138
"CTXsp","Cell_11977","CTXsp_1",201
"CTXsp","Cell_13637","CTXsp_1",201
"CTXsp","Cell_14607","CTXsp_2",138
"CTXsp","Cell_14749","CTXsp_1",201
"CTXsp","Cell_14800","CTXsp_1",201
"CTXsp","Cell_15422","CTXsp_4",112
"CTXsp","Cell_15933","CTXsp_4",112
"CTXsp","Cell_16547","CTXsp_2",138
"CTXsp","Cell_16807","CTXsp_3",83
"CTXsp","Cell_17755","CTXsp_3",83
"CTXsp","Cell_18293","CTXsp_1",201
"CTXsp","Cell_18913","CTXsp_3",83
"CTXsp","Cell_19348","CTXsp_3",83
"CTXsp","Cell_19929","CTXsp_3",83
"CTXsp","Cell_20243","CTXsp_5",101
"CTXsp","Cell_21691","CTXsp_4",112
"CTXsp","Cell_21999","CTXsp_3",83
"CTXsp","Cell_22169","CTXsp_2",138
"CTXsp","Cell_22548","CTXsp_1",201
"CTXsp","Cell_22567","CTXsp_5",101
"CTXsp","Cell_22940","CTXsp_3",83
"CTXsp","Cell_22954","CTXsp_2",138
"CTXsp","Cell_22974","CTXsp_1",201
"CTXsp","Cell_24219","CTXsp_4",112
"CTXsp","Cell_24662","CTXsp_1",201
"CTXsp","Cell_25531","CTXsp_5",101
"CTXsp","Cell_26431","CTXsp_1",201
"CTXsp","Cell_26621","CTXsp_3",83
"CTXsp","Cell_26743","CTXsp_1",201
"CTXsp","Cell_26981","CTXsp_1",201
"CTXsp","Cell_27534","CTXsp_5",101
"CTXsp","Cell_27777","CTXsp_4",112
"CTXsp","Cell_27851","CTXsp_3",83
"CTXsp","Cell_28144","CTXsp_1",201
"CTXsp","Cell_28146","CTXsp_5",101
"CTXsp","Cell_28215","CTXsp_5",101
"CTXsp","Cell_29366","CTXsp_1",201
"CTXsp","Cell_29425","CTXsp_1",201
"CTXsp","Cell_29480","CTXsp_5",101
"CTXsp","Cell_30369","CTXsp_4",112
"CTXsp","Cell_30637","CTXsp_1",201
"CTXsp","Cell_30959","CTXsp_3",83
"CTXsp","Cell_31817","CTXsp_1",201
"CTXsp","Cell_32441","CTXsp_1",201
"CTXsp","Cell_32662","CTXsp_3",83
"CTXsp","Cell_32764","CTXsp_1",201
"CTXsp","Cell_32948","CTXsp_4",112
"CTXsp","Cell_33265","CTXsp_5",101
"CTXsp","Cell_34104","CTXsp_5",101
"CTXsp","Cell_34888","CTXsp_2",138
"CTXsp","Cell_35077","CTXsp_5",101
"CTXsp","Cell_35469","CTXsp_2",138
"CTXsp","Cell_35958","CTXsp_1",201
"CTXsp","Cell_37700","CTXsp_2",138
"CTXsp","Cell_38041","CTXsp_2",138
"CTXsp","Cell_38531","CTXsp_1",201
"CTXsp","Cell_38850","CTXsp_2",138
"CTXsp","Cell_39012","CTXsp_2",138
"CTXsp","Cell_39328","CTXsp_3",83
"CTXsp","Cell_39765","CTXsp_1",201
"CTXsp","Cell_40175","CTXsp_2",138
"CTXsp","Cell_40919","CTXsp_5",101
"CTXsp","Cell_41200","CTXsp_1",201
"CTXsp","Cell_41640","CTXsp_3",83
"CTXsp","Cell_41904","CTXsp_5",101
"CTXsp","Cell_42111","CTXsp_2",138
"CTXsp","Cell_42559","CTXsp_3",83
"CTXsp","Cell_43187","CTXsp_5",101
"CTXsp","Cell_43190","CTXsp_1",201
"CTXsp","Cell_43532","CTXsp_2",138
"CTXsp","Cell_43739","CTXsp_2",138
"CTXsp","Cell_44216","CTXsp_1",201
"CTXsp","Cell_44226","CTXsp_5",101
"CTXsp","Cell_44345","CTXsp_2",138
"CTXsp","Cell_45014","CTXsp_2",138
"CTXsp","Cell_3723","CTXsp_1",201
"CTXsp","Cell_16382","CTXsp_1",201
"CTXsp","Cell_1091","CTXsp_1",201
"CTXsp","Cell_2338","CTXsp_2",138
"CTXsp","Cell_4762","CTXsp_1",201
"CTXsp","Cell_4917","CTXsp_4",112
"CTXsp","Cell_7522","CTXsp_5",101
"CTXsp","Cell_9213","CTXsp_2",138
"CTXsp","Cell_14162","CTXsp_3",83
"CTXsp","Cell_16749","CTXsp_2",138
"CTXsp","Cell_18029","CTXsp_2",138
"CTXsp","Cell_18176","CTXsp_1",201
"CTXsp","Cell_19384","CTXsp_1",201
"CTXsp","Cell_26748","CTXsp_1",201
"CTXsp","Cell_27978","CTXsp_4",112
"CTXsp","Cell_29087","CTXsp_1",201
"CTXsp","Cell_31418","CTXsp_3",83
"CTXsp","Cell_32795","CTXsp_1",201
"CTXsp","Cell_33062","CTXsp_1",201
"CTXsp","Cell_34327","CTXsp_1",201
"CTXsp","Cell_38222","CTXsp_1",201
"CTXsp","Cell_521","CTXsp_6",88
"CTXsp","Cell_666","CTXsp_1",201
"CTXsp","Cell_887","CTXsp_6",88
"CTXsp","Cell_2397","CTXsp_1",201
"CTXsp","Cell_4127","CTXsp_5",101
"CTXsp","Cell_5262","CTXsp_4",112
"CTXsp","Cell_5492","CTXsp_2",138
"CTXsp","Cell_7760","CTXsp_3",83
"CTXsp","Cell_7941","CTXsp_2",138
"CTXsp","Cell_8441","CTXsp_2",138
"CTXsp","Cell_8903","CTXsp_5",101
"CTXsp","Cell_8976","CTXsp_3",83
"CTXsp","Cell_9267","CTXsp_3",83
"CTXsp","Cell_9513","CTXsp_2",138
"CTXsp","Cell_9813","CTXsp_3",83
"CTXsp","Cell_10099","CTXsp_2",138
"CTXsp","Cell_10273","CTXsp_1",201
"CTXsp","Cell_11516","CTXsp_1",201
"CTXsp","Cell_11697","CTXsp_1",201
"CTXsp","Cell_11923","CTXsp_1",201
"CTXsp","Cell_13691","CTXsp_4",112
"CTXsp","Cell_15188","CTXsp_3",83
"CTXsp","Cell_15232","CTXsp_1",201
"CTXsp","Cell_15359","CTXsp_4",112
"CTXsp","Cell_15835","CTXsp_1",201
"CTXsp","Cell_16432","CTXsp_1",201
"CTXsp","Cell_17161","CTXsp_1",201
"CTXsp","Cell_17293","CTXsp_1",201
"CTXsp","Cell_17709","CTXsp_5",101
"CTXsp","Cell_17817","CTXsp_1",201
"CTXsp","Cell_17930","CTXsp_5",101
"CTXsp","Cell_18421","CTXsp_2",138
"CTXsp","Cell_19664","CTXsp_5",101
"CTXsp","Cell_20495","CTXsp_1",201
"CTXsp","Cell_20717","CTXsp_1",201
"CTXsp","Cell_20839","CTXsp_3",83
"CTXsp","Cell_21630","CTXsp_1",201
"CTXsp","Cell_22457","CTXsp_5",101
"CTXsp","Cell_23026","CTXsp_1",201
"CTXsp","Cell_23377","CTXsp_2",138
"CTXsp","Cell_24670","CTXsp_1",201
"CTXsp","Cell_25576","CTXsp_1",201
"CTXsp","Cell_26006","CTXsp_3",83
"CTXsp","Cell_26342","CTXsp_2",138
"CTXsp","Cell_27308","CTXsp_2",138
"CTXsp","Cell_27525","CTXsp_1",201
"CTXsp","Cell_27908","CTXsp_1",201
"CTXsp","Cell_29227","CTXsp_2",138
"CTXsp","Cell_30514","CTXsp_1",201
"CTXsp","Cell_31109","CTXsp_3",83
"CTXsp","Cell_32465","CTXsp_1",201
"CTXsp","Cell_32623","CTXsp_3",83
"CTXsp","Cell_33874","CTXsp_3",83
"CTXsp","Cell_33979","CTXsp_1",201
"CTXsp","Cell_35298","CTXsp_1",201
"CTXsp","Cell_36919","CTXsp_3",83
"CTXsp","Cell_38079","CTXsp_1",201
"CTXsp","Cell_41029","CTXsp_3",83
"CTXsp","Cell_41240","CTXsp_5",101
"CTXsp","Cell_41370","CTXsp_3",83
"CTXsp","Cell_41375","CTXsp_1",201
"CTXsp","Cell_42580","CTXsp_2",138
"CTXsp","Cell_42741","CTXsp_5",101
"CTXsp","Cell_42836","CTXsp_1",201
"CTXsp","Cell_43047","CTXsp_1",201
"CTXsp","Cell_43353","CTXsp_5",101
"CTXsp","Cell_43362","CTXsp_1",201
"CTXsp","Cell_43473","CTXsp_5",101
"CTXsp","Cell_43650","CTXsp_4",112
"CTXsp","Cell_43980","CTXsp_7",122
"CTXsp","Cell_44670","CTXsp_1",201
"CTXsp","Cell_45032","CTXsp_4",112
"CTXsp","Cell_18174","CTXsp_5",101
"CTXsp","Cell_13182","CTXsp_1",201
"CTXsp","Cell_32731","CTXsp_2",138
"CTXsp","Cell_810","CTXsp_5",101
"CTXsp","Cell_1641","CTXsp_1",201
"CTXsp","Cell_3010","CTXsp_3",83
"CTXsp","Cell_5083","CTXsp_1",201
"CTXsp","Cell_18108","CTXsp_1",201
"CTXsp","Cell_19549","CTXsp_1",201
"CTXsp","Cell_28043","CTXsp_1",201
"CTXsp","Cell_40590","CTXsp_1",201
"CTXsp","Cell_42074","CTXsp_1",201
"CTXsp","Cell_5573","CTXsp_5",101
"CTXsp","Cell_9101","CTXsp_7",122
"CTXsp","Cell_13502","CTXsp_2",138
"CTXsp","Cell_7042","CTXsp_5",101
"CTXsp","Cell_5955","CTXsp_1",201
"CTXsp","Cell_5722","CTXsp_3",83
"CTXsp","Cell_19489","CTXsp_2",138
"CTXsp","Cell_22427","CTXsp_1",201
"CTXsp","Cell_22900","CTXsp_5",101
"CTXsp","Cell_25697","CTXsp_4",112
"CTXsp","Cell_30866","CTXsp_1",201
"CTXsp","Cell_31528","CTXsp_5",101
"CTXsp","Cell_45054","CTXsp_1",201
"CTXsp","Cell_1234","CTXsp_1",201
"CTXsp","Cell_16050","CTXsp_1",201
"CTXsp","Cell_26756","CTXsp_1",201
"CTXsp","Cell_9688","CTXsp_1",201
"CTXsp","Cell_14992","CTXsp_4",112
"CTXsp","Cell_30594","CTXsp_2",138
"CTXsp","Cell_422","CTXsp_8",193
"CTXsp","Cell_1362","CTXsp_9",136
"CTXsp","Cell_4319","CTXsp_9",136
"CTXsp","Cell_5876","CTXsp_8",193
"CTXsp","Cell_7695","CTXsp_9",136
"CTXsp","Cell_8211","CTXsp_9",136
"CTXsp","Cell_10527","CTXsp_9",136
"CTXsp","Cell_16227","CTXsp_10",151
"CTXsp","Cell_19229","CTXsp_8",193
"CTXsp","Cell_20890","CTXsp_8",193
"CTXsp","Cell_29842","CTXsp_9",136
"CTXsp","Cell_33329","CTXsp_9",136
"CTXsp","Cell_36259","CTXsp_9",136
"CTXsp","Cell_39867","CTXsp_9",136
"CTXsp","Cell_15528","CTXsp_9",136
"CTXsp","Cell_28196","CTXsp_9",136
"CTXsp","Cell_7028","CTXsp_9",136
"CTXsp","Cell_7892","CTXsp_9",136
"CTXsp","Cell_8298","CTXsp_9",136
"CTXsp","Cell_8727","CTXsp_9",136
"CTXsp","Cell_16739","CTXsp_8",193
"CTXsp","Cell_25766","CTXsp_9",136
"CTXsp","Cell_28651","CTXsp_9",136
"CTXsp","Cell_31134","CTXsp_8",193
"CTXsp","Cell_32736","CTXsp_9",136
"CTXsp","Cell_34340","CTXsp_9",136
"CTXsp","Cell_39037","CTXsp_9",136
"CTXsp","Cell_41357","CTXsp_8",193
"CTXsp","Cell_41561","CTXsp_9",136
"CTXsp","Cell_41689","CTXsp_8",193
"CTXsp","Cell_43999","CTXsp_8",193
"CTXsp","Cell_3553","CTXsp_8",193
"CTXsp","Cell_5344","CTXsp_8",193
"CTXsp","Cell_23915","CTXsp_9",136
"CTXsp","Cell_33333","CTXsp_8",193
"CTXsp","Cell_34750","CTXsp_9",136
"CTXsp","Cell_37030","CTXsp_9",136
"CTXsp","Cell_16895","CTXsp_8",193
"CTXsp","Cell_40408","CTXsp_9",136
"CTXsp","Cell_3670","CTXsp_9",136
"CTXsp","Cell_10493","CTXsp_8",193
"CTXsp","Cell_12558","CTXsp_8",193
"CTXsp","Cell_19714","CTXsp_8",193
"CTXsp","Cell_23364","CTXsp_9",136
"CTXsp","Cell_27073","CTXsp_9",136
"CTXsp","Cell_31149","CTXsp_9",136
"CTXsp","Cell_41452","CTXsp_8",193
"CTXsp","Cell_43149","CTXsp_9",136
"CTXsp","Cell_1168","CTXsp_8",193
"CTXsp","Cell_1232","CTXsp_9",136
"CTXsp","Cell_2296","CTXsp_9",136
"CTXsp","Cell_2661","CTXsp_9",136
"CTXsp","Cell_2810","CTXsp_8",193
"CTXsp","Cell_3071","CTXsp_9",136
"CTXsp","Cell_3250","CTXsp_9",136
"CTXsp","Cell_3690","CTXsp_8",193
"CTXsp","Cell_3795","CTXsp_8",193
"CTXsp","Cell_4655","CTXsp_8",193
"CTXsp","Cell_5275","CTXsp_9",136
"CTXsp","Cell_6702","CTXsp_9",136
"CTXsp","Cell_6752","CTXsp_9",136
"CTXsp","Cell_7477","CTXsp_8",193
"CTXsp","Cell_7632","CTXsp_9",136
"CTXsp","Cell_7783","CTXsp_8",193
"CTXsp","Cell_8436","CTXsp_8",193
"CTXsp","Cell_9040","CTXsp_9",136
"CTXsp","Cell_9943","CTXsp_8",193
"CTXsp","Cell_11948","CTXsp_8",193
"CTXsp","Cell_12519","CTXsp_9",136
"CTXsp","Cell_12532","CTXsp_8",193
"CTXsp","Cell_13335","CTXsp_8",193
"CTXsp","Cell_14514","CTXsp_8",193
"CTXsp","Cell_14833","CTXsp_9",136
"CTXsp","Cell_16068","CTXsp_9",136
"CTXsp","Cell_16456","CTXsp_8",193
"CTXsp","Cell_17540","CTXsp_8",193
"CTXsp","Cell_17679","CTXsp_8",193
"CTXsp","Cell_18141","CTXsp_9",136
"CTXsp","Cell_18906","CTXsp_8",193
"CTXsp","Cell_19708","CTXsp_8",193
"CTXsp","Cell_19996","CTXsp_8",193
"CTXsp","Cell_20164","CTXsp_9",136
"CTXsp","Cell_20321","CTXsp_8",193
"CTXsp","Cell_20467","CTXsp_8",193
"CTXsp","Cell_20503","CTXsp_9",136
"CTXsp","Cell_21514","CTXsp_9",136
"CTXsp","Cell_21764","CTXsp_8",193
"CTXsp","Cell_21906","CTXsp_8",193
"CTXsp","Cell_22049","CTXsp_9",136
"CTXsp","Cell_22335","CTXsp_9",136
"CTXsp","Cell_22738","CTXsp_8",193
"CTXsp","Cell_23884","CTXsp_8",193
"CTXsp","Cell_24555","CTXsp_9",136
"CTXsp","Cell_25797","CTXsp_8",193
"CTXsp","Cell_26233","CTXsp_8",193
"CTXsp","Cell_26519","CTXsp_9",136
"CTXsp","Cell_27077","CTXsp_8",193
"CTXsp","Cell_27095","CTXsp_9",136
"CTXsp","Cell_27400","CTXsp_8",193
"CTXsp","Cell_27689","CTXsp_9",136
"CTXsp","Cell_27818","CTXsp_9",136
"CTXsp","Cell_27932","CTXsp_8",193
"CTXsp","Cell_28032","CTXsp_9",136
"CTXsp","Cell_28578","CTXsp_9",136
"CTXsp","Cell_28579","CTXsp_8",193
"CTXsp","Cell_29205","CTXsp_9",136
"CTXsp","Cell_29409","CTXsp_8",193
"CTXsp","Cell_29943","CTXsp_8",193
"CTXsp","Cell_30182","CTXsp_8",193
"CTXsp","Cell_30318","CTXsp_9",136
"CTXsp","Cell_30365","CTXsp_8",193
"CTXsp","Cell_30397","CTXsp_8",193
"CTXsp","Cell_30534","CTXsp_9",136
"CTXsp","Cell_30581","CTXsp_8",193
"CTXsp","Cell_30628","CTXsp_8",193
"CTXsp","Cell_30689","CTXsp_9",136
"CTXsp","Cell_31933","CTXsp_9",136
"CTXsp","Cell_32218","CTXsp_8",193
"CTXsp","Cell_32603","CTXsp_9",136
"CTXsp","Cell_32841","CTXsp_8",193
"CTXsp","Cell_33561","CTXsp_8",193
"CTXsp","Cell_34723","CTXsp_8",193
"CTXsp","Cell_35368","CTXsp_8",193
"CTXsp","Cell_36161","CTXsp_8",193
"CTXsp","Cell_36734","CTXsp_8",193
"CTXsp","Cell_37408","CTXsp_8",193
"CTXsp","Cell_37595","CTXsp_9",136
"CTXsp","Cell_38568","CTXsp_8",193
"CTXsp","Cell_38829","CTXsp_8",193
"CTXsp","Cell_39690","CTXsp_9",136
"CTXsp","Cell_39792","CTXsp_9",136
"CTXsp","Cell_39888","CTXsp_9",136
"CTXsp","Cell_40767","CTXsp_8",193
"CTXsp","Cell_44984","CTXsp_9",136
"CTXsp","Cell_966","CTXsp_8",193
"CTXsp","Cell_1201","CTXsp_9",136
"CTXsp","Cell_1606","CTXsp_9",136
"CTXsp","Cell_1609","CTXsp_9",136
"CTXsp","Cell_1777","CTXsp_9",136
"CTXsp","Cell_2893","CTXsp_9",136
"CTXsp","Cell_4153","CTXsp_9",136
"CTXsp","Cell_6204","CTXsp_9",136
"CTXsp","Cell_7559","CTXsp_9",136
"CTXsp","Cell_7566","CTXsp_9",136
"CTXsp","Cell_12208","CTXsp_9",136
"CTXsp","Cell_12291","CTXsp_9",136
"CTXsp","Cell_14120","CTXsp_9",136
"CTXsp","Cell_14965","CTXsp_9",136
"CTXsp","Cell_15402","CTXsp_9",136
"CTXsp","Cell_15717","CTXsp_9",136
"CTXsp","Cell_15807","CTXsp_9",136
"CTXsp","Cell_16638","CTXsp_8",193
"CTXsp","Cell_17997","CTXsp_9",136
"CTXsp","Cell_18037","CTXsp_8",193
"CTXsp","Cell_18958","CTXsp_8",193
"CTXsp","Cell_19611","CTXsp_9",136
"CTXsp","Cell_19626","CTXsp_8",193
"CTXsp","Cell_20877","CTXsp_8",193
"CTXsp","Cell_21054","CTXsp_9",136
"CTXsp","Cell_21586","CTXsp_9",136
"CTXsp","Cell_21804","CTXsp_9",136
"CTXsp","Cell_23196","CTXsp_8",193
"CTXsp","Cell_23550","CTXsp_8",193
"CTXsp","Cell_24885","CTXsp_9",136
"CTXsp","Cell_25240","CTXsp_9",136
"CTXsp","Cell_26042","CTXsp_9",136
"CTXsp","Cell_27212","CTXsp_9",136
"CTXsp","Cell_29404","CTXsp_8",193
"CTXsp","Cell_30934","CTXsp_9",136
"CTXsp","Cell_31457","CTXsp_9",136
"CTXsp","Cell_31919","CTXsp_9",136
"CTXsp","Cell_32253","CTXsp_8",193
"CTXsp","Cell_32601","CTXsp_8",193
"CTXsp","Cell_34708","CTXsp_8",193
"CTXsp","Cell_35486","CTXsp_8",193
"CTXsp","Cell_36638","CTXsp_8",193
"CTXsp","Cell_37541","CTXsp_9",136
"CTXsp","Cell_37589","CTXsp_9",136
"CTXsp","Cell_38564","CTXsp_9",136
"CTXsp","Cell_39386","CTXsp_9",136
"CTXsp","Cell_44418","CTXsp_9",136
"CTXsp","Cell_45255","CTXsp_9",136
"CTXsp","Cell_17942","CTXsp_9",136
"CTXsp","Cell_18049","CTXsp_9",136
"CTXsp","Cell_31786","CTXsp_9",136
"CTXsp","Cell_34044","CTXsp_9",136
"CTXsp","Cell_36147","CTXsp_9",136
"CTXsp","Cell_38109","CTXsp_9",136
"CTXsp","Cell_42288","CTXsp_9",136
"CTXsp","Cell_43338","CTXsp_9",136
"CTXsp","Cell_45042","CTXsp_9",136
"CTXsp","Cell_841","CTXsp_9",136
"CTXsp","Cell_6045","CTXsp_9",136
"CTXsp","Cell_6962","CTXsp_8",193
"CTXsp","Cell_8094","CTXsp_9",136
"CTXsp","Cell_9732","CTXsp_9",136
"CTXsp","Cell_11612","CTXsp_9",136
"CTXsp","Cell_18988","CTXsp_9",136
"CTXsp","Cell_20185","CTXsp_9",136
"CTXsp","Cell_37567","CTXsp_8",193
"CTXsp","Cell_38305","CTXsp_8",193
"CTXsp","Cell_38652","CTXsp_9",136
"CTXsp","Cell_39452","CTXsp_9",136
"CTXsp","Cell_41615","CTXsp_8",193
"CTXsp","Cell_42019","CTXsp_9",136
"CTXsp","Cell_42589","CTXsp_9",136
"CTXsp","Cell_44302","CTXsp_9",136
"CTXsp","Cell_30968","CTXsp_8",193
"CTXsp","Cell_40583","CTXsp_8",193
"CTXsp","Cell_9611","CTXsp_8",193
"CTXsp","Cell_19702","CTXsp_8",193
"CTXsp","Cell_32486","CTXsp_9",136
"CTXsp","Cell_45240","CTXsp_8",193
"CTXsp","Cell_19845","CTXsp_8",193
"CTXsp","Cell_27324","CTXsp_8",193
"CTXsp","Cell_212","CTXsp_8",193
"CTXsp","Cell_20948","CTXsp_9",136
"CTXsp","Cell_22359","CTXsp_8",193
"CTXsp","Cell_36218","CTXsp_8",193
"CTXsp","Cell_4920","CTXsp_9",136
"CTXsp","Cell_12013","CTXsp_8",193
"CTXsp","Cell_21622","CTXsp_9",136
"CTXsp","Cell_23341","CTXsp_8",193
"CTXsp","Cell_23435","CTXsp_8",193
"CTXsp","Cell_34842","CTXsp_9",136
"CTXsp","Cell_10267","CTXsp_9",136
"CTXsp","Cell_41014","CTXsp_9",136
"CTXsp","Cell_26282","CTXsp_8",193
"CTXsp","Cell_1159","CTXsp_7",122
"CTXsp","Cell_3082","CTXsp_7",122
"CTXsp","Cell_18443","CTXsp_7",122
"CTXsp","Cell_20413","CTXsp_7",122
"CTXsp","Cell_20527","CTXsp_7",122
"CTXsp","Cell_27028","CTXsp_7",122
"CTXsp","Cell_30271","CTXsp_7",122
"CTXsp","Cell_33033","CTXsp_7",122
"CTXsp","Cell_33155","CTXsp_7",122
"CTXsp","Cell_24917","CTXsp_7",122
"CTXsp","Cell_40712","CTXsp_7",122
"CTXsp","Cell_44806","CTXsp_7",122
"CTXsp","Cell_65","CTXsp_7",122
"CTXsp","Cell_2313","CTXsp_7",122
"CTXsp","Cell_3172","CTXsp_7",122
"CTXsp","Cell_8892","CTXsp_7",122
"CTXsp","Cell_10408","CTXsp_7",122
"CTXsp","Cell_15683","CTXsp_7",122
"CTXsp","Cell_30443","CTXsp_7",122
"CTXsp","Cell_31529","CTXsp_7",122
"CTXsp","Cell_34316","CTXsp_7",122
"CTXsp","Cell_38944","CTXsp_7",122
"CTXsp","Cell_42823","CTXsp_7",122
"CTXsp","Cell_4675","CTXsp_7",122
"CTXsp","Cell_13708","CTXsp_7",122
"CTXsp","Cell_17231","CTXsp_7",122
"CTXsp","Cell_26546","CTXsp_7",122
"CTXsp","Cell_31606","CTXsp_7",122
"CTXsp","Cell_39701","CTXsp_7",122
"CTXsp","Cell_42468","CTXsp_7",122
"CTXsp","Cell_1273","CTXsp_7",122
"CTXsp","Cell_2536","CTXsp_7",122
"CTXsp","Cell_4260","CTXsp_7",122
"CTXsp","Cell_12410","CTXsp_7",122
"CTXsp","Cell_15083","CTXsp_7",122
"CTXsp","Cell_20995","CTXsp_7",122
"CTXsp","Cell_34449","CTXsp_7",122
"CTXsp","Cell_44828","CTXsp_7",122
"CTXsp","Cell_234","CTXsp_7",122
"CTXsp","Cell_2354","CTXsp_7",122
"CTXsp","Cell_3370","CTXsp_7",122
"CTXsp","Cell_3646","CTXsp_7",122
"CTXsp","Cell_5660","CTXsp_7",122
"CTXsp","Cell_5768","CTXsp_7",122
"CTXsp","Cell_5912","CTXsp_7",122
"CTXsp","Cell_7810","CTXsp_7",122
"CTXsp","Cell_8042","CTXsp_7",122
"CTXsp","Cell_8913","CTXsp_7",122
"CTXsp","Cell_14141","CTXsp_7",122
"CTXsp","Cell_17033","CTXsp_7",122
"CTXsp","Cell_17612","CTXsp_7",122
"CTXsp","Cell_19674","CTXsp_7",122
"CTXsp","Cell_23822","CTXsp_7",122
"CTXsp","Cell_24573","CTXsp_7",122
"CTXsp","Cell_25402","CTXsp_7",122
"CTXsp","Cell_28235","CTXsp_7",122
"CTXsp","Cell_28673","CTXsp_7",122
"CTXsp","Cell_31352","CTXsp_7",122
"CTXsp","Cell_31874","CTXsp_7",122
"CTXsp","Cell_35675","CTXsp_7",122
"CTXsp","Cell_36538","CTXsp_7",122
"CTXsp","Cell_36947","CTXsp_7",122
"CTXsp","Cell_39702","CTXsp_7",122
"CTXsp","Cell_42165","CTXsp_7",122
"CTXsp","Cell_42506","CTXsp_7",122
"CTXsp","Cell_44761","CTXsp_7",122
"CTXsp","Cell_2159","CTXsp_7",122
"CTXsp","Cell_3278","CTXsp_7",122
"CTXsp","Cell_4682","CTXsp_7",122
"CTXsp","Cell_5522","CTXsp_7",122
"CTXsp","Cell_7825","CTXsp_7",122
"CTXsp","Cell_8296","CTXsp_9",136
"CTXsp","Cell_10820","CTXsp_7",122
"CTXsp","Cell_15125","CTXsp_7",122
"CTXsp","Cell_18993","CTXsp_9",136
"CTXsp","Cell_24553","CTXsp_7",122
"CTXsp","Cell_24813","CTXsp_7",122
"CTXsp","Cell_29957","CTXsp_7",122
"CTXsp","Cell_30868","CTXsp_7",122
"CTXsp","Cell_30956","CTXsp_7",122
"CTXsp","Cell_33550","CTXsp_7",122
"CTXsp","Cell_34152","CTXsp_7",122
"CTXsp","Cell_34175","CTXsp_7",122
"CTXsp","Cell_34529","CTXsp_7",122
"CTXsp","Cell_38269","CTXsp_7",122
"CTXsp","Cell_38540","CTXsp_9",136
"CTXsp","Cell_41663","CTXsp_7",122
"CTXsp","Cell_41850","CTXsp_7",122
"CTXsp","Cell_3865","CTXsp_7",122
"CTXsp","Cell_13930","CTXsp_7",122
"CTXsp","Cell_35080","CTXsp_7",122
"CTXsp","Cell_35209","CTXsp_7",122
"CTXsp","Cell_43704","CTXsp_7",122
"CTXsp","Cell_301","CTXsp_7",122
"CTXsp","Cell_976","CTXsp_7",122
"CTXsp","Cell_2497","CTXsp_7",122
"CTXsp","Cell_4158","CTXsp_7",122
"CTXsp","Cell_7833","CTXsp_9",136
"CTXsp","Cell_9842","CTXsp_7",122
"CTXsp","Cell_10160","CTXsp_7",122
"CTXsp","Cell_10166","CTXsp_7",122
"CTXsp","Cell_13093","CTXsp_7",122
"CTXsp","Cell_13124","CTXsp_7",122
"CTXsp","Cell_13503","CTXsp_7",122
"CTXsp","Cell_13552","CTXsp_7",122
"CTXsp","Cell_13741","CTXsp_7",122
"CTXsp","Cell_15894","CTXsp_7",122
"CTXsp","Cell_20640","CTXsp_7",122
"CTXsp","Cell_20802","CTXsp_7",122
"CTXsp","Cell_24674","CTXsp_7",122
"CTXsp","Cell_26831","CTXsp_7",122
"CTXsp","Cell_28164","CTXsp_7",122
"CTXsp","Cell_30603","CTXsp_7",122
"CTXsp","Cell_37135","CTXsp_7",122
"CTXsp","Cell_42209","CTXsp_7",122
"CTXsp","Cell_28397","CTXsp_7",122
"CTXsp","Cell_43053","CTXsp_7",122
"CTXsp","Cell_24309","CTXsp_7",122
"CTXsp","Cell_29554","CTXsp_7",122
"CTXsp","Cell_6389","CTXsp_7",122
"CTXsp","Cell_38552","CTXsp_7",122
"CTXsp","Cell_39053","CTXsp_7",122
"CTXsp","Cell_26678","CTXsp_7",122
"CTXsp","Cell_39637","CTXsp_7",122
"CTXsp","Cell_1308","CTXsp_10",151
"CTXsp","Cell_3256","CTXsp_11",124
"CTXsp","Cell_3734","CTXsp_11",124
"CTXsp","Cell_5206","CTXsp_10",151
"CTXsp","Cell_7365","CTXsp_10",151
"CTXsp","Cell_8001","CTXsp_10",151
"CTXsp","Cell_9591","CTXsp_11",124
"CTXsp","Cell_9612","CTXsp_11",124
"CTXsp","Cell_10001","CTXsp_10",151
"CTXsp","Cell_11061","CTXsp_10",151
"CTXsp","Cell_13136","CTXsp_10",151
"CTXsp","Cell_13829","CTXsp_10",151
"CTXsp","Cell_14680","CTXsp_10",151
"CTXsp","Cell_17158","CTXsp_11",124
"CTXsp","Cell_18180","CTXsp_11",124
"CTXsp","Cell_19835","CTXsp_11",124
"CTXsp","Cell_21463","CTXsp_6",88
"CTXsp","Cell_23723","CTXsp_11",124
"CTXsp","Cell_26975","CTXsp_6",88
"CTXsp","Cell_27696","CTXsp_10",151
"CTXsp","Cell_28427","CTXsp_11",124
"CTXsp","Cell_30961","CTXsp_6",88
"CTXsp","Cell_31317","CTXsp_8",193
"CTXsp","Cell_31773","CTXsp_10",151
"CTXsp","Cell_31820","CTXsp_6",88
"CTXsp","Cell_32124","CTXsp_10",151
"CTXsp","Cell_32325","CTXsp_10",151
"CTXsp","Cell_33473","CTXsp_10",151
"CTXsp","Cell_34652","CTXsp_10",151
"CTXsp","Cell_35625","CTXsp_11",124
"CTXsp","Cell_36823","CTXsp_10",151
"CTXsp","Cell_37189","CTXsp_11",124
"CTXsp","Cell_38253","CTXsp_9",136
"CTXsp","Cell_39416","CTXsp_6",88
"CTXsp","Cell_41340","CTXsp_10",151
"CTXsp","Cell_41437","CTXsp_11",124
"CTXsp","Cell_43351","CTXsp_10",151
"CTXsp","Cell_44379","CTXsp_6",88
"CTXsp","Cell_44783","CTXsp_11",124
"CTXsp","Cell_7268","CTXsp_11",124
"CTXsp","Cell_10269","CTXsp_11",124
"CTXsp","Cell_12333","CTXsp_10",151
"CTXsp","Cell_12529","CTXsp_10",151
"CTXsp","Cell_24856","CTXsp_8",193
"CTXsp","Cell_1860","CTXsp_8",193
"CTXsp","Cell_1871","CTXsp_11",124
"CTXsp","Cell_2627","CTXsp_10",151
"CTXsp","Cell_4337","CTXsp_8",193
"CTXsp","Cell_5814","CTXsp_6",88
"CTXsp","Cell_6188","CTXsp_10",151
"CTXsp","Cell_6551","CTXsp_8",193
"CTXsp","Cell_6617","CTXsp_8",193
"CTXsp","Cell_8257","CTXsp_8",193
"CTXsp","Cell_9855","CTXsp_10",151
"CTXsp","Cell_10752","CTXsp_9",136
"CTXsp","Cell_12281","CTXsp_6",88
"CTXsp","Cell_14534","CTXsp_8",193
"CTXsp","Cell_14792","CTXsp_10",151
"CTXsp","Cell_15991","CTXsp_10",151
"CTXsp","Cell_17615","CTXsp_10",151
"CTXsp","Cell_18464","CTXsp_10",151
"CTXsp","Cell_18665","CTXsp_10",151
"CTXsp","Cell_19540","CTXsp_6",88
"CTXsp","Cell_20098","CTXsp_8",193
"CTXsp","Cell_20418","CTXsp_6",88
"CTXsp","Cell_20999","CTXsp_11",124
"CTXsp","Cell_21694","CTXsp_10",151
"CTXsp","Cell_25507","CTXsp_6",88
"CTXsp","Cell_26066","CTXsp_8",193
"CTXsp","Cell_26715","CTXsp_8",193
"CTXsp","Cell_26961","CTXsp_6",88
"CTXsp","Cell_27838","CTXsp_8",193
"CTXsp","Cell_30302","CTXsp_10",151
"CTXsp","Cell_31015","CTXsp_10",151
"CTXsp","Cell_32209","CTXsp_11",124
"CTXsp","Cell_33414","CTXsp_10",151
"CTXsp","Cell_34588","CTXsp_8",193
"CTXsp","Cell_34731","CTXsp_11",124
"CTXsp","Cell_35743","CTXsp_10",151
"CTXsp","Cell_36160","CTXsp_8",193
"CTXsp","Cell_37776","CTXsp_10",151
"CTXsp","Cell_38150","CTXsp_11",124
"CTXsp","Cell_40206","CTXsp_11",124
"CTXsp","Cell_43612","CTXsp_8",193
"CTXsp","Cell_11935","CTXsp_10",151
"CTXsp","Cell_16610","CTXsp_8",193
"CTXsp","Cell_18101","CTXsp_8",193
"CTXsp","Cell_19105","CTXsp_8",193
"CTXsp","Cell_25833","CTXsp_11",124
"CTXsp","Cell_35990","CTXsp_11",124
"CTXsp","Cell_40651","CTXsp_11",124
"CTXsp","Cell_190","CTXsp_11",124
"CTXsp","Cell_1291","CTXsp_11",124
"CTXsp","Cell_2791","CTXsp_10",151
"CTXsp","Cell_3894","CTXsp_8",193
"CTXsp","Cell_5420","CTXsp_6",88
"CTXsp","Cell_5467","CTXsp_11",124
"CTXsp","Cell_6502","CTXsp_6",88
"CTXsp","Cell_8036","CTXsp_10",151
"CTXsp","Cell_10190","CTXsp_8",193
"CTXsp","Cell_14708","CTXsp_11",124
"CTXsp","Cell_17106","CTXsp_11",124
"CTXsp","Cell_19160","CTXsp_11",124
"CTXsp","Cell_24878","CTXsp_8",193
"CTXsp","Cell_25461","CTXsp_8",193
"CTXsp","Cell_28931","CTXsp_11",124
"CTXsp","Cell_29160","CTXsp_6",88
"CTXsp","Cell_29163","CTXsp_11",124
"CTXsp","Cell_30066","CTXsp_11",124
"CTXsp","Cell_30974","CTXsp_11",124
"CTXsp","Cell_32605","CTXsp_11",124
"CTXsp","Cell_33083","CTXsp_8",193
"CTXsp","Cell_36325","CTXsp_6",88
"CTXsp","Cell_41911","CTXsp_6",88
"CTXsp","Cell_45229","CTXsp_8",193
"CTXsp","Cell_15507","CTXsp_6",88
"CTXsp","Cell_16257","CTXsp_10",151
"CTXsp","Cell_25230","CTXsp_10",151
"CTXsp","Cell_43788","CTXsp_10",151
"CTXsp","Cell_3628","CTXsp_10",151
"CTXsp","Cell_12412","CTXsp_11",124
"CTXsp","Cell_40449","CTXsp_10",151
"CTXsp","Cell_8035","CTXsp_10",151
"CTXsp","Cell_3337","CTXsp_8",193
"CTXsp","Cell_13022","CTXsp_10",151
"CTXsp","Cell_16383","CTXsp_8",193
"CTXsp","Cell_18950","CTXsp_11",124
"CTXsp","Cell_20785","CTXsp_8",193
"CTXsp","Cell_24198","CTXsp_11",124
"CTXsp","Cell_33097","CTXsp_10",151
"CTXsp","Cell_37078","CTXsp_11",124
"CTXsp","Cell_42249","CTXsp_11",124
"CTXsp","Cell_43435","CTXsp_8",193
"CTXsp","Cell_228","CTXsp_8",193
"CTXsp","Cell_375","CTXsp_8",193
"CTXsp","Cell_650","CTXsp_10",151
"CTXsp","Cell_922","CTXsp_6",88
"CTXsp","Cell_1276","CTXsp_10",151
"CTXsp","Cell_1330","CTXsp_8",193
"CTXsp","Cell_1441","CTXsp_6",88
"CTXsp","Cell_1729","CTXsp_6",88
"CTXsp","Cell_2192","CTXsp_10",151
"CTXsp","Cell_2595","CTXsp_10",151
"CTXsp","Cell_2942","CTXsp_8",193
"CTXsp","Cell_3056","CTXsp_8",193
"CTXsp","Cell_3088","CTXsp_8",193
"CTXsp","Cell_3574","CTXsp_8",193
"CTXsp","Cell_4196","CTXsp_8",193
"CTXsp","Cell_4287","CTXsp_11",124
"CTXsp","Cell_4732","CTXsp_8",193
"CTXsp","Cell_5668","CTXsp_8",193
"CTXsp","Cell_6436","CTXsp_10",151
"CTXsp","Cell_6438","CTXsp_8",193
"CTXsp","Cell_7129","CTXsp_10",151
"CTXsp","Cell_9445","CTXsp_6",88
"CTXsp","Cell_10127","CTXsp_6",88
"CTXsp","Cell_10508","CTXsp_11",124
"CTXsp","Cell_11409","CTXsp_11",124
"CTXsp","Cell_11597","CTXsp_10",151
"CTXsp","Cell_11678","CTXsp_6",88
"CTXsp","Cell_11928","CTXsp_10",151
"CTXsp","Cell_12361","CTXsp_11",124
"CTXsp","Cell_13020","CTXsp_10",151
"CTXsp","Cell_14309","CTXsp_6",88
"CTXsp","Cell_14417","CTXsp_6",88
"CTXsp","Cell_14421","CTXsp_8",193
"CTXsp","Cell_15117","CTXsp_10",151
"CTXsp","Cell_15631","CTXsp_11",124
"CTXsp","Cell_15667","CTXsp_6",88
"CTXsp","Cell_16522","CTXsp_10",151
"CTXsp","Cell_16771","CTXsp_8",193
"CTXsp","Cell_17083","CTXsp_11",124
"CTXsp","Cell_17344","CTXsp_10",151
"CTXsp","Cell_17662","CTXsp_11",124
"CTXsp","Cell_17862","CTXsp_6",88
"CTXsp","Cell_19381","CTXsp_8",193
"CTXsp","Cell_19433","CTXsp_11",124
"CTXsp","Cell_19598","CTXsp_8",193
"CTXsp","Cell_20221","CTXsp_11",124
"CTXsp","Cell_20247","CTXsp_6",88
"CTXsp","Cell_20611","CTXsp_6",88
"CTXsp","Cell_20898","CTXsp_6",88
"CTXsp","Cell_21176","CTXsp_10",151
"CTXsp","Cell_21404","CTXsp_11",124
"CTXsp","Cell_21446","CTXsp_10",151
"CTXsp","Cell_21729","CTXsp_10",151
"CTXsp","Cell_22238","CTXsp_11",124
"CTXsp","Cell_22522","CTXsp_6",88
"CTXsp","Cell_22711","CTXsp_10",151
"CTXsp","Cell_22724","CTXsp_10",151
"CTXsp","Cell_22870","CTXsp_10",151
"CTXsp","Cell_23345","CTXsp_6",88
"CTXsp","Cell_23906","CTXsp_11",124
"CTXsp","Cell_25637","CTXsp_8",193
"CTXsp","Cell_25682","CTXsp_11",124
"CTXsp","Cell_25929","CTXsp_10",151
"CTXsp","Cell_26362","CTXsp_8",193
"CTXsp","Cell_26690","CTXsp_6",88
"CTXsp","Cell_27103","CTXsp_8",193
"CTXsp","Cell_27747","CTXsp_8",193
"CTXsp","Cell_27783","CTXsp_6",88
"CTXsp","Cell_29199","CTXsp_11",124
"CTXsp","Cell_29626","CTXsp_8",193
"CTXsp","Cell_29959","CTXsp_10",151
"CTXsp","Cell_30537","CTXsp_6",88
"CTXsp","Cell_31058","CTXsp_8",193
"CTXsp","Cell_32264","CTXsp_10",151
"CTXsp","Cell_32832","CTXsp_8",193
"CTXsp","Cell_32915","CTXsp_10",151
"CTXsp","Cell_33516","CTXsp_11",124
"CTXsp","Cell_34243","CTXsp_11",124
"CTXsp","Cell_34710","CTXsp_8",193
"CTXsp","Cell_35163","CTXsp_6",88
"CTXsp","Cell_35793","CTXsp_8",193
"CTXsp","Cell_37002","CTXsp_10",151
"CTXsp","Cell_37051","CTXsp_8",193
"CTXsp","Cell_37775","CTXsp_6",88
"CTXsp","Cell_37804","CTXsp_9",136
"CTXsp","Cell_38327","CTXsp_10",151
"CTXsp","Cell_38570","CTXsp_6",88
"CTXsp","Cell_38866","CTXsp_6",88
"CTXsp","Cell_41539","CTXsp_10",151
"CTXsp","Cell_42357","CTXsp_8",193
"CTXsp","Cell_42526","CTXsp_10",151
"CTXsp","Cell_42682","CTXsp_11",124
"CTXsp","Cell_43146","CTXsp_11",124
"CTXsp","Cell_43249","CTXsp_8",193
"CTXsp","Cell_43367","CTXsp_10",151
"CTXsp","Cell_44349","CTXsp_10",151
"CTXsp","Cell_44695","CTXsp_10",151
"CTXsp","Cell_45173","CTXsp_8",193
"CTXsp","Cell_362","CTXsp_10",151
"CTXsp","Cell_1096","CTXsp_11",124
"CTXsp","Cell_2361","CTXsp_10",151
"CTXsp","Cell_3380","CTXsp_10",151
"CTXsp","Cell_3391","CTXsp_11",124
"CTXsp","Cell_3437","CTXsp_10",151
"CTXsp","Cell_5002","CTXsp_10",151
"CTXsp","Cell_5015","CTXsp_11",124
"CTXsp","Cell_5055","CTXsp_11",124
"CTXsp","Cell_5071","CTXsp_10",151
"CTXsp","Cell_5266","CTXsp_10",151
"CTXsp","Cell_5374","CTXsp_10",151
"CTXsp","Cell_6067","CTXsp_10",151
"CTXsp","Cell_7717","CTXsp_10",151
"CTXsp","Cell_9271","CTXsp_11",124
"CTXsp","Cell_9353","CTXsp_10",151
"CTXsp","Cell_9403","CTXsp_10",151
"CTXsp","Cell_9453","CTXsp_10",151
"CTXsp","Cell_9592","CTXsp_6",88
"CTXsp","Cell_9689","CTXsp_6",88
"CTXsp","Cell_9823","CTXsp_8",193
"CTXsp","Cell_10557","CTXsp_10",151
"CTXsp","Cell_10996","CTXsp_11",124
"CTXsp","Cell_11097","CTXsp_10",151
"CTXsp","Cell_11745","CTXsp_10",151
"CTXsp","Cell_11778","CTXsp_6",88
"CTXsp","Cell_12578","CTXsp_11",124
"CTXsp","Cell_12749","CTXsp_11",124
"CTXsp","Cell_12755","CTXsp_10",151
"CTXsp","Cell_13290","CTXsp_10",151
"CTXsp","Cell_13395","CTXsp_10",151
"CTXsp","Cell_14152","CTXsp_10",151
"CTXsp","Cell_14777","CTXsp_6",88
"CTXsp","Cell_14831","CTXsp_11",124
"CTXsp","Cell_15237","CTXsp_6",88
"CTXsp","Cell_15489","CTXsp_6",88
"CTXsp","Cell_15652","CTXsp_11",124
"CTXsp","Cell_15996","CTXsp_6",88
"CTXsp","Cell_16752","CTXsp_6",88
"CTXsp","Cell_17321","CTXsp_11",124
"CTXsp","Cell_17442","CTXsp_10",151
"CTXsp","Cell_17706","CTXsp_8",193
"CTXsp","Cell_17992","CTXsp_11",124
"CTXsp","Cell_18630","CTXsp_10",151
"CTXsp","Cell_19490","CTXsp_6",88
"CTXsp","Cell_19666","CTXsp_8",193
"CTXsp","Cell_19758","CTXsp_11",124
"CTXsp","Cell_20741","CTXsp_11",124
"CTXsp","Cell_20749","CTXsp_11",124
"CTXsp","Cell_21081","CTXsp_11",124
"CTXsp","Cell_21683","CTXsp_10",151
"CTXsp","Cell_21726","CTXsp_10",151
"CTXsp","Cell_22087","CTXsp_10",151
"CTXsp","Cell_23276","CTXsp_8",193
"CTXsp","Cell_23334","CTXsp_8",193
"CTXsp","Cell_24085","CTXsp_10",151
"CTXsp","Cell_24239","CTXsp_11",124
"CTXsp","Cell_24496","CTXsp_10",151
"CTXsp","Cell_24631","CTXsp_11",124
"CTXsp","Cell_25087","CTXsp_11",124
"CTXsp","Cell_25204","CTXsp_8",193
"CTXsp","Cell_26171","CTXsp_11",124
"CTXsp","Cell_26532","CTXsp_8",193
"CTXsp","Cell_26784","CTXsp_11",124
"CTXsp","Cell_26936","CTXsp_10",151
"CTXsp","Cell_27012","CTXsp_11",124
"CTXsp","Cell_27467","CTXsp_6",88
"CTXsp","Cell_27518","CTXsp_11",124
"CTXsp","Cell_27608","CTXsp_10",151
"CTXsp","Cell_28367","CTXsp_10",151
"CTXsp","Cell_29846","CTXsp_8",193
"CTXsp","Cell_30692","CTXsp_11",124
"CTXsp","Cell_31103","CTXsp_10",151
"CTXsp","Cell_31382","CTXsp_10",151
"CTXsp","Cell_31687","CTXsp_8",193
"CTXsp","Cell_32500","CTXsp_11",124
"CTXsp","Cell_32633","CTXsp_11",124
"CTXsp","Cell_32737","CTXsp_10",151
"CTXsp","Cell_33182","CTXsp_11",124
"CTXsp","Cell_33575","CTXsp_10",151
"CTXsp","Cell_34132","CTXsp_10",151
"CTXsp","Cell_34447","CTXsp_10",151
"CTXsp","Cell_34469","CTXsp_10",151
"CTXsp","Cell_36400","CTXsp_10",151
"CTXsp","Cell_36444","CTXsp_11",124
"CTXsp","Cell_36694","CTXsp_11",124
"CTXsp","Cell_36888","CTXsp_6",88
"CTXsp","Cell_36995","CTXsp_11",124
"CTXsp","Cell_37654","CTXsp_11",124
"CTXsp","Cell_38076","CTXsp_8",193
"CTXsp","Cell_38498","CTXsp_11",124
"CTXsp","Cell_39073","CTXsp_6",88
"CTXsp","Cell_39705","CTXsp_8",193
"CTXsp","Cell_40585","CTXsp_6",88
"CTXsp","Cell_41951","CTXsp_10",151
"CTXsp","Cell_42048","CTXsp_10",151
"CTXsp","Cell_42958","CTXsp_10",151
"CTXsp","Cell_43319","CTXsp_8",193
"CTXsp","Cell_43952","CTXsp_6",88
"CTXsp","Cell_43964","CTXsp_10",151
"CTXsp","Cell_44527","CTXsp_6",88
"CTXsp","Cell_27551","CTXsp_10",151
"CTXsp","Cell_32290","CTXsp_8",193
"CTXsp","Cell_3991","CTXsp_11",124
"CTXsp","Cell_8203","CTXsp_6",88
"CTXsp","Cell_8521","CTXsp_8",193
"CTXsp","Cell_8532","CTXsp_10",151
"CTXsp","Cell_10292","CTXsp_11",124
"CTXsp","Cell_17182","CTXsp_11",124
"CTXsp","Cell_20643","CTXsp_10",151
"CTXsp","Cell_24746","CTXsp_6",88
"CTXsp","Cell_25245","CTXsp_8",193
"CTXsp","Cell_32935","CTXsp_10",151
"CTXsp","Cell_33174","CTXsp_6",88
"CTXsp","Cell_33177","CTXsp_10",151
"CTXsp","Cell_34843","CTXsp_8",193
"CTXsp","Cell_39979","CTXsp_6",88
"CTXsp","Cell_41052","CTXsp_10",151
"CTXsp","Cell_41413","CTXsp_6",88
"CTXsp","Cell_704","CTXsp_6",88
"CTXsp","Cell_2948","CTXsp_6",88
"CTXsp","Cell_4293","CTXsp_6",88
"CTXsp","Cell_7393","CTXsp_8",193
"CTXsp","Cell_8690","CTXsp_6",88
"CTXsp","Cell_8721","CTXsp_10",151
"CTXsp","Cell_8812","CTXsp_10",151
"CTXsp","Cell_13233","CTXsp_10",151
"CTXsp","Cell_13437","CTXsp_6",88
"CTXsp","Cell_15408","CTXsp_6",88
"CTXsp","Cell_15893","CTXsp_10",151
"CTXsp","Cell_16169","CTXsp_10",151
"CTXsp","Cell_16520","CTXsp_6",88
"CTXsp","Cell_16989","CTXsp_8",193
"CTXsp","Cell_17009","CTXsp_10",151
"CTXsp","Cell_17594","CTXsp_10",151
"CTXsp","Cell_19784","CTXsp_8",193
"CTXsp","Cell_20621","CTXsp_6",88
"CTXsp","Cell_21326","CTXsp_6",88
"CTXsp","Cell_21697","CTXsp_8",193
"CTXsp","Cell_22101","CTXsp_11",124
"CTXsp","Cell_22759","CTXsp_10",151
"CTXsp","Cell_23922","CTXsp_11",124
"CTXsp","Cell_23944","CTXsp_11",124
"CTXsp","Cell_24234","CTXsp_6",88
"CTXsp","Cell_24934","CTXsp_8",193
"CTXsp","Cell_24948","CTXsp_10",151
"CTXsp","Cell_25795","CTXsp_11",124
"CTXsp","Cell_26192","CTXsp_6",88
"CTXsp","Cell_26400","CTXsp_11",124
"CTXsp","Cell_26865","CTXsp_6",88
"CTXsp","Cell_27276","CTXsp_10",151
"CTXsp","Cell_27452","CTXsp_8",193
"CTXsp","Cell_27719","CTXsp_11",124
"CTXsp","Cell_28091","CTXsp_8",193
"CTXsp","Cell_29091","CTXsp_6",88
"CTXsp","Cell_30900","CTXsp_8",193
"CTXsp","Cell_32835","CTXsp_11",124
"CTXsp","Cell_34010","CTXsp_8",193
"CTXsp","Cell_36910","CTXsp_10",151
"CTXsp","Cell_37033","CTXsp_6",88
"CTXsp","Cell_42830","CTXsp_10",151
"CTXsp","Cell_43283","CTXsp_11",124
"CTXsp","Cell_3289","CTXsp_11",124
"CTXsp","Cell_5935","CTXsp_8",193
"CTXsp","Cell_9237","CTXsp_10",151
"CTXsp","Cell_12997","CTXsp_6",88
"CTXsp","Cell_19233","CTXsp_11",124
"CTXsp","Cell_19480","CTXsp_10",151
"CTXsp","Cell_19970","CTXsp_10",151
"CTXsp","Cell_20866","CTXsp_11",124
"CTXsp","Cell_23152","CTXsp_10",151
"CTXsp","Cell_23647","CTXsp_10",151
"CTXsp","Cell_26222","CTXsp_11",124
"CTXsp","Cell_26796","CTXsp_11",124
"CTXsp","Cell_30012","CTXsp_10",151
"CTXsp","Cell_35317","CTXsp_11",124
"CTXsp","Cell_25298","CTXsp_8",193
"CTXsp","Cell_10788","CTXsp_11",124
"CTXsp","Cell_22114","CTXsp_8",193
"CTXsp","Cell_462","CTXsp_8",193
"CTXsp","Cell_2248","CTXsp_11",124
"CTXsp","Cell_4176","CTXsp_10",151
"CTXsp","Cell_5554","CTXsp_11",124
"CTXsp","Cell_6715","CTXsp_11",124
"CTXsp","Cell_10503","CTXsp_8",193
"CTXsp","Cell_16031","CTXsp_10",151
"CTXsp","Cell_17085","CTXsp_8",193
"CTXsp","Cell_21393","CTXsp_11",124
"CTXsp","Cell_22047","CTXsp_6",88
"CTXsp","Cell_24685","CTXsp_8",193
"CTXsp","Cell_27098","CTXsp_8",193
"CTXsp","Cell_27802","CTXsp_11",124
"CTXsp","Cell_29269","CTXsp_11",124
"CTXsp","Cell_29877","CTXsp_6",88
"CTXsp","Cell_30872","CTXsp_8",193
"CTXsp","Cell_31580","CTXsp_10",151
"CTXsp","Cell_32227","CTXsp_8",193
"CTXsp","Cell_42105","CTXsp_11",124
"CTXsp","Cell_13400","CTXsp_6",88
"CTXsp","Cell_20364","CTXsp_10",151
"CTXsp","Cell_2082","CTXsp_8",193
"CTXsp","Cell_14459","CTXsp_6",88
"CTXsp","Cell_24450","CTXsp_6",88
"CTXsp","Cell_25863","CTXsp_11",124
"CTXsp","Cell_28612","CTXsp_10",151
"CTXsp","Cell_31927","CTXsp_11",124
"CTXsp","Cell_22668","CTXsp_10",151
"CTXsp","Cell_27361","CTXsp_11",124
"CTXsp","Cell_818","CTXsp_8",193
"CTXsp","Cell_4681","CTXsp_11",124
"CTXsp","Cell_6799","CTXsp_11",124
"CTXsp","Cell_10629","CTXsp_6",88
"CTXsp","Cell_11274","CTXsp_10",151
"CTXsp","Cell_11443","CTXsp_8",193
"CTXsp","Cell_25614","CTXsp_11",124
"CTXsp","Cell_27936","CTXsp_11",124
"CTXsp","Cell_35078","CTXsp_8",193
"CTXsp","Cell_39014","CTXsp_10",151
"CTXsp","Cell_39042","CTXsp_11",124
"CTXsp","Cell_35738","CTXsp_10",151
"CTXsp","Cell_15387","CTXsp_10",151
"CTXsp","Cell_27011","CTXsp_11",124
"CTXsp","Cell_24769","CTXsp_6",88
"CTXsp","Cell_3188","CTXsp_12",184
"CTXsp","Cell_5378","CTXsp_12",184
"CTXsp","Cell_6215","CTXsp_12",184
"CTXsp","Cell_9132","CTXsp_12",184
"CTXsp","Cell_10577","CTXsp_13",115
"CTXsp","Cell_11086","CTXsp_12",184
"CTXsp","Cell_11632","CTXsp_13",115
"CTXsp","Cell_12198","CTXsp_12",184
"CTXsp","Cell_12738","CTXsp_12",184
"CTXsp","Cell_13660","CTXsp_12",184
"CTXsp","Cell_16351","CTXsp_13",115
"CTXsp","Cell_17330","CTXsp_14",78
"CTXsp","Cell_22222","CTXsp_13",115
"CTXsp","Cell_23644","CTXsp_14",78
"CTXsp","Cell_23756","CTXsp_13",115
"CTXsp","Cell_24907","CTXsp_12",184
"CTXsp","Cell_25369","CTXsp_12",184
"CTXsp","Cell_26584","CTXsp_13",115
"CTXsp","Cell_27691","CTXsp_12",184
"CTXsp","Cell_29687","CTXsp_12",184
"CTXsp","Cell_29922","CTXsp_12",184
"CTXsp","Cell_32229","CTXsp_13",115
"CTXsp","Cell_32390","CTXsp_13",115
"CTXsp","Cell_32878","CTXsp_12",184
"CTXsp","Cell_34815","CTXsp_13",115
"CTXsp","Cell_35829","CTXsp_13",115
"CTXsp","Cell_36375","CTXsp_13",115
"CTXsp","Cell_40199","CTXsp_12",184
"CTXsp","Cell_40367","CTXsp_14",78
"CTXsp","Cell_41926","CTXsp_12",184
"CTXsp","Cell_44669","CTXsp_12",184
"CTXsp","Cell_44910","CTXsp_12",184
"CTXsp","Cell_45161","CTXsp_12",184
"CTXsp","Cell_4819","CTXsp_14",78
"CTXsp","Cell_13949","CTXsp_13",115
"CTXsp","Cell_21412","CTXsp_12",184
"CTXsp","Cell_788","CTXsp_13",115
"CTXsp","Cell_1397","CTXsp_12",184
"CTXsp","Cell_1705","CTXsp_14",78
"CTXsp","Cell_3890","CTXsp_14",78
"CTXsp","Cell_4064","CTXsp_12",184
"CTXsp","Cell_5298","CTXsp_12",184
"CTXsp","Cell_6437","CTXsp_12",184
"CTXsp","Cell_8090","CTXsp_12",184
"CTXsp","Cell_8317","CTXsp_14",78
"CTXsp","Cell_9763","CTXsp_13",115
"CTXsp","Cell_10237","CTXsp_13",115
"CTXsp","Cell_21710","CTXsp_13",115
"CTXsp","Cell_22842","CTXsp_14",78
"CTXsp","Cell_23201","CTXsp_12",184
"CTXsp","Cell_25600","CTXsp_13",115
"CTXsp","Cell_30002","CTXsp_14",78
"CTXsp","Cell_31191","CTXsp_12",184
"CTXsp","Cell_31998","CTXsp_13",115
"CTXsp","Cell_32351","CTXsp_12",184
"CTXsp","Cell_35085","CTXsp_12",184
"CTXsp","Cell_35568","CTXsp_12",184
"CTXsp","Cell_37791","CTXsp_12",184
"CTXsp","Cell_38317","CTXsp_12",184
"CTXsp","Cell_40221","CTXsp_13",115
"CTXsp","Cell_1197","CTXsp_13",115
"CTXsp","Cell_12671","CTXsp_12",184
"CTXsp","Cell_15915","CTXsp_12",184
"CTXsp","Cell_18860","CTXsp_12",184
"CTXsp","Cell_28529","CTXsp_12",184
"CTXsp","Cell_29726","CTXsp_12",184
"CTXsp","Cell_30411","CTXsp_12",184
"CTXsp","Cell_34193","CTXsp_12",184
"CTXsp","Cell_35369","CTXsp_12",184
"CTXsp","Cell_38630","CTXsp_12",184
"CTXsp","Cell_39892","CTXsp_13",115
"CTXsp","Cell_44174","CTXsp_14",78
"CTXsp","Cell_4573","CTXsp_13",115
"CTXsp","Cell_8982","CTXsp_12",184
"CTXsp","Cell_13727","CTXsp_13",115
"CTXsp","Cell_15592","CTXsp_13",115
"CTXsp","Cell_16318","CTXsp_12",184
"CTXsp","Cell_16582","CTXsp_13",115
"CTXsp","Cell_22978","CTXsp_13",115
"CTXsp","Cell_24851","CTXsp_13",115
"CTXsp","Cell_25891","CTXsp_14",78
"CTXsp","Cell_35890","CTXsp_12",184
"CTXsp","Cell_38433","CTXsp_13",115
"CTXsp","Cell_10335","CTXsp_13",115
"CTXsp","Cell_5685","CTXsp_13",115
"CTXsp","Cell_12043","CTXsp_12",184
"CTXsp","Cell_15708","CTXsp_13",115
"CTXsp","Cell_20429","CTXsp_14",78
"CTXsp","Cell_20449","CTXsp_13",115
"CTXsp","Cell_27596","CTXsp_12",184
"CTXsp","Cell_29482","CTXsp_13",115
"CTXsp","Cell_29866","CTXsp_12",184
"CTXsp","Cell_33668","CTXsp_14",78
"CTXsp","Cell_36562","CTXsp_12",184
"CTXsp","Cell_1264","CTXsp_14",78
"CTXsp","Cell_2229","CTXsp_12",184
"CTXsp","Cell_2521","CTXsp_12",184
"CTXsp","Cell_2538","CTXsp_12",184
"CTXsp","Cell_3394","CTXsp_14",78
"CTXsp","Cell_3620","CTXsp_13",115
"CTXsp","Cell_4295","CTXsp_13",115
"CTXsp","Cell_4821","CTXsp_13",115
"CTXsp","Cell_4836","CTXsp_12",184
"CTXsp","Cell_5369","CTXsp_13",115
"CTXsp","Cell_5662","CTXsp_12",184
"CTXsp","Cell_6274","CTXsp_13",115
"CTXsp","Cell_7617","CTXsp_14",78
"CTXsp","Cell_9457","CTXsp_14",78
"CTXsp","Cell_10506","CTXsp_12",184
"CTXsp","Cell_10635","CTXsp_13",115
"CTXsp","Cell_10791","CTXsp_12",184
"CTXsp","Cell_10856","CTXsp_14",78
"CTXsp","Cell_11934","CTXsp_13",115
"CTXsp","Cell_12101","CTXsp_13",115
"CTXsp","Cell_12229","CTXsp_12",184
"CTXsp","Cell_12238","CTXsp_13",115
"CTXsp","Cell_12449","CTXsp_13",115
"CTXsp","Cell_12472","CTXsp_12",184
"CTXsp","Cell_13016","CTXsp_14",78
"CTXsp","Cell_13867","CTXsp_13",115
"CTXsp","Cell_15324","CTXsp_13",115
"CTXsp","Cell_15853","CTXsp_12",184
"CTXsp","Cell_15925","CTXsp_12",184
"CTXsp","Cell_16083","CTXsp_14",78
"CTXsp","Cell_16862","CTXsp_13",115
"CTXsp","Cell_17929","CTXsp_12",184
"CTXsp","Cell_18374","CTXsp_12",184
"CTXsp","Cell_18517","CTXsp_12",184
"CTXsp","Cell_18739","CTXsp_14",78
"CTXsp","Cell_19526","CTXsp_13",115
"CTXsp","Cell_19759","CTXsp_12",184
"CTXsp","Cell_19823","CTXsp_12",184
"CTXsp","Cell_20623","CTXsp_13",115
"CTXsp","Cell_20658","CTXsp_14",78
"CTXsp","Cell_21424","CTXsp_14",78
"CTXsp","Cell_21819","CTXsp_13",115
"CTXsp","Cell_22865","CTXsp_14",78
"CTXsp","Cell_23518","CTXsp_13",115
"CTXsp","Cell_23703","CTXsp_14",78
"CTXsp","Cell_23957","CTXsp_12",184
"CTXsp","Cell_24370","CTXsp_12",184
"CTXsp","Cell_24539","CTXsp_12",184
"CTXsp","Cell_25287","CTXsp_12",184
"CTXsp","Cell_26635","CTXsp_12",184
"CTXsp","Cell_27364","CTXsp_12",184
"CTXsp","Cell_28466","CTXsp_12",184
"CTXsp","Cell_28549","CTXsp_13",115
"CTXsp","Cell_28794","CTXsp_12",184
"CTXsp","Cell_29383","CTXsp_14",78
"CTXsp","Cell_29600","CTXsp_13",115
"CTXsp","Cell_30010","CTXsp_14",78
"CTXsp","Cell_30516","CTXsp_14",78
"CTXsp","Cell_31067","CTXsp_13",115
"CTXsp","Cell_31289","CTXsp_14",78
"CTXsp","Cell_31508","CTXsp_12",184
"CTXsp","Cell_32388","CTXsp_13",115
"CTXsp","Cell_32565","CTXsp_13",115
"CTXsp","Cell_32604","CTXsp_12",184
"CTXsp","Cell_33156","CTXsp_12",184
"CTXsp","Cell_33624","CTXsp_12",184
"CTXsp","Cell_33686","CTXsp_14",78
"CTXsp","Cell_34317","CTXsp_12",184
"CTXsp","Cell_35728","CTXsp_12",184
"CTXsp","Cell_37664","CTXsp_12",184
"CTXsp","Cell_38008","CTXsp_13",115
"CTXsp","Cell_38158","CTXsp_13",115
"CTXsp","Cell_38819","CTXsp_13",115
"CTXsp","Cell_39280","CTXsp_12",184
"CTXsp","Cell_40443","CTXsp_12",184
"CTXsp","Cell_41063","CTXsp_14",78
"CTXsp","Cell_41366","CTXsp_12",184
"CTXsp","Cell_41613","CTXsp_14",78
"CTXsp","Cell_41823","CTXsp_13",115
"CTXsp","Cell_42219","CTXsp_13",115
"CTXsp","Cell_42797","CTXsp_12",184
"CTXsp","Cell_43104","CTXsp_13",115
"CTXsp","Cell_43590","CTXsp_14",78
"CTXsp","Cell_44835","CTXsp_12",184
"CTXsp","Cell_45008","CTXsp_14",78
"CTXsp","Cell_490","CTXsp_12",184
"CTXsp","Cell_528","CTXsp_12",184
"CTXsp","Cell_860","CTXsp_14",78
"CTXsp","Cell_2416","CTXsp_12",184
"CTXsp","Cell_2828","CTXsp_12",184
"CTXsp","Cell_2959","CTXsp_12",184
"CTXsp","Cell_5596","CTXsp_14",78
"CTXsp","Cell_6290","CTXsp_12",184
"CTXsp","Cell_6469","CTXsp_14",78
"CTXsp","Cell_7961","CTXsp_12",184
"CTXsp","Cell_7983","CTXsp_12",184
"CTXsp","Cell_8434","CTXsp_13",115
"CTXsp","Cell_8529","CTXsp_13",115
"CTXsp","Cell_8682","CTXsp_14",78
"CTXsp","Cell_8794","CTXsp_12",184
"CTXsp","Cell_8963","CTXsp_12",184
"CTXsp","Cell_9502","CTXsp_13",115
"CTXsp","Cell_10289","CTXsp_13",115
"CTXsp","Cell_11681","CTXsp_14",78
"CTXsp","Cell_12865","CTXsp_12",184
"CTXsp","Cell_13280","CTXsp_12",184
"CTXsp","Cell_13324","CTXsp_13",115
"CTXsp","Cell_14092","CTXsp_12",184
"CTXsp","Cell_15374","CTXsp_13",115
"CTXsp","Cell_15518","CTXsp_12",184
"CTXsp","Cell_15671","CTXsp_12",184
"CTXsp","Cell_15699","CTXsp_12",184
"CTXsp","Cell_16142","CTXsp_12",184
"CTXsp","Cell_16315","CTXsp_12",184
"CTXsp","Cell_17923","CTXsp_12",184
"CTXsp","Cell_18008","CTXsp_12",184
"CTXsp","Cell_18111","CTXsp_12",184
"CTXsp","Cell_19246","CTXsp_13",115
"CTXsp","Cell_19276","CTXsp_12",184
"CTXsp","Cell_19681","CTXsp_13",115
"CTXsp","Cell_20906","CTXsp_13",115
"CTXsp","Cell_21688","CTXsp_13",115
"CTXsp","Cell_22925","CTXsp_14",78
"CTXsp","Cell_23127","CTXsp_13",115
"CTXsp","Cell_23151","CTXsp_13",115
"CTXsp","Cell_23243","CTXsp_13",115
"CTXsp","Cell_23472","CTXsp_12",184
"CTXsp","Cell_23862","CTXsp_13",115
"CTXsp","Cell_23873","CTXsp_14",78
"CTXsp","Cell_24313","CTXsp_12",184
"CTXsp","Cell_24456","CTXsp_12",184
"CTXsp","Cell_25397","CTXsp_12",184
"CTXsp","Cell_25442","CTXsp_14",78
"CTXsp","Cell_25640","CTXsp_12",184
"CTXsp","Cell_26580","CTXsp_13",115
"CTXsp","Cell_27607","CTXsp_14",78
"CTXsp","Cell_29972","CTXsp_12",184
"CTXsp","Cell_31050","CTXsp_12",184
"CTXsp","Cell_31078","CTXsp_12",184
"CTXsp","Cell_32076","CTXsp_12",184
"CTXsp","Cell_32704","CTXsp_14",78
"CTXsp","Cell_34596","CTXsp_12",184
"CTXsp","Cell_34949","CTXsp_12",184
"CTXsp","Cell_38258","CTXsp_12",184
"CTXsp","Cell_40260","CTXsp_13",115
"CTXsp","Cell_40343","CTXsp_12",184
"CTXsp","Cell_40628","CTXsp_13",115
"CTXsp","Cell_40935","CTXsp_12",184
"CTXsp","Cell_41976","CTXsp_12",184
"CTXsp","Cell_42535","CTXsp_12",184
"CTXsp","Cell_42863","CTXsp_14",78
"CTXsp","Cell_43768","CTXsp_13",115
"CTXsp","Cell_373","CTXsp_13",115
"CTXsp","Cell_5598","CTXsp_13",115
"CTXsp","Cell_8260","CTXsp_12",184
"CTXsp","Cell_11302","CTXsp_13",115
"CTXsp","Cell_11735","CTXsp_12",184
"CTXsp","Cell_11773","CTXsp_12",184
"CTXsp","Cell_11900","CTXsp_12",184
"CTXsp","Cell_13634","CTXsp_12",184
"CTXsp","Cell_13668","CTXsp_12",184
"CTXsp","Cell_16542","CTXsp_13",115
"CTXsp","Cell_17503","CTXsp_12",184
"CTXsp","Cell_19938","CTXsp_13",115
"CTXsp","Cell_20150","CTXsp_12",184
"CTXsp","Cell_21845","CTXsp_12",184
"CTXsp","Cell_23061","CTXsp_14",78
"CTXsp","Cell_28399","CTXsp_14",78
"CTXsp","Cell_32380","CTXsp_14",78
"CTXsp","Cell_32557","CTXsp_12",184
"CTXsp","Cell_32847","CTXsp_14",78
"CTXsp","Cell_33589","CTXsp_12",184
"CTXsp","Cell_34501","CTXsp_13",115
"CTXsp","Cell_34645","CTXsp_13",115
"CTXsp","Cell_37249","CTXsp_13",115
"CTXsp","Cell_39891","CTXsp_12",184
"CTXsp","Cell_42801","CTXsp_12",184
"CTXsp","Cell_43799","CTXsp_12",184
"CTXsp","Cell_2276","CTXsp_12",184
"CTXsp","Cell_3039","CTXsp_12",184
"CTXsp","Cell_4746","CTXsp_12",184
"CTXsp","Cell_4968","CTXsp_14",78
"CTXsp","Cell_5843","CTXsp_12",184
"CTXsp","Cell_6177","CTXsp_12",184
"CTXsp","Cell_6610","CTXsp_12",184
"CTXsp","Cell_8381","CTXsp_13",115
"CTXsp","Cell_9074","CTXsp_12",184
"CTXsp","Cell_10944","CTXsp_14",78
"CTXsp","Cell_11220","CTXsp_14",78
"CTXsp","Cell_12652","CTXsp_13",115
"CTXsp","Cell_13768","CTXsp_14",78
"CTXsp","Cell_13782","CTXsp_14",78
"CTXsp","Cell_13874","CTXsp_12",184
"CTXsp","Cell_15805","CTXsp_12",184
"CTXsp","Cell_17275","CTXsp_12",184
"CTXsp","Cell_17622","CTXsp_14",78
"CTXsp","Cell_20610","CTXsp_13",115
"CTXsp","Cell_21414","CTXsp_12",184
"CTXsp","Cell_22225","CTXsp_14",78
"CTXsp","Cell_22301","CTXsp_12",184
"CTXsp","Cell_22911","CTXsp_12",184
"CTXsp","Cell_23391","CTXsp_14",78
"CTXsp","Cell_24471","CTXsp_13",115
"CTXsp","Cell_25547","CTXsp_14",78
"CTXsp","Cell_25608","CTXsp_12",184
"CTXsp","Cell_27179","CTXsp_13",115
"CTXsp","Cell_28012","CTXsp_12",184
"CTXsp","Cell_29008","CTXsp_12",184
"CTXsp","Cell_29167","CTXsp_12",184
"CTXsp","Cell_30881","CTXsp_12",184
"CTXsp","Cell_31219","CTXsp_12",184
"CTXsp","Cell_31408","CTXsp_12",184
"CTXsp","Cell_31713","CTXsp_13",115
"CTXsp","Cell_32588","CTXsp_12",184
"CTXsp","Cell_33191","CTXsp_12",184
"CTXsp","Cell_33431","CTXsp_12",184
"CTXsp","Cell_33841","CTXsp_14",78
"CTXsp","Cell_33967","CTXsp_13",115
"CTXsp","Cell_34510","CTXsp_13",115
"CTXsp","Cell_37168","CTXsp_14",78
"CTXsp","Cell_37465","CTXsp_13",115
"CTXsp","Cell_39264","CTXsp_12",184
"CTXsp","Cell_40217","CTXsp_12",184
"CTXsp","Cell_41879","CTXsp_13",115
"CTXsp","Cell_41907","CTXsp_12",184
"CTXsp","Cell_42135","CTXsp_14",78
"CTXsp","Cell_43031","CTXsp_12",184
"CTXsp","Cell_44391","CTXsp_12",184
"CTXsp","Cell_44926","CTXsp_13",115
"CTXsp","Cell_11264","CTXsp_12",184
"CTXsp","Cell_13042","CTXsp_14",78
"CTXsp","Cell_16334","CTXsp_12",184
"CTXsp","Cell_19561","CTXsp_14",78
"CTXsp","Cell_20055","CTXsp_14",78
"CTXsp","Cell_21736","CTXsp_14",78
"CTXsp","Cell_27362","CTXsp_14",78
"CTXsp","Cell_31108","CTXsp_14",78
"CTXsp","Cell_44836","CTXsp_14",78
"CTXsp","Cell_44871","CTXsp_13",115
"CTXsp","Cell_2635","CTXsp_12",184
"CTXsp","Cell_26883","CTXsp_13",115
"CTXsp","Cell_11717","CTXsp_13",115
"CTXsp","Cell_36470","CTXsp_12",184
"CTXsp","Cell_41359","CTXsp_13",115
"CTXsp","Cell_633","CTXsp_13",115
"CTXsp","Cell_3198","CTXsp_14",78
"CTXsp","Cell_6770","CTXsp_13",115
"CTXsp","Cell_9565","CTXsp_12",184
"CTXsp","Cell_15273","CTXsp_12",184
"CTXsp","Cell_22771","CTXsp_14",78
"CTXsp","Cell_24265","CTXsp_14",78
"CTXsp","Cell_40654","CTXsp_14",78
"CTXsp","Cell_3243","CTXsp_13",115
"CTXsp","Cell_10741","CTXsp_14",78
"CTXsp","Cell_13604","CTXsp_13",115
"CTXsp","Cell_26455","CTXsp_12",184
"CTXsp","Cell_40753","CTXsp_13",115
"CTXsp","Cell_41845","CTXsp_13",115
"CTXsp","Cell_7655","CTXsp_12",184
"CTXsp","Cell_3443","CTXsp_13",115
"CTXsp","Cell_9157","CTXsp_12",184
"CTXsp","Cell_9903","CTXsp_12",184
"CTXsp","Cell_11038","CTXsp_12",184
"CTXsp","Cell_12720","CTXsp_12",184
"CTXsp","Cell_20835","CTXsp_14",78
"CTXsp","Cell_22079","CTXsp_12",184
"CTXsp","Cell_33844","CTXsp_12",184
"CTXsp","Cell_35632","CTXsp_12",184
"CTXsp","Cell_39894","CTXsp_13",115
"CTXsp","Cell_43735","CTXsp_13",115
"CTXsp","Cell_21369","CTXsp_14",78
"CTXsp","Cell_20727","CTXsp_14",78
"CTXsp","Cell_12802","CTXsp_14",78
"CTXsp","Cell_37613","CTXsp_14",78
"CTXsp","Cell_11860","CTXsp_12",184
"CTXsp","Cell_1006","CTXsp_13",115
"CTXsp","Cell_3120","CTXsp_13",115
"CTXsp","Cell_38677","CTXsp_13",115
"CTXsp","Cell_24342","CTXsp_12",184
"CTXsp","Cell_34022","CTXsp_12",184
"CTXsp","Cell_41084","CTXsp_13",115
"CTXsp","Cell_3579","CTXsp_12",184
"CTXsp","Cell_8597","CTXsp_12",184
"CTXsp","Cell_13420","CTXsp_4",112
"CTXsp","Cell_20857","CTXsp_4",112
"CTXsp","Cell_24828","CTXsp_4",112
"CTXsp","Cell_6077","CTXsp_4",112
"CTXsp","Cell_6176","CTXsp_4",112
"CTXsp","Cell_11042","CTXsp_4",112
"CTXsp","Cell_18795","CTXsp_4",112
"CTXsp","Cell_34410","CTXsp_4",112
"CTXsp","Cell_37217","CTXsp_4",112
"CTXsp","Cell_39621","CTXsp_4",112
"CTXsp","Cell_44101","CTXsp_4",112
"CTXsp","Cell_44253","CTXsp_4",112
"CTXsp","Cell_8484","CTXsp_4",112
"CTXsp","Cell_14407","CTXsp_4",112
"CTXsp","Cell_17398","CTXsp_4",112
"CTXsp","Cell_28437","CTXsp_4",112
"CTXsp","Cell_36303","CTXsp_4",112
"CTXsp","Cell_36955","CTXsp_4",112
"CTXsp","Cell_41092","CTXsp_4",112
"CTXsp","Cell_42503","CTXsp_4",112
"CTXsp","Cell_39893","CTXsp_4",112
"CTXsp","Cell_11865","CTXsp_4",112
"CTXsp","Cell_38766","CTXsp_4",112
"CTXsp","Cell_3284","CTXsp_4",112
"CTXsp","Cell_11357","CTXsp_4",112
"CTXsp","Cell_16836","CTXsp_4",112
"CTXsp","Cell_17515","CTXsp_4",112
"CTXsp","Cell_20437","CTXsp_4",112
"CTXsp","Cell_26263","CTXsp_4",112
"CTXsp","Cell_28917","CTXsp_4",112
"CTXsp","Cell_35806","CTXsp_4",112
"CTXsp","Cell_38473","CTXsp_4",112
"CTXsp","Cell_4369","CTXsp_4",112
"CTXsp","Cell_4849","CTXsp_4",112
"CTXsp","Cell_8168","CTXsp_4",112
"CTXsp","Cell_14318","CTXsp_4",112
"CTXsp","Cell_27063","CTXsp_4",112
"CTXsp","Cell_44333","CTXsp_4",112
"CTXsp","Cell_5385","CTXsp_4",112
"CTXsp","Cell_6148","CTXsp_4",112
"CTXsp","Cell_9354","CTXsp_4",112
"CTXsp","Cell_3750","CTXsp_4",112
"CTXsp","Cell_19496","CTXsp_4",112
"CTXsp","Cell_30923","CTXsp_4",112
"CTXsp","Cell_40359","CTXsp_4",112
"CTXsp","Cell_19896","CTXsp_4",112
"CTXsp","Cell_25523","CTXsp_4",112
"CTXsp","Cell_10137","CTXsp_4",112
"CTXsp","Cell_27022","CTXsp_4",112
"DG-mo","Cell_4172","DG-mo_1",53
"DG-mo","Cell_9401","DG-mo_2",24
"DG-mo","Cell_10697","DG-mo_2",24
"DG-mo","Cell_28879","DG-mo_1",53
"DG-mo","Cell_32496","DG-mo_2",24
"DG-mo","Cell_35028","DG-mo_2",24
"DG-mo","Cell_41596","DG-mo_1",53
"DG-mo","Cell_44102","DG-mo_1",53
"DG-mo","Cell_5586","DG-mo_4",53
"DG-mo","Cell_5939","DG-mo_2",24
"DG-mo","Cell_8778","DG-mo_2",24
"DG-mo","Cell_11054","DG-mo_4",53
"DG-mo","Cell_11360","DG-mo_5",16
"DG-mo","Cell_12350","DG-mo_1",53
"DG-mo","Cell_12605","DG-mo_2",24
"DG-mo","Cell_14386","DG-mo_1",53
"DG-mo","Cell_15682","DG-mo_2",24
"DG-mo","Cell_28446","DG-mo_5",16
"DG-mo","Cell_29363","DG-mo_5",16
"DG-mo","Cell_31248","DG-mo_7",25
"DG-mo","Cell_35306","DG-mo_5",16
"DG-mo","Cell_37792","DG-mo_2",24
"DG-mo","Cell_31921","DG-mo_1",53
"DG-mo","Cell_32963","DG-mo_2",24
"DG-mo","Cell_35514","DG-mo_2",24
"DG-mo","Cell_8635","DG-mo_4",53
"DG-mo","Cell_10435","DG-mo_1",53
"DG-mo","Cell_23556","DG-mo_4",53
"DG-mo","Cell_27546","DG-mo_1",53
"DG-mo","Cell_29418","DG-mo_7",25
"DG-mo","Cell_29955","DG-mo_1",53
"DG-mo","Cell_37820","DG-mo_9",28
"DG-mo","Cell_5847","DG-mo_2",24
"DG-mo","Cell_10620","DG-mo_2",24
"DG-mo","Cell_21329","DG-mo_2",24
"DG-mo","Cell_38497","DG-mo_2",24
"DG-mo","Cell_3348","DG-mo_5",16
"DG-mo","Cell_4657","DG-mo_2",24
"DG-mo","Cell_8227","DG-mo_2",24
"DG-mo","Cell_14815","DG-mo_2",24
"DG-mo","Cell_18609","DG-mo_7",25
"DG-mo","Cell_31158","DG-mo_2",24
"DG-mo","Cell_32219","DG-mo_5",16
"DG-mo","Cell_34275","DG-mo_1",53
"DG-mo","Cell_42342","DG-mo_5",16
"DG-mo","Cell_3165","DG-mo_7",25
"DG-mo","Cell_4915","DG-mo_2",24
"DG-mo","Cell_5533","DG-mo_9",28
"DG-mo","Cell_6010","DG-mo_4",53
"DG-mo","Cell_7092","DG-mo_7",25
"DG-mo","Cell_8331","DG-mo_1",53
"DG-mo","Cell_9160","DG-mo_1",53
"DG-mo","Cell_9177","DG-mo_4",53
"DG-mo","Cell_16692","DG-mo_1",53
"DG-mo","Cell_18083","DG-mo_9",28
"DG-mo","Cell_18516","DG-mo_5",16
"DG-mo","Cell_22345","DG-mo_7",25
"DG-mo","Cell_22790","DG-mo_4",53
"DG-mo","Cell_23991","DG-mo_5",16
"DG-mo","Cell_24564","DG-mo_7",25
"DG-mo","Cell_26843","DG-mo_4",53
"DG-mo","Cell_27655","DG-mo_9",28
"DG-mo","Cell_28320","DG-mo_1",53
"DG-mo","Cell_28811","DG-mo_4",53
"DG-mo","Cell_29356","DG-mo_9",28
"DG-mo","Cell_30076","DG-mo_4",53
"DG-mo","Cell_30459","DG-mo_7",25
"DG-mo","Cell_31877","DG-mo_7",25
"DG-mo","Cell_32627","DG-mo_4",53
"DG-mo","Cell_33113","DG-mo_1",53
"DG-mo","Cell_34250","DG-mo_1",53
"DG-mo","Cell_35251","DG-mo_4",53
"DG-mo","Cell_35273","DG-mo_9",28
"DG-mo","Cell_35349","DG-mo_4",53
"DG-mo","Cell_37350","DG-mo_1",53
"DG-mo","Cell_39571","DG-mo_5",16
"DG-mo","Cell_41346","DG-mo_9",28
"DG-mo","Cell_43045","DG-mo_1",53
"DG-mo","Cell_43498","DG-mo_4",53
"DG-mo","Cell_44932","DG-mo_1",53
"DG-mo","Cell_331","DG-mo_9",28
"DG-mo","Cell_2190","DG-mo_4",53
"DG-mo","Cell_2300","DG-mo_1",53
"DG-mo","Cell_2509","DG-mo_7",25
"DG-mo","Cell_4276","DG-mo_9",28
"DG-mo","Cell_7152","DG-mo_5",16
"DG-mo","Cell_10550","DG-mo_5",16
"DG-mo","Cell_11508","DG-mo_1",53
"DG-mo","Cell_17356","DG-mo_5",16
"DG-mo","Cell_18540","DG-mo_2",24
"DG-mo","Cell_23236","DG-mo_7",25
"DG-mo","Cell_23854","DG-mo_4",53
"DG-mo","Cell_23858","DG-mo_5",16
"DG-mo","Cell_25493","DG-mo_5",16
"DG-mo","Cell_28350","DG-mo_7",25
"DG-mo","Cell_30031","DG-mo_4",53
"DG-mo","Cell_32152","DG-mo_1",53
"DG-mo","Cell_37952","DG-mo_4",53
"DG-mo","Cell_40797","DG-mo_9",28
"DG-mo","Cell_42584","DG-mo_4",53
"DG-mo","Cell_42626","DG-mo_9",28
"DG-mo","Cell_42831","DG-mo_5",16
"DG-mo","Cell_43914","DG-mo_4",53
"DG-mo","Cell_44887","DG-mo_4",53
"DG-mo","Cell_45227","DG-mo_1",53
"DG-mo","Cell_1255","DG-mo_4",53
"DG-mo","Cell_5779","DG-mo_7",25
"DG-mo","Cell_6054","DG-mo_1",53
"DG-mo","Cell_12285","DG-mo_1",53
"DG-mo","Cell_25171","DG-mo_9",28
"DG-mo","Cell_27474","DG-mo_7",25
"DG-mo","Cell_30256","DG-mo_4",53
"DG-mo","Cell_31224","DG-mo_9",28
"DG-mo","Cell_40944","DG-mo_1",53
"DG-mo","Cell_41927","DG-mo_1",53
"DG-mo","Cell_42255","DG-mo_1",53
"DG-mo","Cell_42466","DG-mo_4",53
"DG-mo","Cell_42","DG-mo_4",53
"DG-mo","Cell_322","DG-mo_9",28
"DG-mo","Cell_1008","DG-mo_9",28
"DG-mo","Cell_1939","DG-mo_4",53
"DG-mo","Cell_2694","DG-mo_4",53
"DG-mo","Cell_5659","DG-mo_1",53
"DG-mo","Cell_6963","DG-mo_4",53
"DG-mo","Cell_7945","DG-mo_4",53
"DG-mo","Cell_10793","DG-mo_1",53
"DG-mo","Cell_12330","DG-mo_1",53
"DG-mo","Cell_12368","DG-mo_7",25
"DG-mo","Cell_14810","DG-mo_7",25
"DG-mo","Cell_14961","DG-mo_9",28
"DG-mo","Cell_15000","DG-mo_1",53
"DG-mo","Cell_16897","DG-mo_9",28
"DG-mo","Cell_16955","DG-mo_9",28
"DG-mo","Cell_18430","DG-mo_9",28
"DG-mo","Cell_19765","DG-mo_4",53
"DG-mo","Cell_20721","DG-mo_1",53
"DG-mo","Cell_20809","DG-mo_9",28
"DG-mo","Cell_21331","DG-mo_4",53
"DG-mo","Cell_22907","DG-mo_4",53
"DG-mo","Cell_23179","DG-mo_4",53
"DG-mo","Cell_23848","DG-mo_1",53
"DG-mo","Cell_24854","DG-mo_1",53
"DG-mo","Cell_25259","DG-mo_7",25
"DG-mo","Cell_25837","DG-mo_4",53
"DG-mo","Cell_26569","DG-mo_1",53
"DG-mo","Cell_26647","DG-mo_9",28
"DG-mo","Cell_26776","DG-mo_1",53
"DG-mo","Cell_26952","DG-mo_9",28
"DG-mo","Cell_26958","DG-mo_4",53
"DG-mo","Cell_27010","DG-mo_1",53
"DG-mo","Cell_27389","DG-mo_7",25
"DG-mo","Cell_27977","DG-mo_7",25
"DG-mo","Cell_30174","DG-mo_1",53
"DG-mo","Cell_30357","DG-mo_1",53
"DG-mo","Cell_31729","DG-mo_9",28
"DG-mo","Cell_33483","DG-mo_4",53
"DG-mo","Cell_34063","DG-mo_4",53
"DG-mo","Cell_34111","DG-mo_4",53
"DG-mo","Cell_34325","DG-mo_4",53
"DG-mo","Cell_35088","DG-mo_4",53
"DG-mo","Cell_35128","DG-mo_4",53
"DG-mo","Cell_35157","DG-mo_4",53
"DG-mo","Cell_35341","DG-mo_9",28
"DG-mo","Cell_35631","DG-mo_7",25
"DG-mo","Cell_35807","DG-mo_1",53
"DG-mo","Cell_37219","DG-mo_1",53
"DG-mo","Cell_37506","DG-mo_1",53
"DG-mo","Cell_37619","DG-mo_4",53
"DG-mo","Cell_39000","DG-mo_4",53
"DG-mo","Cell_39118","DG-mo_4",53
"DG-mo","Cell_39137","DG-mo_1",53
"DG-mo","Cell_41341","DG-mo_7",25
"DG-mo","Cell_41358","DG-mo_1",53
"DG-mo","Cell_43380","DG-mo_4",53
"DG-mo","Cell_44524","DG-mo_4",53
"DG-mo","Cell_17415","DG-mo_1",53
"DG-mo","Cell_17642","DG-mo_7",25
"DG-mo","Cell_19536","DG-mo_4",53
"DG-mo","Cell_28689","DG-mo_1",53
"DG-mo","Cell_32096","DG-mo_7",25
"DG-mo","Cell_36443","DG-mo_4",53
"DG-mo","Cell_5299","DG-mo_2",24
"DG-mo","Cell_27973","DG-mo_1",53
"DG-mo","Cell_28574","DG-mo_2",24
"DG-mo","Cell_36476","DG-mo_4",53
"DG-mo","Cell_35195","DG-mo_4",53
"DG-mo","Cell_35992","DG-mo_1",53
"DG-mo","Cell_39184","DG-mo_1",53
"DG-mo","Cell_9875","DG-mo_7",25
"DG-mo","Cell_10829","DG-mo_4",53
"DG-mo","Cell_20088","DG-mo_7",25
"DG-mo","Cell_30744","DG-mo_9",28
"DG-mo","Cell_32312","DG-mo_9",28
"DG-mo","Cell_39854","DG-mo_9",28
"DG-mo","Cell_6319","DG-mo_4",53
"DG-mo","Cell_40624","DG-mo_2",24
"DG-mo","Cell_10984","DG-mo_9",28
"DG-mo","Cell_24516","DG-mo_1",53
"DG-mo","Cell_31907","DG-mo_1",53
"DG-po","Cell_3551","DG-po_1",22
"DG-po","Cell_30062","DG-po_2",27
"DG-po","Cell_1636","DG-po_1",22
"DG-po","Cell_6297","DG-po_2",27
"DG-po","Cell_20882","DG-po_1",22
"DG-po","Cell_28303","DG-po_2",27
"DG-po","Cell_31361","DG-po_2",27
"DG-po","Cell_38663","DG-po_2",27
"DG-po","Cell_40660","DG-po_2",27
"DG-po","Cell_17301","DG-po_2",27
"DG-po","Cell_11657","DG-po_1",22
"DG-po","Cell_31099","DG-po_1",22
"DG-po","Cell_3151","DG-po_1",22
"DG-po","Cell_7562","DG-po_1",22
"DG-po","Cell_11470","DG-po_2",27
"DG-po","Cell_18143","DG-po_2",27
"DG-po","Cell_28551","DG-po_2",27
"DG-po","Cell_32953","DG-po_2",27
"DG-po","Cell_41291","DG-po_1",22
"DG-po","Cell_9573","DG-po_2",27
"DG-po","Cell_9825","DG-po_2",27
"DG-po","Cell_12806","DG-po_1",22
"DG-po","Cell_23069","DG-po_1",22
"DG-po","Cell_25191","DG-po_2",27
"DG-po","Cell_27235","DG-po_2",27
"DG-po","Cell_28005","DG-po_1",22
"DG-po","Cell_28158","DG-po_2",27
"DG-po","Cell_31125","DG-po_2",27
"DG-po","Cell_31757","DG-po_2",27
"DG-po","Cell_37825","DG-po_1",22
"DG-po","Cell_37934","DG-po_2",27
"DG-po","Cell_42585","DG-po_1",22
"DG-po","Cell_19607","DG-po_2",27
"DG-po","Cell_11653","DG-po_1",22
"DG-po","Cell_14818","DG-po_1",22
"DG-po","Cell_15566","DG-po_1",22
"DG-po","Cell_24452","DG-po_1",22
"DG-po","Cell_30224","DG-po_2",27
"DG-po","Cell_35125","DG-po_2",27
"DG-po","Cell_44797","DG-po_1",22
"DG-po","Cell_746","DG-po_1",22
"DG-po","Cell_11320","DG-po_1",22
"DG-po","Cell_14529","DG-po_2",27
"DG-po","Cell_21052","DG-po_2",27
"DG-po","Cell_34601","DG-po_1",22
"DG-po","Cell_36744","DG-po_2",27
"DG-po","Cell_42181","DG-po_2",27
"DG-po","Cell_37580","DG-po_1",22
"DG-po","Cell_30623","DG-po_2",27
"DG-sg","Cell_3981","DG-sg_1",177
"DG-sg","Cell_4700","DG-sg_2",216
"DG-sg","Cell_5160","DG-sg_3",79
"DG-sg","Cell_6703","DG-sg_4",161
"DG-sg","Cell_6925","DG-sg_4",161
"DG-sg","Cell_9366","DG-sg_4",161
"DG-sg","Cell_9647","DG-sg_1",177
"DG-sg","Cell_11336","DG-sg_4",161
"DG-sg","Cell_12541","DG-sg_4",161
"DG-sg","Cell_14854","DG-sg_4",161
"DG-sg","Cell_16873","DG-sg_3",79
"DG-sg","Cell_18471","DG-sg_1",177
"DG-sg","Cell_19258","DG-sg_1",177
"DG-sg","Cell_24940","DG-sg_4",161
"DG-sg","Cell_25642","DG-sg_1",177
"DG-sg","Cell_25815","DG-sg_1",177
"DG-sg","Cell_27536","DG-sg_1",177
"DG-sg","Cell_28484","DG-sg_3",79
"DG-sg","Cell_28735","DG-sg_4",161
"DG-sg","Cell_30498","DG-sg_3",79
"DG-sg","Cell_31026","DG-sg_4",161
"DG-sg","Cell_33131","DG-sg_4",161
"DG-sg","Cell_34828","DG-sg_5",107
"DG-sg","Cell_35000","DG-sg_2",216
"DG-sg","Cell_35507","DG-sg_5",107
"DG-sg","Cell_37929","DG-sg_1",177
"DG-sg","Cell_38486","DG-sg_1",177
"DG-sg","Cell_40902","DG-sg_4",161
"DG-sg","Cell_41997","DG-sg_5",107
"DG-sg","Cell_1670","DG-sg_1",177
"DG-sg","Cell_7155","DG-sg_1",177
"DG-sg","Cell_8377","DG-sg_4",161
"DG-sg","Cell_24089","DG-sg_4",161
"DG-sg","Cell_26462","DG-sg_4",161
"DG-sg","Cell_29991","DG-sg_4",161
"DG-sg","Cell_30677","DG-sg_1",177
"DG-sg","Cell_34883","DG-sg_4",161
"DG-sg","Cell_34931","DG-sg_4",161
"DG-sg","Cell_37169","DG-sg_1",177
"DG-sg","Cell_936","DG-sg_5",107
"DG-sg","Cell_1161","DG-sg_4",161
"DG-sg","Cell_1304","DG-sg_5",107
"DG-sg","Cell_1305","DG-sg_1",177
"DG-sg","Cell_2015","DG-sg_5",107
"DG-sg","Cell_4810","DG-sg_2",216
"DG-sg","Cell_6878","DG-sg_4",161
"DG-sg","Cell_7411","DG-sg_5",107
"DG-sg","Cell_8615","DG-sg_1",177
"DG-sg","Cell_10583","DG-sg_1",177
"DG-sg","Cell_11449","DG-sg_1",177
"DG-sg","Cell_14580","DG-sg_1",177
"DG-sg","Cell_14643","DG-sg_1",177
"DG-sg","Cell_18971","DG-sg_4",161
"DG-sg","Cell_19278","DG-sg_2",216
"DG-sg","Cell_27833","DG-sg_1",177
"DG-sg","Cell_30471","DG-sg_5",107
"DG-sg","Cell_35740","DG-sg_1",177
"DG-sg","Cell_35768","DG-sg_3",79
"DG-sg","Cell_36517","DG-sg_4",161
"DG-sg","Cell_36918","DG-sg_4",161
"DG-sg","Cell_2288","DG-sg_2",216
"DG-sg","Cell_6201","DG-sg_6",132
"DG-sg","Cell_7247","DG-sg_1",177
"DG-sg","Cell_8355","DG-sg_5",107
"DG-sg","Cell_9258","DG-sg_2",216
"DG-sg","Cell_10468","DG-sg_1",177
"DG-sg","Cell_10854","DG-sg_2",216
"DG-sg","Cell_11404","DG-sg_6",132
"DG-sg","Cell_19658","DG-sg_2",216
"DG-sg","Cell_22630","DG-sg_5",107
"DG-sg","Cell_26182","DG-sg_1",177
"DG-sg","Cell_30933","DG-sg_1",177
"DG-sg","Cell_32133","DG-sg_6",132
"DG-sg","Cell_34496","DG-sg_3",79
"DG-sg","Cell_39771","DG-sg_1",177
"DG-sg","Cell_42806","DG-sg_5",107
"DG-sg","Cell_43881","DG-sg_6",132
"DG-sg","Cell_187","DG-sg_2",216
"DG-sg","Cell_429","DG-sg_3",79
"DG-sg","Cell_806","DG-sg_3",79
"DG-sg","Cell_990","DG-sg_4",161
"DG-sg","Cell_1348","DG-sg_2",216
"DG-sg","Cell_1653","DG-sg_4",161
"DG-sg","Cell_2319","DG-sg_1",177
"DG-sg","Cell_2372","DG-sg_1",177
"DG-sg","Cell_2384","DG-sg_6",132
"DG-sg","Cell_2563","DG-sg_1",177
"DG-sg","Cell_2761","DG-sg_4",161
"DG-sg","Cell_3090","DG-sg_6",132
"DG-sg","Cell_3214","DG-sg_1",177
"DG-sg","Cell_3225","DG-sg_2",216
"DG-sg","Cell_3297","DG-sg_6",132
"DG-sg","Cell_3513","DG-sg_3",79
"DG-sg","Cell_3684","DG-sg_4",161
"DG-sg","Cell_3744","DG-sg_2",216
"DG-sg","Cell_3908","DG-sg_4",161
"DG-sg","Cell_4129","DG-sg_4",161
"DG-sg","Cell_5315","DG-sg_5",107
"DG-sg","Cell_5399","DG-sg_5",107
"DG-sg","Cell_5580","DG-sg_5",107
"DG-sg","Cell_5770","DG-sg_2",216
"DG-sg","Cell_6042","DG-sg_1",177
"DG-sg","Cell_6113","DG-sg_5",107
"DG-sg","Cell_6296","DG-sg_2",216
"DG-sg","Cell_6989","DG-sg_1",177
"DG-sg","Cell_7158","DG-sg_1",177
"DG-sg","Cell_7245","DG-sg_1",177
"DG-sg","Cell_7287","DG-sg_4",161
"DG-sg","Cell_7534","DG-sg_4",161
"DG-sg","Cell_7987","DG-sg_6",132
"DG-sg","Cell_7999","DG-sg_4",161
"DG-sg","Cell_8126","DG-sg_1",177
"DG-sg","Cell_8270","DG-sg_6",132
"DG-sg","Cell_8616","DG-sg_1",177
"DG-sg","Cell_8720","DG-sg_3",79
"DG-sg","Cell_8896","DG-sg_4",161
"DG-sg","Cell_9087","DG-sg_2",216
"DG-sg","Cell_9099","DG-sg_2",216
"DG-sg","Cell_9198","DG-sg_5",107
"DG-sg","Cell_9256","DG-sg_2",216
"DG-sg","Cell_9288","DG-sg_5",107
"DG-sg","Cell_9436","DG-sg_6",132
"DG-sg","Cell_9675","DG-sg_6",132
"DG-sg","Cell_10043","DG-sg_2",216
"DG-sg","Cell_10260","DG-sg_1",177
"DG-sg","Cell_10379","DG-sg_4",161
"DG-sg","Cell_10903","DG-sg_1",177
"DG-sg","Cell_11036","DG-sg_4",161
"DG-sg","Cell_11069","DG-sg_3",79
"DG-sg","Cell_11087","DG-sg_2",216
"DG-sg","Cell_11323","DG-sg_3",79
"DG-sg","Cell_11358","DG-sg_5",107
"DG-sg","Cell_11386","DG-sg_4",161
"DG-sg","Cell_11866","DG-sg_4",161
"DG-sg","Cell_11886","DG-sg_6",132
"DG-sg","Cell_12444","DG-sg_3",79
"DG-sg","Cell_12572","DG-sg_5",107
"DG-sg","Cell_12850","DG-sg_5",107
"DG-sg","Cell_12876","DG-sg_4",161
"DG-sg","Cell_12918","DG-sg_4",161
"DG-sg","Cell_13346","DG-sg_3",79
"DG-sg","Cell_13415","DG-sg_4",161
"DG-sg","Cell_13601","DG-sg_4",161
"DG-sg","Cell_13628","DG-sg_3",79
"DG-sg","Cell_13974","DG-sg_2",216
"DG-sg","Cell_14119","DG-sg_6",132
"DG-sg","Cell_14340","DG-sg_2",216
"DG-sg","Cell_14400","DG-sg_6",132
"DG-sg","Cell_14508","DG-sg_4",161
"DG-sg","Cell_15200","DG-sg_4",161
"DG-sg","Cell_16109","DG-sg_1",177
"DG-sg","Cell_16280","DG-sg_6",132
"DG-sg","Cell_16436","DG-sg_2",216
"DG-sg","Cell_16886","DG-sg_5",107
"DG-sg","Cell_16927","DG-sg_1",177
"DG-sg","Cell_17036","DG-sg_5",107
"DG-sg","Cell_17262","DG-sg_1",177
"DG-sg","Cell_17816","DG-sg_3",79
"DG-sg","Cell_17865","DG-sg_3",79
"DG-sg","Cell_17897","DG-sg_2",216
"DG-sg","Cell_18168","DG-sg_2",216
"DG-sg","Cell_18186","DG-sg_2",216
"DG-sg","Cell_18530","DG-sg_4",161
"DG-sg","Cell_18807","DG-sg_4",161
"DG-sg","Cell_18901","DG-sg_4",161
"DG-sg","Cell_18910","DG-sg_4",161
"DG-sg","Cell_19261","DG-sg_4",161
"DG-sg","Cell_19325","DG-sg_2",216
"DG-sg","Cell_19335","DG-sg_5",107
"DG-sg","Cell_19525","DG-sg_2",216
"DG-sg","Cell_20068","DG-sg_5",107
"DG-sg","Cell_20257","DG-sg_4",161
"DG-sg","Cell_20885","DG-sg_4",161
"DG-sg","Cell_20895","DG-sg_6",132
"DG-sg","Cell_20931","DG-sg_2",216
"DG-sg","Cell_21315","DG-sg_4",161
"DG-sg","Cell_21495","DG-sg_6",132
"DG-sg","Cell_21565","DG-sg_6",132
"DG-sg","Cell_22325","DG-sg_4",161
"DG-sg","Cell_22357","DG-sg_1",177
"DG-sg","Cell_22478","DG-sg_2",216
"DG-sg","Cell_22481","DG-sg_4",161
"DG-sg","Cell_22538","DG-sg_2",216
"DG-sg","Cell_22616","DG-sg_4",161
"DG-sg","Cell_22811","DG-sg_2",216
"DG-sg","Cell_23232","DG-sg_6",132
"DG-sg","Cell_23252","DG-sg_6",132
"DG-sg","Cell_23253","DG-sg_5",107
"DG-sg","Cell_23329","DG-sg_6",132
"DG-sg","Cell_23498","DG-sg_1",177
"DG-sg","Cell_23732","DG-sg_5",107
"DG-sg","Cell_23900","DG-sg_4",161
"DG-sg","Cell_23982","DG-sg_4",161
"DG-sg","Cell_24533","DG-sg_5",107
"DG-sg","Cell_24840","DG-sg_2",216
"DG-sg","Cell_25241","DG-sg_2",216
"DG-sg","Cell_25621","DG-sg_4",161
"DG-sg","Cell_25769","DG-sg_2",216
"DG-sg","Cell_25958","DG-sg_4",161
"DG-sg","Cell_27497","DG-sg_4",161
"DG-sg","Cell_27577","DG-sg_1",177
"DG-sg","Cell_27600","DG-sg_6",132
"DG-sg","Cell_27684","DG-sg_1",177
"DG-sg","Cell_27805","DG-sg_6",132
"DG-sg","Cell_28230","DG-sg_2",216
"DG-sg","Cell_28517","DG-sg_4",161
"DG-sg","Cell_28543","DG-sg_3",79
"DG-sg","Cell_28738","DG-sg_5",107
"DG-sg","Cell_28762","DG-sg_2",216
"DG-sg","Cell_29047","DG-sg_3",79
"DG-sg","Cell_29147","DG-sg_2",216
"DG-sg","Cell_29150","DG-sg_4",161
"DG-sg","Cell_29222","DG-sg_4",161
"DG-sg","Cell_29496","DG-sg_1",177
"DG-sg","Cell_29507","DG-sg_4",161
"DG-sg","Cell_29580","DG-sg_2",216
"DG-sg","Cell_30275","DG-sg_1",177
"DG-sg","Cell_31001","DG-sg_5",107
"DG-sg","Cell_31326","DG-sg_4",161
"DG-sg","Cell_31357","DG-sg_6",132
"DG-sg","Cell_31381","DG-sg_2",216
"DG-sg","Cell_31746","DG-sg_5",107
"DG-sg","Cell_32400","DG-sg_4",161
"DG-sg","Cell_32650","DG-sg_2",216
"DG-sg","Cell_32787","DG-sg_1",177
"DG-sg","Cell_32918","DG-sg_5",107
"DG-sg","Cell_33196","DG-sg_3",79
"DG-sg","Cell_33376","DG-sg_5",107
"DG-sg","Cell_33932","DG-sg_5",107
"DG-sg","Cell_33982","DG-sg_3",79
"DG-sg","Cell_34356","DG-sg_2",216
"DG-sg","Cell_34832","DG-sg_5",107
"DG-sg","Cell_34879","DG-sg_4",161
"DG-sg","Cell_35104","DG-sg_4",161
"DG-sg","Cell_35888","DG-sg_5",107
"DG-sg","Cell_35891","DG-sg_3",79
"DG-sg","Cell_36210","DG-sg_2",216
"DG-sg","Cell_36308","DG-sg_2",216
"DG-sg","Cell_36422","DG-sg_3",79
"DG-sg","Cell_36968","DG-sg_5",107
"DG-sg","Cell_36998","DG-sg_2",216
"DG-sg","Cell_37180","DG-sg_5",107
"DG-sg","Cell_37333","DG-sg_5",107
"DG-sg","Cell_37391","DG-sg_4",161
"DG-sg","Cell_37415","DG-sg_6",132
"DG-sg","Cell_37421","DG-sg_3",79
"DG-sg","Cell_37571","DG-sg_6",132
"DG-sg","Cell_37891","DG-sg_4",161
"DG-sg","Cell_37930","DG-sg_4",161
"DG-sg","Cell_37973","DG-sg_3",79
"DG-sg","Cell_38583","DG-sg_2",216
"DG-sg","Cell_38742","DG-sg_4",161
"DG-sg","Cell_38774","DG-sg_2",216
"DG-sg","Cell_38823","DG-sg_4",161
"DG-sg","Cell_39117","DG-sg_5",107
"DG-sg","Cell_39142","DG-sg_1",177
"DG-sg","Cell_39448","DG-sg_2",216
"DG-sg","Cell_39671","DG-sg_3",79
"DG-sg","Cell_39988","DG-sg_4",161
"DG-sg","Cell_40080","DG-sg_2",216
"DG-sg","Cell_40280","DG-sg_5",107
"DG-sg","Cell_40639","DG-sg_6",132
"DG-sg","Cell_40655","DG-sg_2",216
"DG-sg","Cell_40939","DG-sg_1",177
"DG-sg","Cell_41023","DG-sg_2",216
"DG-sg","Cell_41048","DG-sg_1",177
"DG-sg","Cell_41168","DG-sg_3",79
"DG-sg","Cell_41250","DG-sg_6",132
"DG-sg","Cell_41320","DG-sg_2",216
"DG-sg","Cell_41460","DG-sg_6",132
"DG-sg","Cell_41711","DG-sg_1",177
"DG-sg","Cell_41765","DG-sg_2",216
"DG-sg","Cell_41839","DG-sg_4",161
"DG-sg","Cell_41855","DG-sg_2",216
"DG-sg","Cell_42640","DG-sg_5",107
"DG-sg","Cell_42659","DG-sg_5",107
"DG-sg","Cell_42758","DG-sg_2",216
"DG-sg","Cell_42991","DG-sg_5",107
"DG-sg","Cell_42997","DG-sg_4",161
"DG-sg","Cell_43108","DG-sg_6",132
"DG-sg","Cell_43119","DG-sg_2",216
"DG-sg","Cell_43142","DG-sg_3",79
"DG-sg","Cell_44132","DG-sg_3",79
"DG-sg","Cell_44629","DG-sg_2",216
"DG-sg","Cell_44848","DG-sg_2",216
"DG-sg","Cell_44918","DG-sg_4",161
"DG-sg","Cell_44995","DG-sg_6",132
"DG-sg","Cell_45052","DG-sg_5",107
"DG-sg","Cell_45077","DG-sg_5",107
"DG-sg","Cell_45111","DG-sg_4",161
"DG-sg","Cell_141","DG-sg_2",216
"DG-sg","Cell_174","DG-sg_1",177
"DG-sg","Cell_1402","DG-sg_6",132
"DG-sg","Cell_1776","DG-sg_5",107
"DG-sg","Cell_1973","DG-sg_4",161
"DG-sg","Cell_2100","DG-sg_1",177
"DG-sg","Cell_2321","DG-sg_2",216
"DG-sg","Cell_2539","DG-sg_2",216
"DG-sg","Cell_2572","DG-sg_3",79
"DG-sg","Cell_3168","DG-sg_4",161
"DG-sg","Cell_3207","DG-sg_5",107
"DG-sg","Cell_4616","DG-sg_1",177
"DG-sg","Cell_4650","DG-sg_3",79
"DG-sg","Cell_4798","DG-sg_6",132
"DG-sg","Cell_4912","DG-sg_5",107
"DG-sg","Cell_4988","DG-sg_1",177
"DG-sg","Cell_5020","DG-sg_5",107
"DG-sg","Cell_5528","DG-sg_2",216
"DG-sg","Cell_5760","DG-sg_2",216
"DG-sg","Cell_5804","DG-sg_3",79
"DG-sg","Cell_5831","DG-sg_4",161
"DG-sg","Cell_5857","DG-sg_1",177
"DG-sg","Cell_6364","DG-sg_4",161
"DG-sg","Cell_6379","DG-sg_2",216
"DG-sg","Cell_6416","DG-sg_6",132
"DG-sg","Cell_6517","DG-sg_6",132
"DG-sg","Cell_6576","DG-sg_2",216
"DG-sg","Cell_6577","DG-sg_6",132
"DG-sg","Cell_6676","DG-sg_2",216
"DG-sg","Cell_7133","DG-sg_1",177
"DG-sg","Cell_7316","DG-sg_2",216
"DG-sg","Cell_7953","DG-sg_1",177
"DG-sg","Cell_7957","DG-sg_1",177
"DG-sg","Cell_8185","DG-sg_1",177
"DG-sg","Cell_8308","DG-sg_2",216
"DG-sg","Cell_8550","DG-sg_3",79
"DG-sg","Cell_8951","DG-sg_1",177
"DG-sg","Cell_9291","DG-sg_6",132
"DG-sg","Cell_9307","DG-sg_4",161
"DG-sg","Cell_10224","DG-sg_2",216
"DG-sg","Cell_10384","DG-sg_1",177
"DG-sg","Cell_10594","DG-sg_2",216
"DG-sg","Cell_10597","DG-sg_1",177
"DG-sg","Cell_10611","DG-sg_2",216
"DG-sg","Cell_10823","DG-sg_6",132
"DG-sg","Cell_11271","DG-sg_1",177
"DG-sg","Cell_11616","DG-sg_1",177
"DG-sg","Cell_11647","DG-sg_1",177
"DG-sg","Cell_11755","DG-sg_4",161
"DG-sg","Cell_12467","DG-sg_2",216
"DG-sg","Cell_13041","DG-sg_1",177
"DG-sg","Cell_13098","DG-sg_2",216
"DG-sg","Cell_13219","DG-sg_2",216
"DG-sg","Cell_13381","DG-sg_2",216
"DG-sg","Cell_14007","DG-sg_1",177
"DG-sg","Cell_14163","DG-sg_6",132
"DG-sg","Cell_14233","DG-sg_4",161
"DG-sg","Cell_14504","DG-sg_1",177
"DG-sg","Cell_14608","DG-sg_6",132
"DG-sg","Cell_14839","DG-sg_5",107
"DG-sg","Cell_14924","DG-sg_1",177
"DG-sg","Cell_15167","DG-sg_6",132
"DG-sg","Cell_15678","DG-sg_4",161
"DG-sg","Cell_15748","DG-sg_2",216
"DG-sg","Cell_15753","DG-sg_2",216
"DG-sg","Cell_15756","DG-sg_6",132
"DG-sg","Cell_15898","DG-sg_3",79
"DG-sg","Cell_16282","DG-sg_2",216
"DG-sg","Cell_16588","DG-sg_3",79
"DG-sg","Cell_16662","DG-sg_2",216
"DG-sg","Cell_16988","DG-sg_6",132
"DG-sg","Cell_16999","DG-sg_6",132
"DG-sg","Cell_17313","DG-sg_4",161
"DG-sg","Cell_17341","DG-sg_2",216
"DG-sg","Cell_17348","DG-sg_1",177
"DG-sg","Cell_17851","DG-sg_2",216
"DG-sg","Cell_17900","DG-sg_4",161
"DG-sg","Cell_18058","DG-sg_1",177
"DG-sg","Cell_18074","DG-sg_4",161
"DG-sg","Cell_18735","DG-sg_4",161
"DG-sg","Cell_19213","DG-sg_6",132
"DG-sg","Cell_19616","DG-sg_1",177
"DG-sg","Cell_19798","DG-sg_3",79
"DG-sg","Cell_19808","DG-sg_2",216
"DG-sg","Cell_20029","DG-sg_5",107
"DG-sg","Cell_20120","DG-sg_6",132
"DG-sg","Cell_20754","DG-sg_6",132
"DG-sg","Cell_21070","DG-sg_6",132
"DG-sg","Cell_21128","DG-sg_1",177
"DG-sg","Cell_21156","DG-sg_1",177
"DG-sg","Cell_21360","DG-sg_1",177
"DG-sg","Cell_21492","DG-sg_5",107
"DG-sg","Cell_21559","DG-sg_2",216
"DG-sg","Cell_21734","DG-sg_6",132
"DG-sg","Cell_21817","DG-sg_1",177
"DG-sg","Cell_22466","DG-sg_1",177
"DG-sg","Cell_22896","DG-sg_3",79
"DG-sg","Cell_23041","DG-sg_1",177
"DG-sg","Cell_23260","DG-sg_6",132
"DG-sg","Cell_23267","DG-sg_6",132
"DG-sg","Cell_23336","DG-sg_5",107
"DG-sg","Cell_24063","DG-sg_3",79
"DG-sg","Cell_24111","DG-sg_2",216
"DG-sg","Cell_24211","DG-sg_1",177
"DG-sg","Cell_24288","DG-sg_1",177
"DG-sg","Cell_24597","DG-sg_1",177
"DG-sg","Cell_24757","DG-sg_2",216
"DG-sg","Cell_25066","DG-sg_2",216
"DG-sg","Cell_25178","DG-sg_6",132
"DG-sg","Cell_25255","DG-sg_4",161
"DG-sg","Cell_25300","DG-sg_1",177
"DG-sg","Cell_25513","DG-sg_6",132
"DG-sg","Cell_25563","DG-sg_1",177
"DG-sg","Cell_25571","DG-sg_6",132
"DG-sg","Cell_25710","DG-sg_1",177
"DG-sg","Cell_25818","DG-sg_6",132
"DG-sg","Cell_25928","DG-sg_3",79
"DG-sg","Cell_25973","DG-sg_1",177
"DG-sg","Cell_26187","DG-sg_2",216
"DG-sg","Cell_26623","DG-sg_1",177
"DG-sg","Cell_26640","DG-sg_5",107
"DG-sg","Cell_27097","DG-sg_4",161
"DG-sg","Cell_27246","DG-sg_1",177
"DG-sg","Cell_27274","DG-sg_4",161
"DG-sg","Cell_27281","DG-sg_6",132
"DG-sg","Cell_27841","DG-sg_2",216
"DG-sg","Cell_27874","DG-sg_2",216
"DG-sg","Cell_27914","DG-sg_2",216
"DG-sg","Cell_28469","DG-sg_3",79
"DG-sg","Cell_29023","DG-sg_2",216
"DG-sg","Cell_29288","DG-sg_3",79
"DG-sg","Cell_29771","DG-sg_1",177
"DG-sg","Cell_29889","DG-sg_1",177
"DG-sg","Cell_30018","DG-sg_3",79
"DG-sg","Cell_30193","DG-sg_1",177
"DG-sg","Cell_30587","DG-sg_6",132
"DG-sg","Cell_30734","DG-sg_1",177
"DG-sg","Cell_31768","DG-sg_2",216
"DG-sg","Cell_31789","DG-sg_2",216
"DG-sg","Cell_32159","DG-sg_4",161
"DG-sg","Cell_32658","DG-sg_1",177
"DG-sg","Cell_33584","DG-sg_6",132
"DG-sg","Cell_33611","DG-sg_6",132
"DG-sg","Cell_33701","DG-sg_2",216
"DG-sg","Cell_33730","DG-sg_5",107
"DG-sg","Cell_34465","DG-sg_6",132
"DG-sg","Cell_34619","DG-sg_4",161
"DG-sg","Cell_35152","DG-sg_3",79
"DG-sg","Cell_35478","DG-sg_5",107
"DG-sg","Cell_35831","DG-sg_4",161
"DG-sg","Cell_35950","DG-sg_6",132
"DG-sg","Cell_37104","DG-sg_3",79
"DG-sg","Cell_37360","DG-sg_1",177
"DG-sg","Cell_37650","DG-sg_4",161
"DG-sg","Cell_37699","DG-sg_4",161
"DG-sg","Cell_37736","DG-sg_6",132
"DG-sg","Cell_37767","DG-sg_4",161
"DG-sg","Cell_37788","DG-sg_6",132
"DG-sg","Cell_38208","DG-sg_5",107
"DG-sg","Cell_38561","DG-sg_6",132
"DG-sg","Cell_39429","DG-sg_5",107
"DG-sg","Cell_39490","DG-sg_4",161
"DG-sg","Cell_39816","DG-sg_2",216
"DG-sg","Cell_40029","DG-sg_4",161
"DG-sg","Cell_40112","DG-sg_4",161
"DG-sg","Cell_40675","DG-sg_4",161
"DG-sg","Cell_40904","DG-sg_6",132
"DG-sg","Cell_41003","DG-sg_5",107
"DG-sg","Cell_41077","DG-sg_1",177
"DG-sg","Cell_41821","DG-sg_6",132
"DG-sg","Cell_42489","DG-sg_6",132
"DG-sg","Cell_42530","DG-sg_1",177
"DG-sg","Cell_42595","DG-sg_2",216
"DG-sg","Cell_43131","DG-sg_5",107
"DG-sg","Cell_43467","DG-sg_1",177
"DG-sg","Cell_43518","DG-sg_5",107
"DG-sg","Cell_44295","DG-sg_1",177
"DG-sg","Cell_44924","DG-sg_1",177
"DG-sg","Cell_44928","DG-sg_5",107
"DG-sg","Cell_44949","DG-sg_2",216
"DG-sg","Cell_45139","DG-sg_1",177
"DG-sg","Cell_8408","DG-sg_4",161
"DG-sg","Cell_13976","DG-sg_2",216
"DG-sg","Cell_2807","DG-sg_4",161
"DG-sg","Cell_7515","DG-sg_4",161
"DG-sg","Cell_19608","DG-sg_6",132
"DG-sg","Cell_24633","DG-sg_6",132
"DG-sg","Cell_36018","DG-sg_5",107
"DG-sg","Cell_39563","DG-sg_3",79
"DG-sg","Cell_1626","DG-sg_3",79
"DG-sg","Cell_1908","DG-sg_2",216
"DG-sg","Cell_4343","DG-sg_4",161
"DG-sg","Cell_4566","DG-sg_1",177
"DG-sg","Cell_6356","DG-sg_4",161
"DG-sg","Cell_6545","DG-sg_3",79
"DG-sg","Cell_7448","DG-sg_3",79
"DG-sg","Cell_7596","DG-sg_5",107
"DG-sg","Cell_7956","DG-sg_3",79
"DG-sg","Cell_8295","DG-sg_3",79
"DG-sg","Cell_9347","DG-sg_1",177
"DG-sg","Cell_9807","DG-sg_5",107
"DG-sg","Cell_9824","DG-sg_4",161
"DG-sg","Cell_10721","DG-sg_1",177
"DG-sg","Cell_10988","DG-sg_2",216
"DG-sg","Cell_12276","DG-sg_2",216
"DG-sg","Cell_14397","DG-sg_5",107
"DG-sg","Cell_16102","DG-sg_5",107
"DG-sg","Cell_17352","DG-sg_2",216
"DG-sg","Cell_17525","DG-sg_2",216
"DG-sg","Cell_18014","DG-sg_4",161
"DG-sg","Cell_18018","DG-sg_1",177
"DG-sg","Cell_18377","DG-sg_3",79
"DG-sg","Cell_18434","DG-sg_4",161
"DG-sg","Cell_20440","DG-sg_4",161
"DG-sg","Cell_20491","DG-sg_5",107
"DG-sg","Cell_23245","DG-sg_3",79
"DG-sg","Cell_23268","DG-sg_4",161
"DG-sg","Cell_23918","DG-sg_5",107
"DG-sg","Cell_24196","DG-sg_3",79
"DG-sg","Cell_24383","DG-sg_5",107
"DG-sg","Cell_24472","DG-sg_1",177
"DG-sg","Cell_25071","DG-sg_4",161
"DG-sg","Cell_25301","DG-sg_4",161
"DG-sg","Cell_25924","DG-sg_3",79
"DG-sg","Cell_27426","DG-sg_4",161
"DG-sg","Cell_28769","DG-sg_3",79
"DG-sg","Cell_29550","DG-sg_5",107
"DG-sg","Cell_32844","DG-sg_5",107
"DG-sg","Cell_33616","DG-sg_3",79
"DG-sg","Cell_33887","DG-sg_3",79
"DG-sg","Cell_34101","DG-sg_2",216
"DG-sg","Cell_34176","DG-sg_3",79
"DG-sg","Cell_34534","DG-sg_5",107
"DG-sg","Cell_36293","DG-sg_2",216
"DG-sg","Cell_36487","DG-sg_4",161
"DG-sg","Cell_36988","DG-sg_4",161
"DG-sg","Cell_38019","DG-sg_5",107
"DG-sg","Cell_38444","DG-sg_4",161
"DG-sg","Cell_39391","DG-sg_1",177
"DG-sg","Cell_39529","DG-sg_5",107
"DG-sg","Cell_41059","DG-sg_1",177
"DG-sg","Cell_41866","DG-sg_6",132
"DG-sg","Cell_42144","DG-sg_3",79
"DG-sg","Cell_42597","DG-sg_4",161
"DG-sg","Cell_42838","DG-sg_2",216
"DG-sg","Cell_43761","DG-sg_2",216
"DG-sg","Cell_44437","DG-sg_4",161
"DG-sg","Cell_44644","DG-sg_4",161
"DG-sg","Cell_44703","DG-sg_2",216
"DG-sg","Cell_44758","DG-sg_6",132
"DG-sg","Cell_100","DG-sg_2",216
"DG-sg","Cell_107","DG-sg_5",107
"DG-sg","Cell_115","DG-sg_2",216
"DG-sg","Cell_116","DG-sg_4",161
"DG-sg","Cell_186","DG-sg_1",177
"DG-sg","Cell_384","DG-sg_2",216
"DG-sg","Cell_649","DG-sg_6",132
"DG-sg","Cell_754","DG-sg_6",132
"DG-sg","Cell_846","DG-sg_2",216
"DG-sg","Cell_1120","DG-sg_4",161
"DG-sg","Cell_1138","DG-sg_2",216
"DG-sg","Cell_1147","DG-sg_2",216
"DG-sg","Cell_1165","DG-sg_2",216
"DG-sg","Cell_1189","DG-sg_6",132
"DG-sg","Cell_1321","DG-sg_1",177
"DG-sg","Cell_1418","DG-sg_1",177
"DG-sg","Cell_1685","DG-sg_3",79
"DG-sg","Cell_1772","DG-sg_1",177
"DG-sg","Cell_1870","DG-sg_6",132
"DG-sg","Cell_1946","DG-sg_6",132
"DG-sg","Cell_1991","DG-sg_3",79
"DG-sg","Cell_1997","DG-sg_2",216
"DG-sg","Cell_2038","DG-sg_1",177
"DG-sg","Cell_2283","DG-sg_4",161
"DG-sg","Cell_2292","DG-sg_1",177
"DG-sg","Cell_2484","DG-sg_4",161
"DG-sg","Cell_2549","DG-sg_3",79
"DG-sg","Cell_2696","DG-sg_1",177
"DG-sg","Cell_3041","DG-sg_6",132
"DG-sg","Cell_3113","DG-sg_2",216
"DG-sg","Cell_3318","DG-sg_2",216
"DG-sg","Cell_3568","DG-sg_2",216
"DG-sg","Cell_3671","DG-sg_6",132
"DG-sg","Cell_4328","DG-sg_2",216
"DG-sg","Cell_4579","DG-sg_6",132
"DG-sg","Cell_4586","DG-sg_1",177
"DG-sg","Cell_5181","DG-sg_1",177
"DG-sg","Cell_5271","DG-sg_6",132
"DG-sg","Cell_5572","DG-sg_6",132
"DG-sg","Cell_5855","DG-sg_4",161
"DG-sg","Cell_5866","DG-sg_5",107
"DG-sg","Cell_6048","DG-sg_1",177
"DG-sg","Cell_6222","DG-sg_2",216
"DG-sg","Cell_6454","DG-sg_1",177
"DG-sg","Cell_6656","DG-sg_2",216
"DG-sg","Cell_7025","DG-sg_2",216
"DG-sg","Cell_7045","DG-sg_4",161
"DG-sg","Cell_7100","DG-sg_1",177
"DG-sg","Cell_7106","DG-sg_6",132
"DG-sg","Cell_7274","DG-sg_5",107
"DG-sg","Cell_7385","DG-sg_6",132
"DG-sg","Cell_7750","DG-sg_2",216
"DG-sg","Cell_7926","DG-sg_4",161
"DG-sg","Cell_7936","DG-sg_6",132
"DG-sg","Cell_8172","DG-sg_2",216
"DG-sg","Cell_8610","DG-sg_1",177
"DG-sg","Cell_8852","DG-sg_1",177
"DG-sg","Cell_8965","DG-sg_1",177
"DG-sg","Cell_8987","DG-sg_2",216
"DG-sg","Cell_9081","DG-sg_2",216
"DG-sg","Cell_9091","DG-sg_6",132
"DG-sg","Cell_9131","DG-sg_1",177
"DG-sg","Cell_9154","DG-sg_2",216
"DG-sg","Cell_9178","DG-sg_5",107
"DG-sg","Cell_9205","DG-sg_1",177
"DG-sg","Cell_9443","DG-sg_2",216
"DG-sg","Cell_9508","DG-sg_2",216
"DG-sg","Cell_9623","DG-sg_2",216
"DG-sg","Cell_9741","DG-sg_6",132
"DG-sg","Cell_9941","DG-sg_6",132
"DG-sg","Cell_10011","DG-sg_1",177
"DG-sg","Cell_10037","DG-sg_5",107
"DG-sg","Cell_10713","DG-sg_2",216
"DG-sg","Cell_10756","DG-sg_1",177
"DG-sg","Cell_11291","DG-sg_2",216
"DG-sg","Cell_11372","DG-sg_1",177
"DG-sg","Cell_11536","DG-sg_2",216
"DG-sg","Cell_11737","DG-sg_2",216
"DG-sg","Cell_11828","DG-sg_2",216
"DG-sg","Cell_11869","DG-sg_2",216
"DG-sg","Cell_11961","DG-sg_2",216
"DG-sg","Cell_12080","DG-sg_1",177
"DG-sg","Cell_12188","DG-sg_4",161
"DG-sg","Cell_12197","DG-sg_2",216
"DG-sg","Cell_12221","DG-sg_6",132
"DG-sg","Cell_12375","DG-sg_2",216
"DG-sg","Cell_12877","DG-sg_6",132
"DG-sg","Cell_12975","DG-sg_2",216
"DG-sg","Cell_12978","DG-sg_2",216
"DG-sg","Cell_13037","DG-sg_1",177
"DG-sg","Cell_13123","DG-sg_1",177
"DG-sg","Cell_13159","DG-sg_2",216
"DG-sg","Cell_13305","DG-sg_2",216
"DG-sg","Cell_13446","DG-sg_4",161
"DG-sg","Cell_13457","DG-sg_6",132
"DG-sg","Cell_13551","DG-sg_2",216
"DG-sg","Cell_13786","DG-sg_6",132
"DG-sg","Cell_14170","DG-sg_5",107
"DG-sg","Cell_14362","DG-sg_2",216
"DG-sg","Cell_14375","DG-sg_2",216
"DG-sg","Cell_14525","DG-sg_2",216
"DG-sg","Cell_14532","DG-sg_5",107
"DG-sg","Cell_14620","DG-sg_6",132
"DG-sg","Cell_14844","DG-sg_2",216
"DG-sg","Cell_14897","DG-sg_5",107
"DG-sg","Cell_15253","DG-sg_6",132
"DG-sg","Cell_15651","DG-sg_2",216
"DG-sg","Cell_15792","DG-sg_2",216
"DG-sg","Cell_15816","DG-sg_6",132
"DG-sg","Cell_16072","DG-sg_1",177
"DG-sg","Cell_16358","DG-sg_1",177
"DG-sg","Cell_16469","DG-sg_2",216
"DG-sg","Cell_16487","DG-sg_6",132
"DG-sg","Cell_16509","DG-sg_4",161
"DG-sg","Cell_16905","DG-sg_4",161
"DG-sg","Cell_16923","DG-sg_1",177
"DG-sg","Cell_17080","DG-sg_6",132
"DG-sg","Cell_17253","DG-sg_2",216
"DG-sg","Cell_17507","DG-sg_2",216
"DG-sg","Cell_17625","DG-sg_1",177
"DG-sg","Cell_17791","DG-sg_4",161
"DG-sg","Cell_17946","DG-sg_4",161
"DG-sg","Cell_17947","DG-sg_6",132
"DG-sg","Cell_18133","DG-sg_1",177
"DG-sg","Cell_18199","DG-sg_4",161
"DG-sg","Cell_18644","DG-sg_6",132
"DG-sg","Cell_19005","DG-sg_5",107
"DG-sg","Cell_19059","DG-sg_6",132
"DG-sg","Cell_19447","DG-sg_6",132
"DG-sg","Cell_19479","DG-sg_4",161
"DG-sg","Cell_19605","DG-sg_2",216
"DG-sg","Cell_19659","DG-sg_2",216
"DG-sg","Cell_20093","DG-sg_4",161
"DG-sg","Cell_20119","DG-sg_6",132
"DG-sg","Cell_20121","DG-sg_1",177
"DG-sg","Cell_20567","DG-sg_1",177
"DG-sg","Cell_20663","DG-sg_2",216
"DG-sg","Cell_20751","DG-sg_4",161
"DG-sg","Cell_20962","DG-sg_4",161
"DG-sg","Cell_21106","DG-sg_5",107
"DG-sg","Cell_21334","DG-sg_5",107
"DG-sg","Cell_21380","DG-sg_1",177
"DG-sg","Cell_21548","DG-sg_1",177
"DG-sg","Cell_21606","DG-sg_4",161
"DG-sg","Cell_21645","DG-sg_1",177
"DG-sg","Cell_21929","DG-sg_6",132
"DG-sg","Cell_22249","DG-sg_2",216
"DG-sg","Cell_22397","DG-sg_2",216
"DG-sg","Cell_22636","DG-sg_5",107
"DG-sg","Cell_22686","DG-sg_1",177
"DG-sg","Cell_22868","DG-sg_5",107
"DG-sg","Cell_23092","DG-sg_4",161
"DG-sg","Cell_23120","DG-sg_3",79
"DG-sg","Cell_23404","DG-sg_3",79
"DG-sg","Cell_23546","DG-sg_6",132
"DG-sg","Cell_23649","DG-sg_5",107
"DG-sg","Cell_23787","DG-sg_5",107
"DG-sg","Cell_23994","DG-sg_5",107
"DG-sg","Cell_24060","DG-sg_2",216
"DG-sg","Cell_24062","DG-sg_1",177
"DG-sg","Cell_24067","DG-sg_5",107
"DG-sg","Cell_24068","DG-sg_5",107
"DG-sg","Cell_24279","DG-sg_2",216
"DG-sg","Cell_24307","DG-sg_2",216
"DG-sg","Cell_24441","DG-sg_1",177
"DG-sg","Cell_24630","DG-sg_1",177
"DG-sg","Cell_25279","DG-sg_1",177
"DG-sg","Cell_25351","DG-sg_1",177
"DG-sg","Cell_25362","DG-sg_2",216
"DG-sg","Cell_25368","DG-sg_6",132
"DG-sg","Cell_25381","DG-sg_6",132
"DG-sg","Cell_25453","DG-sg_1",177
"DG-sg","Cell_25579","DG-sg_6",132
"DG-sg","Cell_25690","DG-sg_4",161
"DG-sg","Cell_25719","DG-sg_2",216
"DG-sg","Cell_25770","DG-sg_3",79
"DG-sg","Cell_25921","DG-sg_6",132
"DG-sg","Cell_25945","DG-sg_5",107
"DG-sg","Cell_25971","DG-sg_2",216
"DG-sg","Cell_26258","DG-sg_5",107
"DG-sg","Cell_26530","DG-sg_4",161
"DG-sg","Cell_26555","DG-sg_2",216
"DG-sg","Cell_26631","DG-sg_2",216
"DG-sg","Cell_26717","DG-sg_6",132
"DG-sg","Cell_26745","DG-sg_6",132
"DG-sg","Cell_27581","DG-sg_4",161
"DG-sg","Cell_27693","DG-sg_5",107
"DG-sg","Cell_27723","DG-sg_6",132
"DG-sg","Cell_27724","DG-sg_2",216
"DG-sg","Cell_28177","DG-sg_6",132
"DG-sg","Cell_28219","DG-sg_2",216
"DG-sg","Cell_28269","DG-sg_2",216
"DG-sg","Cell_28471","DG-sg_4",161
"DG-sg","Cell_28781","DG-sg_2",216
"DG-sg","Cell_29256","DG-sg_3",79
"DG-sg","Cell_29300","DG-sg_2",216
"DG-sg","Cell_29618","DG-sg_1",177
"DG-sg","Cell_30129","DG-sg_2",216
"DG-sg","Cell_30159","DG-sg_3",79
"DG-sg","Cell_30316","DG-sg_2",216
"DG-sg","Cell_30427","DG-sg_2",216
"DG-sg","Cell_30596","DG-sg_1",177
"DG-sg","Cell_30684","DG-sg_2",216
"DG-sg","Cell_30835","DG-sg_2",216
"DG-sg","Cell_30853","DG-sg_5",107
"DG-sg","Cell_30941","DG-sg_3",79
"DG-sg","Cell_30944","DG-sg_2",216
"DG-sg","Cell_31160","DG-sg_3",79
"DG-sg","Cell_31208","DG-sg_6",132
"DG-sg","Cell_31211","DG-sg_5",107
"DG-sg","Cell_31227","DG-sg_1",177
"DG-sg","Cell_31411","DG-sg_2",216
"DG-sg","Cell_31436","DG-sg_1",177
"DG-sg","Cell_31450","DG-sg_4",161
"DG-sg","Cell_31515","DG-sg_2",216
"DG-sg","Cell_31676","DG-sg_6",132
"DG-sg","Cell_31682","DG-sg_2",216
"DG-sg","Cell_31736","DG-sg_6",132
"DG-sg","Cell_31785","DG-sg_3",79
"DG-sg","Cell_31910","DG-sg_1",177
"DG-sg","Cell_32054","DG-sg_5",107
"DG-sg","Cell_32274","DG-sg_1",177
"DG-sg","Cell_32456","DG-sg_2",216
"DG-sg","Cell_32558","DG-sg_6",132
"DG-sg","Cell_33039","DG-sg_1",177
"DG-sg","Cell_33101","DG-sg_6",132
"DG-sg","Cell_33105","DG-sg_3",79
"DG-sg","Cell_33138","DG-sg_6",132
"DG-sg","Cell_33153","DG-sg_4",161
"DG-sg","Cell_33666","DG-sg_1",177
"DG-sg","Cell_33728","DG-sg_4",161
"DG-sg","Cell_33931","DG-sg_2",216
"DG-sg","Cell_33969","DG-sg_1",177
"DG-sg","Cell_34047","DG-sg_2",216
"DG-sg","Cell_34131","DG-sg_1",177
"DG-sg","Cell_34495","DG-sg_1",177
"DG-sg","Cell_34610","DG-sg_4",161
"DG-sg","Cell_35069","DG-sg_3",79
"DG-sg","Cell_35126","DG-sg_4",161
"DG-sg","Cell_35427","DG-sg_1",177
"DG-sg","Cell_35786","DG-sg_2",216
"DG-sg","Cell_35796","DG-sg_2",216
"DG-sg","Cell_35976","DG-sg_2",216
"DG-sg","Cell_36038","DG-sg_5",107
"DG-sg","Cell_36075","DG-sg_1",177
"DG-sg","Cell_36610","DG-sg_6",132
"DG-sg","Cell_36636","DG-sg_5",107
"DG-sg","Cell_36768","DG-sg_4",161
"DG-sg","Cell_36856","DG-sg_6",132
"DG-sg","Cell_36979","DG-sg_1",177
"DG-sg","Cell_36986","DG-sg_2",216
"DG-sg","Cell_37112","DG-sg_3",79
"DG-sg","Cell_37327","DG-sg_5",107
"DG-sg","Cell_37365","DG-sg_1",177
"DG-sg","Cell_37451","DG-sg_4",161
"DG-sg","Cell_37525","DG-sg_1",177
"DG-sg","Cell_37527","DG-sg_2",216
"DG-sg","Cell_37676","DG-sg_4",161
"DG-sg","Cell_37913","DG-sg_4",161
"DG-sg","Cell_38211","DG-sg_2",216
"DG-sg","Cell_38271","DG-sg_1",177
"DG-sg","Cell_38447","DG-sg_2",216
"DG-sg","Cell_38474","DG-sg_4",161
"DG-sg","Cell_38483","DG-sg_2",216
"DG-sg","Cell_38623","DG-sg_2",216
"DG-sg","Cell_38696","DG-sg_2",216
"DG-sg","Cell_38965","DG-sg_2",216
"DG-sg","Cell_39035","DG-sg_6",132
"DG-sg","Cell_39237","DG-sg_1",177
"DG-sg","Cell_39267","DG-sg_3",79
"DG-sg","Cell_39320","DG-sg_4",161
"DG-sg","Cell_39699","DG-sg_6",132
"DG-sg","Cell_39745","DG-sg_3",79
"DG-sg","Cell_39796","DG-sg_6",132
"DG-sg","Cell_39946","DG-sg_6",132
"DG-sg","Cell_40258","DG-sg_2",216
"DG-sg","Cell_40277","DG-sg_1",177
"DG-sg","Cell_40576","DG-sg_1",177
"DG-sg","Cell_40656","DG-sg_6",132
"DG-sg","Cell_40681","DG-sg_5",107
"DG-sg","Cell_41008","DG-sg_4",161
"DG-sg","Cell_41141","DG-sg_2",216
"DG-sg","Cell_41156","DG-sg_2",216
"DG-sg","Cell_41507","DG-sg_5",107
"DG-sg","Cell_41608","DG-sg_2",216
"DG-sg","Cell_41715","DG-sg_4",161
"DG-sg","Cell_41732","DG-sg_6",132
"DG-sg","Cell_41763","DG-sg_6",132
"DG-sg","Cell_41764","DG-sg_2",216
"DG-sg","Cell_41915","DG-sg_2",216
"DG-sg","Cell_42445","DG-sg_4",161
"DG-sg","Cell_42660","DG-sg_2",216
"DG-sg","Cell_43107","DG-sg_3",79
"DG-sg","Cell_43170","DG-sg_2",216
"DG-sg","Cell_43365","DG-sg_1",177
"DG-sg","Cell_43394","DG-sg_6",132
"DG-sg","Cell_43507","DG-sg_2",216
"DG-sg","Cell_43576","DG-sg_4",161
"DG-sg","Cell_43978","DG-sg_5",107
"DG-sg","Cell_44112","DG-sg_2",216
"DG-sg","Cell_44326","DG-sg_2",216
"DG-sg","Cell_44483","DG-sg_2",216
"DG-sg","Cell_44975","DG-sg_5",107
"DG-sg","Cell_45012","DG-sg_2",216
"DG-sg","Cell_45025","DG-sg_1",177
"DG-sg","Cell_45092","DG-sg_2",216
"DG-sg","Cell_45191","DG-sg_6",132
"DG-sg","Cell_3177","DG-sg_4",161
"DG-sg","Cell_4945","DG-sg_1",177
"DG-sg","Cell_8763","DG-sg_2",216
"DG-sg","Cell_15394","DG-sg_6",132
"DG-sg","Cell_25019","DG-sg_3",79
"DG-sg","Cell_20103","DG-sg_1",177
"DG-sg","Cell_1751","DG-sg_2",216
"DG-sg","Cell_5241","DG-sg_2",216
"DG-sg","Cell_5800","DG-sg_3",79
"DG-sg","Cell_10024","DG-sg_6",132
"DG-sg","Cell_12063","DG-sg_1",177
"DG-sg","Cell_12282","DG-sg_3",79
"DG-sg","Cell_23515","DG-sg_1",177
"DG-sg","Cell_25593","DG-sg_2",216
"DG-sg","Cell_33274","DG-sg_4",161
"DG-sg","Cell_39789","DG-sg_1",177
"DG-sg","Cell_2437","DG-sg_2",216
"DG-sg","Cell_7681","DG-sg_6",132
"DG-sg","Cell_13424","DG-sg_2",216
"DG-sg","Cell_14109","DG-sg_1",177
"DG-sg","Cell_28324","DG-sg_1",177
"DG-sg","Cell_30107","DG-sg_6",132
"DG-sg","Cell_15202","DG-sg_2",216
"DG-sg","Cell_24629","DG-sg_5",107
"DG-sg","Cell_18204","DG-sg_2",216
"DMHa","Cell_185","DMHa_1",119
"DMHa","Cell_1280","DMHa_2",85
"DMHa","Cell_2104","DMHa_2",85
"DMHa","Cell_2649","DMHa_1",119
"DMHa","Cell_2651","DMHa_3",104
"DMHa","Cell_3161","DMHa_3",104
"DMHa","Cell_5128","DMHa_4",98
"DMHa","Cell_7727","DMHa_4",98
"DMHa","Cell_8617","DMHa_4",98
"DMHa","Cell_10222","DMHa_4",98
"DMHa","Cell_10603","DMHa_1",119
"DMHa","Cell_12499","DMHa_3",104
"DMHa","Cell_15355","DMHa_1",119
"DMHa","Cell_16386","DMHa_5",72
"DMHa","Cell_16408","DMHa_5",72
"DMHa","Cell_17811","DMHa_4",98
"DMHa","Cell_18341","DMHa_3",104
"DMHa","Cell_19967","DMHa_2",85
"DMHa","Cell_20298","DMHa_4",98
"DMHa","Cell_22582","DMHa_1",119
"DMHa","Cell_22899","DMHa_4",98
"DMHa","Cell_23828","DMHa_4",98
"DMHa","Cell_24465","DMHa_1",119
"DMHa","Cell_24859","DMHa_1",119
"DMHa","Cell_26533","DMHa_5",72
"DMHa","Cell_26877","DMHa_5",72
"DMHa","Cell_27118","DMHa_3",104
"DMHa","Cell_28606","DMHa_4",98
"DMHa","Cell_29988","DMHa_2",85
"DMHa","Cell_30270","DMHa_1",119
"DMHa","Cell_30717","DMHa_3",104
"DMHa","Cell_30764","DMHa_5",72
"DMHa","Cell_31948","DMHa_1",119
"DMHa","Cell_32142","DMHa_1",119
"DMHa","Cell_32479","DMHa_4",98
"DMHa","Cell_32619","DMHa_1",119
"DMHa","Cell_33777","DMHa_3",104
"DMHa","Cell_34071","DMHa_3",104
"DMHa","Cell_34712","DMHa_4",98
"DMHa","Cell_35334","DMHa_1",119
"DMHa","Cell_36583","DMHa_1",119
"DMHa","Cell_37080","DMHa_3",104
"DMHa","Cell_37869","DMHa_4",98
"DMHa","Cell_38347","DMHa_3",104
"DMHa","Cell_40958","DMHa_3",104
"DMHa","Cell_43162","DMHa_5",72
"DMHa","Cell_43480","DMHa_4",98
"DMHa","Cell_44106","DMHa_1",119
"DMHa","Cell_45097","DMHa_4",98
"DMHa","Cell_851","DMHa_2",85
"DMHa","Cell_1551","DMHa_2",85
"DMHa","Cell_1968","DMHa_1",119
"DMHa","Cell_6627","DMHa_4",98
"DMHa","Cell_9299","DMHa_5",72
"DMHa","Cell_10066","DMHa_4",98
"DMHa","Cell_10409","DMHa_1",119
"DMHa","Cell_11224","DMHa_1",119
"DMHa","Cell_14118","DMHa_2",85
"DMHa","Cell_16902","DMHa_3",104
"DMHa","Cell_17394","DMHa_4",98
"DMHa","Cell_17497","DMHa_2",85
"DMHa","Cell_18325","DMHa_2",85
"DMHa","Cell_18742","DMHa_3",104
"DMHa","Cell_21207","DMHa_2",85
"DMHa","Cell_22152","DMHa_4",98
"DMHa","Cell_25519","DMHa_4",98
"DMHa","Cell_25597","DMHa_3",104
"DMHa","Cell_27595","DMHa_3",104
"DMHa","Cell_29420","DMHa_5",72
"DMHa","Cell_29455","DMHa_5",72
"DMHa","Cell_31503","DMHa_2",85
"DMHa","Cell_31564","DMHa_3",104
"DMHa","Cell_34384","DMHa_4",98
"DMHa","Cell_36662","DMHa_3",104
"DMHa","Cell_41803","DMHa_4",98
"DMHa","Cell_42752","DMHa_5",72
"DMHa","Cell_2491","DMHa_3",104
"DMHa","Cell_2757","DMHa_1",119
"DMHa","Cell_2824","DMHa_5",72
"DMHa","Cell_2992","DMHa_1",119
"DMHa","Cell_3062","DMHa_5",72
"DMHa","Cell_3122","DMHa_3",104
"DMHa","Cell_3408","DMHa_4",98
"DMHa","Cell_3745","DMHa_2",85
"DMHa","Cell_4404","DMHa_2",85
"DMHa","Cell_4528","DMHa_4",98
"DMHa","Cell_5650","DMHa_2",85
"DMHa","Cell_5921","DMHa_4",98
"DMHa","Cell_6306","DMHa_1",119
"DMHa","Cell_6388","DMHa_5",72
"DMHa","Cell_6485","DMHa_1",119
"DMHa","Cell_6491","DMHa_4",98
"DMHa","Cell_6940","DMHa_2",85
"DMHa","Cell_7178","DMHa_3",104
"DMHa","Cell_8473","DMHa_2",85
"DMHa","Cell_11526","DMHa_1",119
"DMHa","Cell_12373","DMHa_3",104
"DMHa","Cell_12401","DMHa_3",104
"DMHa","Cell_12626","DMHa_1",119
"DMHa","Cell_12746","DMHa_3",104
"DMHa","Cell_13662","DMHa_4",98
"DMHa","Cell_14543","DMHa_5",72
"DMHa","Cell_14638","DMHa_3",104
"DMHa","Cell_15240","DMHa_4",98
"DMHa","Cell_15729","DMHa_3",104
"DMHa","Cell_16464","DMHa_1",119
"DMHa","Cell_16648","DMHa_2",85
"DMHa","Cell_16806","DMHa_4",98
"DMHa","Cell_16813","DMHa_2",85
"DMHa","Cell_17446","DMHa_3",104
"DMHa","Cell_19485","DMHa_1",119
"DMHa","Cell_20596","DMHa_3",104
"DMHa","Cell_20665","DMHa_5",72
"DMHa","Cell_20667","DMHa_5",72
"DMHa","Cell_20766","DMHa_5",72
"DMHa","Cell_21075","DMHa_4",98
"DMHa","Cell_21305","DMHa_5",72
"DMHa","Cell_21529","DMHa_3",104
"DMHa","Cell_21783","DMHa_3",104
"DMHa","Cell_22291","DMHa_3",104
"DMHa","Cell_22733","DMHa_3",104
"DMHa","Cell_23166","DMHa_1",119
"DMHa","Cell_23500","DMHa_5",72
"DMHa","Cell_24620","DMHa_3",104
"DMHa","Cell_25201","DMHa_2",85
"DMHa","Cell_26620","DMHa_4",98
"DMHa","Cell_28192","DMHa_5",72
"DMHa","Cell_30195","DMHa_5",72
"DMHa","Cell_30889","DMHa_2",85
"DMHa","Cell_32110","DMHa_1",119
"DMHa","Cell_34989","DMHa_1",119
"DMHa","Cell_35636","DMHa_3",104
"DMHa","Cell_36686","DMHa_4",98
"DMHa","Cell_37176","DMHa_4",98
"DMHa","Cell_38066","DMHa_3",104
"DMHa","Cell_38916","DMHa_1",119
"DMHa","Cell_39017","DMHa_5",72
"DMHa","Cell_39261","DMHa_1",119
"DMHa","Cell_40287","DMHa_3",104
"DMHa","Cell_41272","DMHa_1",119
"DMHa","Cell_41783","DMHa_3",104
"DMHa","Cell_42040","DMHa_5",72
"DMHa","Cell_42271","DMHa_4",98
"DMHa","Cell_44043","DMHa_3",104
"DMHa","Cell_44134","DMHa_2",85
"DMHa","Cell_44195","DMHa_3",104
"DMHa","Cell_44884","DMHa_5",72
"DMHa","Cell_2681","DMHa_3",104
"DMHa","Cell_2827","DMHa_4",98
"DMHa","Cell_33098","DMHa_4",98
"DMHa","Cell_78","DMHa_4",98
"DMHa","Cell_136","DMHa_2",85
"DMHa","Cell_183","DMHa_4",98
"DMHa","Cell_924","DMHa_3",104
"DMHa","Cell_2435","DMHa_3",104
"DMHa","Cell_3311","DMHa_4",98
"DMHa","Cell_4139","DMHa_3",104
"DMHa","Cell_4955","DMHa_1",119
"DMHa","Cell_5619","DMHa_3",104
"DMHa","Cell_6891","DMHa_1",119
"DMHa","Cell_7190","DMHa_2",85
"DMHa","Cell_7521","DMHa_1",119
"DMHa","Cell_7653","DMHa_2",85
"DMHa","Cell_7842","DMHa_2",85
"DMHa","Cell_7907","DMHa_5",72
"DMHa","Cell_9152","DMHa_2",85
"DMHa","Cell_9235","DMHa_3",104
"DMHa","Cell_9872","DMHa_3",104
"DMHa","Cell_10278","DMHa_3",104
"DMHa","Cell_12378","DMHa_1",119
"DMHa","Cell_12439","DMHa_3",104
"DMHa","Cell_13747","DMHa_3",104
"DMHa","Cell_13842","DMHa_2",85
"DMHa","Cell_14131","DMHa_1",119
"DMHa","Cell_14937","DMHa_3",104
"DMHa","Cell_15579","DMHa_2",85
"DMHa","Cell_15957","DMHa_3",104
"DMHa","Cell_15959","DMHa_2",85
"DMHa","Cell_16200","DMHa_2",85
"DMHa","Cell_16980","DMHa_3",104
"DMHa","Cell_17460","DMHa_3",104
"DMHa","Cell_17584","DMHa_3",104
"DMHa","Cell_17664","DMHa_1",119
"DMHa","Cell_18000","DMHa_1",119
"DMHa","Cell_18126","DMHa_1",119
"DMHa","Cell_18445","DMHa_1",119
"DMHa","Cell_19094","DMHa_2",85
"DMHa","Cell_22044","DMHa_2",85
"DMHa","Cell_22170","DMHa_2",85
"DMHa","Cell_22348","DMHa_2",85
"DMHa","Cell_24335","DMHa_1",119
"DMHa","Cell_25133","DMHa_2",85
"DMHa","Cell_25297","DMHa_3",104
"DMHa","Cell_25814","DMHa_1",119
"DMHa","Cell_26011","DMHa_2",85
"DMHa","Cell_26397","DMHa_1",119
"DMHa","Cell_26460","DMHa_3",104
"DMHa","Cell_27927","DMHa_1",119
"DMHa","Cell_28450","DMHa_2",85
"DMHa","Cell_29810","DMHa_2",85
"DMHa","Cell_30197","DMHa_5",72
"DMHa","Cell_30268","DMHa_1",119
"DMHa","Cell_30887","DMHa_4",98
"DMHa","Cell_31591","DMHa_3",104
"DMHa","Cell_31643","DMHa_1",119
"DMHa","Cell_31995","DMHa_1",119
"DMHa","Cell_32063","DMHa_4",98
"DMHa","Cell_33200","DMHa_3",104
"DMHa","Cell_33210","DMHa_3",104
"DMHa","Cell_34199","DMHa_1",119
"DMHa","Cell_36826","DMHa_2",85
"DMHa","Cell_38828","DMHa_2",85
"DMHa","Cell_39383","DMHa_2",85
"DMHa","Cell_40143","DMHa_1",119
"DMHa","Cell_40441","DMHa_2",85
"DMHa","Cell_41125","DMHa_1",119
"DMHa","Cell_43401","DMHa_2",85
"DMHa","Cell_43947","DMHa_3",104
"DMHa","Cell_12623","DMHa_5",72
"DMHa","Cell_22482","DMHa_3",104
"DMHa","Cell_23701","DMHa_2",85
"DMHa","Cell_31222","DMHa_4",98
"DMHa","Cell_37429","DMHa_1",119
"DMHa","Cell_114","DMHa_5",72
"DMHa","Cell_443","DMHa_3",104
"DMHa","Cell_2663","DMHa_3",104
"DMHa","Cell_3074","DMHa_3",104
"DMHa","Cell_4663","DMHa_3",104
"DMHa","Cell_19797","DMHa_3",104
"DMHa","Cell_19950","DMHa_5",72
"DMHa","Cell_30815","DMHa_2",85
"DMHa","Cell_30928","DMHa_5",72
"DMHa","Cell_32846","DMHa_4",98
"DMHa","Cell_41893","DMHa_2",85
"DMHa","Cell_42112","DMHa_4",98
"DMHa","Cell_44553","DMHa_3",104
"DMHa","Cell_565","DMHa_4",98
"DMHa","Cell_5699","DMHa_5",72
"DMHa","Cell_9754","DMHa_5",72
"DMHa","Cell_12667","DMHa_5",72
"DMHa","Cell_14376","DMHa_4",98
"DMHa","Cell_24206","DMHa_4",98
"DMHa","Cell_27263","DMHa_2",85
"DMHa","Cell_35227","DMHa_3",104
"DMHa","Cell_35487","DMHa_3",104
"DMHa","Cell_37951","DMHa_5",72
"DMHa","Cell_38595","DMHa_4",98
"DMHa","Cell_40395","DMHa_3",104
"DMHa","Cell_41036","DMHa_3",104
"DMHa","Cell_41333","DMHa_1",119
"DMHa","Cell_41991","DMHa_1",119
"DMHa","Cell_42483","DMHa_5",72
"DMHa","Cell_42909","DMHa_3",104
"DMHa","Cell_44020","DMHa_4",98
"DMHa","Cell_6","DMHa_1",119
"DMHa","Cell_37","DMHa_5",72
"DMHa","Cell_94","DMHa_1",119
"DMHa","Cell_543","DMHa_4",98
"DMHa","Cell_605","DMHa_1",119
"DMHa","Cell_791","DMHa_5",72
"DMHa","Cell_1311","DMHa_1",119
"DMHa","Cell_1449","DMHa_3",104
"DMHa","Cell_1934","DMHa_1",119
"DMHa","Cell_2333","DMHa_1",119
"DMHa","Cell_2439","DMHa_2",85
"DMHa","Cell_2659","DMHa_3",104
"DMHa","Cell_2813","DMHa_1",119
"DMHa","Cell_2816","DMHa_5",72
"DMHa","Cell_2882","DMHa_5",72
"DMHa","Cell_3013","DMHa_4",98
"DMHa","Cell_3043","DMHa_1",119
"DMHa","Cell_3504","DMHa_2",85
"DMHa","Cell_3687","DMHa_4",98
"DMHa","Cell_3837","DMHa_5",72
"DMHa","Cell_3959","DMHa_1",119
"DMHa","Cell_4160","DMHa_1",119
"DMHa","Cell_4487","DMHa_4",98
"DMHa","Cell_5819","DMHa_3",104
"DMHa","Cell_7004","DMHa_1",119
"DMHa","Cell_7154","DMHa_1",119
"DMHa","Cell_7163","DMHa_3",104
"DMHa","Cell_7614","DMHa_4",98
"DMHa","Cell_7648","DMHa_1",119
"DMHa","Cell_8163","DMHa_2",85
"DMHa","Cell_8443","DMHa_1",119
"DMHa","Cell_8824","DMHa_5",72
"DMHa","Cell_9757","DMHa_4",98
"DMHa","Cell_9836","DMHa_4",98
"DMHa","Cell_10274","DMHa_1",119
"DMHa","Cell_10968","DMHa_5",72
"DMHa","Cell_11106","DMHa_3",104
"DMHa","Cell_11138","DMHa_1",119
"DMHa","Cell_11233","DMHa_5",72
"DMHa","Cell_11376","DMHa_3",104
"DMHa","Cell_11457","DMHa_5",72
"DMHa","Cell_11979","DMHa_5",72
"DMHa","Cell_11990","DMHa_2",85
"DMHa","Cell_12195","DMHa_1",119
"DMHa","Cell_13024","DMHa_3",104
"DMHa","Cell_13267","DMHa_5",72
"DMHa","Cell_13730","DMHa_4",98
"DMHa","Cell_13771","DMHa_1",119
"DMHa","Cell_14199","DMHa_1",119
"DMHa","Cell_14323","DMHa_2",85
"DMHa","Cell_14369","DMHa_1",119
"DMHa","Cell_14425","DMHa_5",72
"DMHa","Cell_14964","DMHa_4",98
"DMHa","Cell_16032","DMHa_1",119
"DMHa","Cell_16330","DMHa_2",85
"DMHa","Cell_17534","DMHa_2",85
"DMHa","Cell_17723","DMHa_2",85
"DMHa","Cell_17744","DMHa_2",85
"DMHa","Cell_19412","DMHa_3",104
"DMHa","Cell_19621","DMHa_4",98
"DMHa","Cell_20160","DMHa_4",98
"DMHa","Cell_20191","DMHa_5",72
"DMHa","Cell_20591","DMHa_1",119
"DMHa","Cell_20843","DMHa_1",119
"DMHa","Cell_21438","DMHa_1",119
"DMHa","Cell_22504","DMHa_4",98
"DMHa","Cell_22584","DMHa_4",98
"DMHa","Cell_22745","DMHa_5",72
"DMHa","Cell_22801","DMHa_4",98
"DMHa","Cell_23006","DMHa_5",72
"DMHa","Cell_23038","DMHa_4",98
"DMHa","Cell_23122","DMHa_5",72
"DMHa","Cell_23147","DMHa_5",72
"DMHa","Cell_23373","DMHa_4",98
"DMHa","Cell_24075","DMHa_1",119
"DMHa","Cell_24333","DMHa_1",119
"DMHa","Cell_24644","DMHa_2",85
"DMHa","Cell_25134","DMHa_2",85
"DMHa","Cell_25157","DMHa_4",98
"DMHa","Cell_25196","DMHa_4",98
"DMHa","Cell_26197","DMHa_1",119
"DMHa","Cell_26215","DMHa_4",98
"DMHa","Cell_26777","DMHa_2",85
"DMHa","Cell_27576","DMHa_1",119
"DMHa","Cell_27690","DMHa_4",98
"DMHa","Cell_27767","DMHa_4",98
"DMHa","Cell_27960","DMHa_1",119
"DMHa","Cell_28580","DMHa_1",119
"DMHa","Cell_28843","DMHa_1",119
"DMHa","Cell_29324","DMHa_1",119
"DMHa","Cell_29537","DMHa_5",72
"DMHa","Cell_30233","DMHa_3",104
"DMHa","Cell_30602","DMHa_5",72
"DMHa","Cell_31440","DMHa_5",72
"DMHa","Cell_31521","DMHa_4",98
"DMHa","Cell_32129","DMHa_5",72
"DMHa","Cell_32752","DMHa_1",119
"DMHa","Cell_33021","DMHa_4",98
"DMHa","Cell_33698","DMHa_3",104
"DMHa","Cell_33779","DMHa_5",72
"DMHa","Cell_33857","DMHa_5",72
"DMHa","Cell_34108","DMHa_1",119
"DMHa","Cell_34134","DMHa_2",85
"DMHa","Cell_34533","DMHa_5",72
"DMHa","Cell_34553","DMHa_2",85
"DMHa","Cell_34567","DMHa_4",98
"DMHa","Cell_35282","DMHa_1",119
"DMHa","Cell_35407","DMHa_2",85
"DMHa","Cell_36346","DMHa_1",119
"DMHa","Cell_36481","DMHa_1",119
"DMHa","Cell_36497","DMHa_4",98
"DMHa","Cell_36510","DMHa_5",72
"DMHa","Cell_36708","DMHa_2",85
"DMHa","Cell_36808","DMHa_2",85
"DMHa","Cell_37222","DMHa_1",119
"DMHa","Cell_37450","DMHa_4",98
"DMHa","Cell_37760","DMHa_3",104
"DMHa","Cell_37890","DMHa_1",119
"DMHa","Cell_37919","DMHa_5",72
"DMHa","Cell_39064","DMHa_3",104
"DMHa","Cell_39132","DMHa_2",85
"DMHa","Cell_39495","DMHa_5",72
"DMHa","Cell_41051","DMHa_5",72
"DMHa","Cell_41330","DMHa_3",104
"DMHa","Cell_41530","DMHa_2",85
"DMHa","Cell_41626","DMHa_5",72
"DMHa","Cell_42292","DMHa_1",119
"DMHa","Cell_42574","DMHa_4",98
"DMHa","Cell_43547","DMHa_4",98
"DMHa","Cell_43946","DMHa_4",98
"DMHa","Cell_44530","DMHa_2",85
"DMHa","Cell_44570","DMHa_1",119
"DMHa","Cell_44940","DMHa_1",119
"DMHa","Cell_45071","DMHa_4",98
"DMHa","Cell_45160","DMHa_5",72
"DMHa","Cell_45177","DMHa_4",98
"DMHa","Cell_45207","DMHa_1",119
"DMHa","Cell_45241","DMHa_5",72
"DMHa","Cell_511","DMHa_2",85
"DMHa","Cell_1750","DMHa_1",119
"DMHa","Cell_1861","DMHa_4",98
"DMHa","Cell_2279","DMHa_3",104
"DMHa","Cell_3719","DMHa_3",104
"DMHa","Cell_3733","DMHa_4",98
"DMHa","Cell_4220","DMHa_2",85
"DMHa","Cell_5667","DMHa_1",119
"DMHa","Cell_6742","DMHa_1",119
"DMHa","Cell_6894","DMHa_3",104
"DMHa","Cell_7094","DMHa_1",119
"DMHa","Cell_7299","DMHa_3",104
"DMHa","Cell_7725","DMHa_3",104
"DMHa","Cell_8052","DMHa_1",119
"DMHa","Cell_8060","DMHa_5",72
"DMHa","Cell_8409","DMHa_4",98
"DMHa","Cell_8626","DMHa_4",98
"DMHa","Cell_10008","DMHa_5",72
"DMHa","Cell_11590","DMHa_2",85
"DMHa","Cell_12603","DMHa_2",85
"DMHa","Cell_12788","DMHa_2",85
"DMHa","Cell_13056","DMHa_4",98
"DMHa","Cell_13072","DMHa_3",104
"DMHa","Cell_13525","DMHa_1",119
"DMHa","Cell_14657","DMHa_4",98
"DMHa","Cell_14893","DMHa_3",104
"DMHa","Cell_15126","DMHa_2",85
"DMHa","Cell_15169","DMHa_5",72
"DMHa","Cell_15174","DMHa_1",119
"DMHa","Cell_16309","DMHa_3",104
"DMHa","Cell_17417","DMHa_1",119
"DMHa","Cell_17623","DMHa_3",104
"DMHa","Cell_17838","DMHa_1",119
"DMHa","Cell_19049","DMHa_1",119
"DMHa","Cell_19144","DMHa_5",72
"DMHa","Cell_19190","DMHa_2",85
"DMHa","Cell_19219","DMHa_4",98
"DMHa","Cell_20273","DMHa_1",119
"DMHa","Cell_20291","DMHa_4",98
"DMHa","Cell_20805","DMHa_4",98
"DMHa","Cell_21260","DMHa_3",104
"DMHa","Cell_21747","DMHa_1",119
"DMHa","Cell_22248","DMHa_1",119
"DMHa","Cell_25079","DMHa_2",85
"DMHa","Cell_25581","DMHa_1",119
"DMHa","Cell_27319","DMHa_1",119
"DMHa","Cell_27336","DMHa_4",98
"DMHa","Cell_28263","DMHa_3",104
"DMHa","Cell_28514","DMHa_2",85
"DMHa","Cell_28930","DMHa_4",98
"DMHa","Cell_32808","DMHa_1",119
"DMHa","Cell_34117","DMHa_2",85
"DMHa","Cell_34791","DMHa_5",72
"DMHa","Cell_35361","DMHa_2",85
"DMHa","Cell_35390","DMHa_4",98
"DMHa","Cell_35511","DMHa_3",104
"DMHa","Cell_36725","DMHa_2",85
"DMHa","Cell_37346","DMHa_3",104
"DMHa","Cell_39575","DMHa_3",104
"DMHa","Cell_40114","DMHa_2",85
"DMHa","Cell_41524","DMHa_1",119
"DMHa","Cell_41836","DMHa_4",98
"DMHa","Cell_42039","DMHa_4",98
"DMHa","Cell_42583","DMHa_5",72
"DMHa","Cell_43085","DMHa_1",119
"DMHa","Cell_43779","DMHa_3",104
"DMHa","Cell_1413","DMHa_2",85
"DMHa","Cell_21276","DMHa_2",85
"DMHa","Cell_17054","DMHa_1",119
"DMHa","Cell_39446","DMHa_4",98
"DMHa","Cell_13473","DMHa_1",119
"DMHa","Cell_21250","DMHa_2",85
"DMHa","Cell_27741","DMHa_1",119
"DMHa","Cell_29736","DMHa_1",119
"DMHa","Cell_39996","DMHa_4",98
"DMHa","Cell_43059","DMHa_4",98
"DMHa","Cell_45043","DMHa_3",104
"DMHa","Cell_5505","DMHa_3",104
"DMHa","Cell_14255","DMHa_1",119
"DMHa","Cell_15496","DMHa_2",85
"DMHa","Cell_20077","DMHa_4",98
"DMHa","Cell_22898","DMHa_3",104
"DMHa","Cell_25793","DMHa_3",104
"DMHa","Cell_7348","DMHa_2",85
"DMHa","Cell_37046","DMHa_3",104
"DMHa","Cell_37835","DMHa_4",98
"DMHp","Cell_49","DMHp_1",42
"DMHp","Cell_3115","DMHp_2",34
"DMHp","Cell_5987","DMHp_3",33
"DMHp","Cell_13505","DMHp_3",33
"DMHp","Cell_15905","DMHp_3",33
"DMHp","Cell_26008","DMHp_1",42
"DMHp","Cell_29780","DMHp_1",42
"DMHp","Cell_30171","DMHp_3",33
"DMHp","Cell_30960","DMHp_3",33
"DMHp","Cell_32003","DMHp_1",42
"DMHp","Cell_33061","DMHp_1",42
"DMHp","Cell_34942","DMHp_2",34
"DMHp","Cell_35899","DMHp_1",42
"DMHp","Cell_36494","DMHp_1",42
"DMHp","Cell_41263","DMHp_3",33
"DMHp","Cell_41606","DMHp_3",33
"DMHp","Cell_43520","DMHp_3",33
"DMHp","Cell_45085","DMHp_1",42
"DMHp","Cell_45226","DMHp_2",34
"DMHp","Cell_3275","DMHp_2",34
"DMHp","Cell_15555","DMHp_2",34
"DMHp","Cell_16685","DMHp_1",42
"DMHp","Cell_18106","DMHp_1",42
"DMHp","Cell_19660","DMHp_1",42
"DMHp","Cell_36982","DMHp_2",34
"DMHp","Cell_42179","DMHp_2",34
"DMHp","Cell_2269","DMHp_2",34
"DMHp","Cell_2407","DMHp_2",34
"DMHp","Cell_7084","DMHp_1",42
"DMHp","Cell_8289","DMHp_3",33
"DMHp","Cell_9571","DMHp_1",42
"DMHp","Cell_12130","DMHp_2",34
"DMHp","Cell_13822","DMHp_1",42
"DMHp","Cell_18481","DMHp_2",34
"DMHp","Cell_23194","DMHp_2",34
"DMHp","Cell_23785","DMHp_3",33
"DMHp","Cell_29471","DMHp_1",42
"DMHp","Cell_31976","DMHp_1",42
"DMHp","Cell_43422","DMHp_3",33
"DMHp","Cell_14738","DMHp_3",33
"DMHp","Cell_20880","DMHp_3",33
"DMHp","Cell_39459","DMHp_3",33
"DMHp","Cell_3167","DMHp_2",34
"DMHp","Cell_5203","DMHp_1",42
"DMHp","Cell_6808","DMHp_1",42
"DMHp","Cell_6835","DMHp_1",42
"DMHp","Cell_9526","DMHp_2",34
"DMHp","Cell_17018","DMHp_3",33
"DMHp","Cell_17157","DMHp_1",42
"DMHp","Cell_18360","DMHp_2",34
"DMHp","Cell_30384","DMHp_2",34
"DMHp","Cell_30429","DMHp_2",34
"DMHp","Cell_30493","DMHp_1",42
"DMHp","Cell_31632","DMHp_1",42
"DMHp","Cell_37902","DMHp_2",34
"DMHp","Cell_40898","DMHp_1",42
"DMHp","Cell_3141","DMHp_3",33
"DMHp","Cell_7243","DMHp_3",33
"DMHp","Cell_8385","DMHp_2",34
"DMHp","Cell_10515","DMHp_3",33
"DMHp","Cell_19027","DMHp_3",33
"DMHp","Cell_20540","DMHp_3",33
"DMHp","Cell_23574","DMHp_3",33
"DMHp","Cell_24176","DMHp_1",42
"DMHp","Cell_29088","DMHp_3",33
"DMHp","Cell_36576","DMHp_3",33
"DMHp","Cell_39785","DMHp_3",33
"DMHp","Cell_40413","DMHp_3",33
"DMHp","Cell_14011","DMHp_3",33
"DMHp","Cell_21496","DMHp_1",42
"DMHp","Cell_31548","DMHp_1",42
"DMHp","Cell_2682","DMHp_1",42
"DMHp","Cell_2812","DMHp_2",34
"DMHp","Cell_8887","DMHp_1",42
"DMHp","Cell_10593","DMHp_1",42
"DMHp","Cell_12974","DMHp_1",42
"DMHp","Cell_17214","DMHp_2",34
"DMHp","Cell_18492","DMHp_2",34
"DMHp","Cell_19071","DMHp_3",33
"DMHp","Cell_21229","DMHp_2",34
"DMHp","Cell_22394","DMHp_3",33
"DMHp","Cell_24534","DMHp_1",42
"DMHp","Cell_26302","DMHp_3",33
"DMHp","Cell_27456","DMHp_1",42
"DMHp","Cell_28682","DMHp_3",33
"DMHp","Cell_29330","DMHp_1",42
"DMHp","Cell_33254","DMHp_2",34
"DMHp","Cell_34788","DMHp_1",42
"DMHp","Cell_37282","DMHp_2",34
"DMHp","Cell_37740","DMHp_2",34
"DMHp","Cell_39147","DMHp_1",42
"DMHp","Cell_39691","DMHp_1",42
"DMHp","Cell_41553","DMHp_1",42
"DMHp","Cell_43228","DMHp_2",34
"DMHp","Cell_43970","DMHp_2",34
"DMHp","Cell_45268","DMHp_1",42
"DMHp","Cell_3560","DMHp_2",34
"DMHp","Cell_7312","DMHp_1",42
"DMHp","Cell_9562","DMHp_2",34
"DMHp","Cell_15103","DMHp_2",34
"DMHp","Cell_24201","DMHp_1",42
"DMHp","Cell_35963","DMHp_3",33
"DMHp","Cell_39945","DMHp_3",33
"DMHp","Cell_871","DMHp_3",33
"DMHp","Cell_10495","DMHp_1",42
"DMHp","Cell_37551","DMHp_1",42
"DMHp","Cell_37705","DMHp_2",34
"DMHp","Cell_42155","DMHp_2",34
"DMHp","Cell_16621","DMHp_2",34
"GPe","Cell_3205","GPe_1",32
"GPe","Cell_7030","GPe_2",40
"GPe","Cell_13028","GPe_3",19
"GPe","Cell_18809","GPe_4",49
"GPe","Cell_19571","GPe_5",45
"GPe","Cell_22495","GPe_4",49
"GPe","Cell_24001","GPe_5",45
"GPe","Cell_29391","GPe_6",57
"GPe","Cell_33455","GPe_4",49
"GPe","Cell_37553","GPe_1",32
"GPe","Cell_40266","GPe_1",32
"GPe","Cell_41536","GPe_5",45
"GPe","Cell_38","GPe_6",57
"GPe","Cell_14585","GPe_3",19
"GPe","Cell_24741","GPe_5",45
"GPe","Cell_30480","GPe_4",49
"GPe","Cell_35593","GPe_4",49
"GPe","Cell_3552","GPe_6",57
"GPe","Cell_6748","GPe_1",32
"GPe","Cell_7361","GPe_4",49
"GPe","Cell_10864","GPe_5",45
"GPe","Cell_11785","GPe_5",45
"GPe","Cell_11794","GPe_6",57
"GPe","Cell_28965","GPe_3",19
"GPe","Cell_43655","GPe_5",45
"GPe","Cell_280","GPe_2",40
"GPe","Cell_25473","GPe_5",45
"GPe","Cell_30266","GPe_5",45
"GPe","Cell_35998","GPe_5",45
"GPe","Cell_37837","GPe_4",49
"GPe","Cell_41155","GPe_5",45
"GPe","Cell_24354","GPe_5",45
"GPe","Cell_29732","GPe_7",25
"GPe","Cell_25324","GPe_4",49
"GPe","Cell_2631","GPe_5",45
"GPe","Cell_6139","GPe_4",49
"GPe","Cell_18196","GPe_4",49
"GPe","Cell_19875","GPe_4",49
"GPe","Cell_28685","GPe_7",25
"GPe","Cell_30413","GPe_1",32
"GPe","Cell_35330","GPe_6",57
"GPe","Cell_40580","GPe_1",32
"GPe","Cell_41010","GPe_1",32
"GPe","Cell_43764","GPe_4",49
"GPe","Cell_634","GPe_6",57
"GPe","Cell_728","GPe_4",49
"GPe","Cell_1144","GPe_7",25
"GPe","Cell_1261","GPe_5",45
"GPe","Cell_2120","GPe_2",40
"GPe","Cell_2221","GPe_5",45
"GPe","Cell_6277","GPe_6",57
"GPe","Cell_9001","GPe_1",32
"GPe","Cell_13760","GPe_1",32
"GPe","Cell_14206","GPe_4",49
"GPe","Cell_14934","GPe_6",57
"GPe","Cell_16785","GPe_4",49
"GPe","Cell_17303","GPe_6",57
"GPe","Cell_20448","GPe_5",45
"GPe","Cell_21178","GPe_4",49
"GPe","Cell_21741","GPe_6",57
"GPe","Cell_22618","GPe_2",40
"GPe","Cell_23176","GPe_6",57
"GPe","Cell_23376","GPe_5",45
"GPe","Cell_24098","GPe_4",49
"GPe","Cell_24783","GPe_1",32
"GPe","Cell_26253","GPe_2",40
"GPe","Cell_26303","GPe_6",57
"GPe","Cell_28030","GPe_4",49
"GPe","Cell_29859","GPe_5",45
"GPe","Cell_31372","GPe_4",49
"GPe","Cell_31759","GPe_6",57
"GPe","Cell_31900","GPe_4",49
"GPe","Cell_34263","GPe_2",40
"GPe","Cell_34281","GPe_1",32
"GPe","Cell_35256","GPe_5",45
"GPe","Cell_37753","GPe_2",40
"GPe","Cell_38339","GPe_6",57
"GPe","Cell_38500","GPe_2",40
"GPe","Cell_40009","GPe_4",49
"GPe","Cell_40650","GPe_2",40
"GPe","Cell_41665","GPe_6",57
"GPe","Cell_42201","GPe_6",57
"GPe","Cell_42627","GPe_2",40
"GPe","Cell_43002","GPe_5",45
"GPe","Cell_43410","GPe_5",45
"GPe","Cell_44587","GPe_4",49
"GPe","Cell_44792","GPe_6",57
"GPe","Cell_45075","GPe_5",45
"GPe","Cell_162","GPe_4",49
"GPe","Cell_197","GPe_6",57
"GPe","Cell_229","GPe_7",25
"GPe","Cell_1952","GPe_3",19
"GPe","Cell_2309","GPe_6",57
"GPe","Cell_2533","GPe_6",57
"GPe","Cell_3194","GPe_6",57
"GPe","Cell_4621","GPe_3",19
"GPe","Cell_5032","GPe_1",32
"GPe","Cell_6194","GPe_2",40
"GPe","Cell_9130","GPe_6",57
"GPe","Cell_10948","GPe_2",40
"GPe","Cell_11835","GPe_1",32
"GPe","Cell_14859","GPe_4",49
"GPe","Cell_15242","GPe_5",45
"GPe","Cell_15302","GPe_4",49
"GPe","Cell_16904","GPe_5",45
"GPe","Cell_16992","GPe_6",57
"GPe","Cell_18546","GPe_6",57
"GPe","Cell_18663","GPe_6",57
"GPe","Cell_19425","GPe_4",49
"GPe","Cell_20380","GPe_4",49
"GPe","Cell_20531","GPe_1",32
"GPe","Cell_20932","GPe_1",32
"GPe","Cell_21167","GPe_4",49
"GPe","Cell_21780","GPe_4",49
"GPe","Cell_22525","GPe_3",19
"GPe","Cell_22909","GPe_7",25
"GPe","Cell_23280","GPe_5",45
"GPe","Cell_23281","GPe_2",40
"GPe","Cell_23824","GPe_2",40
"GPe","Cell_24154","GPe_6",57
"GPe","Cell_25137","GPe_5",45
"GPe","Cell_26166","GPe_1",32
"GPe","Cell_27170","GPe_6",57
"GPe","Cell_27395","GPe_7",25
"GPe","Cell_28364","GPe_6",57
"GPe","Cell_28544","GPe_5",45
"GPe","Cell_28908","GPe_2",40
"GPe","Cell_29204","GPe_7",25
"GPe","Cell_29335","GPe_6",57
"GPe","Cell_30030","GPe_7",25
"GPe","Cell_30226","GPe_6",57
"GPe","Cell_30662","GPe_7",25
"GPe","Cell_30918","GPe_5",45
"GPe","Cell_31897","GPe_2",40
"GPe","Cell_31985","GPe_2",40
"GPe","Cell_32559","GPe_1",32
"GPe","Cell_32919","GPe_4",49
"GPe","Cell_33783","GPe_6",57
"GPe","Cell_34338","GPe_3",19
"GPe","Cell_34655","GPe_2",40
"GPe","Cell_34877","GPe_4",49
"GPe","Cell_35466","GPe_6",57
"GPe","Cell_36320","GPe_1",32
"GPe","Cell_36750","GPe_5",45
"GPe","Cell_37552","GPe_5",45
"GPe","Cell_39243","GPe_1",32
"GPe","Cell_39394","GPe_2",40
"GPe","Cell_40127","GPe_6",57
"GPe","Cell_40658","GPe_6",57
"GPe","Cell_41277","GPe_2",40
"GPe","Cell_41572","GPe_1",32
"GPe","Cell_44098","GPe_2",40
"GPe","Cell_44711","GPe_6",57
"GPe","Cell_6009","GPe_4",49
"GPe","Cell_28333","GPe_5",45
"GPe","Cell_43011","GPe_4",49
"GPe","Cell_1329","GPe_1",32
"GPe","Cell_8839","GPe_5",45
"GPe","Cell_17025","GPe_2",40
"GPe","Cell_18132","GPe_3",19
"GPe","Cell_18309","GPe_5",45
"GPe","Cell_21922","GPe_5",45
"GPe","Cell_30455","GPe_3",19
"GPe","Cell_37340","GPe_7",25
"GPe","Cell_41237","GPe_5",45
"GPe","Cell_43683","GPe_7",25
"GPe","Cell_4368","GPe_3",19
"GPe","Cell_4521","GPe_2",40
"GPe","Cell_26202","GPe_6",57
"GPe","Cell_32028","GPe_3",19
"GPe","Cell_6593","GPe_6",57
"GPe","Cell_2237","GPe_7",25
"GPe","Cell_3659","GPe_1",32
"GPe","Cell_13712","GPe_6",57
"GPe","Cell_14838","GPe_7",25
"GPe","Cell_14974","GPe_6",57
"GPe","Cell_16416","GPe_7",25
"GPe","Cell_18373","GPe_3",19
"GPe","Cell_20310","GPe_3",19
"GPe","Cell_24216","GPe_4",49
"GPe","Cell_26304","GPe_1",32
"GPe","Cell_27678","GPe_1",32
"GPe","Cell_30576","GPe_6",57
"GPe","Cell_32816","GPe_6",57
"GPe","Cell_33159","GPe_4",49
"GPe","Cell_37318","GPe_4",49
"GPe","Cell_41733","GPe_5",45
"GPe","Cell_42636","GPe_2",40
"GPe","Cell_44700","GPe_3",19
"GPe","Cell_198","GPe_5",45
"GPe","Cell_2109","GPe_2",40
"GPe","Cell_4949","GPe_5",45
"GPe","Cell_5040","GPe_4",49
"GPe","Cell_6134","GPe_7",25
"GPe","Cell_9021","GPe_4",49
"GPe","Cell_9047","GPe_6",57
"GPe","Cell_13519","GPe_7",25
"GPe","Cell_13858","GPe_5",45
"GPe","Cell_15910","GPe_4",49
"GPe","Cell_17953","GPe_6",57
"GPe","Cell_18364","GPe_7",25
"GPe","Cell_18778","GPe_7",25
"GPe","Cell_19455","GPe_4",49
"GPe","Cell_19885","GPe_5",45
"GPe","Cell_22749","GPe_1",32
"GPe","Cell_28180","GPe_4",49
"GPe","Cell_34656","GPe_4",49
"GPe","Cell_37152","GPe_7",25
"GPe","Cell_37677","GPe_7",25
"GPe","Cell_42818","GPe_4",49
"GPe","Cell_1010","GPe_1",32
"GPe","Cell_1977","GPe_1",32
"GPe","Cell_2692","GPe_6",57
"GPe","Cell_3536","GPe_3",19
"GPe","Cell_3984","GPe_3",19
"GPe","Cell_5827","GPe_2",40
"GPe","Cell_7722","GPe_6",57
"GPe","Cell_7831","GPe_1",32
"GPe","Cell_9626","GPe_6",57
"GPe","Cell_12773","GPe_2",40
"GPe","Cell_14614","GPe_5",45
"GPe","Cell_18768","GPe_1",32
"GPe","Cell_19030","GPe_4",49
"GPe","Cell_20860","GPe_6",57
"GPe","Cell_23530","GPe_3",19
"GPe","Cell_24355","GPe_3",19
"GPe","Cell_27698","GPe_4",49
"GPe","Cell_28571","GPe_5",45
"GPe","Cell_32694","GPe_1",32
"GPe","Cell_34966","GPe_4",49
"GPe","Cell_38738","GPe_7",25
"GPe","Cell_39859","GPe_6",57
"GPe","Cell_41079","GPe_2",40
"GPe","Cell_42470","GPe_7",25
"GPe","Cell_43157","GPe_7",25
"GPe","Cell_28238","GPe_5",45
"GPe","Cell_20572","GPe_2",40
"GPe","Cell_24763","GPe_2",40
"GPe","Cell_28271","GPe_6",57
"GPe","Cell_4498","GPe_7",25
"GPe","Cell_10704","GPe_2",40
"GPe","Cell_19045","GPe_4",49
"GPe","Cell_24169","GPe_5",45
"GPe","Cell_25942","GPe_6",57
"GPe","Cell_38719","GPe_6",57
"GPe","Cell_27270","GPe_2",40
"GPe","Cell_33691","GPe_7",25
"GPe","Cell_459","GPe_5",45
"GPe","Cell_11006","GPe_2",40
"GPe","Cell_16920","GPe_4",49
"GPe","Cell_17738","GPe_6",57
"GPe","Cell_19878","GPe_2",40
"GPe","Cell_29527","GPe_6",57
"GPe","Cell_2782","GPe_6",57
"GPe","Cell_11805","GPe_1",32
"GPe","Cell_15923","GPe_2",40
"GPe","Cell_18952","GPe_2",40
"GPe","Cell_22235","GPe_3",19
"GPe","Cell_23634","GPe_1",32
"GPe","Cell_35073","GPe_2",40
"GPe","Cell_10363","GPe_6",57
"GPe","Cell_29757","GPe_6",57
"GPe","Cell_31702","GPe_2",40
"GPe","Cell_44375","GPe_6",57
"GPe","Cell_494","GPe_4",49
"GPe","Cell_37373","GPe_2",40
"GPe","Cell_40924","GPe_2",40
"GPi","Cell_809","GPi_1",20
"GPi","Cell_9094","GPi_3",29
"GPi","Cell_42242","GPi_1",20
"GPi","Cell_9014","GPi_1",20
"GPi","Cell_12109","GPi_1",20
"GPi","Cell_34890","GPi_3",29
"GPi","Cell_38436","GPi_3",29
"GPi","Cell_41026","GPi_3",29
"GPi","Cell_41601","GPi_3",29
"GPi","Cell_33708","GPi_1",20
"GPi","Cell_38927","GPi_1",20
"GPi","Cell_41210","GPi_4",16
"GPi","Cell_268","GPi_1",20
"GPi","Cell_2436","GPi_4",16
"GPi","Cell_2671","GPi_1",20
"GPi","Cell_3488","GPi_1",20
"GPi","Cell_5481","GPi_1",20
"GPi","Cell_6033","GPi_4",16
"GPi","Cell_10359","GPi_1",20
"GPi","Cell_11034","GPi_4",16
"GPi","Cell_19195","GPi_3",29
"GPi","Cell_31186","GPi_3",29
"GPi","Cell_40955","GPi_4",16
"GPi","Cell_7086","GPi_4",16
"GPi","Cell_21320","GPi_4",16
"GPi","Cell_42164","GPi_4",16
"GPi","Cell_13431","GPi_3",29
"GPi","Cell_3315","GPi_3",29
"GPi","Cell_11207","GPi_1",20
"GPi","Cell_13338","GPi_3",29
"GPi","Cell_18505","GPi_3",29
"GPi","Cell_23818","GPi_3",29
"GPi","Cell_32082","GPi_4",16
"GPi","Cell_35965","GPi_3",29
"GPi","Cell_39809","GPi_3",29
"GPi","Cell_460","GPi_3",29
"GPi","Cell_8174","GPi_4",16
"GPi","Cell_8424","GPi_3",29
"GPi","Cell_13720","GPi_4",16
"GPi","Cell_16589","GPi_3",29
"GPi","Cell_18040","GPi_3",29
"GPi","Cell_20394","GPi_3",29
"GPi","Cell_20714","GPi_4",16
"GPi","Cell_21386","GPi_3",29
"GPi","Cell_24324","GPi_3",29
"GPi","Cell_31324","GPi_4",16
"GPi","Cell_35763","GPi_1",20
"GPi","Cell_36434","GPi_4",16
"GPi","Cell_38816","GPi_1",20
"GPi","Cell_42686","GPi_4",16
"GPi","Cell_2244","GPi_3",29
"GPi","Cell_5236","GPi_3",29
"GPi","Cell_11056","GPi_1",20
"GPi","Cell_21140","GPi_3",29
"GPi","Cell_23293","GPi_3",29
"GPi","Cell_25099","GPi_3",29
"GPi","Cell_25532","GPi_1",20
"GPi","Cell_3445","GPi_1",20
"GPi","Cell_8153","GPi_1",20
"GPi","Cell_9730","GPi_3",29
"GPi","Cell_26723","GPi_1",20
"GPi","Cell_39811","GPi_4",16
"GPi","Cell_26424","GPi_3",29
"GPi","Cell_22318","GPi_1",20
"GPi","Cell_9844","GPi_3",29
"IMD","Cell_29492","IMD_2",23
"IMD","Cell_40293","IMD_2",23
"IMD","Cell_41199","IMD_2",23
"IMD","Cell_45127","IMD_2",23
"IMD","Cell_1150","IMD_3",38
"IMD","Cell_20269","IMD_4",16
"IMD","Cell_26689","IMD_3",38
"IMD","Cell_7264","IMD_3",38
"IMD","Cell_13898","IMD_3",38
"IMD","Cell_16178","IMD_3",38
"IMD","Cell_23727","IMD_3",38
"IMD","Cell_26265","IMD_3",38
"IMD","Cell_27500","IMD_2",23
"IMD","Cell_30824","IMD_2",23
"IMD","Cell_32225","IMD_4",16
"IMD","Cell_37545","IMD_3",38
"IMD","Cell_44652","IMD_3",38
"IMD","Cell_2254","IMD_3",38
"IMD","Cell_1646","IMD_4",16
"IMD","Cell_16428","IMD_2",23
"IMD","Cell_18363","IMD_4",16
"IMD","Cell_18951","IMD_4",16
"IMD","Cell_23978","IMD_2",23
"IMD","Cell_1061","IMD_2",23
"IMD","Cell_2781","IMD_2",23
"IMD","Cell_4236","IMD_3",38
"IMD","Cell_24498","IMD_3",38
"IMD","Cell_25289","IMD_4",16
"IMD","Cell_32271","IMD_3",38
"IMD","Cell_36310","IMD_2",23
"IMD","Cell_37244","IMD_2",23
"IMD","Cell_40018","IMD_4",16
"IMD","Cell_41233","IMD_3",38
"IMD","Cell_42780","IMD_2",23
"IMD","Cell_2281","IMD_3",38
"IMD","Cell_2511","IMD_2",23
"IMD","Cell_3508","IMD_4",16
"IMD","Cell_3597","IMD_2",23
"IMD","Cell_16234","IMD_2",23
"IMD","Cell_17843","IMD_3",38
"IMD","Cell_20281","IMD_2",23
"IMD","Cell_22149","IMD_2",23
"IMD","Cell_22560","IMD_3",38
"IMD","Cell_27372","IMD_4",16
"IMD","Cell_27779","IMD_3",38
"IMD","Cell_27996","IMD_3",38
"IMD","Cell_30683","IMD_2",23
"IMD","Cell_30913","IMD_4",16
"IMD","Cell_32696","IMD_3",38
"IMD","Cell_32791","IMD_3",38
"IMD","Cell_34785","IMD_2",23
"IMD","Cell_35878","IMD_4",16
"IMD","Cell_36032","IMD_3",38
"IMD","Cell_39706","IMD_3",38
"IMD","Cell_42052","IMD_4",16
"IMD","Cell_16470","IMD_3",38
"IMD","Cell_5440","IMD_3",38
"IMD","Cell_6126","IMD_3",38
"IMD","Cell_16317","IMD_3",38
"IMD","Cell_32870","IMD_3",38
"IMD","Cell_43969","IMD_2",23
"IMD","Cell_2551","IMD_3",38
"IMD","Cell_5063","IMD_3",38
"IMD","Cell_29246","IMD_2",23
"IMD","Cell_32921","IMD_3",38
"IMD","Cell_43483","IMD_4",16
"IMD","Cell_27804","IMD_3",38
"IMD","Cell_5326","IMD_3",38
"IMD","Cell_7811","IMD_4",16
"IMD","Cell_14888","IMD_3",38
"IMD","Cell_28034","IMD_2",23
"IMD","Cell_30150","IMD_3",38
"IMD","Cell_36933","IMD_4",16
"IMD","Cell_37232","IMD_3",38
"IMD","Cell_33541","IMD_4",16
"IMD","Cell_29134","IMD_3",38
"IMD","Cell_44087","IMD_3",38
"Isocortex","Cell_227","Isocortex_1",375
"Isocortex","Cell_19150","Isocortex_1",375
"Isocortex","Cell_14674","Isocortex_1",375
"Isocortex","Cell_23584","Isocortex_1",375
"Isocortex","Cell_25780","Isocortex_1",375
"Isocortex","Cell_30444","Isocortex_1",375
"Isocortex","Cell_11906","Isocortex_1",375
"Isocortex","Cell_8546","Isocortex_1",375
"Isocortex","Cell_31929","Isocortex_1",375
"Isocortex","Cell_9574","Isocortex_1",375
"Isocortex","Cell_11001","Isocortex_1",375
"Isocortex","Cell_25483","Isocortex_1",375
"Isocortex","Cell_15192","Isocortex_1",375
"Isocortex","Cell_15538","Isocortex_1",375
"Isocortex","Cell_16240","Isocortex_1",375
"Isocortex","Cell_16297","Isocortex_1",375
"Isocortex","Cell_18425","Isocortex_1",375
"Isocortex","Cell_18503","Isocortex_1",375
"Isocortex","Cell_26821","Isocortex_1",375
"Isocortex","Cell_30191","Isocortex_1",375
"Isocortex","Cell_33891","Isocortex_1",375
"Isocortex","Cell_40256","Isocortex_1",375
"Isocortex","Cell_43705","Isocortex_1",375
"Isocortex","Cell_15660","Isocortex_1",375
"Isocortex","Cell_21675","Isocortex_1",375
"Isocortex","Cell_21954","Isocortex_1",375
"Isocortex","Cell_22580","Isocortex_1",375
"Isocortex","Cell_31376","Isocortex_1",375
"Isocortex","Cell_36642","Isocortex_1",375
"Isocortex","Cell_40021","Isocortex_1",375
"Isocortex","Cell_43931","Isocortex_1",375
"Isocortex","Cell_44944","Isocortex_1",375
"Isocortex","Cell_3825","Isocortex_1",375
"Isocortex","Cell_10090","Isocortex_1",375
"Isocortex","Cell_43392","Isocortex_1",375
"Isocortex","Cell_14153","Isocortex_1",375
"Isocortex","Cell_14387","Isocortex_1",375
"Isocortex","Cell_25102","Isocortex_1",375
"Isocortex","Cell_35667","Isocortex_1",375
"Isocortex","Cell_45010","Isocortex_1",375
"Isocortex","Cell_3212","Isocortex_4",272
"Isocortex","Cell_11485","Isocortex_5",347
"Isocortex","Cell_14147","Isocortex_6",432
"Isocortex","Cell_14493","Isocortex_7",365
"Isocortex","Cell_20490","Isocortex_8",361
"Isocortex","Cell_25286","Isocortex_5",347
"Isocortex","Cell_28119","Isocortex_8",361
"Isocortex","Cell_12235","Isocortex_4",272
"Isocortex","Cell_12722","Isocortex_6",432
"Isocortex","Cell_20267","Isocortex_5",347
"Isocortex","Cell_43048","Isocortex_8",361
"Isocortex","Cell_4901","Isocortex_5",347
"Isocortex","Cell_14002","Isocortex_8",361
"Isocortex","Cell_14622","Isocortex_8",361
"Isocortex","Cell_15536","Isocortex_8",361
"Isocortex","Cell_16044","Isocortex_6",432
"Isocortex","Cell_17067","Isocortex_8",361
"Isocortex","Cell_18636","Isocortex_6",432
"Isocortex","Cell_18897","Isocortex_7",365
"Isocortex","Cell_20703","Isocortex_8",361
"Isocortex","Cell_21401","Isocortex_8",361
"Isocortex","Cell_22312","Isocortex_8",361
"Isocortex","Cell_24205","Isocortex_9",215
"Isocortex","Cell_24759","Isocortex_8",361
"Isocortex","Cell_24877","Isocortex_9",215
"Isocortex","Cell_25987","Isocortex_6",432
"Isocortex","Cell_26637","Isocortex_8",361
"Isocortex","Cell_27245","Isocortex_8",361
"Isocortex","Cell_27790","Isocortex_8",361
"Isocortex","Cell_28592","Isocortex_7",365
"Isocortex","Cell_29593","Isocortex_10",373
"Isocortex","Cell_29720","Isocortex_5",347
"Isocortex","Cell_30399","Isocortex_10",373
"Isocortex","Cell_31502","Isocortex_8",361
"Isocortex","Cell_33834","Isocortex_10",373
"Isocortex","Cell_35911","Isocortex_8",361
"Isocortex","Cell_37741","Isocortex_6",432
"Isocortex","Cell_37799","Isocortex_10",373
"Isocortex","Cell_38795","Isocortex_4",272
"Isocortex","Cell_39715","Isocortex_9",215
"Isocortex","Cell_41355","Isocortex_8",361
"Isocortex","Cell_1039","Isocortex_8",361
"Isocortex","Cell_4942","Isocortex_8",361
"Isocortex","Cell_17858","Isocortex_8",361
"Isocortex","Cell_39134","Isocortex_8",361
"Isocortex","Cell_159","Isocortex_10",373
"Isocortex","Cell_3914","Isocortex_8",361
"Isocortex","Cell_5112","Isocortex_4",272
"Isocortex","Cell_5198","Isocortex_7",365
"Isocortex","Cell_7114","Isocortex_8",361
"Isocortex","Cell_7478","Isocortex_8",361
"Isocortex","Cell_9902","Isocortex_4",272
"Isocortex","Cell_15184","Isocortex_9",215
"Isocortex","Cell_15861","Isocortex_9",215
"Isocortex","Cell_15983","Isocortex_9",215
"Isocortex","Cell_19794","Isocortex_9",215
"Isocortex","Cell_20971","Isocortex_7",365
"Isocortex","Cell_21107","Isocortex_8",361
"Isocortex","Cell_21543","Isocortex_8",361
"Isocortex","Cell_22456","Isocortex_5",347
"Isocortex","Cell_28460","Isocortex_8",361
"Isocortex","Cell_29754","Isocortex_7",365
"Isocortex","Cell_35956","Isocortex_8",361
"Isocortex","Cell_38736","Isocortex_8",361
"Isocortex","Cell_42441","Isocortex_6",432
"Isocortex","Cell_12579","Isocortex_8",361
"Isocortex","Cell_7401","Isocortex_4",272
"Isocortex","Cell_22109","Isocortex_8",361
"Isocortex","Cell_99","Isocortex_8",361
"Isocortex","Cell_986","Isocortex_8",361
"Isocortex","Cell_1181","Isocortex_9",215
"Isocortex","Cell_1786","Isocortex_8",361
"Isocortex","Cell_1918","Isocortex_5",347
"Isocortex","Cell_2701","Isocortex_7",365
"Isocortex","Cell_2706","Isocortex_9",215
"Isocortex","Cell_2804","Isocortex_8",361
"Isocortex","Cell_3195","Isocortex_5",347
"Isocortex","Cell_3997","Isocortex_9",215
"Isocortex","Cell_4908","Isocortex_8",361
"Isocortex","Cell_4948","Isocortex_6",432
"Isocortex","Cell_5683","Isocortex_7",365
"Isocortex","Cell_5693","Isocortex_6",432
"Isocortex","Cell_6295","Isocortex_9",215
"Isocortex","Cell_7684","Isocortex_10",373
"Isocortex","Cell_7745","Isocortex_8",361
"Isocortex","Cell_8935","Isocortex_9",215
"Isocortex","Cell_8955","Isocortex_4",272
"Isocortex","Cell_9609","Isocortex_9",215
"Isocortex","Cell_10661","Isocortex_6",432
"Isocortex","Cell_10891","Isocortex_8",361
"Isocortex","Cell_11833","Isocortex_8",361
"Isocortex","Cell_12911","Isocortex_5",347
"Isocortex","Cell_13364","Isocortex_4",272
"Isocortex","Cell_13456","Isocortex_10",373
"Isocortex","Cell_13742","Isocortex_8",361
"Isocortex","Cell_14515","Isocortex_10",373
"Isocortex","Cell_15602","Isocortex_8",361
"Isocortex","Cell_15909","Isocortex_5",347
"Isocortex","Cell_16194","Isocortex_8",361
"Isocortex","Cell_16295","Isocortex_4",272
"Isocortex","Cell_16602","Isocortex_8",361
"Isocortex","Cell_16791","Isocortex_4",272
"Isocortex","Cell_17382","Isocortex_8",361
"Isocortex","Cell_18550","Isocortex_9",215
"Isocortex","Cell_18892","Isocortex_9",215
"Isocortex","Cell_19715","Isocortex_8",361
"Isocortex","Cell_20332","Isocortex_7",365
"Isocortex","Cell_20837","Isocortex_9",215
"Isocortex","Cell_21183","Isocortex_6",432
"Isocortex","Cell_21609","Isocortex_4",272
"Isocortex","Cell_22083","Isocortex_8",361
"Isocortex","Cell_22421","Isocortex_8",361
"Isocortex","Cell_23656","Isocortex_8",361
"Isocortex","Cell_23836","Isocortex_8",361
"Isocortex","Cell_24014","Isocortex_4",272
"Isocortex","Cell_24301","Isocortex_7",365
"Isocortex","Cell_25027","Isocortex_5",347
"Isocortex","Cell_25118","Isocortex_4",272
"Isocortex","Cell_25941","Isocortex_5",347
"Isocortex","Cell_26439","Isocortex_9",215
"Isocortex","Cell_26466","Isocortex_7",365
"Isocortex","Cell_26540","Isocortex_9",215
"Isocortex","Cell_26773","Isocortex_8",361
"Isocortex","Cell_27413","Isocortex_7",365
"Isocortex","Cell_28183","Isocortex_7",365
"Isocortex","Cell_28687","Isocortex_7",365
"Isocortex","Cell_28724","Isocortex_9",215
"Isocortex","Cell_28933","Isocortex_8",361
"Isocortex","Cell_29897","Isocortex_9",215
"Isocortex","Cell_30319","Isocortex_7",365
"Isocortex","Cell_30843","Isocortex_4",272
"Isocortex","Cell_30874","Isocortex_8",361
"Isocortex","Cell_31724","Isocortex_9",215
"Isocortex","Cell_31797","Isocortex_7",365
"Isocortex","Cell_32555","Isocortex_9",215
"Isocortex","Cell_32615","Isocortex_9",215
"Isocortex","Cell_32722","Isocortex_8",361
"Isocortex","Cell_33031","Isocortex_9",215
"Isocortex","Cell_33046","Isocortex_8",361
"Isocortex","Cell_33714","Isocortex_8",361
"Isocortex","Cell_34328","Isocortex_8",361
"Isocortex","Cell_34641","Isocortex_5",347
"Isocortex","Cell_34974","Isocortex_9",215
"Isocortex","Cell_36013","Isocortex_9",215
"Isocortex","Cell_36122","Isocortex_8",361
"Isocortex","Cell_36388","Isocortex_9",215
"Isocortex","Cell_36782","Isocortex_8",361
"Isocortex","Cell_36857","Isocortex_6",432
"Isocortex","Cell_37455","Isocortex_8",361
"Isocortex","Cell_37692","Isocortex_6",432
"Isocortex","Cell_39338","Isocortex_8",361
"Isocortex","Cell_40000","Isocortex_8",361
"Isocortex","Cell_41782","Isocortex_10",373
"Isocortex","Cell_41980","Isocortex_7",365
"Isocortex","Cell_43091","Isocortex_8",361
"Isocortex","Cell_44054","Isocortex_8",361
"Isocortex","Cell_44081","Isocortex_8",361
"Isocortex","Cell_44803","Isocortex_8",361
"Isocortex","Cell_45015","Isocortex_8",361
"Isocortex","Cell_45081","Isocortex_6",432
"Isocortex","Cell_403","Isocortex_6",432
"Isocortex","Cell_1015","Isocortex_5",347
"Isocortex","Cell_1136","Isocortex_8",361
"Isocortex","Cell_1229","Isocortex_7",365
"Isocortex","Cell_1644","Isocortex_9",215
"Isocortex","Cell_1779","Isocortex_5",347
"Isocortex","Cell_2224","Isocortex_8",361
"Isocortex","Cell_2573","Isocortex_8",361
"Isocortex","Cell_3528","Isocortex_8",361
"Isocortex","Cell_3631","Isocortex_7",365
"Isocortex","Cell_3640","Isocortex_6",432
"Isocortex","Cell_4029","Isocortex_8",361
"Isocortex","Cell_4361","Isocortex_8",361
"Isocortex","Cell_4411","Isocortex_8",361
"Isocortex","Cell_4709","Isocortex_8",361
"Isocortex","Cell_5100","Isocortex_8",361
"Isocortex","Cell_5121","Isocortex_7",365
"Isocortex","Cell_6481","Isocortex_8",361
"Isocortex","Cell_6487","Isocortex_5",347
"Isocortex","Cell_6565","Isocortex_8",361
"Isocortex","Cell_7601","Isocortex_9",215
"Isocortex","Cell_7649","Isocortex_8",361
"Isocortex","Cell_7668","Isocortex_8",361
"Isocortex","Cell_8238","Isocortex_8",361
"Isocortex","Cell_8342","Isocortex_8",361
"Isocortex","Cell_8581","Isocortex_9",215
"Isocortex","Cell_9083","Isocortex_5",347
"Isocortex","Cell_9208","Isocortex_7",365
"Isocortex","Cell_9361","Isocortex_9",215
"Isocortex","Cell_9907","Isocortex_5",347
"Isocortex","Cell_10070","Isocortex_9",215
"Isocortex","Cell_11490","Isocortex_4",272
"Isocortex","Cell_11582","Isocortex_8",361
"Isocortex","Cell_12312","Isocortex_10",373
"Isocortex","Cell_12539","Isocortex_4",272
"Isocortex","Cell_12814","Isocortex_8",361
"Isocortex","Cell_13414","Isocortex_5",347
"Isocortex","Cell_13507","Isocortex_8",361
"Isocortex","Cell_13564","Isocortex_9",215
"Isocortex","Cell_13929","Isocortex_10",373
"Isocortex","Cell_14455","Isocortex_4",272
"Isocortex","Cell_14624","Isocortex_9",215
"Isocortex","Cell_15430","Isocortex_8",361
"Isocortex","Cell_15551","Isocortex_5",347
"Isocortex","Cell_15727","Isocortex_4",272
"Isocortex","Cell_15772","Isocortex_6",432
"Isocortex","Cell_16413","Isocortex_8",361
"Isocortex","Cell_16768","Isocortex_8",361
"Isocortex","Cell_16844","Isocortex_9",215
"Isocortex","Cell_17691","Isocortex_6",432
"Isocortex","Cell_18021","Isocortex_4",272
"Isocortex","Cell_18265","Isocortex_6",432
"Isocortex","Cell_18355","Isocortex_9",215
"Isocortex","Cell_18776","Isocortex_6",432
"Isocortex","Cell_19862","Isocortex_8",361
"Isocortex","Cell_20816","Isocortex_8",361
"Isocortex","Cell_20902","Isocortex_7",365
"Isocortex","Cell_21408","Isocortex_9",215
"Isocortex","Cell_21946","Isocortex_8",361
"Isocortex","Cell_21962","Isocortex_8",361
"Isocortex","Cell_22048","Isocortex_9",215
"Isocortex","Cell_22556","Isocortex_6",432
"Isocortex","Cell_22680","Isocortex_7",365
"Isocortex","Cell_22867","Isocortex_9",215
"Isocortex","Cell_23044","Isocortex_9",215
"Isocortex","Cell_23579","Isocortex_8",361
"Isocortex","Cell_24304","Isocortex_7",365
"Isocortex","Cell_24758","Isocortex_6",432
"Isocortex","Cell_24868","Isocortex_9",215
"Isocortex","Cell_25235","Isocortex_8",361
"Isocortex","Cell_25236","Isocortex_5",347
"Isocortex","Cell_25677","Isocortex_8",361
"Isocortex","Cell_25763","Isocortex_6",432
"Isocortex","Cell_25984","Isocortex_8",361
"Isocortex","Cell_26290","Isocortex_6",432
"Isocortex","Cell_26457","Isocortex_8",361
"Isocortex","Cell_26735","Isocortex_5",347
"Isocortex","Cell_27388","Isocortex_9",215
"Isocortex","Cell_27792","Isocortex_9",215
"Isocortex","Cell_27887","Isocortex_5",347
"Isocortex","Cell_28872","Isocortex_8",361
"Isocortex","Cell_28959","Isocortex_9",215
"Isocortex","Cell_29298","Isocortex_7",365
"Isocortex","Cell_30754","Isocortex_5",347
"Isocortex","Cell_30840","Isocortex_7",365
"Isocortex","Cell_31138","Isocortex_8",361
"Isocortex","Cell_31453","Isocortex_8",361
"Isocortex","Cell_32150","Isocortex_8",361
"Isocortex","Cell_32654","Isocortex_10",373
"Isocortex","Cell_32710","Isocortex_7",365
"Isocortex","Cell_32768","Isocortex_10",373
"Isocortex","Cell_33095","Isocortex_5",347
"Isocortex","Cell_33146","Isocortex_8",361
"Isocortex","Cell_33645","Isocortex_6",432
"Isocortex","Cell_34064","Isocortex_10",373
"Isocortex","Cell_34485","Isocortex_5",347
"Isocortex","Cell_35423","Isocortex_5",347
"Isocortex","Cell_35808","Isocortex_9",215
"Isocortex","Cell_35880","Isocortex_6",432
"Isocortex","Cell_36519","Isocortex_8",361
"Isocortex","Cell_37858","Isocortex_10",373
"Isocortex","Cell_38130","Isocortex_4",272
"Isocortex","Cell_38236","Isocortex_8",361
"Isocortex","Cell_38485","Isocortex_8",361
"Isocortex","Cell_38772","Isocortex_4",272
"Isocortex","Cell_38796","Isocortex_8",361
"Isocortex","Cell_40391","Isocortex_6",432
"Isocortex","Cell_40702","Isocortex_8",361
"Isocortex","Cell_40979","Isocortex_10",373
"Isocortex","Cell_41699","Isocortex_6",432
"Isocortex","Cell_42051","Isocortex_8",361
"Isocortex","Cell_44479","Isocortex_6",432
"Isocortex","Cell_44763","Isocortex_8",361
"Isocortex","Cell_45257","Isocortex_9",215
"Isocortex","Cell_67","Isocortex_5",347
"Isocortex","Cell_69","Isocortex_9",215
"Isocortex","Cell_151","Isocortex_9",215
"Isocortex","Cell_153","Isocortex_7",365
"Isocortex","Cell_177","Isocortex_8",361
"Isocortex","Cell_606","Isocortex_8",361
"Isocortex","Cell_720","Isocortex_8",361
"Isocortex","Cell_1059","Isocortex_9",215
"Isocortex","Cell_1093","Isocortex_10",373
"Isocortex","Cell_1708","Isocortex_5",347
"Isocortex","Cell_1919","Isocortex_10",373
"Isocortex","Cell_1963","Isocortex_5",347
"Isocortex","Cell_2802","Isocortex_10",373
"Isocortex","Cell_2870","Isocortex_9",215
"Isocortex","Cell_3118","Isocortex_8",361
"Isocortex","Cell_3562","Isocortex_5",347
"Isocortex","Cell_3742","Isocortex_5",347
"Isocortex","Cell_3971","Isocortex_8",361
"Isocortex","Cell_4198","Isocortex_9",215
"Isocortex","Cell_4614","Isocortex_7",365
"Isocortex","Cell_4972","Isocortex_5",347
"Isocortex","Cell_5099","Isocortex_5",347
"Isocortex","Cell_5102","Isocortex_5",347
"Isocortex","Cell_5433","Isocortex_9",215
"Isocortex","Cell_5545","Isocortex_8",361
"Isocortex","Cell_5632","Isocortex_10",373
"Isocortex","Cell_5649","Isocortex_8",361
"Isocortex","Cell_5725","Isocortex_7",365
"Isocortex","Cell_5837","Isocortex_8",361
"Isocortex","Cell_5948","Isocortex_5",347
"Isocortex","Cell_6020","Isocortex_5",347
"Isocortex","Cell_6336","Isocortex_5",347
"Isocortex","Cell_6439","Isocortex_8",361
"Isocortex","Cell_6507","Isocortex_5",347
"Isocortex","Cell_7263","Isocortex_10",373
"Isocortex","Cell_7498","Isocortex_7",365
"Isocortex","Cell_7787","Isocortex_9",215
"Isocortex","Cell_8205","Isocortex_5",347
"Isocortex","Cell_8365","Isocortex_8",361
"Isocortex","Cell_9024","Isocortex_8",361
"Isocortex","Cell_9300","Isocortex_5",347
"Isocortex","Cell_9348","Isocortex_8",361
"Isocortex","Cell_9594","Isocortex_6",432
"Isocortex","Cell_9649","Isocortex_9",215
"Isocortex","Cell_9729","Isocortex_8",361
"Isocortex","Cell_9834","Isocortex_6",432
"Isocortex","Cell_9939","Isocortex_5",347
"Isocortex","Cell_10048","Isocortex_10",373
"Isocortex","Cell_10091","Isocortex_5",347
"Isocortex","Cell_11007","Isocortex_6",432
"Isocortex","Cell_11090","Isocortex_9",215
"Isocortex","Cell_11408","Isocortex_8",361
"Isocortex","Cell_11798","Isocortex_9",215
"Isocortex","Cell_11819","Isocortex_10",373
"Isocortex","Cell_11954","Isocortex_8",361
"Isocortex","Cell_12008","Isocortex_8",361
"Isocortex","Cell_12149","Isocortex_5",347
"Isocortex","Cell_12360","Isocortex_8",361
"Isocortex","Cell_12434","Isocortex_10",373
"Isocortex","Cell_12785","Isocortex_7",365
"Isocortex","Cell_12985","Isocortex_7",365
"Isocortex","Cell_13116","Isocortex_7",365
"Isocortex","Cell_13561","Isocortex_5",347
"Isocortex","Cell_13622","Isocortex_8",361
"Isocortex","Cell_13830","Isocortex_5",347
"Isocortex","Cell_13995","Isocortex_8",361
"Isocortex","Cell_14142","Isocortex_9",215
"Isocortex","Cell_14155","Isocortex_10",373
"Isocortex","Cell_14254","Isocortex_10",373
"Isocortex","Cell_14440","Isocortex_8",361
"Isocortex","Cell_14478","Isocortex_8",361
"Isocortex","Cell_15109","Isocortex_7",365
"Isocortex","Cell_15629","Isocortex_10",373
"Isocortex","Cell_16537","Isocortex_8",361
"Isocortex","Cell_16709","Isocortex_5",347
"Isocortex","Cell_16759","Isocortex_9",215
"Isocortex","Cell_16760","Isocortex_5",347
"Isocortex","Cell_16981","Isocortex_5",347
"Isocortex","Cell_17107","Isocortex_8",361
"Isocortex","Cell_17197","Isocortex_8",361
"Isocortex","Cell_17569","Isocortex_5",347
"Isocortex","Cell_17672","Isocortex_7",365
"Isocortex","Cell_17716","Isocortex_5",347
"Isocortex","Cell_18446","Isocortex_9",215
"Isocortex","Cell_18637","Isocortex_9",215
"Isocortex","Cell_18879","Isocortex_4",272
"Isocortex","Cell_19255","Isocortex_8",361
"Isocortex","Cell_19481","Isocortex_9",215
"Isocortex","Cell_19642","Isocortex_6",432
"Isocortex","Cell_19821","Isocortex_10",373
"Isocortex","Cell_19952","Isocortex_5",347
"Isocortex","Cell_19963","Isocortex_9",215
"Isocortex","Cell_20038","Isocortex_10",373
"Isocortex","Cell_20457","Isocortex_8",361
"Isocortex","Cell_20695","Isocortex_5",347
"Isocortex","Cell_20722","Isocortex_5",347
"Isocortex","Cell_21396","Isocortex_10",373
"Isocortex","Cell_21568","Isocortex_8",361
"Isocortex","Cell_21863","Isocortex_10",373
"Isocortex","Cell_21881","Isocortex_5",347
"Isocortex","Cell_21941","Isocortex_6",432
"Isocortex","Cell_22221","Isocortex_8",361
"Isocortex","Cell_22287","Isocortex_8",361
"Isocortex","Cell_22432","Isocortex_9",215
"Isocortex","Cell_22588","Isocortex_5",347
"Isocortex","Cell_22890","Isocortex_5",347
"Isocortex","Cell_23505","Isocortex_10",373
"Isocortex","Cell_24628","Isocortex_9",215
"Isocortex","Cell_24713","Isocortex_10",373
"Isocortex","Cell_24735","Isocortex_8",361
"Isocortex","Cell_24817","Isocortex_8",361
"Isocortex","Cell_24947","Isocortex_10",373
"Isocortex","Cell_25077","Isocortex_8",361
"Isocortex","Cell_25503","Isocortex_9",215
"Isocortex","Cell_25754","Isocortex_9",215
"Isocortex","Cell_26016","Isocortex_8",361
"Isocortex","Cell_26074","Isocortex_8",361
"Isocortex","Cell_26729","Isocortex_4",272
"Isocortex","Cell_27025","Isocortex_5",347
"Isocortex","Cell_27035","Isocortex_10",373
"Isocortex","Cell_27119","Isocortex_10",373
"Isocortex","Cell_27126","Isocortex_5",347
"Isocortex","Cell_27204","Isocortex_8",361
"Isocortex","Cell_27430","Isocortex_10",373
"Isocortex","Cell_28208","Isocortex_10",373
"Isocortex","Cell_28236","Isocortex_6",432
"Isocortex","Cell_28479","Isocortex_10",373
"Isocortex","Cell_28678","Isocortex_8",361
"Isocortex","Cell_28729","Isocortex_5",347
"Isocortex","Cell_29258","Isocortex_7",365
"Isocortex","Cell_29268","Isocortex_8",361
"Isocortex","Cell_29564","Isocortex_6",432
"Isocortex","Cell_29602","Isocortex_5",347
"Isocortex","Cell_29777","Isocortex_8",361
"Isocortex","Cell_29847","Isocortex_9",215
"Isocortex","Cell_29881","Isocortex_8",361
"Isocortex","Cell_29933","Isocortex_7",365
"Isocortex","Cell_30016","Isocortex_9",215
"Isocortex","Cell_30373","Isocortex_6",432
"Isocortex","Cell_30696","Isocortex_9",215
"Isocortex","Cell_31080","Isocortex_7",365
"Isocortex","Cell_31082","Isocortex_8",361
"Isocortex","Cell_31093","Isocortex_6",432
"Isocortex","Cell_31096","Isocortex_7",365
"Isocortex","Cell_31165","Isocortex_8",361
"Isocortex","Cell_32088","Isocortex_7",365
"Isocortex","Cell_33279","Isocortex_8",361
"Isocortex","Cell_33297","Isocortex_5",347
"Isocortex","Cell_33387","Isocortex_8",361
"Isocortex","Cell_33569","Isocortex_8",361
"Isocortex","Cell_34435","Isocortex_8",361
"Isocortex","Cell_34444","Isocortex_4",272
"Isocortex","Cell_34798","Isocortex_9",215
"Isocortex","Cell_34870","Isocortex_10",373
"Isocortex","Cell_35061","Isocortex_7",365
"Isocortex","Cell_35174","Isocortex_5",347
"Isocortex","Cell_35381","Isocortex_8",361
"Isocortex","Cell_35406","Isocortex_10",373
"Isocortex","Cell_35546","Isocortex_8",361
"Isocortex","Cell_35589","Isocortex_7",365
"Isocortex","Cell_35933","Isocortex_9",215
"Isocortex","Cell_36123","Isocortex_6",432
"Isocortex","Cell_36397","Isocortex_5",347
"Isocortex","Cell_36398","Isocortex_8",361
"Isocortex","Cell_36541","Isocortex_10",373
"Isocortex","Cell_36570","Isocortex_8",361
"Isocortex","Cell_36612","Isocortex_10",373
"Isocortex","Cell_36664","Isocortex_5",347
"Isocortex","Cell_37036","Isocortex_9",215
"Isocortex","Cell_37071","Isocortex_8",361
"Isocortex","Cell_37188","Isocortex_8",361
"Isocortex","Cell_37549","Isocortex_9",215
"Isocortex","Cell_37550","Isocortex_7",365
"Isocortex","Cell_37607","Isocortex_5",347
"Isocortex","Cell_37633","Isocortex_9",215
"Isocortex","Cell_37645","Isocortex_6",432
"Isocortex","Cell_37733","Isocortex_4",272
"Isocortex","Cell_37954","Isocortex_5",347
"Isocortex","Cell_38039","Isocortex_8",361
"Isocortex","Cell_38085","Isocortex_7",365
"Isocortex","Cell_38157","Isocortex_5",347
"Isocortex","Cell_38247","Isocortex_5",347
"Isocortex","Cell_38905","Isocortex_8",361
"Isocortex","Cell_38947","Isocortex_5",347
"Isocortex","Cell_38974","Isocortex_4",272
"Isocortex","Cell_39172","Isocortex_9",215
"Isocortex","Cell_39645","Isocortex_7",365
"Isocortex","Cell_40213","Isocortex_8",361
"Isocortex","Cell_40368","Isocortex_10",373
"Isocortex","Cell_40540","Isocortex_5",347
"Isocortex","Cell_40947","Isocortex_4",272
"Isocortex","Cell_41321","Isocortex_8",361
"Isocortex","Cell_42036","Isocortex_8",361
"Isocortex","Cell_42066","Isocortex_8",361
"Isocortex","Cell_42124","Isocortex_7",365
"Isocortex","Cell_42163","Isocortex_8",361
"Isocortex","Cell_42203","Isocortex_7",365
"Isocortex","Cell_43194","Isocortex_8",361
"Isocortex","Cell_43780","Isocortex_7",365
"Isocortex","Cell_44376","Isocortex_9",215
"Isocortex","Cell_44864","Isocortex_5",347
"Isocortex","Cell_372","Isocortex_8",361
"Isocortex","Cell_4350","Isocortex_8",361
"Isocortex","Cell_5185","Isocortex_4",272
"Isocortex","Cell_8945","Isocortex_4",272
"Isocortex","Cell_10582","Isocortex_9",215
"Isocortex","Cell_10972","Isocortex_8",361
"Isocortex","Cell_16717","Isocortex_10",373
"Isocortex","Cell_21562","Isocortex_9",215
"Isocortex","Cell_22055","Isocortex_9",215
"Isocortex","Cell_24283","Isocortex_10",373
"Isocortex","Cell_26910","Isocortex_6",432
"Isocortex","Cell_30347","Isocortex_6",432
"Isocortex","Cell_34839","Isocortex_9",215
"Isocortex","Cell_35973","Isocortex_5",347
"Isocortex","Cell_37119","Isocortex_7",365
"Isocortex","Cell_37289","Isocortex_9",215
"Isocortex","Cell_38166","Isocortex_8",361
"Isocortex","Cell_39710","Isocortex_5",347
"Isocortex","Cell_44750","Isocortex_8",361
"Isocortex","Cell_2208","Isocortex_6",432
"Isocortex","Cell_4879","Isocortex_6",432
"Isocortex","Cell_9332","Isocortex_8",361
"Isocortex","Cell_13294","Isocortex_6",432
"Isocortex","Cell_16399","Isocortex_8",361
"Isocortex","Cell_19501","Isocortex_8",361
"Isocortex","Cell_20813","Isocortex_8",361
"Isocortex","Cell_20897","Isocortex_8",361
"Isocortex","Cell_23802","Isocortex_8",361
"Isocortex","Cell_38099","Isocortex_8",361
"Isocortex","Cell_44130","Isocortex_7",365
"Isocortex","Cell_586","Isocortex_8",361
"Isocortex","Cell_2308","Isocortex_9",215
"Isocortex","Cell_4317","Isocortex_9",215
"Isocortex","Cell_4846","Isocortex_4",272
"Isocortex","Cell_5922","Isocortex_6",432
"Isocortex","Cell_6980","Isocortex_8",361
"Isocortex","Cell_7969","Isocortex_8",361
"Isocortex","Cell_8025","Isocortex_8",361
"Isocortex","Cell_9063","Isocortex_8",361
"Isocortex","Cell_9992","Isocortex_6",432
"Isocortex","Cell_10173","Isocortex_8",361
"Isocortex","Cell_10309","Isocortex_10",373
"Isocortex","Cell_11273","Isocortex_4",272
"Isocortex","Cell_12117","Isocortex_4",272
"Isocortex","Cell_12798","Isocortex_8",361
"Isocortex","Cell_12889","Isocortex_8",361
"Isocortex","Cell_14539","Isocortex_7",365
"Isocortex","Cell_15462","Isocortex_7",365
"Isocortex","Cell_16903","Isocortex_4",272
"Isocortex","Cell_17644","Isocortex_8",361
"Isocortex","Cell_18736","Isocortex_8",361
"Isocortex","Cell_20743","Isocortex_8",361
"Isocortex","Cell_21612","Isocortex_6",432
"Isocortex","Cell_23042","Isocortex_8",361
"Isocortex","Cell_24846","Isocortex_7",365
"Isocortex","Cell_25635","Isocortex_8",361
"Isocortex","Cell_26056","Isocortex_8",361
"Isocortex","Cell_26571","Isocortex_7",365
"Isocortex","Cell_27659","Isocortex_9",215
"Isocortex","Cell_30105","Isocortex_8",361
"Isocortex","Cell_31992","Isocortex_9",215
"Isocortex","Cell_32279","Isocortex_8",361
"Isocortex","Cell_33745","Isocortex_8",361
"Isocortex","Cell_34241","Isocortex_6",432
"Isocortex","Cell_36116","Isocortex_7",365
"Isocortex","Cell_37752","Isocortex_8",361
"Isocortex","Cell_38490","Isocortex_7",365
"Isocortex","Cell_40140","Isocortex_9",215
"Isocortex","Cell_40192","Isocortex_4",272
"Isocortex","Cell_41253","Isocortex_6",432
"Isocortex","Cell_42697","Isocortex_7",365
"Isocortex","Cell_43267","Isocortex_9",215
"Isocortex","Cell_755","Isocortex_6",432
"Isocortex","Cell_1162","Isocortex_8",361
"Isocortex","Cell_2149","Isocortex_9",215
"Isocortex","Cell_2345","Isocortex_7",365
"Isocortex","Cell_2473","Isocortex_8",361
"Isocortex","Cell_2685","Isocortex_8",361
"Isocortex","Cell_3255","Isocortex_8",361
"Isocortex","Cell_3571","Isocortex_4",272
"Isocortex","Cell_3576","Isocortex_8",361
"Isocortex","Cell_4627","Isocortex_6",432
"Isocortex","Cell_5174","Isocortex_8",361
"Isocortex","Cell_5700","Isocortex_9",215
"Isocortex","Cell_5775","Isocortex_8",361
"Isocortex","Cell_5846","Isocortex_8",361
"Isocortex","Cell_6293","Isocortex_9",215
"Isocortex","Cell_7988","Isocortex_5",347
"Isocortex","Cell_8134","Isocortex_8",361
"Isocortex","Cell_8675","Isocortex_10",373
"Isocortex","Cell_8869","Isocortex_9",215
"Isocortex","Cell_9296","Isocortex_7",365
"Isocortex","Cell_9774","Isocortex_9",215
"Isocortex","Cell_10124","Isocortex_5",347
"Isocortex","Cell_10150","Isocortex_9",215
"Isocortex","Cell_10858","Isocortex_4",272
"Isocortex","Cell_12307","Isocortex_7",365
"Isocortex","Cell_14378","Isocortex_6",432
"Isocortex","Cell_14587","Isocortex_9",215
"Isocortex","Cell_14771","Isocortex_8",361
"Isocortex","Cell_15445","Isocortex_9",215
"Isocortex","Cell_16099","Isocortex_8",361
"Isocortex","Cell_16217","Isocortex_6",432
"Isocortex","Cell_16485","Isocortex_9",215
"Isocortex","Cell_17385","Isocortex_8",361
"Isocortex","Cell_17710","Isocortex_8",361
"Isocortex","Cell_17894","Isocortex_6",432
"Isocortex","Cell_17935","Isocortex_6",432
"Isocortex","Cell_17996","Isocortex_4",272
"Isocortex","Cell_18923","Isocortex_10",373
"Isocortex","Cell_19283","Isocortex_6",432
"Isocortex","Cell_19440","Isocortex_7",365
"Isocortex","Cell_20757","Isocortex_8",361
"Isocortex","Cell_21158","Isocortex_9",215
"Isocortex","Cell_21166","Isocortex_6",432
"Isocortex","Cell_21921","Isocortex_8",361
"Isocortex","Cell_21925","Isocortex_8",361
"Isocortex","Cell_22158","Isocortex_6",432
"Isocortex","Cell_22361","Isocortex_6",432
"Isocortex","Cell_22638","Isocortex_5",347
"Isocortex","Cell_22698","Isocortex_8",361
"Isocortex","Cell_22802","Isocortex_6",432
"Isocortex","Cell_22880","Isocortex_8",361
"Isocortex","Cell_23351","Isocortex_5",347
"Isocortex","Cell_23447","Isocortex_7",365
"Isocortex","Cell_24199","Isocortex_9",215
"Isocortex","Cell_24584","Isocortex_7",365
"Isocortex","Cell_24608","Isocortex_10",373
"Isocortex","Cell_25215","Isocortex_8",361
"Isocortex","Cell_25786","Isocortex_8",361
"Isocortex","Cell_25840","Isocortex_8",361
"Isocortex","Cell_26191","Isocortex_8",361
"Isocortex","Cell_26449","Isocortex_8",361
"Isocortex","Cell_26489","Isocortex_9",215
"Isocortex","Cell_26733","Isocortex_6",432
"Isocortex","Cell_27175","Isocortex_8",361
"Isocortex","Cell_28105","Isocortex_8",361
"Isocortex","Cell_28163","Isocortex_9",215
"Isocortex","Cell_28810","Isocortex_9",215
"Isocortex","Cell_28835","Isocortex_5",347
"Isocortex","Cell_29262","Isocortex_8",361
"Isocortex","Cell_29501","Isocortex_9",215
"Isocortex","Cell_29548","Isocortex_7",365
"Isocortex","Cell_29822","Isocortex_8",361
"Isocortex","Cell_30033","Isocortex_6",432
"Isocortex","Cell_30187","Isocortex_10",373
"Isocortex","Cell_30882","Isocortex_8",361
"Isocortex","Cell_30955","Isocortex_5",347
"Isocortex","Cell_31046","Isocortex_8",361
"Isocortex","Cell_31449","Isocortex_5",347
"Isocortex","Cell_31741","Isocortex_8",361
"Isocortex","Cell_32589","Isocortex_8",361
"Isocortex","Cell_32744","Isocortex_8",361
"Isocortex","Cell_33571","Isocortex_8",361
"Isocortex","Cell_33897","Isocortex_7",365
"Isocortex","Cell_34714","Isocortex_8",361
"Isocortex","Cell_34852","Isocortex_5",347
"Isocortex","Cell_35202","Isocortex_5",347
"Isocortex","Cell_35866","Isocortex_8",361
"Isocortex","Cell_35881","Isocortex_8",361
"Isocortex","Cell_36099","Isocortex_8",361
"Isocortex","Cell_36667","Isocortex_9",215
"Isocortex","Cell_36696","Isocortex_6",432
"Isocortex","Cell_36981","Isocortex_6",432
"Isocortex","Cell_38221","Isocortex_8",361
"Isocortex","Cell_39483","Isocortex_7",365
"Isocortex","Cell_39773","Isocortex_6",432
"Isocortex","Cell_40228","Isocortex_5",347
"Isocortex","Cell_40347","Isocortex_4",272
"Isocortex","Cell_40386","Isocortex_10",373
"Isocortex","Cell_40575","Isocortex_8",361
"Isocortex","Cell_40726","Isocortex_10",373
"Isocortex","Cell_40882","Isocortex_6",432
"Isocortex","Cell_41259","Isocortex_9",215
"Isocortex","Cell_41832","Isocortex_7",365
"Isocortex","Cell_42146","Isocortex_9",215
"Isocortex","Cell_42439","Isocortex_4",272
"Isocortex","Cell_42504","Isocortex_9",215
"Isocortex","Cell_42716","Isocortex_8",361
"Isocortex","Cell_43118","Isocortex_6",432
"Isocortex","Cell_44060","Isocortex_7",365
"Isocortex","Cell_44934","Isocortex_9",215
"Isocortex","Cell_45234","Isocortex_8",361
"Isocortex","Cell_5932","Isocortex_5",347
"Isocortex","Cell_16504","Isocortex_6",432
"Isocortex","Cell_16995","Isocortex_8",361
"Isocortex","Cell_41724","Isocortex_8",361
"Isocortex","Cell_14398","Isocortex_8",361
"Isocortex","Cell_38976","Isocortex_8",361
"Isocortex","Cell_1047","Isocortex_7",365
"Isocortex","Cell_1420","Isocortex_9",215
"Isocortex","Cell_2888","Isocortex_5",347
"Isocortex","Cell_3222","Isocortex_8",361
"Isocortex","Cell_3383","Isocortex_5",347
"Isocortex","Cell_3474","Isocortex_7",365
"Isocortex","Cell_4067","Isocortex_8",361
"Isocortex","Cell_4426","Isocortex_7",365
"Isocortex","Cell_5135","Isocortex_9",215
"Isocortex","Cell_5862","Isocortex_8",361
"Isocortex","Cell_7236","Isocortex_9",215
"Isocortex","Cell_7296","Isocortex_7",365
"Isocortex","Cell_7900","Isocortex_10",373
"Isocortex","Cell_10514","Isocortex_8",361
"Isocortex","Cell_10668","Isocortex_7",365
"Isocortex","Cell_12699","Isocortex_5",347
"Isocortex","Cell_12734","Isocortex_8",361
"Isocortex","Cell_13304","Isocortex_9",215
"Isocortex","Cell_14033","Isocortex_5",347
"Isocortex","Cell_14136","Isocortex_7",365
"Isocortex","Cell_14438","Isocortex_8",361
"Isocortex","Cell_15181","Isocortex_6",432
"Isocortex","Cell_15962","Isocortex_7",365
"Isocortex","Cell_16009","Isocortex_8",361
"Isocortex","Cell_16473","Isocortex_8",361
"Isocortex","Cell_16623","Isocortex_8",361
"Isocortex","Cell_16653","Isocortex_8",361
"Isocortex","Cell_17618","Isocortex_5",347
"Isocortex","Cell_17636","Isocortex_4",272
"Isocortex","Cell_18324","Isocortex_5",347
"Isocortex","Cell_18983","Isocortex_8",361
"Isocortex","Cell_19313","Isocortex_7",365
"Isocortex","Cell_21261","Isocortex_8",361
"Isocortex","Cell_21441","Isocortex_5",347
"Isocortex","Cell_22342","Isocortex_5",347
"Isocortex","Cell_22486","Isocortex_8",361
"Isocortex","Cell_22492","Isocortex_8",361
"Isocortex","Cell_23246","Isocortex_6",432
"Isocortex","Cell_24399","Isocortex_8",361
"Isocortex","Cell_24503","Isocortex_8",361
"Isocortex","Cell_24921","Isocortex_5",347
"Isocortex","Cell_26311","Isocortex_6",432
"Isocortex","Cell_26682","Isocortex_7",365
"Isocortex","Cell_28283","Isocortex_8",361
"Isocortex","Cell_29352","Isocortex_8",361
"Isocortex","Cell_30145","Isocortex_8",361
"Isocortex","Cell_30449","Isocortex_7",365
"Isocortex","Cell_30524","Isocortex_8",361
"Isocortex","Cell_30899","Isocortex_8",361
"Isocortex","Cell_31492","Isocortex_6",432
"Isocortex","Cell_31723","Isocortex_8",361
"Isocortex","Cell_31854","Isocortex_9",215
"Isocortex","Cell_32584","Isocortex_7",365
"Isocortex","Cell_33054","Isocortex_9",215
"Isocortex","Cell_33534","Isocortex_7",365
"Isocortex","Cell_35164","Isocortex_10",373
"Isocortex","Cell_35398","Isocortex_10",373
"Isocortex","Cell_36726","Isocortex_8",361
"Isocortex","Cell_36945","Isocortex_8",361
"Isocortex","Cell_36975","Isocortex_8",361
"Isocortex","Cell_37063","Isocortex_8",361
"Isocortex","Cell_37719","Isocortex_7",365
"Isocortex","Cell_38055","Isocortex_9",215
"Isocortex","Cell_38352","Isocortex_6",432
"Isocortex","Cell_38659","Isocortex_8",361
"Isocortex","Cell_39173","Isocortex_8",361
"Isocortex","Cell_39775","Isocortex_9",215
"Isocortex","Cell_39786","Isocortex_8",361
"Isocortex","Cell_40437","Isocortex_8",361
"Isocortex","Cell_41265","Isocortex_7",365
"Isocortex","Cell_41331","Isocortex_7",365
"Isocortex","Cell_41936","Isocortex_5",347
"Isocortex","Cell_42343","Isocortex_10",373
"Isocortex","Cell_42623","Isocortex_10",373
"Isocortex","Cell_43325","Isocortex_8",361
"Isocortex","Cell_43865","Isocortex_8",361
"Isocortex","Cell_7225","Isocortex_5",347
"Isocortex","Cell_11621","Isocortex_8",361
"Isocortex","Cell_14642","Isocortex_8",361
"Isocortex","Cell_31394","Isocortex_8",361
"Isocortex","Cell_30645","Isocortex_5",347
"Isocortex","Cell_26834","Isocortex_6",432
"Isocortex","Cell_33221","Isocortex_8",361
"Isocortex","Cell_2790","Isocortex_6",432
"Isocortex","Cell_34","Isocortex_7",365
"Isocortex","Cell_1058","Isocortex_8",361
"Isocortex","Cell_2020","Isocortex_9",215
"Isocortex","Cell_7038","Isocortex_5",347
"Isocortex","Cell_9893","Isocortex_6",432
"Isocortex","Cell_11351","Isocortex_10",373
"Isocortex","Cell_13787","Isocortex_8",361
"Isocortex","Cell_14374","Isocortex_10",373
"Isocortex","Cell_18885","Isocortex_9",215
"Isocortex","Cell_20110","Isocortex_8",361
"Isocortex","Cell_21969","Isocortex_7",365
"Isocortex","Cell_23930","Isocortex_7",365
"Isocortex","Cell_24107","Isocortex_8",361
"Isocortex","Cell_24497","Isocortex_9",215
"Isocortex","Cell_26643","Isocortex_9",215
"Isocortex","Cell_29890","Isocortex_9",215
"Isocortex","Cell_34093","Isocortex_8",361
"Isocortex","Cell_36311","Isocortex_7",365
"Isocortex","Cell_37126","Isocortex_8",361
"Isocortex","Cell_37810","Isocortex_7",365
"Isocortex","Cell_38052","Isocortex_9",215
"Isocortex","Cell_40914","Isocortex_8",361
"Isocortex","Cell_41270","Isocortex_7",365
"Isocortex","Cell_42568","Isocortex_5",347
"Isocortex","Cell_45256","Isocortex_5",347
"Isocortex","Cell_9409","Isocortex_7",365
"Isocortex","Cell_20430","Isocortex_4",272
"Isocortex","Cell_38274","Isocortex_8",361
"Isocortex","Cell_40903","Isocortex_9",215
"Isocortex","Cell_51","Isocortex_8",361
"Isocortex","Cell_359","Isocortex_8",361
"Isocortex","Cell_473","Isocortex_5",347
"Isocortex","Cell_1457","Isocortex_8",361
"Isocortex","Cell_2193","Isocortex_8",361
"Isocortex","Cell_3345","Isocortex_7",365
"Isocortex","Cell_3999","Isocortex_5",347
"Isocortex","Cell_4436","Isocortex_8",361
"Isocortex","Cell_5571","Isocortex_8",361
"Isocortex","Cell_5795","Isocortex_6",432
"Isocortex","Cell_8015","Isocortex_8",361
"Isocortex","Cell_8087","Isocortex_8",361
"Isocortex","Cell_9342","Isocortex_5",347
"Isocortex","Cell_9628","Isocortex_7",365
"Isocortex","Cell_12382","Isocortex_5",347
"Isocortex","Cell_12560","Isocortex_10",373
"Isocortex","Cell_13021","Isocortex_8",361
"Isocortex","Cell_14129","Isocortex_8",361
"Isocortex","Cell_14688","Isocortex_8",361
"Isocortex","Cell_14806","Isocortex_8",361
"Isocortex","Cell_16675","Isocortex_9",215
"Isocortex","Cell_17249","Isocortex_9",215
"Isocortex","Cell_17514","Isocortex_10",373
"Isocortex","Cell_19089","Isocortex_4",272
"Isocortex","Cell_19510","Isocortex_6",432
"Isocortex","Cell_20499","Isocortex_8",361
"Isocortex","Cell_22813","Isocortex_5",347
"Isocortex","Cell_24477","Isocortex_5",347
"Isocortex","Cell_24819","Isocortex_8",361
"Isocortex","Cell_24996","Isocortex_7",365
"Isocortex","Cell_25095","Isocortex_8",361
"Isocortex","Cell_25674","Isocortex_7",365
"Isocortex","Cell_26221","Isocortex_8",361
"Isocortex","Cell_26518","Isocortex_8",361
"Isocortex","Cell_26681","Isocortex_9",215
"Isocortex","Cell_26709","Isocortex_9",215
"Isocortex","Cell_26955","Isocortex_5",347
"Isocortex","Cell_28390","Isocortex_9",215
"Isocortex","Cell_28863","Isocortex_9",215
"Isocortex","Cell_31090","Isocortex_7",365
"Isocortex","Cell_32293","Isocortex_9",215
"Isocortex","Cell_32786","Isocortex_9",215
"Isocortex","Cell_33457","Isocortex_5",347
"Isocortex","Cell_33709","Isocortex_9",215
"Isocortex","Cell_34823","Isocortex_9",215
"Isocortex","Cell_35021","Isocortex_7",365
"Isocortex","Cell_35181","Isocortex_10",373
"Isocortex","Cell_35451","Isocortex_9",215
"Isocortex","Cell_38270","Isocortex_8",361
"Isocortex","Cell_38304","Isocortex_8",361
"Isocortex","Cell_38312","Isocortex_5",347
"Isocortex","Cell_39591","Isocortex_5",347
"Isocortex","Cell_39681","Isocortex_7",365
"Isocortex","Cell_39719","Isocortex_9",215
"Isocortex","Cell_39965","Isocortex_5",347
"Isocortex","Cell_40393","Isocortex_9",215
"Isocortex","Cell_42119","Isocortex_7",365
"Isocortex","Cell_42121","Isocortex_6",432
"Isocortex","Cell_43437","Isocortex_6",432
"Isocortex","Cell_44480","Isocortex_10",373
"Isocortex","Cell_44867","Isocortex_8",361
"Isocortex","Cell_1108","Isocortex_8",361
"Isocortex","Cell_5321","Isocortex_5",347
"Isocortex","Cell_10350","Isocortex_8",361
"Isocortex","Cell_10480","Isocortex_5",347
"Isocortex","Cell_11064","Isocortex_8",361
"Isocortex","Cell_18662","Isocortex_7",365
"Isocortex","Cell_19670","Isocortex_7",365
"Isocortex","Cell_20699","Isocortex_5",347
"Isocortex","Cell_20788","Isocortex_10",373
"Isocortex","Cell_27918","Isocortex_6",432
"Isocortex","Cell_31045","Isocortex_7",365
"Isocortex","Cell_37675","Isocortex_9",215
"Isocortex","Cell_40740","Isocortex_8",361
"Isocortex","Cell_41870","Isocortex_4",272
"Isocortex","Cell_44841","Isocortex_7",365
"Isocortex","Cell_19346","Isocortex_8",361
"Isocortex","Cell_34346","Isocortex_8",361
"Isocortex","Cell_1086","Isocortex_5",347
"Isocortex","Cell_4956","Isocortex_5",347
"Isocortex","Cell_5613","Isocortex_6",432
"Isocortex","Cell_13265","Isocortex_7",365
"Isocortex","Cell_18800","Isocortex_8",361
"Isocortex","Cell_38399","Isocortex_9",215
"Isocortex","Cell_8040","Isocortex_7",365
"Isocortex","Cell_15744","Isocortex_6",432
"Isocortex","Cell_30344","Isocortex_9",215
"Isocortex","Cell_42624","Isocortex_9",215
"Isocortex","Cell_1634","Isocortex_5",347
"Isocortex","Cell_9743","Isocortex_6",432
"Isocortex","Cell_19543","Isocortex_5",347
"Isocortex","Cell_21125","Isocortex_5",347
"Isocortex","Cell_26614","Isocortex_10",373
"Isocortex","Cell_33082","Isocortex_5",347
"Isocortex","Cell_33600","Isocortex_8",361
"Isocortex","Cell_35865","Isocortex_7",365
"Isocortex","Cell_261","Isocortex_11",348
"Isocortex","Cell_10623","Isocortex_11",348
"Isocortex","Cell_27666","Isocortex_12",428
"Isocortex","Cell_35365","Isocortex_11",348
"Isocortex","Cell_21852","Isocortex_11",348
"Isocortex","Cell_7455","Isocortex_12",428
"Isocortex","Cell_9881","Isocortex_11",348
"Isocortex","Cell_13625","Isocortex_12",428
"Isocortex","Cell_15594","Isocortex_11",348
"Isocortex","Cell_18571","Isocortex_11",348
"Isocortex","Cell_20190","Isocortex_11",348
"Isocortex","Cell_24770","Isocortex_11",348
"Isocortex","Cell_24931","Isocortex_11",348
"Isocortex","Cell_25015","Isocortex_11",348
"Isocortex","Cell_26629","Isocortex_12",428
"Isocortex","Cell_31004","Isocortex_12",428
"Isocortex","Cell_33036","Isocortex_11",348
"Isocortex","Cell_35198","Isocortex_11",348
"Isocortex","Cell_40065","Isocortex_11",348
"Isocortex","Cell_43133","Isocortex_13",607
"Isocortex","Cell_7314","Isocortex_11",348
"Isocortex","Cell_14519","Isocortex_11",348
"Isocortex","Cell_14521","Isocortex_11",348
"Isocortex","Cell_16390","Isocortex_11",348
"Isocortex","Cell_16551","Isocortex_11",348
"Isocortex","Cell_23942","Isocortex_11",348
"Isocortex","Cell_23953","Isocortex_11",348
"Isocortex","Cell_31830","Isocortex_11",348
"Isocortex","Cell_34625","Isocortex_11",348
"Isocortex","Cell_42103","Isocortex_11",348
"Isocortex","Cell_43212","Isocortex_11",348
"Isocortex","Cell_17467","Isocortex_11",348
"Isocortex","Cell_32718","Isocortex_13",607
"Isocortex","Cell_33417","Isocortex_12",428
"Isocortex","Cell_2007","Isocortex_11",348
"Isocortex","Cell_2485","Isocortex_11",348
"Isocortex","Cell_2729","Isocortex_12",428
"Isocortex","Cell_2969","Isocortex_11",348
"Isocortex","Cell_7804","Isocortex_12",428
"Isocortex","Cell_9659","Isocortex_12",428
"Isocortex","Cell_9861","Isocortex_11",348
"Isocortex","Cell_14593","Isocortex_12",428
"Isocortex","Cell_14797","Isocortex_11",348
"Isocortex","Cell_16755","Isocortex_11",348
"Isocortex","Cell_19802","Isocortex_12",428
"Isocortex","Cell_20549","Isocortex_11",348
"Isocortex","Cell_21732","Isocortex_11",348
"Isocortex","Cell_25976","Isocortex_11",348
"Isocortex","Cell_26266","Isocortex_11",348
"Isocortex","Cell_27120","Isocortex_12",428
"Isocortex","Cell_27671","Isocortex_11",348
"Isocortex","Cell_28035","Isocortex_12",428
"Isocortex","Cell_28902","Isocortex_12",428
"Isocortex","Cell_29399","Isocortex_12",428
"Isocortex","Cell_39899","Isocortex_11",348
"Isocortex","Cell_40340","Isocortex_11",348
"Isocortex","Cell_41000","Isocortex_11",348
"Isocortex","Cell_41299","Isocortex_12",428
"Isocortex","Cell_43278","Isocortex_12",428
"Isocortex","Cell_179","Isocortex_11",348
"Isocortex","Cell_267","Isocortex_11",348
"Isocortex","Cell_397","Isocortex_12",428
"Isocortex","Cell_623","Isocortex_11",348
"Isocortex","Cell_679","Isocortex_11",348
"Isocortex","Cell_685","Isocortex_11",348
"Isocortex","Cell_716","Isocortex_11",348
"Isocortex","Cell_815","Isocortex_12",428
"Isocortex","Cell_1351","Isocortex_12",428
"Isocortex","Cell_1684","Isocortex_11",348
"Isocortex","Cell_1788","Isocortex_11",348
"Isocortex","Cell_2377","Isocortex_11",348
"Isocortex","Cell_2647","Isocortex_12",428
"Isocortex","Cell_2742","Isocortex_11",348
"Isocortex","Cell_3435","Isocortex_12",428
"Isocortex","Cell_3791","Isocortex_11",348
"Isocortex","Cell_4047","Isocortex_11",348
"Isocortex","Cell_4195","Isocortex_11",348
"Isocortex","Cell_4910","Isocortex_11",348
"Isocortex","Cell_5230","Isocortex_12",428
"Isocortex","Cell_5410","Isocortex_12",428
"Isocortex","Cell_6008","Isocortex_12",428
"Isocortex","Cell_6013","Isocortex_12",428
"Isocortex","Cell_6375","Isocortex_12",428
"Isocortex","Cell_6916","Isocortex_11",348
"Isocortex","Cell_7280","Isocortex_11",348
"Isocortex","Cell_7955","Isocortex_12",428
"Isocortex","Cell_8583","Isocortex_12",428
"Isocortex","Cell_8713","Isocortex_11",348
"Isocortex","Cell_8783","Isocortex_12",428
"Isocortex","Cell_8997","Isocortex_12",428
"Isocortex","Cell_10401","Isocortex_11",348
"Isocortex","Cell_10898","Isocortex_11",348
"Isocortex","Cell_12805","Isocortex_11",348
"Isocortex","Cell_13710","Isocortex_11",348
"Isocortex","Cell_14238","Isocortex_12",428
"Isocortex","Cell_14641","Isocortex_11",348
"Isocortex","Cell_15239","Isocortex_11",348
"Isocortex","Cell_15726","Isocortex_11",348
"Isocortex","Cell_15815","Isocortex_11",348
"Isocortex","Cell_15916","Isocortex_12",428
"Isocortex","Cell_16244","Isocortex_11",348
"Isocortex","Cell_16320","Isocortex_11",348
"Isocortex","Cell_16954","Isocortex_12",428
"Isocortex","Cell_16960","Isocortex_11",348
"Isocortex","Cell_17315","Isocortex_12",428
"Isocortex","Cell_17653","Isocortex_11",348
"Isocortex","Cell_17732","Isocortex_11",348
"Isocortex","Cell_17766","Isocortex_12",428
"Isocortex","Cell_18211","Isocortex_12",428
"Isocortex","Cell_18861","Isocortex_11",348
"Isocortex","Cell_18990","Isocortex_11",348
"Isocortex","Cell_19074","Isocortex_12",428
"Isocortex","Cell_20100","Isocortex_11",348
"Isocortex","Cell_20345","Isocortex_11",348
"Isocortex","Cell_20657","Isocortex_12",428
"Isocortex","Cell_20979","Isocortex_11",348
"Isocortex","Cell_22709","Isocortex_12",428
"Isocortex","Cell_23890","Isocortex_11",348
"Isocortex","Cell_23895","Isocortex_13",607
"Isocortex","Cell_24637","Isocortex_12",428
"Isocortex","Cell_26583","Isocortex_11",348
"Isocortex","Cell_28334","Isocortex_11",348
"Isocortex","Cell_28377","Isocortex_11",348
"Isocortex","Cell_29695","Isocortex_11",348
"Isocortex","Cell_29992","Isocortex_11",348
"Isocortex","Cell_30360","Isocortex_12",428
"Isocortex","Cell_30759","Isocortex_11",348
"Isocortex","Cell_32263","Isocortex_11",348
"Isocortex","Cell_32954","Isocortex_11",348
"Isocortex","Cell_33394","Isocortex_11",348
"Isocortex","Cell_33577","Isocortex_11",348
"Isocortex","Cell_34523","Isocortex_11",348
"Isocortex","Cell_34754","Isocortex_11",348
"Isocortex","Cell_35057","Isocortex_11",348
"Isocortex","Cell_35824","Isocortex_11",348
"Isocortex","Cell_36360","Isocortex_12",428
"Isocortex","Cell_37847","Isocortex_12",428
"Isocortex","Cell_37901","Isocortex_11",348
"Isocortex","Cell_38374","Isocortex_11",348
"Isocortex","Cell_38802","Isocortex_11",348
"Isocortex","Cell_40088","Isocortex_11",348
"Isocortex","Cell_41144","Isocortex_12",428
"Isocortex","Cell_41521","Isocortex_11",348
"Isocortex","Cell_44154","Isocortex_11",348
"Isocortex","Cell_44650","Isocortex_12",428
"Isocortex","Cell_44845","Isocortex_11",348
"Isocortex","Cell_394","Isocortex_11",348
"Isocortex","Cell_1035","Isocortex_12",428
"Isocortex","Cell_1127","Isocortex_11",348
"Isocortex","Cell_2203","Isocortex_11",348
"Isocortex","Cell_2266","Isocortex_12",428
"Isocortex","Cell_3094","Isocortex_11",348
"Isocortex","Cell_4089","Isocortex_11",348
"Isocortex","Cell_6205","Isocortex_11",348
"Isocortex","Cell_6991","Isocortex_12",428
"Isocortex","Cell_7755","Isocortex_11",348
"Isocortex","Cell_8181","Isocortex_12",428
"Isocortex","Cell_8570","Isocortex_11",348
"Isocortex","Cell_9480","Isocortex_13",607
"Isocortex","Cell_9797","Isocortex_12",428
"Isocortex","Cell_10264","Isocortex_11",348
"Isocortex","Cell_10979","Isocortex_11",348
"Isocortex","Cell_11884","Isocortex_11",348
"Isocortex","Cell_12841","Isocortex_12",428
"Isocortex","Cell_13735","Isocortex_11",348
"Isocortex","Cell_13865","Isocortex_12",428
"Isocortex","Cell_15598","Isocortex_12",428
"Isocortex","Cell_16170","Isocortex_12",428
"Isocortex","Cell_16872","Isocortex_11",348
"Isocortex","Cell_17349","Isocortex_12",428
"Isocortex","Cell_17433","Isocortex_11",348
"Isocortex","Cell_18134","Isocortex_11",348
"Isocortex","Cell_18856","Isocortex_12",428
"Isocortex","Cell_19310","Isocortex_12",428
"Isocortex","Cell_20084","Isocortex_12",428
"Isocortex","Cell_20155","Isocortex_12",428
"Isocortex","Cell_21255","Isocortex_12",428
"Isocortex","Cell_23947","Isocortex_12",428
"Isocortex","Cell_25491","Isocortex_11",348
"Isocortex","Cell_25666","Isocortex_11",348
"Isocortex","Cell_28671","Isocortex_11",348
"Isocortex","Cell_29043","Isocortex_12",428
"Isocortex","Cell_29525","Isocortex_12",428
"Isocortex","Cell_29636","Isocortex_11",348
"Isocortex","Cell_29825","Isocortex_11",348
"Isocortex","Cell_31174","Isocortex_11",348
"Isocortex","Cell_31320","Isocortex_11",348
"Isocortex","Cell_32172","Isocortex_11",348
"Isocortex","Cell_32766","Isocortex_11",348
"Isocortex","Cell_34350","Isocortex_11",348
"Isocortex","Cell_36533","Isocortex_12",428
"Isocortex","Cell_36757","Isocortex_12",428
"Isocortex","Cell_37874","Isocortex_11",348
"Isocortex","Cell_38773","Isocortex_11",348
"Isocortex","Cell_38945","Isocortex_11",348
"Isocortex","Cell_38971","Isocortex_11",348
"Isocortex","Cell_38987","Isocortex_11",348
"Isocortex","Cell_39388","Isocortex_11",348
"Isocortex","Cell_39421","Isocortex_11",348
"Isocortex","Cell_40811","Isocortex_11",348
"Isocortex","Cell_40813","Isocortex_11",348
"Isocortex","Cell_41095","Isocortex_12",428
"Isocortex","Cell_43801","Isocortex_11",348
"Isocortex","Cell_44018","Isocortex_12",428
"Isocortex","Cell_44883","Isocortex_11",348
"Isocortex","Cell_45063","Isocortex_12",428
"Isocortex","Cell_7271","Isocortex_12",428
"Isocortex","Cell_34885","Isocortex_12",428
"Isocortex","Cell_6566","Isocortex_11",348
"Isocortex","Cell_41202","Isocortex_11",348
"Isocortex","Cell_1466","Isocortex_12",428
"Isocortex","Cell_2312","Isocortex_11",348
"Isocortex","Cell_3326","Isocortex_11",348
"Isocortex","Cell_3911","Isocortex_11",348
"Isocortex","Cell_4033","Isocortex_12",428
"Isocortex","Cell_4205","Isocortex_11",348
"Isocortex","Cell_4310","Isocortex_11",348
"Isocortex","Cell_5114","Isocortex_11",348
"Isocortex","Cell_5380","Isocortex_12",428
"Isocortex","Cell_6422","Isocortex_11",348
"Isocortex","Cell_7554","Isocortex_11",348
"Isocortex","Cell_9773","Isocortex_12",428
"Isocortex","Cell_11784","Isocortex_12",428
"Isocortex","Cell_12725","Isocortex_11",348
"Isocortex","Cell_12948","Isocortex_11",348
"Isocortex","Cell_17806","Isocortex_11",348
"Isocortex","Cell_18509","Isocortex_12",428
"Isocortex","Cell_21102","Isocortex_11",348
"Isocortex","Cell_21479","Isocortex_11",348
"Isocortex","Cell_23039","Isocortex_12",428
"Isocortex","Cell_26356","Isocortex_11",348
"Isocortex","Cell_29557","Isocortex_11",348
"Isocortex","Cell_30276","Isocortex_12",428
"Isocortex","Cell_33077","Isocortex_12",428
"Isocortex","Cell_33275","Isocortex_12",428
"Isocortex","Cell_38178","Isocortex_12",428
"Isocortex","Cell_40444","Isocortex_11",348
"Isocortex","Cell_42033","Isocortex_11",348
"Isocortex","Cell_42049","Isocortex_11",348
"Isocortex","Cell_42366","Isocortex_11",348
"Isocortex","Cell_43639","Isocortex_11",348
"Isocortex","Cell_43989","Isocortex_11",348
"Isocortex","Cell_5312","Isocortex_12",428
"Isocortex","Cell_6037","Isocortex_11",348
"Isocortex","Cell_7647","Isocortex_11",348
"Isocortex","Cell_11641","Isocortex_11",348
"Isocortex","Cell_13904","Isocortex_11",348
"Isocortex","Cell_14110","Isocortex_11",348
"Isocortex","Cell_17663","Isocortex_12",428
"Isocortex","Cell_19753","Isocortex_11",348
"Isocortex","Cell_23013","Isocortex_12",428
"Isocortex","Cell_26286","Isocortex_11",348
"Isocortex","Cell_26866","Isocortex_11",348
"Isocortex","Cell_33301","Isocortex_11",348
"Isocortex","Cell_34049","Isocortex_11",348
"Isocortex","Cell_34326","Isocortex_11",348
"Isocortex","Cell_38097","Isocortex_11",348
"Isocortex","Cell_38348","Isocortex_11",348
"Isocortex","Cell_39711","Isocortex_12",428
"Isocortex","Cell_40506","Isocortex_11",348
"Isocortex","Cell_4730","Isocortex_11",348
"Isocortex","Cell_12702","Isocortex_11",348
"Isocortex","Cell_26112","Isocortex_12",428
"Isocortex","Cell_349","Isocortex_11",348
"Isocortex","Cell_501","Isocortex_12",428
"Isocortex","Cell_1246","Isocortex_11",348
"Isocortex","Cell_1254","Isocortex_12",428
"Isocortex","Cell_1994","Isocortex_11",348
"Isocortex","Cell_3645","Isocortex_12",428
"Isocortex","Cell_4184","Isocortex_11",348
"Isocortex","Cell_4474","Isocortex_12",428
"Isocortex","Cell_5371","Isocortex_11",348
"Isocortex","Cell_6444","Isocortex_12",428
"Isocortex","Cell_6445","Isocortex_11",348
"Isocortex","Cell_6876","Isocortex_12",428
"Isocortex","Cell_7563","Isocortex_11",348
"Isocortex","Cell_7776","Isocortex_11",348
"Isocortex","Cell_10606","Isocortex_12",428
"Isocortex","Cell_12934","Isocortex_11",348
"Isocortex","Cell_14395","Isocortex_11",348
"Isocortex","Cell_15777","Isocortex_11",348
"Isocortex","Cell_17450","Isocortex_11",348
"Isocortex","Cell_18281","Isocortex_12",428
"Isocortex","Cell_20231","Isocortex_11",348
"Isocortex","Cell_21154","Isocortex_12",428
"Isocortex","Cell_27644","Isocortex_12",428
"Isocortex","Cell_28727","Isocortex_11",348
"Isocortex","Cell_30244","Isocortex_11",348
"Isocortex","Cell_31760","Isocortex_12",428
"Isocortex","Cell_31908","Isocortex_12",428
"Isocortex","Cell_37845","Isocortex_12",428
"Isocortex","Cell_39632","Isocortex_12",428
"Isocortex","Cell_40463","Isocortex_11",348
"Isocortex","Cell_40504","Isocortex_12",428
"Isocortex","Cell_40989","Isocortex_12",428
"Isocortex","Cell_41577","Isocortex_12",428
"Isocortex","Cell_44680","Isocortex_11",348
"Isocortex","Cell_11431","Isocortex_11",348
"Isocortex","Cell_14574","Isocortex_11",348
"Isocortex","Cell_21740","Isocortex_11",348
"Isocortex","Cell_22189","Isocortex_11",348
"Isocortex","Cell_24426","Isocortex_12",428
"Isocortex","Cell_28992","Isocortex_12",428
"Isocortex","Cell_29719","Isocortex_11",348
"Isocortex","Cell_38408","Isocortex_12",428
"Isocortex","Cell_4598","Isocortex_11",348
"Isocortex","Cell_34701","Isocortex_11",348
"Isocortex","Cell_23591","Isocortex_11",348
"Isocortex","Cell_24346","Isocortex_12",428
"Isocortex","Cell_8415","Isocortex_11",348
"Isocortex","Cell_24188","Isocortex_12",428
"Isocortex","Cell_28937","Isocortex_12",428
"Isocortex","Cell_37703","Isocortex_12",428
"Isocortex","Cell_33938","Isocortex_11",348
"Isocortex","Cell_1650","Isocortex_12",428
"Isocortex","Cell_8890","Isocortex_11",348
"Isocortex","Cell_19264","Isocortex_11",348
"Isocortex","Cell_28140","Isocortex_11",348
"Isocortex","Cell_28409","Isocortex_11",348
"Isocortex","Cell_29966","Isocortex_11",348
"Isocortex","Cell_31369","Isocortex_12",428
"Isocortex","Cell_39195","Isocortex_11",348
"Isocortex","Cell_2314","Isocortex_11",348
"Isocortex","Cell_13249","Isocortex_11",348
"Isocortex","Cell_15610","Isocortex_11",348
"Isocortex","Cell_27487","Isocortex_11",348
"Isocortex","Cell_29647","Isocortex_11",348
"Isocortex","Cell_37811","Isocortex_11",348
"Isocortex","Cell_17152","Isocortex_11",348
"Isocortex","Cell_34945","Isocortex_11",348
"Isocortex","Cell_43961","Isocortex_12",428
"Isocortex","Cell_10521","Isocortex_12",428
"Isocortex","Cell_16336","Isocortex_12",428
"Isocortex","Cell_19704","Isocortex_11",348
"Isocortex","Cell_27925","Isocortex_12",428
"Isocortex","Cell_36235","Isocortex_12",428
"Isocortex","Cell_43658","Isocortex_12",428
"Isocortex","Cell_38616","Isocortex_11",348
"Isocortex","Cell_16000","Isocortex_11",348
"Isocortex","Cell_21439","Isocortex_11",348
"Isocortex","Cell_26003","Isocortex_12",428
"Isocortex","Cell_303","Isocortex_14",250
"Isocortex","Cell_16732","Isocortex_15",291
"Isocortex","Cell_32331","Isocortex_15",291
"Isocortex","Cell_33697","Isocortex_16",228
"Isocortex","Cell_12236","Isocortex_16",228
"Isocortex","Cell_15230","Isocortex_15",291
"Isocortex","Cell_16909","Isocortex_15",291
"Isocortex","Cell_26999","Isocortex_15",291
"Isocortex","Cell_36046","Isocortex_15",291
"Isocortex","Cell_40211","Isocortex_15",291
"Isocortex","Cell_41457","Isocortex_14",250
"Isocortex","Cell_42587","Isocortex_14",250
"Isocortex","Cell_6774","Isocortex_15",291
"Isocortex","Cell_14283","Isocortex_14",250
"Isocortex","Cell_18802","Isocortex_14",250
"Isocortex","Cell_19507","Isocortex_16",228
"Isocortex","Cell_35953","Isocortex_17",256
"Isocortex","Cell_37731","Isocortex_14",250
"Isocortex","Cell_42696","Isocortex_15",291
"Isocortex","Cell_44116","Isocortex_17",256
"Isocortex","Cell_10249","Isocortex_17",256
"Isocortex","Cell_3749","Isocortex_18",253
"Isocortex","Cell_35129","Isocortex_14",250
"Isocortex","Cell_4473","Isocortex_16",228
"Isocortex","Cell_6397","Isocortex_15",291
"Isocortex","Cell_7099","Isocortex_14",250
"Isocortex","Cell_20796","Isocortex_15",291
"Isocortex","Cell_26381","Isocortex_15",291
"Isocortex","Cell_34480","Isocortex_16",228
"Isocortex","Cell_34546","Isocortex_16",228
"Isocortex","Cell_2429","Isocortex_16",228
"Isocortex","Cell_10560","Isocortex_14",250
"Isocortex","Cell_11080","Isocortex_16",228
"Isocortex","Cell_17560","Isocortex_17",256
"Isocortex","Cell_22103","Isocortex_15",291
"Isocortex","Cell_22426","Isocortex_16",228
"Isocortex","Cell_33848","Isocortex_16",228
"Isocortex","Cell_33853","Isocortex_16",228
"Isocortex","Cell_39997","Isocortex_16",228
"Isocortex","Cell_11003","Isocortex_16",228
"Isocortex","Cell_1045","Isocortex_16",228
"Isocortex","Cell_2168","Isocortex_14",250
"Isocortex","Cell_7560","Isocortex_14",250
"Isocortex","Cell_8938","Isocortex_14",250
"Isocortex","Cell_9294","Isocortex_15",291
"Isocortex","Cell_11174","Isocortex_14",250
"Isocortex","Cell_12500","Isocortex_14",250
"Isocortex","Cell_16609","Isocortex_14",250
"Isocortex","Cell_18451","Isocortex_18",253
"Isocortex","Cell_19471","Isocortex_17",256
"Isocortex","Cell_19615","Isocortex_16",228
"Isocortex","Cell_22549","Isocortex_14",250
"Isocortex","Cell_23952","Isocortex_15",291
"Isocortex","Cell_26280","Isocortex_14",250
"Isocortex","Cell_28393","Isocortex_17",256
"Isocortex","Cell_28821","Isocortex_16",228
"Isocortex","Cell_33621","Isocortex_15",291
"Isocortex","Cell_33733","Isocortex_14",250
"Isocortex","Cell_33930","Isocortex_15",291
"Isocortex","Cell_34578","Isocortex_16",228
"Isocortex","Cell_37173","Isocortex_14",250
"Isocortex","Cell_39276","Isocortex_14",250
"Isocortex","Cell_39620","Isocortex_16",228
"Isocortex","Cell_41956","Isocortex_14",250
"Isocortex","Cell_42855","Isocortex_15",291
"Isocortex","Cell_43255","Isocortex_14",250
"Isocortex","Cell_43415","Isocortex_14",250
"Isocortex","Cell_28836","Isocortex_16",228
"Isocortex","Cell_19742","Isocortex_14",250
"Isocortex","Cell_3603","Isocortex_15",291
"Isocortex","Cell_3753","Isocortex_17",256
"Isocortex","Cell_4847","Isocortex_16",228
"Isocortex","Cell_15804","Isocortex_16",228
"Isocortex","Cell_16150","Isocortex_15",291
"Isocortex","Cell_19065","Isocortex_16",228
"Isocortex","Cell_25740","Isocortex_14",250
"Isocortex","Cell_33651","Isocortex_16",228
"Isocortex","Cell_35766","Isocortex_16",228
"Isocortex","Cell_38509","Isocortex_16",228
"Isocortex","Cell_42214","Isocortex_15",291
"Isocortex","Cell_42392","Isocortex_17",256
"Isocortex","Cell_19693","Isocortex_15",291
"Isocortex","Cell_30231","Isocortex_16",228
"Isocortex","Cell_3192","Isocortex_14",250
"Isocortex","Cell_20636","Isocortex_16",228
"Isocortex","Cell_25388","Isocortex_15",291
"Isocortex","Cell_33317","Isocortex_14",250
"Isocortex","Cell_9546","Isocortex_17",256
"Isocortex","Cell_18645","Isocortex_18",253
"Isocortex","Cell_27485","Isocortex_17",256
"Isocortex","Cell_31940","Isocortex_14",250
"Isocortex","Cell_583","Isocortex_16",228
"Isocortex","Cell_12007","Isocortex_16",228
"Isocortex","Cell_14990","Isocortex_15",291
"Isocortex","Cell_16543","Isocortex_17",256
"Isocortex","Cell_31978","Isocortex_14",250
"Isocortex","Cell_33662","Isocortex_14",250
"Isocortex","Cell_1369","Isocortex_13",607
"Isocortex","Cell_1665","Isocortex_13",607
"Isocortex","Cell_5338","Isocortex_13",607
"Isocortex","Cell_8735","Isocortex_13",607
"Isocortex","Cell_10057","Isocortex_13",607
"Isocortex","Cell_11285","Isocortex_13",607
"Isocortex","Cell_14660","Isocortex_13",607
"Isocortex","Cell_20571","Isocortex_19",511
"Isocortex","Cell_6831","Isocortex_13",607
"Isocortex","Cell_3306","Isocortex_13",607
"Isocortex","Cell_4869","Isocortex_13",607
"Isocortex","Cell_8460","Isocortex_19",511
"Isocortex","Cell_14679","Isocortex_13",607
"Isocortex","Cell_34682","Isocortex_19",511
"Isocortex","Cell_37882","Isocortex_13",607
"Isocortex","Cell_38517","Isocortex_13",607
"Isocortex","Cell_13809","Isocortex_13",607
"Isocortex","Cell_14628","Isocortex_13",607
"Isocortex","Cell_8701","Isocortex_19",511
"Isocortex","Cell_10223","Isocortex_13",607
"Isocortex","Cell_22780","Isocortex_13",607
"Isocortex","Cell_26895","Isocortex_13",607
"Isocortex","Cell_29699","Isocortex_13",607
"Isocortex","Cell_30557","Isocortex_13",607
"Isocortex","Cell_32013","Isocortex_13",607
"Isocortex","Cell_32026","Isocortex_13",607
"Isocortex","Cell_34782","Isocortex_19",511
"Isocortex","Cell_35897","Isocortex_13",607
"Isocortex","Cell_39292","Isocortex_13",607
"Isocortex","Cell_956","Isocortex_13",607
"Isocortex","Cell_2215","Isocortex_13",607
"Isocortex","Cell_3145","Isocortex_13",607
"Isocortex","Cell_3529","Isocortex_13",607
"Isocortex","Cell_5588","Isocortex_13",607
"Isocortex","Cell_5886","Isocortex_13",607
"Isocortex","Cell_6125","Isocortex_13",607
"Isocortex","Cell_6330","Isocortex_13",607
"Isocortex","Cell_6722","Isocortex_13",607
"Isocortex","Cell_7396","Isocortex_13",607
"Isocortex","Cell_11152","Isocortex_13",607
"Isocortex","Cell_11609","Isocortex_13",607
"Isocortex","Cell_12141","Isocortex_13",607
"Isocortex","Cell_13181","Isocortex_13",607
"Isocortex","Cell_13298","Isocortex_13",607
"Isocortex","Cell_14935","Isocortex_13",607
"Isocortex","Cell_15086","Isocortex_13",607
"Isocortex","Cell_16364","Isocortex_13",607
"Isocortex","Cell_17211","Isocortex_13",607
"Isocortex","Cell_17458","Isocortex_13",607
"Isocortex","Cell_17760","Isocortex_13",607
"Isocortex","Cell_19087","Isocortex_13",607
"Isocortex","Cell_19974","Isocortex_13",607
"Isocortex","Cell_21127","Isocortex_19",511
"Isocortex","Cell_22251","Isocortex_13",607
"Isocortex","Cell_22607","Isocortex_13",607
"Isocortex","Cell_23517","Isocortex_13",607
"Isocortex","Cell_25292","Isocortex_13",607
"Isocortex","Cell_25610","Isocortex_13",607
"Isocortex","Cell_27092","Isocortex_13",607
"Isocortex","Cell_28065","Isocortex_13",607
"Isocortex","Cell_28425","Isocortex_13",607
"Isocortex","Cell_30562","Isocortex_19",511
"Isocortex","Cell_33257","Isocortex_13",607
"Isocortex","Cell_33771","Isocortex_13",607
"Isocortex","Cell_34221","Isocortex_13",607
"Isocortex","Cell_36690","Isocortex_13",607
"Isocortex","Cell_36819","Isocortex_13",607
"Isocortex","Cell_37961","Isocortex_13",607
"Isocortex","Cell_39130","Isocortex_13",607
"Isocortex","Cell_44429","Isocortex_13",607
"Isocortex","Cell_44979","Isocortex_13",607
"Isocortex","Cell_1909","Isocortex_13",607
"Isocortex","Cell_10164","Isocortex_13",607
"Isocortex","Cell_12169","Isocortex_13",607
"Isocortex","Cell_16262","Isocortex_13",607
"Isocortex","Cell_17121","Isocortex_13",607
"Isocortex","Cell_18548","Isocortex_13",607
"Isocortex","Cell_19841","Isocortex_19",511
"Isocortex","Cell_20229","Isocortex_13",607
"Isocortex","Cell_20248","Isocortex_13",607
"Isocortex","Cell_24119","Isocortex_13",607
"Isocortex","Cell_25169","Isocortex_13",607
"Isocortex","Cell_25920","Isocortex_13",607
"Isocortex","Cell_26270","Isocortex_13",607
"Isocortex","Cell_27196","Isocortex_13",607
"Isocortex","Cell_28481","Isocortex_13",607
"Isocortex","Cell_30464","Isocortex_19",511
"Isocortex","Cell_31954","Isocortex_13",607
"Isocortex","Cell_32616","Isocortex_13",607
"Isocortex","Cell_33729","Isocortex_19",511
"Isocortex","Cell_38543","Isocortex_19",511
"Isocortex","Cell_39294","Isocortex_13",607
"Isocortex","Cell_40725","Isocortex_13",607
"Isocortex","Cell_44214","Isocortex_13",607
"Isocortex","Cell_44526","Isocortex_13",607
"Isocortex","Cell_3885","Isocortex_19",511
"Isocortex","Cell_24867","Isocortex_13",607
"Isocortex","Cell_27216","Isocortex_13",607
"Isocortex","Cell_33154","Isocortex_13",607
"Isocortex","Cell_1916","Isocortex_13",607
"Isocortex","Cell_6050","Isocortex_13",607
"Isocortex","Cell_9701","Isocortex_13",607
"Isocortex","Cell_11985","Isocortex_19",511
"Isocortex","Cell_12028","Isocortex_13",607
"Isocortex","Cell_22080","Isocortex_13",607
"Isocortex","Cell_26091","Isocortex_13",607
"Isocortex","Cell_29234","Isocortex_13",607
"Isocortex","Cell_31883","Isocortex_13",607
"Isocortex","Cell_34200","Isocortex_13",607
"Isocortex","Cell_34820","Isocortex_13",607
"Isocortex","Cell_34956","Isocortex_13",607
"Isocortex","Cell_37281","Isocortex_19",511
"Isocortex","Cell_43737","Isocortex_19",511
"Isocortex","Cell_43834","Isocortex_13",607
"Isocortex","Cell_43883","Isocortex_13",607
"Isocortex","Cell_44732","Isocortex_13",607
"Isocortex","Cell_5713","Isocortex_13",607
"Isocortex","Cell_13856","Isocortex_13",607
"Isocortex","Cell_19237","Isocortex_13",607
"Isocortex","Cell_19240","Isocortex_13",607
"Isocortex","Cell_35405","Isocortex_13",607
"Isocortex","Cell_35517","Isocortex_13",607
"Isocortex","Cell_1935","Isocortex_19",511
"Isocortex","Cell_2558","Isocortex_13",607
"Isocortex","Cell_3641","Isocortex_13",607
"Isocortex","Cell_11252","Isocortex_13",607
"Isocortex","Cell_13811","Isocortex_13",607
"Isocortex","Cell_25290","Isocortex_13",607
"Isocortex","Cell_35682","Isocortex_13",607
"Isocortex","Cell_36324","Isocortex_13",607
"Isocortex","Cell_37747","Isocortex_13",607
"Isocortex","Cell_29770","Isocortex_13",607
"Isocortex","Cell_26832","Isocortex_13",607
"Isocortex","Cell_5070","Isocortex_13",607
"Isocortex","Cell_29290","Isocortex_19",511
"Isocortex","Cell_39080","Isocortex_13",607
"Isocortex","Cell_24647","Isocortex_13",607
"Isocortex","Cell_9951","Isocortex_13",607
"Isocortex","Cell_13881","Isocortex_19",511
"Isocortex","Cell_24480","Isocortex_19",511
"Isocortex","Cell_25091","Isocortex_13",607
"Isocortex","Cell_32458","Isocortex_13",607
"Isocortex","Cell_36115","Isocortex_13",607
"Isocortex","Cell_43894","Isocortex_19",511
"Isocortex","Cell_8464","Isocortex_13",607
"Isocortex","Cell_39072","Isocortex_19",511
"Isocortex","Cell_2158","Isocortex_13",607
"Isocortex","Cell_22331","Isocortex_13",607
"Isocortex","Cell_1907","Isocortex_19",511
"Isocortex","Cell_6710","Isocortex_13",607
"Isocortex","Cell_18573","Isocortex_13",607
"Isocortex","Cell_1445","Isocortex_20",459
"Isocortex","Cell_2809","Isocortex_20",459
"Isocortex","Cell_14276","Isocortex_20",459
"Isocortex","Cell_35872","Isocortex_20",459
"Isocortex","Cell_40138","Isocortex_12",428
"Isocortex","Cell_36635","Isocortex_20",459
"Isocortex","Cell_91","Isocortex_20",459
"Isocortex","Cell_7020","Isocortex_20",459
"Isocortex","Cell_11420","Isocortex_12",428
"Isocortex","Cell_16631","Isocortex_20",459
"Isocortex","Cell_37049","Isocortex_12",428
"Isocortex","Cell_5593","Isocortex_20",459
"Isocortex","Cell_27849","Isocortex_20",459
"Isocortex","Cell_30044","Isocortex_20",459
"Isocortex","Cell_36957","Isocortex_20",459
"Isocortex","Cell_37352","Isocortex_20",459
"Isocortex","Cell_38933","Isocortex_20",459
"Isocortex","Cell_18044","Isocortex_20",459
"Isocortex","Cell_1716","Isocortex_20",459
"Isocortex","Cell_3612","Isocortex_20",459
"Isocortex","Cell_4553","Isocortex_12",428
"Isocortex","Cell_6892","Isocortex_20",459
"Isocortex","Cell_7435","Isocortex_20",459
"Isocortex","Cell_8024","Isocortex_20",459
"Isocortex","Cell_8564","Isocortex_20",459
"Isocortex","Cell_8577","Isocortex_20",459
"Isocortex","Cell_8757","Isocortex_20",459
"Isocortex","Cell_9023","Isocortex_20",459
"Isocortex","Cell_9323","Isocortex_20",459
"Isocortex","Cell_9429","Isocortex_12",428
"Isocortex","Cell_9880","Isocortex_20",459
"Isocortex","Cell_10509","Isocortex_12",428
"Isocortex","Cell_10776","Isocortex_20",459
"Isocortex","Cell_11205","Isocortex_12",428
"Isocortex","Cell_12583","Isocortex_20",459
"Isocortex","Cell_13234","Isocortex_20",459
"Isocortex","Cell_13447","Isocortex_20",459
"Isocortex","Cell_15872","Isocortex_20",459
"Isocortex","Cell_17603","Isocortex_20",459
"Isocortex","Cell_17981","Isocortex_20",459
"Isocortex","Cell_19188","Isocortex_20",459
"Isocortex","Cell_20087","Isocortex_20",459
"Isocortex","Cell_20845","Isocortex_20",459
"Isocortex","Cell_22075","Isocortex_20",459
"Isocortex","Cell_22268","Isocortex_20",459
"Isocortex","Cell_23066","Isocortex_20",459
"Isocortex","Cell_24115","Isocortex_20",459
"Isocortex","Cell_24299","Isocortex_20",459
"Isocortex","Cell_25285","Isocortex_20",459
"Isocortex","Cell_27628","Isocortex_20",459
"Isocortex","Cell_28432","Isocortex_20",459
"Isocortex","Cell_28498","Isocortex_20",459
"Isocortex","Cell_28932","Isocortex_20",459
"Isocortex","Cell_29869","Isocortex_20",459
"Isocortex","Cell_29927","Isocortex_20",459
"Isocortex","Cell_30026","Isocortex_12",428
"Isocortex","Cell_31856","Isocortex_20",459
"Isocortex","Cell_32536","Isocortex_12",428
"Isocortex","Cell_32809","Isocortex_12",428
"Isocortex","Cell_33707","Isocortex_12",428
"Isocortex","Cell_33810","Isocortex_20",459
"Isocortex","Cell_34797","Isocortex_20",459
"Isocortex","Cell_34978","Isocortex_20",459
"Isocortex","Cell_35223","Isocortex_20",459
"Isocortex","Cell_35590","Isocortex_12",428
"Isocortex","Cell_36645","Isocortex_20",459
"Isocortex","Cell_38392","Isocortex_20",459
"Isocortex","Cell_38569","Isocortex_20",459
"Isocortex","Cell_38953","Isocortex_12",428
"Isocortex","Cell_39914","Isocortex_20",459
"Isocortex","Cell_40820","Isocortex_20",459
"Isocortex","Cell_41714","Isocortex_20",459
"Isocortex","Cell_43695","Isocortex_20",459
"Isocortex","Cell_44162","Isocortex_20",459
"Isocortex","Cell_44920","Isocortex_20",459
"Isocortex","Cell_45098","Isocortex_20",459
"Isocortex","Cell_45123","Isocortex_20",459
"Isocortex","Cell_577","Isocortex_20",459
"Isocortex","Cell_2013","Isocortex_12",428
"Isocortex","Cell_2280","Isocortex_20",459
"Isocortex","Cell_2650","Isocortex_20",459
"Isocortex","Cell_2787","Isocortex_20",459
"Isocortex","Cell_3502","Isocortex_20",459
"Isocortex","Cell_3784","Isocortex_20",459
"Isocortex","Cell_4362","Isocortex_20",459
"Isocortex","Cell_4802","Isocortex_20",459
"Isocortex","Cell_5428","Isocortex_20",459
"Isocortex","Cell_6671","Isocortex_20",459
"Isocortex","Cell_7018","Isocortex_12",428
"Isocortex","Cell_7651","Isocortex_20",459
"Isocortex","Cell_8291","Isocortex_20",459
"Isocortex","Cell_8402","Isocortex_20",459
"Isocortex","Cell_8686","Isocortex_20",459
"Isocortex","Cell_10689","Isocortex_20",459
"Isocortex","Cell_10814","Isocortex_20",459
"Isocortex","Cell_12167","Isocortex_20",459
"Isocortex","Cell_12199","Isocortex_20",459
"Isocortex","Cell_13355","Isocortex_20",459
"Isocortex","Cell_14067","Isocortex_12",428
"Isocortex","Cell_14252","Isocortex_20",459
"Isocortex","Cell_14823","Isocortex_20",459
"Isocortex","Cell_16596","Isocortex_20",459
"Isocortex","Cell_17074","Isocortex_20",459
"Isocortex","Cell_17181","Isocortex_20",459
"Isocortex","Cell_17855","Isocortex_20",459
"Isocortex","Cell_18053","Isocortex_20",459
"Isocortex","Cell_18300","Isocortex_20",459
"Isocortex","Cell_18482","Isocortex_20",459
"Isocortex","Cell_18670","Isocortex_20",459
"Isocortex","Cell_19752","Isocortex_20",459
"Isocortex","Cell_19839","Isocortex_20",459
"Isocortex","Cell_20645","Isocortex_20",459
"Isocortex","Cell_20873","Isocortex_20",459
"Isocortex","Cell_22430","Isocortex_20",459
"Isocortex","Cell_22441","Isocortex_20",459
"Isocortex","Cell_23481","Isocortex_12",428
"Isocortex","Cell_23631","Isocortex_20",459
"Isocortex","Cell_25136","Isocortex_20",459
"Isocortex","Cell_25273","Isocortex_12",428
"Isocortex","Cell_25500","Isocortex_20",459
"Isocortex","Cell_26040","Isocortex_20",459
"Isocortex","Cell_26809","Isocortex_12",428
"Isocortex","Cell_26956","Isocortex_20",459
"Isocortex","Cell_27262","Isocortex_20",459
"Isocortex","Cell_28723","Isocortex_20",459
"Isocortex","Cell_28881","Isocortex_20",459
"Isocortex","Cell_29827","Isocortex_20",459
"Isocortex","Cell_30158","Isocortex_20",459
"Isocortex","Cell_31974","Isocortex_20",459
"Isocortex","Cell_33167","Isocortex_20",459
"Isocortex","Cell_34206","Isocortex_20",459
"Isocortex","Cell_34211","Isocortex_12",428
"Isocortex","Cell_34707","Isocortex_12",428
"Isocortex","Cell_34988","Isocortex_20",459
"Isocortex","Cell_35200","Isocortex_20",459
"Isocortex","Cell_35986","Isocortex_12",428
"Isocortex","Cell_36014","Isocortex_20",459
"Isocortex","Cell_37122","Isocortex_12",428
"Isocortex","Cell_37418","Isocortex_20",459
"Isocortex","Cell_38351","Isocortex_20",459
"Isocortex","Cell_38449","Isocortex_12",428
"Isocortex","Cell_38452","Isocortex_20",459
"Isocortex","Cell_38868","Isocortex_20",459
"Isocortex","Cell_39034","Isocortex_20",459
"Isocortex","Cell_39684","Isocortex_12",428
"Isocortex","Cell_40309","Isocortex_20",459
"Isocortex","Cell_40698","Isocortex_20",459
"Isocortex","Cell_41753","Isocortex_12",428
"Isocortex","Cell_44244","Isocortex_20",459
"Isocortex","Cell_44301","Isocortex_12",428
"Isocortex","Cell_1128","Isocortex_20",459
"Isocortex","Cell_1519","Isocortex_20",459
"Isocortex","Cell_2420","Isocortex_12",428
"Isocortex","Cell_3202","Isocortex_20",459
"Isocortex","Cell_3618","Isocortex_20",459
"Isocortex","Cell_3813","Isocortex_20",459
"Isocortex","Cell_4234","Isocortex_20",459
"Isocortex","Cell_5060","Isocortex_12",428
"Isocortex","Cell_5317","Isocortex_20",459
"Isocortex","Cell_5628","Isocortex_12",428
"Isocortex","Cell_6838","Isocortex_20",459
"Isocortex","Cell_7070","Isocortex_12",428
"Isocortex","Cell_8483","Isocortex_20",459
"Isocortex","Cell_9556","Isocortex_20",459
"Isocortex","Cell_9733","Isocortex_20",459
"Isocortex","Cell_9779","Isocortex_12",428
"Isocortex","Cell_10188","Isocortex_20",459
"Isocortex","Cell_10818","Isocortex_20",459
"Isocortex","Cell_12206","Isocortex_12",428
"Isocortex","Cell_14078","Isocortex_20",459
"Isocortex","Cell_14185","Isocortex_20",459
"Isocortex","Cell_15186","Isocortex_12",428
"Isocortex","Cell_15383","Isocortex_12",428
"Isocortex","Cell_15391","Isocortex_20",459
"Isocortex","Cell_15704","Isocortex_20",459
"Isocortex","Cell_16423","Isocortex_20",459
"Isocortex","Cell_16708","Isocortex_12",428
"Isocortex","Cell_17481","Isocortex_20",459
"Isocortex","Cell_17551","Isocortex_20",459
"Isocortex","Cell_19011","Isocortex_20",459
"Isocortex","Cell_20015","Isocortex_20",459
"Isocortex","Cell_20196","Isocortex_20",459
"Isocortex","Cell_20375","Isocortex_12",428
"Isocortex","Cell_20520","Isocortex_20",459
"Isocortex","Cell_21510","Isocortex_20",459
"Isocortex","Cell_21685","Isocortex_20",459
"Isocortex","Cell_22303","Isocortex_20",459
"Isocortex","Cell_23233","Isocortex_20",459
"Isocortex","Cell_24141","Isocortex_20",459
"Isocortex","Cell_24924","Isocortex_12",428
"Isocortex","Cell_24937","Isocortex_12",428
"Isocortex","Cell_25944","Isocortex_20",459
"Isocortex","Cell_26429","Isocortex_12",428
"Isocortex","Cell_26582","Isocortex_12",428
"Isocortex","Cell_27629","Isocortex_12",428
"Isocortex","Cell_27795","Isocortex_12",428
"Isocortex","Cell_27958","Isocortex_12",428
"Isocortex","Cell_28084","Isocortex_20",459
"Isocortex","Cell_28224","Isocortex_12",428
"Isocortex","Cell_28453","Isocortex_12",428
"Isocortex","Cell_28509","Isocortex_12",428
"Isocortex","Cell_31522","Isocortex_20",459
"Isocortex","Cell_31941","Isocortex_20",459
"Isocortex","Cell_32721","Isocortex_20",459
"Isocortex","Cell_37101","Isocortex_20",459
"Isocortex","Cell_38723","Isocortex_20",459
"Isocortex","Cell_41751","Isocortex_12",428
"Isocortex","Cell_42133","Isocortex_20",459
"Isocortex","Cell_42457","Isocortex_20",459
"Isocortex","Cell_42646","Isocortex_12",428
"Isocortex","Cell_43231","Isocortex_20",459
"Isocortex","Cell_44477","Isocortex_12",428
"Isocortex","Cell_12267","Isocortex_20",459
"Isocortex","Cell_41047","Isocortex_20",459
"Isocortex","Cell_12133","Isocortex_20",459
"Isocortex","Cell_23492","Isocortex_20",459
"Isocortex","Cell_43527","Isocortex_12",428
"Isocortex","Cell_182","Isocortex_20",459
"Isocortex","Cell_1570","Isocortex_20",459
"Isocortex","Cell_4460","Isocortex_20",459
"Isocortex","Cell_8230","Isocortex_12",428
"Isocortex","Cell_10985","Isocortex_20",459
"Isocortex","Cell_11631","Isocortex_20",459
"Isocortex","Cell_13680","Isocortex_20",459
"Isocortex","Cell_14044","Isocortex_12",428
"Isocortex","Cell_18586","Isocortex_12",428
"Isocortex","Cell_18728","Isocortex_20",459
"Isocortex","Cell_21870","Isocortex_20",459
"Isocortex","Cell_25086","Isocortex_20",459
"Isocortex","Cell_25559","Isocortex_20",459
"Isocortex","Cell_26641","Isocortex_20",459
"Isocortex","Cell_27365","Isocortex_12",428
"Isocortex","Cell_29284","Isocortex_20",459
"Isocortex","Cell_29734","Isocortex_20",459
"Isocortex","Cell_34085","Isocortex_20",459
"Isocortex","Cell_35358","Isocortex_20",459
"Isocortex","Cell_39107","Isocortex_20",459
"Isocortex","Cell_42231","Isocortex_20",459
"Isocortex","Cell_43740","Isocortex_20",459
"Isocortex","Cell_44966","Isocortex_12",428
"Isocortex","Cell_2373","Isocortex_20",459
"Isocortex","Cell_4017","Isocortex_20",459
"Isocortex","Cell_5059","Isocortex_20",459
"Isocortex","Cell_8343","Isocortex_20",459
"Isocortex","Cell_9391","Isocortex_20",459
"Isocortex","Cell_9583","Isocortex_20",459
"Isocortex","Cell_10214","Isocortex_12",428
"Isocortex","Cell_10971","Isocortex_20",459
"Isocortex","Cell_11395","Isocortex_12",428
"Isocortex","Cell_12421","Isocortex_20",459
"Isocortex","Cell_12899","Isocortex_20",459
"Isocortex","Cell_15649","Isocortex_12",428
"Isocortex","Cell_17166","Isocortex_20",459
"Isocortex","Cell_19338","Isocortex_20",459
"Isocortex","Cell_19980","Isocortex_20",459
"Isocortex","Cell_20434","Isocortex_20",459
"Isocortex","Cell_24446","Isocortex_20",459
"Isocortex","Cell_26087","Isocortex_20",459
"Isocortex","Cell_26252","Isocortex_20",459
"Isocortex","Cell_27273","Isocortex_20",459
"Isocortex","Cell_29005","Isocortex_20",459
"Isocortex","Cell_31240","Isocortex_20",459
"Isocortex","Cell_32023","Isocortex_20",459
"Isocortex","Cell_32667","Isocortex_12",428
"Isocortex","Cell_33796","Isocortex_20",459
"Isocortex","Cell_34232","Isocortex_12",428
"Isocortex","Cell_35968","Isocortex_20",459
"Isocortex","Cell_37097","Isocortex_20",459
"Isocortex","Cell_39098","Isocortex_20",459
"Isocortex","Cell_39263","Isocortex_20",459
"Isocortex","Cell_39522","Isocortex_20",459
"Isocortex","Cell_41773","Isocortex_20",459
"Isocortex","Cell_42840","Isocortex_20",459
"Isocortex","Cell_45058","Isocortex_20",459
"Isocortex","Cell_140","Isocortex_12",428
"Isocortex","Cell_1071","Isocortex_20",459
"Isocortex","Cell_3607","Isocortex_20",459
"Isocortex","Cell_4077","Isocortex_12",428
"Isocortex","Cell_5215","Isocortex_20",459
"Isocortex","Cell_6405","Isocortex_20",459
"Isocortex","Cell_7500","Isocortex_20",459
"Isocortex","Cell_7995","Isocortex_20",459
"Isocortex","Cell_9062","Isocortex_20",459
"Isocortex","Cell_10341","Isocortex_12",428
"Isocortex","Cell_11268","Isocortex_12",428
"Isocortex","Cell_13273","Isocortex_20",459
"Isocortex","Cell_15847","Isocortex_20",459
"Isocortex","Cell_16239","Isocortex_20",459
"Isocortex","Cell_17011","Isocortex_20",459
"Isocortex","Cell_17658","Isocortex_20",459
"Isocortex","Cell_18495","Isocortex_20",459
"Isocortex","Cell_18785","Isocortex_20",459
"Isocortex","Cell_21487","Isocortex_12",428
"Isocortex","Cell_23760","Isocortex_20",459
"Isocortex","Cell_24513","Isocortex_20",459
"Isocortex","Cell_24961","Isocortex_20",459
"Isocortex","Cell_26655","Isocortex_20",459
"Isocortex","Cell_27108","Isocortex_20",459
"Isocortex","Cell_27742","Isocortex_20",459
"Isocortex","Cell_29174","Isocortex_12",428
"Isocortex","Cell_29745","Isocortex_12",428
"Isocortex","Cell_30847","Isocortex_20",459
"Isocortex","Cell_30914","Isocortex_12",428
"Isocortex","Cell_31279","Isocortex_20",459
"Isocortex","Cell_31497","Isocortex_20",459
"Isocortex","Cell_32307","Isocortex_20",459
"Isocortex","Cell_33390","Isocortex_20",459
"Isocortex","Cell_34334","Isocortex_20",459
"Isocortex","Cell_35100","Isocortex_20",459
"Isocortex","Cell_35307","Isocortex_20",459
"Isocortex","Cell_36721","Isocortex_20",459
"Isocortex","Cell_37098","Isocortex_20",459
"Isocortex","Cell_37943","Isocortex_20",459
"Isocortex","Cell_40066","Isocortex_20",459
"Isocortex","Cell_40275","Isocortex_20",459
"Isocortex","Cell_40526","Isocortex_20",459
"Isocortex","Cell_44713","Isocortex_12",428
"Isocortex","Cell_7820","Isocortex_20",459
"Isocortex","Cell_16599","Isocortex_20",459
"Isocortex","Cell_19534","Isocortex_20",459
"Isocortex","Cell_2324","Isocortex_20",459
"Isocortex","Cell_6728","Isocortex_20",459
"Isocortex","Cell_8958","Isocortex_12",428
"Isocortex","Cell_13271","Isocortex_20",459
"Isocortex","Cell_14717","Isocortex_20",459
"Isocortex","Cell_18095","Isocortex_20",459
"Isocortex","Cell_22574","Isocortex_20",459
"Isocortex","Cell_22608","Isocortex_20",459
"Isocortex","Cell_28408","Isocortex_12",428
"Isocortex","Cell_37218","Isocortex_20",459
"Isocortex","Cell_45030","Isocortex_20",459
"Isocortex","Cell_3806","Isocortex_20",459
"Isocortex","Cell_5294","Isocortex_20",459
"Isocortex","Cell_8299","Isocortex_20",459
"Isocortex","Cell_9955","Isocortex_20",459
"Isocortex","Cell_12104","Isocortex_20",459
"Isocortex","Cell_12426","Isocortex_20",459
"Isocortex","Cell_12791","Isocortex_20",459
"Isocortex","Cell_13882","Isocortex_20",459
"Isocortex","Cell_14913","Isocortex_20",459
"Isocortex","Cell_14966","Isocortex_20",459
"Isocortex","Cell_15115","Isocortex_12",428
"Isocortex","Cell_17922","Isocortex_20",459
"Isocortex","Cell_18230","Isocortex_20",459
"Isocortex","Cell_21302","Isocortex_20",459
"Isocortex","Cell_22317","Isocortex_20",459
"Isocortex","Cell_24671","Isocortex_20",459
"Isocortex","Cell_29970","Isocortex_20",459
"Isocortex","Cell_30468","Isocortex_20",459
"Isocortex","Cell_32195","Isocortex_20",459
"Isocortex","Cell_32909","Isocortex_20",459
"Isocortex","Cell_35722","Isocortex_20",459
"Isocortex","Cell_38763","Isocortex_20",459
"Isocortex","Cell_40960","Isocortex_20",459
"Isocortex","Cell_41649","Isocortex_20",459
"Isocortex","Cell_44115","Isocortex_20",459
"Isocortex","Cell_45000","Isocortex_20",459
"Isocortex","Cell_11545","Isocortex_20",459
"Isocortex","Cell_11776","Isocortex_12",428
"Isocortex","Cell_15541","Isocortex_20",459
"Isocortex","Cell_15679","Isocortex_20",459
"Isocortex","Cell_21173","Isocortex_20",459
"Isocortex","Cell_22761","Isocortex_20",459
"Isocortex","Cell_24897","Isocortex_20",459
"Isocortex","Cell_26579","Isocortex_20",459
"Isocortex","Cell_28336","Isocortex_12",428
"Isocortex","Cell_28888","Isocortex_20",459
"Isocortex","Cell_34668","Isocortex_20",459
"Isocortex","Cell_44469","Isocortex_20",459
"Isocortex","Cell_33801","Isocortex_20",459
"Isocortex","Cell_6915","Isocortex_20",459
"Isocortex","Cell_7008","Isocortex_12",428
"Isocortex","Cell_10248","Isocortex_20",459
"Isocortex","Cell_15658","Isocortex_12",428
"Isocortex","Cell_21429","Isocortex_12",428
"Isocortex","Cell_23344","Isocortex_20",459
"Isocortex","Cell_27791","Isocortex_20",459
"Isocortex","Cell_29126","Isocortex_20",459
"Isocortex","Cell_45024","Isocortex_20",459
"Isocortex","Cell_45033","Isocortex_20",459
"Isocortex","Cell_16115","Isocortex_20",459
"Isocortex","Cell_21376","Isocortex_20",459
"Isocortex","Cell_21937","Isocortex_20",459
"Isocortex","Cell_30047","Isocortex_20",459
"Isocortex","Cell_40762","Isocortex_20",459
"Isocortex","Cell_31007","Isocortex_20",459
"Isocortex","Cell_1671","Isocortex_21",232
"Isocortex","Cell_9147","Isocortex_12",428
"Isocortex","Cell_22183","Isocortex_12",428
"Isocortex","Cell_24427","Isocortex_12",428
"Isocortex","Cell_30448","Isocortex_12",428
"Isocortex","Cell_40013","Isocortex_12",428
"Isocortex","Cell_5240","Isocortex_20",459
"Isocortex","Cell_20187","Isocortex_20",459
"Isocortex","Cell_2286","Isocortex_19",511
"Isocortex","Cell_2957","Isocortex_10",373
"Isocortex","Cell_4221","Isocortex_19",511
"Isocortex","Cell_4703","Isocortex_10",373
"Isocortex","Cell_9179","Isocortex_19",511
"Isocortex","Cell_9191","Isocortex_19",511
"Isocortex","Cell_9295","Isocortex_20",459
"Isocortex","Cell_10617","Isocortex_20",459
"Isocortex","Cell_10653","Isocortex_21",232
"Isocortex","Cell_12058","Isocortex_19",511
"Isocortex","Cell_15135","Isocortex_12",428
"Isocortex","Cell_15480","Isocortex_21",232
"Isocortex","Cell_16700","Isocortex_19",511
"Isocortex","Cell_18244","Isocortex_12",428
"Isocortex","Cell_18270","Isocortex_12",428
"Isocortex","Cell_20193","Isocortex_20",459
"Isocortex","Cell_21472","Isocortex_21",232
"Isocortex","Cell_21582","Isocortex_21",232
"Isocortex","Cell_23598","Isocortex_19",511
"Isocortex","Cell_24022","Isocortex_20",459
"Isocortex","Cell_25838","Isocortex_12",428
"Isocortex","Cell_30673","Isocortex_19",511
"Isocortex","Cell_31542","Isocortex_20",459
"Isocortex","Cell_32127","Isocortex_21",232
"Isocortex","Cell_36976","Isocortex_19",511
"Isocortex","Cell_45125","Isocortex_19",511
"Isocortex","Cell_6975","Isocortex_10",373
"Isocortex","Cell_8594","Isocortex_12",428
"Isocortex","Cell_13000","Isocortex_12",428
"Isocortex","Cell_15363","Isocortex_19",511
"Isocortex","Cell_20772","Isocortex_12",428
"Isocortex","Cell_39379","Isocortex_19",511
"Isocortex","Cell_3451","Isocortex_12",428
"Isocortex","Cell_834","Isocortex_20",459
"Isocortex","Cell_3463","Isocortex_19",511
"Isocortex","Cell_4094","Isocortex_19",511
"Isocortex","Cell_4855","Isocortex_20",459
"Isocortex","Cell_5647","Isocortex_10",373
"Isocortex","Cell_6665","Isocortex_12",428
"Isocortex","Cell_7096","Isocortex_19",511
"Isocortex","Cell_7241","Isocortex_19",511
"Isocortex","Cell_8039","Isocortex_12",428
"Isocortex","Cell_8953","Isocortex_21",232
"Isocortex","Cell_10067","Isocortex_12",428
"Isocortex","Cell_10522","Isocortex_19",511
"Isocortex","Cell_12287","Isocortex_19",511
"Isocortex","Cell_13237","Isocortex_12",428
"Isocortex","Cell_13302","Isocortex_21",232
"Isocortex","Cell_15010","Isocortex_12",428
"Isocortex","Cell_15691","Isocortex_12",428
"Isocortex","Cell_16059","Isocortex_12",428
"Isocortex","Cell_17119","Isocortex_19",511
"Isocortex","Cell_17296","Isocortex_19",511
"Isocortex","Cell_17582","Isocortex_10",373
"Isocortex","Cell_19153","Isocortex_12",428
"Isocortex","Cell_19460","Isocortex_10",373
"Isocortex","Cell_20728","Isocortex_21",232
"Isocortex","Cell_21398","Isocortex_12",428
"Isocortex","Cell_21440","Isocortex_19",511
"Isocortex","Cell_23167","Isocortex_10",373
"Isocortex","Cell_23214","Isocortex_12",428
"Isocortex","Cell_24860","Isocortex_20",459
"Isocortex","Cell_24966","Isocortex_19",511
"Isocortex","Cell_25848","Isocortex_10",373
"Isocortex","Cell_27344","Isocortex_20",459
"Isocortex","Cell_29837","Isocortex_12",428
"Isocortex","Cell_30793","Isocortex_19",511
"Isocortex","Cell_30951","Isocortex_19",511
"Isocortex","Cell_31094","Isocortex_19",511
"Isocortex","Cell_31371","Isocortex_10",373
"Isocortex","Cell_32247","Isocortex_10",373
"Isocortex","Cell_32711","Isocortex_20",459
"Isocortex","Cell_32831","Isocortex_10",373
"Isocortex","Cell_33290","Isocortex_19",511
"Isocortex","Cell_33920","Isocortex_12",428
"Isocortex","Cell_34320","Isocortex_21",232
"Isocortex","Cell_35154","Isocortex_21",232
"Isocortex","Cell_35605","Isocortex_19",511
"Isocortex","Cell_35679","Isocortex_19",511
"Isocortex","Cell_36179","Isocortex_19",511
"Isocortex","Cell_36964","Isocortex_20",459
"Isocortex","Cell_38503","Isocortex_19",511
"Isocortex","Cell_38782","Isocortex_10",373
"Isocortex","Cell_38820","Isocortex_19",511
"Isocortex","Cell_39187","Isocortex_19",511
"Isocortex","Cell_39537","Isocortex_19",511
"Isocortex","Cell_40055","Isocortex_20",459
"Isocortex","Cell_41239","Isocortex_19",511
"Isocortex","Cell_41637","Isocortex_10",373
"Isocortex","Cell_41859","Isocortex_19",511
"Isocortex","Cell_42125","Isocortex_19",511
"Isocortex","Cell_42603","Isocortex_19",511
"Isocortex","Cell_44064","Isocortex_20",459
"Isocortex","Cell_44706","Isocortex_10",373
"Isocortex","Cell_12","Isocortex_19",511
"Isocortex","Cell_512","Isocortex_19",511
"Isocortex","Cell_930","Isocortex_19",511
"Isocortex","Cell_2859","Isocortex_21",232
"Isocortex","Cell_3282","Isocortex_12",428
"Isocortex","Cell_4556","Isocortex_12",428
"Isocortex","Cell_5989","Isocortex_21",232
"Isocortex","Cell_6211","Isocortex_19",511
"Isocortex","Cell_6681","Isocortex_21",232
"Isocortex","Cell_6998","Isocortex_12",428
"Isocortex","Cell_7423","Isocortex_19",511
"Isocortex","Cell_7746","Isocortex_19",511
"Isocortex","Cell_7768","Isocortex_12",428
"Isocortex","Cell_8069","Isocortex_21",232
"Isocortex","Cell_8274","Isocortex_19",511
"Isocortex","Cell_8482","Isocortex_19",511
"Isocortex","Cell_9302","Isocortex_19",511
"Isocortex","Cell_9974","Isocortex_12",428
"Isocortex","Cell_10609","Isocortex_19",511
"Isocortex","Cell_10649","Isocortex_12",428
"Isocortex","Cell_11656","Isocortex_19",511
"Isocortex","Cell_11878","Isocortex_19",511
"Isocortex","Cell_14436","Isocortex_19",511
"Isocortex","Cell_14506","Isocortex_19",511
"Isocortex","Cell_16187","Isocortex_12",428
"Isocortex","Cell_17115","Isocortex_21",232
"Isocortex","Cell_17155","Isocortex_21",232
"Isocortex","Cell_17172","Isocortex_21",232
"Isocortex","Cell_17372","Isocortex_21",232
"Isocortex","Cell_18160","Isocortex_19",511
"Isocortex","Cell_18528","Isocortex_20",459
"Isocortex","Cell_21415","Isocortex_20",459
"Isocortex","Cell_21480","Isocortex_21",232
"Isocortex","Cell_21624","Isocortex_10",373
"Isocortex","Cell_22253","Isocortex_21",232
"Isocortex","Cell_22266","Isocortex_19",511
"Isocortex","Cell_22981","Isocortex_19",511
"Isocortex","Cell_23071","Isocortex_19",511
"Isocortex","Cell_24473","Isocortex_19",511
"Isocortex","Cell_24887","Isocortex_12",428
"Isocortex","Cell_25387","Isocortex_19",511
"Isocortex","Cell_25400","Isocortex_19",511
"Isocortex","Cell_26370","Isocortex_19",511
"Isocortex","Cell_26886","Isocortex_12",428
"Isocortex","Cell_26989","Isocortex_12",428
"Isocortex","Cell_27283","Isocortex_19",511
"Isocortex","Cell_27668","Isocortex_19",511
"Isocortex","Cell_29120","Isocortex_21",232
"Isocortex","Cell_29715","Isocortex_19",511
"Isocortex","Cell_29928","Isocortex_19",511
"Isocortex","Cell_30043","Isocortex_12",428
"Isocortex","Cell_30526","Isocortex_19",511
"Isocortex","Cell_30643","Isocortex_20",459
"Isocortex","Cell_30794","Isocortex_12",428
"Isocortex","Cell_31072","Isocortex_21",232
"Isocortex","Cell_31146","Isocortex_12",428
"Isocortex","Cell_31903","Isocortex_19",511
"Isocortex","Cell_32165","Isocortex_12",428
"Isocortex","Cell_32433","Isocortex_12",428
"Isocortex","Cell_32780","Isocortex_20",459
"Isocortex","Cell_33211","Isocortex_12",428
"Isocortex","Cell_34545","Isocortex_12",428
"Isocortex","Cell_34765","Isocortex_19",511
"Isocortex","Cell_35081","Isocortex_12",428
"Isocortex","Cell_35162","Isocortex_12",428
"Isocortex","Cell_35199","Isocortex_12",428
"Isocortex","Cell_36391","Isocortex_20",459
"Isocortex","Cell_36795","Isocortex_19",511
"Isocortex","Cell_36936","Isocortex_20",459
"Isocortex","Cell_37630","Isocortex_21",232
"Isocortex","Cell_37917","Isocortex_19",511
"Isocortex","Cell_38301","Isocortex_19",511
"Isocortex","Cell_38514","Isocortex_12",428
"Isocortex","Cell_39462","Isocortex_12",428
"Isocortex","Cell_39944","Isocortex_12",428
"Isocortex","Cell_40612","Isocortex_20",459
"Isocortex","Cell_41466","Isocortex_12",428
"Isocortex","Cell_41815","Isocortex_19",511
"Isocortex","Cell_42171","Isocortex_19",511
"Isocortex","Cell_42198","Isocortex_12",428
"Isocortex","Cell_42395","Isocortex_19",511
"Isocortex","Cell_42419","Isocortex_12",428
"Isocortex","Cell_42761","Isocortex_12",428
"Isocortex","Cell_43233","Isocortex_19",511
"Isocortex","Cell_43257","Isocortex_19",511
"Isocortex","Cell_356","Isocortex_19",511
"Isocortex","Cell_730","Isocortex_21",232
"Isocortex","Cell_854","Isocortex_20",459
"Isocortex","Cell_1098","Isocortex_19",511
"Isocortex","Cell_1245","Isocortex_20",459
"Isocortex","Cell_1373","Isocortex_20",459
"Isocortex","Cell_1414","Isocortex_20",459
"Isocortex","Cell_1500","Isocortex_19",511
"Isocortex","Cell_1555","Isocortex_12",428
"Isocortex","Cell_1824","Isocortex_12",428
"Isocortex","Cell_2849","Isocortex_19",511
"Isocortex","Cell_3598","Isocortex_21",232
"Isocortex","Cell_3610","Isocortex_12",428
"Isocortex","Cell_4031","Isocortex_20",459
"Isocortex","Cell_4110","Isocortex_20",459
"Isocortex","Cell_4296","Isocortex_21",232
"Isocortex","Cell_4484","Isocortex_21",232
"Isocortex","Cell_4549","Isocortex_19",511
"Isocortex","Cell_4551","Isocortex_19",511
"Isocortex","Cell_4695","Isocortex_19",511
"Isocortex","Cell_5095","Isocortex_12",428
"Isocortex","Cell_5414","Isocortex_12",428
"Isocortex","Cell_5535","Isocortex_12",428
"Isocortex","Cell_5555","Isocortex_21",232
"Isocortex","Cell_5759","Isocortex_12",428
"Isocortex","Cell_5841","Isocortex_12",428
"Isocortex","Cell_6083","Isocortex_21",232
"Isocortex","Cell_6334","Isocortex_12",428
"Isocortex","Cell_7318","Isocortex_12",428
"Isocortex","Cell_7349","Isocortex_19",511
"Isocortex","Cell_7428","Isocortex_19",511
"Isocortex","Cell_7547","Isocortex_20",459
"Isocortex","Cell_7638","Isocortex_21",232
"Isocortex","Cell_8003","Isocortex_19",511
"Isocortex","Cell_8121","Isocortex_19",511
"Isocortex","Cell_8923","Isocortex_12",428
"Isocortex","Cell_9175","Isocortex_19",511
"Isocortex","Cell_9699","Isocortex_12",428
"Isocortex","Cell_9887","Isocortex_12",428
"Isocortex","Cell_10036","Isocortex_19",511
"Isocortex","Cell_10148","Isocortex_12",428
"Isocortex","Cell_11068","Isocortex_12",428
"Isocortex","Cell_11166","Isocortex_20",459
"Isocortex","Cell_11553","Isocortex_21",232
"Isocortex","Cell_11919","Isocortex_21",232
"Isocortex","Cell_12225","Isocortex_19",511
"Isocortex","Cell_12879","Isocortex_12",428
"Isocortex","Cell_12938","Isocortex_19",511
"Isocortex","Cell_13214","Isocortex_12",428
"Isocortex","Cell_13530","Isocortex_12",428
"Isocortex","Cell_13640","Isocortex_19",511
"Isocortex","Cell_14060","Isocortex_20",459
"Isocortex","Cell_14594","Isocortex_19",511
"Isocortex","Cell_14955","Isocortex_19",511
"Isocortex","Cell_15464","Isocortex_19",511
"Isocortex","Cell_15736","Isocortex_19",511
"Isocortex","Cell_16614","Isocortex_12",428
"Isocortex","Cell_16625","Isocortex_21",232
"Isocortex","Cell_16705","Isocortex_12",428
"Isocortex","Cell_17461","Isocortex_12",428
"Isocortex","Cell_17634","Isocortex_20",459
"Isocortex","Cell_17725","Isocortex_12",428
"Isocortex","Cell_18350","Isocortex_19",511
"Isocortex","Cell_18927","Isocortex_19",511
"Isocortex","Cell_18948","Isocortex_20",459
"Isocortex","Cell_18967","Isocortex_19",511
"Isocortex","Cell_18998","Isocortex_19",511
"Isocortex","Cell_19029","Isocortex_20",459
"Isocortex","Cell_19085","Isocortex_20",459
"Isocortex","Cell_19827","Isocortex_19",511
"Isocortex","Cell_20020","Isocortex_19",511
"Isocortex","Cell_20131","Isocortex_19",511
"Isocortex","Cell_20136","Isocortex_21",232
"Isocortex","Cell_20213","Isocortex_20",459
"Isocortex","Cell_20410","Isocortex_20",459
"Isocortex","Cell_20986","Isocortex_19",511
"Isocortex","Cell_21217","Isocortex_21",232
"Isocortex","Cell_21447","Isocortex_12",428
"Isocortex","Cell_21617","Isocortex_12",428
"Isocortex","Cell_21671","Isocortex_19",511
"Isocortex","Cell_21813","Isocortex_19",511
"Isocortex","Cell_22257","Isocortex_19",511
"Isocortex","Cell_22702","Isocortex_12",428
"Isocortex","Cell_22809","Isocortex_19",511
"Isocortex","Cell_22859","Isocortex_21",232
"Isocortex","Cell_22874","Isocortex_19",511
"Isocortex","Cell_23491","Isocortex_10",373
"Isocortex","Cell_23557","Isocortex_12",428
"Isocortex","Cell_24278","Isocortex_10",373
"Isocortex","Cell_24605","Isocortex_12",428
"Isocortex","Cell_24627","Isocortex_12",428
"Isocortex","Cell_24888","Isocortex_10",373
"Isocortex","Cell_25260","Isocortex_12",428
"Isocortex","Cell_25309","Isocortex_19",511
"Isocortex","Cell_25346","Isocortex_12",428
"Isocortex","Cell_25906","Isocortex_12",428
"Isocortex","Cell_25933","Isocortex_21",232
"Isocortex","Cell_26376","Isocortex_19",511
"Isocortex","Cell_26416","Isocortex_21",232
"Isocortex","Cell_26535","Isocortex_12",428
"Isocortex","Cell_26758","Isocortex_20",459
"Isocortex","Cell_27008","Isocortex_12",428
"Isocortex","Cell_27036","Isocortex_21",232
"Isocortex","Cell_27157","Isocortex_20",459
"Isocortex","Cell_27548","Isocortex_12",428
"Isocortex","Cell_27558","Isocortex_19",511
"Isocortex","Cell_27928","Isocortex_12",428
"Isocortex","Cell_28125","Isocortex_20",459
"Isocortex","Cell_28129","Isocortex_19",511
"Isocortex","Cell_28257","Isocortex_21",232
"Isocortex","Cell_28262","Isocortex_12",428
"Isocortex","Cell_28278","Isocortex_20",459
"Isocortex","Cell_28326","Isocortex_19",511
"Isocortex","Cell_28598","Isocortex_19",511
"Isocortex","Cell_28916","Isocortex_20",459
"Isocortex","Cell_28939","Isocortex_12",428
"Isocortex","Cell_29851","Isocortex_12",428
"Isocortex","Cell_30144","Isocortex_10",373
"Isocortex","Cell_30332","Isocortex_19",511
"Isocortex","Cell_30462","Isocortex_12",428
"Isocortex","Cell_30579","Isocortex_12",428
"Isocortex","Cell_30707","Isocortex_10",373
"Isocortex","Cell_31066","Isocortex_19",511
"Isocortex","Cell_31300","Isocortex_20",459
"Isocortex","Cell_31301","Isocortex_12",428
"Isocortex","Cell_31443","Isocortex_12",428
"Isocortex","Cell_31525","Isocortex_20",459
"Isocortex","Cell_31531","Isocortex_12",428
"Isocortex","Cell_31638","Isocortex_12",428
"Isocortex","Cell_31808","Isocortex_19",511
"Isocortex","Cell_32647","Isocortex_20",459
"Isocortex","Cell_32908","Isocortex_19",511
"Isocortex","Cell_33006","Isocortex_12",428
"Isocortex","Cell_33106","Isocortex_12",428
"Isocortex","Cell_34247","Isocortex_20",459
"Isocortex","Cell_35155","Isocortex_19",511
"Isocortex","Cell_35694","Isocortex_20",459
"Isocortex","Cell_35696","Isocortex_20",459
"Isocortex","Cell_36171","Isocortex_21",232
"Isocortex","Cell_36172","Isocortex_12",428
"Isocortex","Cell_36611","Isocortex_19",511
"Isocortex","Cell_36864","Isocortex_12",428
"Isocortex","Cell_37000","Isocortex_12",428
"Isocortex","Cell_37069","Isocortex_21",232
"Isocortex","Cell_37177","Isocortex_19",511
"Isocortex","Cell_37503","Isocortex_20",459
"Isocortex","Cell_37744","Isocortex_20",459
"Isocortex","Cell_37971","Isocortex_12",428
"Isocortex","Cell_38235","Isocortex_12",428
"Isocortex","Cell_38596","Isocortex_20",459
"Isocortex","Cell_38969","Isocortex_20",459
"Isocortex","Cell_38985","Isocortex_20",459
"Isocortex","Cell_39439","Isocortex_19",511
"Isocortex","Cell_39475","Isocortex_19",511
"Isocortex","Cell_39481","Isocortex_12",428
"Isocortex","Cell_39747","Isocortex_12",428
"Isocortex","Cell_40220","Isocortex_19",511
"Isocortex","Cell_40489","Isocortex_12",428
"Isocortex","Cell_40641","Isocortex_19",511
"Isocortex","Cell_40862","Isocortex_19",511
"Isocortex","Cell_41137","Isocortex_12",428
"Isocortex","Cell_41179","Isocortex_21",232
"Isocortex","Cell_41221","Isocortex_19",511
"Isocortex","Cell_41349","Isocortex_19",511
"Isocortex","Cell_41384","Isocortex_12",428
"Isocortex","Cell_41873","Isocortex_20",459
"Isocortex","Cell_41973","Isocortex_12",428
"Isocortex","Cell_42087","Isocortex_10",373
"Isocortex","Cell_42227","Isocortex_12",428
"Isocortex","Cell_42518","Isocortex_21",232
"Isocortex","Cell_42591","Isocortex_12",428
"Isocortex","Cell_42992","Isocortex_20",459
"Isocortex","Cell_44175","Isocortex_19",511
"Isocortex","Cell_44516","Isocortex_12",428
"Isocortex","Cell_44905","Isocortex_21",232
"Isocortex","Cell_45031","Isocortex_21",232
"Isocortex","Cell_2406","Isocortex_21",232
"Isocortex","Cell_2616","Isocortex_21",232
"Isocortex","Cell_2628","Isocortex_21",232
"Isocortex","Cell_5491","Isocortex_19",511
"Isocortex","Cell_40126","Isocortex_19",511
"Isocortex","Cell_2605","Isocortex_12",428
"Isocortex","Cell_27014","Isocortex_19",511
"Isocortex","Cell_31943","Isocortex_12",428
"Isocortex","Cell_33738","Isocortex_12",428
"Isocortex","Cell_35926","Isocortex_12",428
"Isocortex","Cell_35966","Isocortex_12",428
"Isocortex","Cell_36348","Isocortex_12",428
"Isocortex","Cell_42813","Isocortex_21",232
"Isocortex","Cell_555","Isocortex_12",428
"Isocortex","Cell_7450","Isocortex_19",511
"Isocortex","Cell_9036","Isocortex_12",428
"Isocortex","Cell_10130","Isocortex_12",428
"Isocortex","Cell_10722","Isocortex_12",428
"Isocortex","Cell_11366","Isocortex_19",511
"Isocortex","Cell_14827","Isocortex_20",459
"Isocortex","Cell_15732","Isocortex_20",459
"Isocortex","Cell_16695","Isocortex_12",428
"Isocortex","Cell_18551","Isocortex_12",428
"Isocortex","Cell_20942","Isocortex_20",459
"Isocortex","Cell_21751","Isocortex_12",428
"Isocortex","Cell_21810","Isocortex_20",459
"Isocortex","Cell_23388","Isocortex_12",428
"Isocortex","Cell_26680","Isocortex_12",428
"Isocortex","Cell_27139","Isocortex_20",459
"Isocortex","Cell_27706","Isocortex_20",459
"Isocortex","Cell_28264","Isocortex_12",428
"Isocortex","Cell_32394","Isocortex_10",373
"Isocortex","Cell_34223","Isocortex_21",232
"Isocortex","Cell_37710","Isocortex_12",428
"Isocortex","Cell_39984","Isocortex_12",428
"Isocortex","Cell_40793","Isocortex_20",459
"Isocortex","Cell_43113","Isocortex_19",511
"Isocortex","Cell_44557","Isocortex_19",511
"Isocortex","Cell_44665","Isocortex_19",511
"Isocortex","Cell_44962","Isocortex_20",459
"Isocortex","Cell_14368","Isocortex_12",428
"Isocortex","Cell_694","Isocortex_12",428
"Isocortex","Cell_987","Isocortex_20",459
"Isocortex","Cell_1507","Isocortex_19",511
"Isocortex","Cell_1943","Isocortex_12",428
"Isocortex","Cell_2370","Isocortex_12",428
"Isocortex","Cell_3312","Isocortex_20",459
"Isocortex","Cell_3580","Isocortex_21",232
"Isocortex","Cell_3790","Isocortex_21",232
"Isocortex","Cell_4130","Isocortex_20",459
"Isocortex","Cell_5679","Isocortex_20",459
"Isocortex","Cell_5833","Isocortex_12",428
"Isocortex","Cell_6035","Isocortex_21",232
"Isocortex","Cell_7422","Isocortex_21",232
"Isocortex","Cell_7947","Isocortex_20",459
"Isocortex","Cell_7974","Isocortex_19",511
"Isocortex","Cell_8066","Isocortex_19",511
"Isocortex","Cell_8207","Isocortex_21",232
"Isocortex","Cell_8796","Isocortex_20",459
"Isocortex","Cell_8978","Isocortex_21",232
"Isocortex","Cell_9534","Isocortex_19",511
"Isocortex","Cell_9789","Isocortex_12",428
"Isocortex","Cell_9896","Isocortex_19",511
"Isocortex","Cell_11606","Isocortex_12",428
"Isocortex","Cell_12201","Isocortex_19",511
"Isocortex","Cell_14681","Isocortex_10",373
"Isocortex","Cell_14957","Isocortex_21",232
"Isocortex","Cell_15829","Isocortex_21",232
"Isocortex","Cell_16084","Isocortex_19",511
"Isocortex","Cell_16404","Isocortex_20",459
"Isocortex","Cell_16406","Isocortex_21",232
"Isocortex","Cell_17019","Isocortex_21",232
"Isocortex","Cell_17605","Isocortex_19",511
"Isocortex","Cell_19320","Isocortex_21",232
"Isocortex","Cell_19352","Isocortex_12",428
"Isocortex","Cell_19617","Isocortex_19",511
"Isocortex","Cell_19987","Isocortex_12",428
"Isocortex","Cell_20472","Isocortex_19",511
"Isocortex","Cell_20497","Isocortex_20",459
"Isocortex","Cell_20672","Isocortex_21",232
"Isocortex","Cell_21413","Isocortex_12",428
"Isocortex","Cell_22172","Isocortex_12",428
"Isocortex","Cell_22313","Isocortex_12",428
"Isocortex","Cell_24070","Isocortex_12",428
"Isocortex","Cell_24110","Isocortex_12",428
"Isocortex","Cell_26167","Isocortex_21",232
"Isocortex","Cell_26512","Isocortex_21",232
"Isocortex","Cell_26556","Isocortex_19",511
"Isocortex","Cell_27142","Isocortex_21",232
"Isocortex","Cell_27570","Isocortex_19",511
"Isocortex","Cell_28220","Isocortex_10",373
"Isocortex","Cell_28410","Isocortex_12",428
"Isocortex","Cell_28475","Isocortex_19",511
"Isocortex","Cell_28782","Isocortex_21",232
"Isocortex","Cell_29040","Isocortex_12",428
"Isocortex","Cell_29775","Isocortex_19",511
"Isocortex","Cell_30194","Isocortex_12",428
"Isocortex","Cell_31572","Isocortex_10",373
"Isocortex","Cell_33187","Isocortex_21",232
"Isocortex","Cell_33269","Isocortex_19",511
"Isocortex","Cell_33933","Isocortex_21",232
"Isocortex","Cell_34585","Isocortex_20",459
"Isocortex","Cell_35420","Isocortex_12",428
"Isocortex","Cell_37413","Isocortex_19",511
"Isocortex","Cell_37652","Isocortex_21",232
"Isocortex","Cell_37964","Isocortex_21",232
"Isocortex","Cell_38044","Isocortex_19",511
"Isocortex","Cell_38415","Isocortex_10",373
"Isocortex","Cell_38639","Isocortex_19",511
"Isocortex","Cell_40198","Isocortex_19",511
"Isocortex","Cell_40566","Isocortex_21",232
"Isocortex","Cell_41786","Isocortex_12",428
"Isocortex","Cell_42508","Isocortex_19",511
"Isocortex","Cell_42744","Isocortex_21",232
"Isocortex","Cell_44474","Isocortex_12",428
"Isocortex","Cell_25089","Isocortex_20",459
"Isocortex","Cell_41592","Isocortex_12",428
"Isocortex","Cell_9432","Isocortex_20",459
"Isocortex","Cell_19998","Isocortex_19",511
"Isocortex","Cell_31884","Isocortex_12",428
"Isocortex","Cell_44659","Isocortex_12",428
"Isocortex","Cell_23137","Isocortex_10",373
"Isocortex","Cell_25803","Isocortex_21",232
"Isocortex","Cell_795","Isocortex_12",428
"Isocortex","Cell_2182","Isocortex_21",232
"Isocortex","Cell_3132","Isocortex_19",511
"Isocortex","Cell_5427","Isocortex_10",373
"Isocortex","Cell_7188","Isocortex_12",428
"Isocortex","Cell_8700","Isocortex_10",373
"Isocortex","Cell_8858","Isocortex_21",232
"Isocortex","Cell_12214","Isocortex_12",428
"Isocortex","Cell_12829","Isocortex_20",459
"Isocortex","Cell_13375","Isocortex_12",428
"Isocortex","Cell_16499","Isocortex_12",428
"Isocortex","Cell_18867","Isocortex_12",428
"Isocortex","Cell_19199","Isocortex_12",428
"Isocortex","Cell_24478","Isocortex_20",459
"Isocortex","Cell_26850","Isocortex_21",232
"Isocortex","Cell_26949","Isocortex_12",428
"Isocortex","Cell_27055","Isocortex_21",232
"Isocortex","Cell_27775","Isocortex_12",428
"Isocortex","Cell_28068","Isocortex_12",428
"Isocortex","Cell_29493","Isocortex_12",428
"Isocortex","Cell_30886","Isocortex_20",459
"Isocortex","Cell_33232","Isocortex_10",373
"Isocortex","Cell_34730","Isocortex_12",428
"Isocortex","Cell_42340","Isocortex_10",373
"Isocortex","Cell_42564","Isocortex_21",232
"Isocortex","Cell_44167","Isocortex_21",232
"Isocortex","Cell_45132","Isocortex_21",232
"Isocortex","Cell_35366","Isocortex_12",428
"Isocortex","Cell_28852","Isocortex_10",373
"Isocortex","Cell_40285","Isocortex_20",459
"Isocortex","Cell_2737","Isocortex_21",232
"Isocortex","Cell_2911","Isocortex_19",511
"Isocortex","Cell_3216","Isocortex_12",428
"Isocortex","Cell_12363","Isocortex_21",232
"Isocortex","Cell_16080","Isocortex_19",511
"Isocortex","Cell_17821","Isocortex_21",232
"Isocortex","Cell_20521","Isocortex_19",511
"Isocortex","Cell_22789","Isocortex_12",428
"Isocortex","Cell_25692","Isocortex_21",232
"Isocortex","Cell_26498","Isocortex_19",511
"Isocortex","Cell_27632","Isocortex_20",459
"Isocortex","Cell_28797","Isocortex_19",511
"Isocortex","Cell_32166","Isocortex_12",428
"Isocortex","Cell_34846","Isocortex_12",428
"Isocortex","Cell_36055","Isocortex_20",459
"Isocortex","Cell_37784","Isocortex_19",511
"Isocortex","Cell_37884","Isocortex_12",428
"Isocortex","Cell_38096","Isocortex_12",428
"Isocortex","Cell_380","Isocortex_19",511
"Isocortex","Cell_1173","Isocortex_12",428
"Isocortex","Cell_4889","Isocortex_21",232
"Isocortex","Cell_8908","Isocortex_12",428
"Isocortex","Cell_16627","Isocortex_21",232
"Isocortex","Cell_19060","Isocortex_20",459
"Isocortex","Cell_20915","Isocortex_21",232
"Isocortex","Cell_22118","Isocortex_10",373
"Isocortex","Cell_22997","Isocortex_21",232
"Isocortex","Cell_25695","Isocortex_12",428
"Isocortex","Cell_26509","Isocortex_12",428
"Isocortex","Cell_27586","Isocortex_19",511
"Isocortex","Cell_33540","Isocortex_12",428
"Isocortex","Cell_40720","Isocortex_21",232
"Isocortex","Cell_40849","Isocortex_21",232
"Isocortex","Cell_23778","Isocortex_20",459
"Isocortex","Cell_1117","Isocortex_12",428
"Isocortex","Cell_36741","Isocortex_19",511
"Isocortex","Cell_38088","Isocortex_12",428
"Isocortex","Cell_42501","Isocortex_12",428
"Isocortex","Cell_7542","Isocortex_12",428
"Isocortex","Cell_8540","Isocortex_12",428
"Isocortex","Cell_9847","Isocortex_12",428
"Isocortex","Cell_11445","Isocortex_12",428
"Isocortex","Cell_14501","Isocortex_12",428
"Isocortex","Cell_19738","Isocortex_20",459
"Isocortex","Cell_21104","Isocortex_19",511
"Isocortex","Cell_21707","Isocortex_21",232
"Isocortex","Cell_22921","Isocortex_21",232
"Isocortex","Cell_23965","Isocortex_12",428
"Isocortex","Cell_26183","Isocortex_21",232
"Isocortex","Cell_33956","Isocortex_21",232
"Isocortex","Cell_37068","Isocortex_21",232
"Isocortex","Cell_41759","Isocortex_12",428
"Isocortex","Cell_41910","Isocortex_12",428
"Isocortex","Cell_45083","Isocortex_19",511
"Isocortex","Cell_15433","Isocortex_12",428
"Isocortex","Cell_484","Isocortex_19",511
"Isocortex","Cell_3558","Isocortex_10",373
"Isocortex","Cell_3972","Isocortex_12",428
"Isocortex","Cell_5908","Isocortex_20",459
"Isocortex","Cell_10932","Isocortex_20",459
"Isocortex","Cell_13698","Isocortex_12",428
"Isocortex","Cell_19908","Isocortex_12",428
"Isocortex","Cell_21359","Isocortex_12",428
"Isocortex","Cell_21677","Isocortex_10",373
"Isocortex","Cell_22934","Isocortex_20",459
"Isocortex","Cell_26109","Isocortex_20",459
"Isocortex","Cell_29932","Isocortex_20",459
"Isocortex","Cell_30290","Isocortex_12",428
"Isocortex","Cell_44170","Isocortex_10",373
"Isocortex","Cell_42367","Isocortex_21",232
"Isocortex","Cell_1990","Isocortex_1",375
"Isocortex","Cell_10982","Isocortex_1",375
"Isocortex","Cell_23654","Isocortex_22",271
"Isocortex","Cell_32294","Isocortex_22",271
"Isocortex","Cell_32867","Isocortex_22",271
"Isocortex","Cell_37983","Isocortex_22",271
"Isocortex","Cell_43971","Isocortex_1",375
"Isocortex","Cell_6680","Isocortex_1",375
"Isocortex","Cell_15569","Isocortex_1",375
"Isocortex","Cell_16260","Isocortex_1",375
"Isocortex","Cell_17872","Isocortex_22",271
"Isocortex","Cell_19902","Isocortex_1",375
"Isocortex","Cell_24437","Isocortex_22",271
"Isocortex","Cell_25098","Isocortex_22",271
"Isocortex","Cell_26305","Isocortex_1",375
"Isocortex","Cell_31550","Isocortex_22",271
"Isocortex","Cell_32299","Isocortex_1",375
"Isocortex","Cell_35184","Isocortex_22",271
"Isocortex","Cell_39759","Isocortex_1",375
"Isocortex","Cell_942","Isocortex_1",375
"Isocortex","Cell_7823","Isocortex_1",375
"Isocortex","Cell_7921","Isocortex_1",375
"Isocortex","Cell_10348","Isocortex_1",375
"Isocortex","Cell_10361","Isocortex_1",375
"Isocortex","Cell_22350","Isocortex_1",375
"Isocortex","Cell_28470","Isocortex_1",375
"Isocortex","Cell_38636","Isocortex_1",375
"Isocortex","Cell_44452","Isocortex_22",271
"Isocortex","Cell_1742","Isocortex_1",375
"Isocortex","Cell_24458","Isocortex_1",375
"Isocortex","Cell_24529","Isocortex_1",375
"Isocortex","Cell_1525","Isocortex_1",375
"Isocortex","Cell_5189","Isocortex_1",375
"Isocortex","Cell_6625","Isocortex_1",375
"Isocortex","Cell_6821","Isocortex_1",375
"Isocortex","Cell_9048","Isocortex_22",271
"Isocortex","Cell_9171","Isocortex_1",375
"Isocortex","Cell_9336","Isocortex_22",271
"Isocortex","Cell_11125","Isocortex_1",375
"Isocortex","Cell_12127","Isocortex_1",375
"Isocortex","Cell_13092","Isocortex_1",375
"Isocortex","Cell_13157","Isocortex_22",271
"Isocortex","Cell_13404","Isocortex_1",375
"Isocortex","Cell_13442","Isocortex_1",375
"Isocortex","Cell_15774","Isocortex_1",375
"Isocortex","Cell_16842","Isocortex_1",375
"Isocortex","Cell_17065","Isocortex_22",271
"Isocortex","Cell_20473","Isocortex_1",375
"Isocortex","Cell_22173","Isocortex_1",375
"Isocortex","Cell_23633","Isocortex_22",271
"Isocortex","Cell_23807","Isocortex_22",271
"Isocortex","Cell_25139","Isocortex_1",375
"Isocortex","Cell_25379","Isocortex_22",271
"Isocortex","Cell_25590","Isocortex_22",271
"Isocortex","Cell_29437","Isocortex_1",375
"Isocortex","Cell_29543","Isocortex_1",375
"Isocortex","Cell_30013","Isocortex_1",375
"Isocortex","Cell_32280","Isocortex_22",271
"Isocortex","Cell_32407","Isocortex_1",375
"Isocortex","Cell_33229","Isocortex_1",375
"Isocortex","Cell_34026","Isocortex_1",375
"Isocortex","Cell_37468","Isocortex_1",375
"Isocortex","Cell_38577","Isocortex_22",271
"Isocortex","Cell_40439","Isocortex_1",375
"Isocortex","Cell_41514","Isocortex_22",271
"Isocortex","Cell_42408","Isocortex_1",375
"Isocortex","Cell_1582","Isocortex_1",375
"Isocortex","Cell_4049","Isocortex_1",375
"Isocortex","Cell_5680","Isocortex_22",271
"Isocortex","Cell_6708","Isocortex_22",271
"Isocortex","Cell_8131","Isocortex_22",271
"Isocortex","Cell_10238","Isocortex_1",375
"Isocortex","Cell_13046","Isocortex_1",375
"Isocortex","Cell_13073","Isocortex_1",375
"Isocortex","Cell_16568","Isocortex_22",271
"Isocortex","Cell_17585","Isocortex_1",375
"Isocortex","Cell_17692","Isocortex_22",271
"Isocortex","Cell_18175","Isocortex_1",375
"Isocortex","Cell_28806","Isocortex_1",375
"Isocortex","Cell_31230","Isocortex_22",271
"Isocortex","Cell_32377","Isocortex_1",375
"Isocortex","Cell_40398","Isocortex_1",375
"Isocortex","Cell_41089","Isocortex_1",375
"Isocortex","Cell_41651","Isocortex_1",375
"Isocortex","Cell_42934","Isocortex_22",271
"Isocortex","Cell_43242","Isocortex_1",375
"Isocortex","Cell_43301","Isocortex_1",375
"Isocortex","Cell_43503","Isocortex_1",375
"Isocortex","Cell_45193","Isocortex_1",375
"Isocortex","Cell_11689","Isocortex_1",375
"Isocortex","Cell_40442","Isocortex_1",375
"Isocortex","Cell_407","Isocortex_22",271
"Isocortex","Cell_1611","Isocortex_1",375
"Isocortex","Cell_2456","Isocortex_1",375
"Isocortex","Cell_4641","Isocortex_1",375
"Isocortex","Cell_4753","Isocortex_1",375
"Isocortex","Cell_8156","Isocortex_1",375
"Isocortex","Cell_8856","Isocortex_1",375
"Isocortex","Cell_10042","Isocortex_1",375
"Isocortex","Cell_22955","Isocortex_22",271
"Isocortex","Cell_25718","Isocortex_1",375
"Isocortex","Cell_26099","Isocortex_1",375
"Isocortex","Cell_27292","Isocortex_1",375
"Isocortex","Cell_32138","Isocortex_1",375
"Isocortex","Cell_34364","Isocortex_1",375
"Isocortex","Cell_34452","Isocortex_1",375
"Isocortex","Cell_43243","Isocortex_22",271
"Isocortex","Cell_25514","Isocortex_1",375
"Isocortex","Cell_26894","Isocortex_1",375
"Isocortex","Cell_19999","Isocortex_1",375
"Isocortex","Cell_35437","Isocortex_1",375
"Isocortex","Cell_5186","Isocortex_1",375
"Isocortex","Cell_11637","Isocortex_22",271
"Isocortex","Cell_18376","Isocortex_1",375
"Isocortex","Cell_21851","Isocortex_1",375
"Isocortex","Cell_32445","Isocortex_1",375
"Isocortex","Cell_4828","Isocortex_1",375
"Isocortex","Cell_15730","Isocortex_1",375
"Isocortex","Cell_18052","Isocortex_1",375
"Isocortex","Cell_31791","Isocortex_1",375
"Isocortex","Cell_39250","Isocortex_1",375
"Isocortex","Cell_41682","Isocortex_1",375
"Isocortex","Cell_43216","Isocortex_1",375
"Isocortex","Cell_2145","Isocortex_1",375
"Isocortex","Cell_4226","Isocortex_1",375
"Isocortex","Cell_10310","Isocortex_1",375
"Isocortex","Cell_19004","Isocortex_1",375
"Isocortex","Cell_20138","Isocortex_1",375
"Isocortex","Cell_40201","Isocortex_1",375
"Isocortex","Cell_5729","Isocortex_1",375
"Isocortex","Cell_430","Isocortex_1",375
"Isocortex","Cell_953","Isocortex_1",375
"Isocortex","Cell_4395","Isocortex_1",375
"Isocortex","Cell_44580","Isocortex_1",375
"Isocortex","Cell_5276","Isocortex_1",375
"Isocortex","Cell_5695","Isocortex_1",375
"Isocortex","Cell_7997","Isocortex_1",375
"Isocortex","Cell_11091","Isocortex_1",375
"Isocortex","Cell_12425","Isocortex_1",375
"Isocortex","Cell_16426","Isocortex_1",375
"Isocortex","Cell_23729","Isocortex_1",375
"Isocortex","Cell_29446","Isocortex_1",375
"Isocortex","Cell_38844","Isocortex_1",375
"Isocortex","Cell_23426","Isocortex_1",375
"Isocortex","Cell_29172","Isocortex_1",375
"Isocortex","Cell_5909","Isocortex_1",375
"Isocortex","Cell_5940","Isocortex_1",375
"Isocortex","Cell_8552","Isocortex_1",375
"Isocortex","Cell_13572","Isocortex_1",375
"Isocortex","Cell_16738","Isocortex_1",375
"Isocortex","Cell_23158","Isocortex_1",375
"Isocortex","Cell_23786","Isocortex_1",375
"Isocortex","Cell_25064","Isocortex_1",375
"Isocortex","Cell_29253","Isocortex_22",271
"Isocortex","Cell_30639","Isocortex_1",375
"Isocortex","Cell_34950","Isocortex_1",375
"Isocortex","Cell_39616","Isocortex_1",375
"Isocortex","Cell_42967","Isocortex_1",375
"Isocortex","Cell_43449","Isocortex_1",375
"Isocortex","Cell_866","Isocortex_22",271
"Isocortex","Cell_2311","Isocortex_22",271
"Isocortex","Cell_7879","Isocortex_1",375
"Isocortex","Cell_7938","Isocortex_1",375
"Isocortex","Cell_13089","Isocortex_1",375
"Isocortex","Cell_13465","Isocortex_1",375
"Isocortex","Cell_17656","Isocortex_1",375
"Isocortex","Cell_22820","Isocortex_22",271
"Isocortex","Cell_26206","Isocortex_1",375
"Isocortex","Cell_26638","Isocortex_1",375
"Isocortex","Cell_27749","Isocortex_1",375
"Isocortex","Cell_29138","Isocortex_1",375
"Isocortex","Cell_29714","Isocortex_22",271
"Isocortex","Cell_34197","Isocortex_1",375
"Isocortex","Cell_38986","Isocortex_1",375
"Isocortex","Cell_44213","Isocortex_1",375
"Isocortex","Cell_1046","Isocortex_22",271
"Isocortex","Cell_2753","Isocortex_22",271
"Isocortex","Cell_10020","Isocortex_1",375
"Isocortex","Cell_13343","Isocortex_1",375
"Isocortex","Cell_14226","Isocortex_1",375
"Isocortex","Cell_19363","Isocortex_1",375
"Isocortex","Cell_28188","Isocortex_22",271
"Isocortex","Cell_30741","Isocortex_1",375
"Isocortex","Cell_36119","Isocortex_1",375
"Isocortex","Cell_38015","Isocortex_22",271
"Isocortex","Cell_38502","Isocortex_22",271
"Isocortex","Cell_44267","Isocortex_22",271
"Isocortex","Cell_25611","Isocortex_22",271
"Isocortex","Cell_28372","Isocortex_22",271
"Isocortex","Cell_3882","Isocortex_22",271
"Isocortex","Cell_23752","Isocortex_22",271
"Isocortex","Cell_29678","Isocortex_1",375
"Isocortex","Cell_36407","Isocortex_1",375
"Isocortex","Cell_8465","Isocortex_1",375
"Isocortex","Cell_11855","Isocortex_1",375
"Isocortex","Cell_21093","Isocortex_1",375
"Isocortex","Cell_39904","Isocortex_22",271
"Isocortex","Cell_1485","Isocortex_1",375
"Isocortex","Cell_12607","Isocortex_1",375
"Isocortex","Cell_15838","Isocortex_1",375
"Isocortex","Cell_2637","Isocortex_17",256
"Isocortex","Cell_5024","Isocortex_7",365
"Isocortex","Cell_12629","Isocortex_15",291
"Isocortex","Cell_12827","Isocortex_7",365
"Isocortex","Cell_13191","Isocortex_15",291
"Isocortex","Cell_19530","Isocortex_7",365
"Isocortex","Cell_21554","Isocortex_9",215
"Isocortex","Cell_22716","Isocortex_9",215
"Isocortex","Cell_27907","Isocortex_17",256
"Isocortex","Cell_32781","Isocortex_7",365
"Isocortex","Cell_33123","Isocortex_15",291
"Isocortex","Cell_41584","Isocortex_5",347
"Isocortex","Cell_41700","Isocortex_15",291
"Isocortex","Cell_444","Isocortex_14",250
"Isocortex","Cell_7585","Isocortex_16",228
"Isocortex","Cell_38176","Isocortex_10",373
"Isocortex","Cell_968","Isocortex_10",373
"Isocortex","Cell_6431","Isocortex_15",291
"Isocortex","Cell_7832","Isocortex_15",291
"Isocortex","Cell_12342","Isocortex_17",256
"Isocortex","Cell_13843","Isocortex_17",256
"Isocortex","Cell_20698","Isocortex_10",373
"Isocortex","Cell_23156","Isocortex_5",347
"Isocortex","Cell_25116","Isocortex_16",228
"Isocortex","Cell_27288","Isocortex_15",291
"Isocortex","Cell_27589","Isocortex_9",215
"Isocortex","Cell_34780","Isocortex_10",373
"Isocortex","Cell_38586","Isocortex_9",215
"Isocortex","Cell_40879","Isocortex_5",347
"Isocortex","Cell_816","Isocortex_5",347
"Isocortex","Cell_8487","Isocortex_15",291
"Isocortex","Cell_9400","Isocortex_14",250
"Isocortex","Cell_12594","Isocortex_17",256
"Isocortex","Cell_13606","Isocortex_15",291
"Isocortex","Cell_14816","Isocortex_7",365
"Isocortex","Cell_16792","Isocortex_17",256
"Isocortex","Cell_17420","Isocortex_15",291
"Isocortex","Cell_21160","Isocortex_5",347
"Isocortex","Cell_25347","Isocortex_7",365
"Isocortex","Cell_26927","Isocortex_15",291
"Isocortex","Cell_26938","Isocortex_5",347
"Isocortex","Cell_27774","Isocortex_14",250
"Isocortex","Cell_35258","Isocortex_9",215
"Isocortex","Cell_36931","Isocortex_10",373
"Isocortex","Cell_37323","Isocortex_17",256
"Isocortex","Cell_37785","Isocortex_7",365
"Isocortex","Cell_42720","Isocortex_17",256
"Isocortex","Cell_44028","Isocortex_17",256
"Isocortex","Cell_25471","Isocortex_5",347
"Isocortex","Cell_142","Isocortex_10",373
"Isocortex","Cell_231","Isocortex_5",347
"Isocortex","Cell_1512","Isocortex_10",373
"Isocortex","Cell_1961","Isocortex_15",291
"Isocortex","Cell_2853","Isocortex_7",365
"Isocortex","Cell_2855","Isocortex_16",228
"Isocortex","Cell_3097","Isocortex_5",347
"Isocortex","Cell_4111","Isocortex_10",373
"Isocortex","Cell_4112","Isocortex_7",365
"Isocortex","Cell_4320","Isocortex_5",347
"Isocortex","Cell_4646","Isocortex_7",365
"Isocortex","Cell_5069","Isocortex_10",373
"Isocortex","Cell_5451","Isocortex_7",365
"Isocortex","Cell_6236","Isocortex_17",256
"Isocortex","Cell_6303","Isocortex_10",373
"Isocortex","Cell_6697","Isocortex_10",373
"Isocortex","Cell_7799","Isocortex_15",291
"Isocortex","Cell_10732","Isocortex_7",365
"Isocortex","Cell_12150","Isocortex_15",291
"Isocortex","Cell_12304","Isocortex_7",365
"Isocortex","Cell_12463","Isocortex_10",373
"Isocortex","Cell_12709","Isocortex_17",256
"Isocortex","Cell_13780","Isocortex_7",365
"Isocortex","Cell_16166","Isocortex_10",373
"Isocortex","Cell_16622","Isocortex_7",365
"Isocortex","Cell_17389","Isocortex_17",256
"Isocortex","Cell_18413","Isocortex_9",215
"Isocortex","Cell_18737","Isocortex_15",291
"Isocortex","Cell_19118","Isocortex_9",215
"Isocortex","Cell_19582","Isocortex_10",373
"Isocortex","Cell_20600","Isocortex_15",291
"Isocortex","Cell_20605","Isocortex_10",373
"Isocortex","Cell_20811","Isocortex_7",365
"Isocortex","Cell_23508","Isocortex_17",256
"Isocortex","Cell_23567","Isocortex_17",256
"Isocortex","Cell_23928","Isocortex_10",373
"Isocortex","Cell_24794","Isocortex_10",373
"Isocortex","Cell_26038","Isocortex_10",373
"Isocortex","Cell_26698","Isocortex_17",256
"Isocortex","Cell_28565","Isocortex_16",228
"Isocortex","Cell_29106","Isocortex_15",291
"Isocortex","Cell_29238","Isocortex_17",256
"Isocortex","Cell_29283","Isocortex_10",373
"Isocortex","Cell_29566","Isocortex_5",347
"Isocortex","Cell_29721","Isocortex_10",373
"Isocortex","Cell_30972","Isocortex_7",365
"Isocortex","Cell_31704","Isocortex_7",365
"Isocortex","Cell_31949","Isocortex_15",291
"Isocortex","Cell_32451","Isocortex_5",347
"Isocortex","Cell_33080","Isocortex_10",373
"Isocortex","Cell_34504","Isocortex_7",365
"Isocortex","Cell_34799","Isocortex_15",291
"Isocortex","Cell_34827","Isocortex_5",347
"Isocortex","Cell_35560","Isocortex_17",256
"Isocortex","Cell_35665","Isocortex_5",347
"Isocortex","Cell_35837","Isocortex_7",365
"Isocortex","Cell_37554","Isocortex_17",256
"Isocortex","Cell_39983","Isocortex_15",291
"Isocortex","Cell_40252","Isocortex_16",228
"Isocortex","Cell_41597","Isocortex_5",347
"Isocortex","Cell_41831","Isocortex_10",373
"Isocortex","Cell_42306","Isocortex_15",291
"Isocortex","Cell_43554","Isocortex_9",215
"Isocortex","Cell_43772","Isocortex_10",373
"Isocortex","Cell_45121","Isocortex_17",256
"Isocortex","Cell_756","Isocortex_5",347
"Isocortex","Cell_848","Isocortex_10",373
"Isocortex","Cell_1174","Isocortex_15",291
"Isocortex","Cell_1676","Isocortex_7",365
"Isocortex","Cell_1982","Isocortex_7",365
"Isocortex","Cell_2163","Isocortex_7",365
"Isocortex","Cell_2709","Isocortex_7",365
"Isocortex","Cell_3510","Isocortex_15",291
"Isocortex","Cell_4133","Isocortex_7",365
"Isocortex","Cell_4456","Isocortex_15",291
"Isocortex","Cell_4580","Isocortex_17",256
"Isocortex","Cell_4726","Isocortex_15",291
"Isocortex","Cell_4779","Isocortex_15",291
"Isocortex","Cell_4928","Isocortex_15",291
"Isocortex","Cell_4939","Isocortex_7",365
"Isocortex","Cell_6889","Isocortex_17",256
"Isocortex","Cell_7123","Isocortex_17",256
"Isocortex","Cell_7205","Isocortex_15",291
"Isocortex","Cell_9567","Isocortex_9",215
"Isocortex","Cell_9634","Isocortex_15",291
"Isocortex","Cell_9802","Isocortex_14",250
"Isocortex","Cell_10202","Isocortex_7",365
"Isocortex","Cell_10235","Isocortex_17",256
"Isocortex","Cell_10365","Isocortex_15",291
"Isocortex","Cell_11089","Isocortex_17",256
"Isocortex","Cell_11105","Isocortex_17",256
"Isocortex","Cell_11241","Isocortex_15",291
"Isocortex","Cell_12137","Isocortex_5",347
"Isocortex","Cell_12859","Isocortex_16",228
"Isocortex","Cell_13026","Isocortex_17",256
"Isocortex","Cell_13603","Isocortex_5",347
"Isocortex","Cell_13629","Isocortex_5",347
"Isocortex","Cell_14944","Isocortex_15",291
"Isocortex","Cell_15542","Isocortex_7",365
"Isocortex","Cell_16017","Isocortex_15",291
"Isocortex","Cell_17547","Isocortex_9",215
"Isocortex","Cell_18105","Isocortex_15",291
"Isocortex","Cell_18447","Isocortex_15",291
"Isocortex","Cell_19282","Isocortex_17",256
"Isocortex","Cell_19567","Isocortex_17",256
"Isocortex","Cell_19800","Isocortex_9",215
"Isocortex","Cell_20107","Isocortex_15",291
"Isocortex","Cell_21056","Isocortex_7",365
"Isocortex","Cell_21243","Isocortex_15",291
"Isocortex","Cell_21330","Isocortex_10",373
"Isocortex","Cell_22915","Isocortex_15",291
"Isocortex","Cell_23024","Isocortex_15",291
"Isocortex","Cell_24109","Isocortex_15",291
"Isocortex","Cell_24157","Isocortex_15",291
"Isocortex","Cell_24344","Isocortex_17",256
"Isocortex","Cell_25582","Isocortex_17",256
"Isocortex","Cell_25735","Isocortex_17",256
"Isocortex","Cell_25835","Isocortex_10",373
"Isocortex","Cell_27843","Isocortex_16",228
"Isocortex","Cell_28270","Isocortex_5",347
"Isocortex","Cell_28339","Isocortex_16",228
"Isocortex","Cell_28795","Isocortex_17",256
"Isocortex","Cell_29077","Isocortex_7",365
"Isocortex","Cell_32505","Isocortex_10",373
"Isocortex","Cell_32773","Isocortex_15",291
"Isocortex","Cell_32892","Isocortex_15",291
"Isocortex","Cell_32917","Isocortex_7",365
"Isocortex","Cell_33100","Isocortex_15",291
"Isocortex","Cell_34196","Isocortex_7",365
"Isocortex","Cell_34295","Isocortex_17",256
"Isocortex","Cell_34893","Isocortex_17",256
"Isocortex","Cell_35118","Isocortex_15",291
"Isocortex","Cell_35291","Isocortex_15",291
"Isocortex","Cell_35569","Isocortex_10",373
"Isocortex","Cell_36330","Isocortex_7",365
"Isocortex","Cell_36511","Isocortex_10",373
"Isocortex","Cell_36606","Isocortex_15",291
"Isocortex","Cell_36632","Isocortex_16",228
"Isocortex","Cell_36656","Isocortex_5",347
"Isocortex","Cell_37878","Isocortex_7",365
"Isocortex","Cell_38777","Isocortex_15",291
"Isocortex","Cell_39433","Isocortex_10",373
"Isocortex","Cell_39453","Isocortex_15",291
"Isocortex","Cell_40706","Isocortex_5",347
"Isocortex","Cell_40921","Isocortex_9",215
"Isocortex","Cell_41364","Isocortex_15",291
"Isocortex","Cell_41373","Isocortex_16",228
"Isocortex","Cell_41426","Isocortex_17",256
"Isocortex","Cell_42904","Isocortex_15",291
"Isocortex","Cell_43723","Isocortex_7",365
"Isocortex","Cell_44050","Isocortex_17",256
"Isocortex","Cell_44689","Isocortex_17",256
"Isocortex","Cell_45245","Isocortex_15",291
"Isocortex","Cell_13","Isocortex_16",228
"Isocortex","Cell_741","Isocortex_7",365
"Isocortex","Cell_1358","Isocortex_10",373
"Isocortex","Cell_1859","Isocortex_15",291
"Isocortex","Cell_1933","Isocortex_17",256
"Isocortex","Cell_1999","Isocortex_16",228
"Isocortex","Cell_2174","Isocortex_17",256
"Isocortex","Cell_2364","Isocortex_5",347
"Isocortex","Cell_2733","Isocortex_5",347
"Isocortex","Cell_3301","Isocortex_7",365
"Isocortex","Cell_3376","Isocortex_10",373
"Isocortex","Cell_3575","Isocortex_15",291
"Isocortex","Cell_4589","Isocortex_17",256
"Isocortex","Cell_4607","Isocortex_5",347
"Isocortex","Cell_4803","Isocortex_5",347
"Isocortex","Cell_4890","Isocortex_14",250
"Isocortex","Cell_5141","Isocortex_17",256
"Isocortex","Cell_5307","Isocortex_15",291
"Isocortex","Cell_5370","Isocortex_7",365
"Isocortex","Cell_5708","Isocortex_16",228
"Isocortex","Cell_6326","Isocortex_17",256
"Isocortex","Cell_6360","Isocortex_15",291
"Isocortex","Cell_6798","Isocortex_7",365
"Isocortex","Cell_6849","Isocortex_10",373
"Isocortex","Cell_7416","Isocortex_7",365
"Isocortex","Cell_7470","Isocortex_5",347
"Isocortex","Cell_7660","Isocortex_9",215
"Isocortex","Cell_8109","Isocortex_15",291
"Isocortex","Cell_8354","Isocortex_10",373
"Isocortex","Cell_8366","Isocortex_7",365
"Isocortex","Cell_8509","Isocortex_17",256
"Isocortex","Cell_9039","Isocortex_5",347
"Isocortex","Cell_9104","Isocortex_15",291
"Isocortex","Cell_10211","Isocortex_15",291
"Isocortex","Cell_10316","Isocortex_16",228
"Isocortex","Cell_11137","Isocortex_10",373
"Isocortex","Cell_11377","Isocortex_17",256
"Isocortex","Cell_11936","Isocortex_10",373
"Isocortex","Cell_12257","Isocortex_7",365
"Isocortex","Cell_12447","Isocortex_5",347
"Isocortex","Cell_12469","Isocortex_5",347
"Isocortex","Cell_12498","Isocortex_5",347
"Isocortex","Cell_12704","Isocortex_15",291
"Isocortex","Cell_13102","Isocortex_9",215
"Isocortex","Cell_13598","Isocortex_7",365
"Isocortex","Cell_14690","Isocortex_17",256
"Isocortex","Cell_15204","Isocortex_17",256
"Isocortex","Cell_15231","Isocortex_7",365
"Isocortex","Cell_16321","Isocortex_17",256
"Isocortex","Cell_18142","Isocortex_7",365
"Isocortex","Cell_18189","Isocortex_15",291
"Isocortex","Cell_18533","Isocortex_16",228
"Isocortex","Cell_18874","Isocortex_7",365
"Isocortex","Cell_18934","Isocortex_15",291
"Isocortex","Cell_19613","Isocortex_15",291
"Isocortex","Cell_20327","Isocortex_5",347
"Isocortex","Cell_20514","Isocortex_17",256
"Isocortex","Cell_20594","Isocortex_17",256
"Isocortex","Cell_21057","Isocortex_7",365
"Isocortex","Cell_21143","Isocortex_5",347
"Isocortex","Cell_21275","Isocortex_5",347
"Isocortex","Cell_21542","Isocortex_7",365
"Isocortex","Cell_21715","Isocortex_15",291
"Isocortex","Cell_21975","Isocortex_17",256
"Isocortex","Cell_22356","Isocortex_15",291
"Isocortex","Cell_22390","Isocortex_15",291
"Isocortex","Cell_22674","Isocortex_5",347
"Isocortex","Cell_22678","Isocortex_15",291
"Isocortex","Cell_23407","Isocortex_5",347
"Isocortex","Cell_23637","Isocortex_17",256
"Isocortex","Cell_24195","Isocortex_7",365
"Isocortex","Cell_24292","Isocortex_16",228
"Isocortex","Cell_24394","Isocortex_5",347
"Isocortex","Cell_24412","Isocortex_7",365
"Isocortex","Cell_24632","Isocortex_17",256
"Isocortex","Cell_25479","Isocortex_10",373
"Isocortex","Cell_25980","Isocortex_15",291
"Isocortex","Cell_26209","Isocortex_7",365
"Isocortex","Cell_26859","Isocortex_7",365
"Isocortex","Cell_26925","Isocortex_15",291
"Isocortex","Cell_27004","Isocortex_5",347
"Isocortex","Cell_27566","Isocortex_7",365
"Isocortex","Cell_27633","Isocortex_7",365
"Isocortex","Cell_27890","Isocortex_10",373
"Isocortex","Cell_28122","Isocortex_17",256
"Isocortex","Cell_28142","Isocortex_17",256
"Isocortex","Cell_28486","Isocortex_5",347
"Isocortex","Cell_28585","Isocortex_9",215
"Isocortex","Cell_28819","Isocortex_5",347
"Isocortex","Cell_28906","Isocortex_17",256
"Isocortex","Cell_29181","Isocortex_17",256
"Isocortex","Cell_29186","Isocortex_15",291
"Isocortex","Cell_29758","Isocortex_7",365
"Isocortex","Cell_29762","Isocortex_7",365
"Isocortex","Cell_29962","Isocortex_17",256
"Isocortex","Cell_30121","Isocortex_15",291
"Isocortex","Cell_30123","Isocortex_7",365
"Isocortex","Cell_30249","Isocortex_17",256
"Isocortex","Cell_30287","Isocortex_9",215
"Isocortex","Cell_30298","Isocortex_17",256
"Isocortex","Cell_30475","Isocortex_10",373
"Isocortex","Cell_30528","Isocortex_15",291
"Isocortex","Cell_31048","Isocortex_15",291
"Isocortex","Cell_31474","Isocortex_16",228
"Isocortex","Cell_31646","Isocortex_17",256
"Isocortex","Cell_31733","Isocortex_9",215
"Isocortex","Cell_32019","Isocortex_16",228
"Isocortex","Cell_32079","Isocortex_17",256
"Isocortex","Cell_33215","Isocortex_15",291
"Isocortex","Cell_33236","Isocortex_10",373
"Isocortex","Cell_33403","Isocortex_15",291
"Isocortex","Cell_33769","Isocortex_10",373
"Isocortex","Cell_33966","Isocortex_5",347
"Isocortex","Cell_34438","Isocortex_10",373
"Isocortex","Cell_34476","Isocortex_7",365
"Isocortex","Cell_34597","Isocortex_10",373
"Isocortex","Cell_34934","Isocortex_10",373
"Isocortex","Cell_35001","Isocortex_7",365
"Isocortex","Cell_35508","Isocortex_5",347
"Isocortex","Cell_35561","Isocortex_10",373
"Isocortex","Cell_35811","Isocortex_7",365
"Isocortex","Cell_36012","Isocortex_5",347
"Isocortex","Cell_36605","Isocortex_7",365
"Isocortex","Cell_36637","Isocortex_5",347
"Isocortex","Cell_36743","Isocortex_7",365
"Isocortex","Cell_36759","Isocortex_9",215
"Isocortex","Cell_37540","Isocortex_5",347
"Isocortex","Cell_37717","Isocortex_15",291
"Isocortex","Cell_37823","Isocortex_15",291
"Isocortex","Cell_37905","Isocortex_17",256
"Isocortex","Cell_38261","Isocortex_10",373
"Isocortex","Cell_39020","Isocortex_7",365
"Isocortex","Cell_39213","Isocortex_7",365
"Isocortex","Cell_39242","Isocortex_17",256
"Isocortex","Cell_39401","Isocortex_7",365
"Isocortex","Cell_39849","Isocortex_17",256
"Isocortex","Cell_40605","Isocortex_7",365
"Isocortex","Cell_40931","Isocortex_17",256
"Isocortex","Cell_41009","Isocortex_17",256
"Isocortex","Cell_41647","Isocortex_9",215
"Isocortex","Cell_41705","Isocortex_15",291
"Isocortex","Cell_41933","Isocortex_16",228
"Isocortex","Cell_42132","Isocortex_5",347
"Isocortex","Cell_42152","Isocortex_10",373
"Isocortex","Cell_42381","Isocortex_7",365
"Isocortex","Cell_42393","Isocortex_5",347
"Isocortex","Cell_43163","Isocortex_15",291
"Isocortex","Cell_43408","Isocortex_5",347
"Isocortex","Cell_43676","Isocortex_9",215
"Isocortex","Cell_43751","Isocortex_17",256
"Isocortex","Cell_44053","Isocortex_15",291
"Isocortex","Cell_44240","Isocortex_14",250
"Isocortex","Cell_44323","Isocortex_17",256
"Isocortex","Cell_44656","Isocortex_9",215
"Isocortex","Cell_44760","Isocortex_17",256
"Isocortex","Cell_23907","Isocortex_17",256
"Isocortex","Cell_26528","Isocortex_15",291
"Isocortex","Cell_28822","Isocortex_17",256
"Isocortex","Cell_351","Isocortex_17",256
"Isocortex","Cell_8332","Isocortex_14",250
"Isocortex","Cell_13216","Isocortex_7",365
"Isocortex","Cell_16531","Isocortex_14",250
"Isocortex","Cell_26288","Isocortex_17",256
"Isocortex","Cell_36766","Isocortex_7",365
"Isocortex","Cell_38180","Isocortex_10",373
"Isocortex","Cell_2285","Isocortex_17",256
"Isocortex","Cell_2999","Isocortex_5",347
"Isocortex","Cell_5576","Isocortex_17",256
"Isocortex","Cell_5640","Isocortex_15",291
"Isocortex","Cell_6200","Isocortex_5",347
"Isocortex","Cell_6895","Isocortex_10",373
"Isocortex","Cell_7443","Isocortex_16",228
"Isocortex","Cell_7874","Isocortex_17",256
"Isocortex","Cell_10140","Isocortex_15",291
"Isocortex","Cell_15022","Isocortex_17",256
"Isocortex","Cell_16820","Isocortex_15",291
"Isocortex","Cell_17189","Isocortex_15",291
"Isocortex","Cell_20115","Isocortex_5",347
"Isocortex","Cell_21522","Isocortex_15",291
"Isocortex","Cell_22930","Isocortex_15",291
"Isocortex","Cell_27622","Isocortex_15",291
"Isocortex","Cell_28282","Isocortex_14",250
"Isocortex","Cell_30084","Isocortex_15",291
"Isocortex","Cell_32011","Isocortex_9",215
"Isocortex","Cell_32328","Isocortex_9",215
"Isocortex","Cell_36170","Isocortex_5",347
"Isocortex","Cell_37253","Isocortex_7",365
"Isocortex","Cell_39345","Isocortex_15",291
"Isocortex","Cell_309","Isocortex_17",256
"Isocortex","Cell_1296","Isocortex_7",365
"Isocortex","Cell_3001","Isocortex_7",365
"Isocortex","Cell_3835","Isocortex_7",365
"Isocortex","Cell_4603","Isocortex_17",256
"Isocortex","Cell_4996","Isocortex_7",365
"Isocortex","Cell_5173","Isocortex_15",291
"Isocortex","Cell_6078","Isocortex_15",291
"Isocortex","Cell_7237","Isocortex_17",256
"Isocortex","Cell_8401","Isocortex_7",365
"Isocortex","Cell_8772","Isocortex_7",365
"Isocortex","Cell_9960","Isocortex_17",256
"Isocortex","Cell_10496","Isocortex_15",291
"Isocortex","Cell_10908","Isocortex_9",215
"Isocortex","Cell_11412","Isocortex_7",365
"Isocortex","Cell_12912","Isocortex_17",256
"Isocortex","Cell_13975","Isocortex_7",365
"Isocortex","Cell_15664","Isocortex_7",365
"Isocortex","Cell_15832","Isocortex_15",291
"Isocortex","Cell_16062","Isocortex_17",256
"Isocortex","Cell_16164","Isocortex_17",256
"Isocortex","Cell_16512","Isocortex_7",365
"Isocortex","Cell_16893","Isocortex_10",373
"Isocortex","Cell_18062","Isocortex_5",347
"Isocortex","Cell_20250","Isocortex_7",365
"Isocortex","Cell_20850","Isocortex_17",256
"Isocortex","Cell_21566","Isocortex_5",347
"Isocortex","Cell_21619","Isocortex_17",256
"Isocortex","Cell_21818","Isocortex_15",291
"Isocortex","Cell_21944","Isocortex_5",347
"Isocortex","Cell_22281","Isocortex_5",347
"Isocortex","Cell_22514","Isocortex_14",250
"Isocortex","Cell_23842","Isocortex_15",291
"Isocortex","Cell_24142","Isocortex_17",256
"Isocortex","Cell_24229","Isocortex_16",228
"Isocortex","Cell_25974","Isocortex_17",256
"Isocortex","Cell_26593","Isocortex_17",256
"Isocortex","Cell_27418","Isocortex_17",256
"Isocortex","Cell_28280","Isocortex_14",250
"Isocortex","Cell_28345","Isocortex_15",291
"Isocortex","Cell_31285","Isocortex_10",373
"Isocortex","Cell_32527","Isocortex_7",365
"Isocortex","Cell_33934","Isocortex_14",250
"Isocortex","Cell_35376","Isocortex_16",228
"Isocortex","Cell_35652","Isocortex_15",291
"Isocortex","Cell_35771","Isocortex_9",215
"Isocortex","Cell_36183","Isocortex_7",365
"Isocortex","Cell_36209","Isocortex_7",365
"Isocortex","Cell_36769","Isocortex_10",373
"Isocortex","Cell_36773","Isocortex_15",291
"Isocortex","Cell_37439","Isocortex_17",256
"Isocortex","Cell_37880","Isocortex_17",256
"Isocortex","Cell_38016","Isocortex_15",291
"Isocortex","Cell_39124","Isocortex_17",256
"Isocortex","Cell_39524","Isocortex_5",347
"Isocortex","Cell_39720","Isocortex_7",365
"Isocortex","Cell_40152","Isocortex_14",250
"Isocortex","Cell_41806","Isocortex_7",365
"Isocortex","Cell_43745","Isocortex_17",256
"Isocortex","Cell_43842","Isocortex_7",365
"Isocortex","Cell_43986","Isocortex_17",256
"Isocortex","Cell_44496","Isocortex_17",256
"Isocortex","Cell_45106","Isocortex_17",256
"Isocortex","Cell_4775","Isocortex_7",365
"Isocortex","Cell_5469","Isocortex_10",373
"Isocortex","Cell_6441","Isocortex_7",365
"Isocortex","Cell_23060","Isocortex_7",365
"Isocortex","Cell_24284","Isocortex_16",228
"Isocortex","Cell_27215","Isocortex_15",291
"Isocortex","Cell_20874","Isocortex_10",373
"Isocortex","Cell_22613","Isocortex_7",365
"Isocortex","Cell_10827","Isocortex_5",347
"Isocortex","Cell_7915","Isocortex_5",347
"Isocortex","Cell_416","Isocortex_10",373
"Isocortex","Cell_1164","Isocortex_17",256
"Isocortex","Cell_1853","Isocortex_15",291
"Isocortex","Cell_2513","Isocortex_15",291
"Isocortex","Cell_2895","Isocortex_17",256
"Isocortex","Cell_2918","Isocortex_15",291
"Isocortex","Cell_3565","Isocortex_7",365
"Isocortex","Cell_3593","Isocortex_15",291
"Isocortex","Cell_4098","Isocortex_5",347
"Isocortex","Cell_5562","Isocortex_15",291
"Isocortex","Cell_5954","Isocortex_10",373
"Isocortex","Cell_6018","Isocortex_15",291
"Isocortex","Cell_6701","Isocortex_7",365
"Isocortex","Cell_7586","Isocortex_15",291
"Isocortex","Cell_7939","Isocortex_5",347
"Isocortex","Cell_8376","Isocortex_5",347
"Isocortex","Cell_8400","Isocortex_10",373
"Isocortex","Cell_9406","Isocortex_17",256
"Isocortex","Cell_9832","Isocortex_7",365
"Isocortex","Cell_10889","Isocortex_7",365
"Isocortex","Cell_11337","Isocortex_15",291
"Isocortex","Cell_11892","Isocortex_7",365
"Isocortex","Cell_12491","Isocortex_15",291
"Isocortex","Cell_12775","Isocortex_15",291
"Isocortex","Cell_12980","Isocortex_7",365
"Isocortex","Cell_13208","Isocortex_5",347
"Isocortex","Cell_13491","Isocortex_17",256
"Isocortex","Cell_13844","Isocortex_7",365
"Isocortex","Cell_14073","Isocortex_5",347
"Isocortex","Cell_14371","Isocortex_7",365
"Isocortex","Cell_14765","Isocortex_15",291
"Isocortex","Cell_15264","Isocortex_5",347
"Isocortex","Cell_15515","Isocortex_17",256
"Isocortex","Cell_15722","Isocortex_7",365
"Isocortex","Cell_16763","Isocortex_5",347
"Isocortex","Cell_17236","Isocortex_5",347
"Isocortex","Cell_19289","Isocortex_17",256
"Isocortex","Cell_19509","Isocortex_5",347
"Isocortex","Cell_20209","Isocortex_5",347
"Isocortex","Cell_20402","Isocortex_5",347
"Isocortex","Cell_20939","Isocortex_5",347
"Isocortex","Cell_21254","Isocortex_17",256
"Isocortex","Cell_21928","Isocortex_5",347
"Isocortex","Cell_22028","Isocortex_15",291
"Isocortex","Cell_22195","Isocortex_15",291
"Isocortex","Cell_22666","Isocortex_17",256
"Isocortex","Cell_23229","Isocortex_15",291
"Isocortex","Cell_23887","Isocortex_16",228
"Isocortex","Cell_24681","Isocortex_17",256
"Isocortex","Cell_25005","Isocortex_17",256
"Isocortex","Cell_25199","Isocortex_7",365
"Isocortex","Cell_25268","Isocortex_10",373
"Isocortex","Cell_25627","Isocortex_10",373
"Isocortex","Cell_25706","Isocortex_17",256
"Isocortex","Cell_26339","Isocortex_7",365
"Isocortex","Cell_26632","Isocortex_7",365
"Isocortex","Cell_27019","Isocortex_5",347
"Isocortex","Cell_27033","Isocortex_7",365
"Isocortex","Cell_27660","Isocortex_10",373
"Isocortex","Cell_27926","Isocortex_17",256
"Isocortex","Cell_28380","Isocortex_15",291
"Isocortex","Cell_29763","Isocortex_17",256
"Isocortex","Cell_29915","Isocortex_15",291
"Isocortex","Cell_29940","Isocortex_16",228
"Isocortex","Cell_30589","Isocortex_5",347
"Isocortex","Cell_31628","Isocortex_17",256
"Isocortex","Cell_32018","Isocortex_7",365
"Isocortex","Cell_32836","Isocortex_9",215
"Isocortex","Cell_32857","Isocortex_7",365
"Isocortex","Cell_33903","Isocortex_7",365
"Isocortex","Cell_34106","Isocortex_15",291
"Isocortex","Cell_34138","Isocortex_10",373
"Isocortex","Cell_34576","Isocortex_5",347
"Isocortex","Cell_35103","Isocortex_10",373
"Isocortex","Cell_35463","Isocortex_15",291
"Isocortex","Cell_35797","Isocortex_7",365
"Isocortex","Cell_36361","Isocortex_10",373
"Isocortex","Cell_37695","Isocortex_10",373
"Isocortex","Cell_39871","Isocortex_7",365
"Isocortex","Cell_40208","Isocortex_5",347
"Isocortex","Cell_40471","Isocortex_15",291
"Isocortex","Cell_40854","Isocortex_7",365
"Isocortex","Cell_41778","Isocortex_7",365
"Isocortex","Cell_42537","Isocortex_5",347
"Isocortex","Cell_42571","Isocortex_10",373
"Isocortex","Cell_42782","Isocortex_5",347
"Isocortex","Cell_43184","Isocortex_14",250
"Isocortex","Cell_43412","Isocortex_17",256
"Isocortex","Cell_43697","Isocortex_15",291
"Isocortex","Cell_44299","Isocortex_10",373
"Isocortex","Cell_44341","Isocortex_9",215
"Isocortex","Cell_44854","Isocortex_7",365
"Isocortex","Cell_32582","Isocortex_5",347
"Isocortex","Cell_41043","Isocortex_7",365
"Isocortex","Cell_38117","Isocortex_16",228
"Isocortex","Cell_39179","Isocortex_9",215
"Isocortex","Cell_447","Isocortex_17",256
"Isocortex","Cell_703","Isocortex_5",347
"Isocortex","Cell_2877","Isocortex_15",291
"Isocortex","Cell_2889","Isocortex_17",256
"Isocortex","Cell_3668","Isocortex_17",256
"Isocortex","Cell_3925","Isocortex_15",291
"Isocortex","Cell_6363","Isocortex_15",291
"Isocortex","Cell_7464","Isocortex_9",215
"Isocortex","Cell_7574","Isocortex_6",432
"Isocortex","Cell_7888","Isocortex_5",347
"Isocortex","Cell_8893","Isocortex_15",291
"Isocortex","Cell_10294","Isocortex_7",365
"Isocortex","Cell_10347","Isocortex_17",256
"Isocortex","Cell_10413","Isocortex_7",365
"Isocortex","Cell_10450","Isocortex_15",291
"Isocortex","Cell_10680","Isocortex_9",215
"Isocortex","Cell_11707","Isocortex_5",347
"Isocortex","Cell_12386","Isocortex_14",250
"Isocortex","Cell_12408","Isocortex_9",215
"Isocortex","Cell_14460","Isocortex_9",215
"Isocortex","Cell_14576","Isocortex_17",256
"Isocortex","Cell_14651","Isocortex_16",228
"Isocortex","Cell_14755","Isocortex_16",228
"Isocortex","Cell_19137","Isocortex_7",365
"Isocortex","Cell_19147","Isocortex_7",365
"Isocortex","Cell_20330","Isocortex_17",256
"Isocortex","Cell_22130","Isocortex_5",347
"Isocortex","Cell_22160","Isocortex_5",347
"Isocortex","Cell_23742","Isocortex_10",373
"Isocortex","Cell_24072","Isocortex_5",347
"Isocortex","Cell_24162","Isocortex_14",250
"Isocortex","Cell_26770","Isocortex_17",256
"Isocortex","Cell_26854","Isocortex_14",250
"Isocortex","Cell_28525","Isocortex_15",291
"Isocortex","Cell_28746","Isocortex_17",256
"Isocortex","Cell_30423","Isocortex_7",365
"Isocortex","Cell_30574","Isocortex_15",291
"Isocortex","Cell_30699","Isocortex_9",215
"Isocortex","Cell_31633","Isocortex_14",250
"Isocortex","Cell_31847","Isocortex_5",347
"Isocortex","Cell_32660","Isocortex_15",291
"Isocortex","Cell_32763","Isocortex_9",215
"Isocortex","Cell_34212","Isocortex_7",365
"Isocortex","Cell_36255","Isocortex_7",365
"Isocortex","Cell_38512","Isocortex_5",347
"Isocortex","Cell_38545","Isocortex_16",228
"Isocortex","Cell_39365","Isocortex_15",291
"Isocortex","Cell_40014","Isocortex_7",365
"Isocortex","Cell_40507","Isocortex_5",347
"Isocortex","Cell_41388","Isocortex_10",373
"Isocortex","Cell_42269","Isocortex_17",256
"Isocortex","Cell_44288","Isocortex_15",291
"Isocortex","Cell_2501","Isocortex_15",291
"Isocortex","Cell_27954","Isocortex_5",347
"Isocortex","Cell_29308","Isocortex_15",291
"Isocortex","Cell_43876","Isocortex_17",256
"Isocortex","Cell_44654","Isocortex_16",228
"Isocortex","Cell_263","Isocortex_5",347
"Isocortex","Cell_12982","Isocortex_15",291
"Isocortex","Cell_17489","Isocortex_5",347
"Isocortex","Cell_23402","Isocortex_5",347
"Isocortex","Cell_38912","Isocortex_9",215
"Isocortex","Cell_39114","Isocortex_7",365
"Isocortex","Cell_209","Isocortex_10",373
"Isocortex","Cell_355","Isocortex_17",256
"Isocortex","Cell_1158","Isocortex_9",215
"Isocortex","Cell_2615","Isocortex_10",373
"Isocortex","Cell_2864","Isocortex_7",365
"Isocortex","Cell_3387","Isocortex_7",365
"Isocortex","Cell_3517","Isocortex_17",256
"Isocortex","Cell_3663","Isocortex_17",256
"Isocortex","Cell_4527","Isocortex_17",256
"Isocortex","Cell_5838","Isocortex_7",365
"Isocortex","Cell_6298","Isocortex_5",347
"Isocortex","Cell_7517","Isocortex_17",256
"Isocortex","Cell_8000","Isocortex_17",256
"Isocortex","Cell_8360","Isocortex_15",291
"Isocortex","Cell_9250","Isocortex_17",256
"Isocortex","Cell_9867","Isocortex_15",291
"Isocortex","Cell_10467","Isocortex_17",256
"Isocortex","Cell_11498","Isocortex_15",291
"Isocortex","Cell_11736","Isocortex_5",347
"Isocortex","Cell_12852","Isocortex_8",361
"Isocortex","Cell_14016","Isocortex_17",256
"Isocortex","Cell_14229","Isocortex_5",347
"Isocortex","Cell_14292","Isocortex_7",365
"Isocortex","Cell_14912","Isocortex_7",365
"Isocortex","Cell_15487","Isocortex_7",365
"Isocortex","Cell_16672","Isocortex_7",365
"Isocortex","Cell_18751","Isocortex_7",365
"Isocortex","Cell_19462","Isocortex_5",347
"Isocortex","Cell_19695","Isocortex_16",228
"Isocortex","Cell_22320","Isocortex_7",365
"Isocortex","Cell_22328","Isocortex_17",256
"Isocortex","Cell_22652","Isocortex_10",373
"Isocortex","Cell_22889","Isocortex_6",432
"Isocortex","Cell_23070","Isocortex_7",365
"Isocortex","Cell_25533","Isocortex_7",365
"Isocortex","Cell_26061","Isocortex_15",291
"Isocortex","Cell_26139","Isocortex_15",291
"Isocortex","Cell_26195","Isocortex_16",228
"Isocortex","Cell_26234","Isocortex_5",347
"Isocortex","Cell_26554","Isocortex_15",291
"Isocortex","Cell_26995","Isocortex_7",365
"Isocortex","Cell_27162","Isocortex_15",291
"Isocortex","Cell_28325","Isocortex_7",365
"Isocortex","Cell_33845","Isocortex_10",373
"Isocortex","Cell_38881","Isocortex_16",228
"Isocortex","Cell_39005","Isocortex_5",347
"Isocortex","Cell_39325","Isocortex_9",215
"Isocortex","Cell_39932","Isocortex_15",291
"Isocortex","Cell_41670","Isocortex_7",365
"Isocortex","Cell_42610","Isocortex_9",215
"Isocortex","Cell_43602","Isocortex_17",256
"Isocortex","Cell_43776","Isocortex_7",365
"Isocortex","Cell_45156","Isocortex_17",256
"Isocortex","Cell_335","Isocortex_10",373
"Isocortex","Cell_4269","Isocortex_5",347
"Isocortex","Cell_10510","Isocortex_15",291
"Isocortex","Cell_14191","Isocortex_16",228
"Isocortex","Cell_19098","Isocortex_10",373
"Isocortex","Cell_22714","Isocortex_17",256
"Isocortex","Cell_23593","Isocortex_15",291
"Isocortex","Cell_24689","Isocortex_10",373
"Isocortex","Cell_25175","Isocortex_15",291
"Isocortex","Cell_32546","Isocortex_17",256
"Isocortex","Cell_33739","Isocortex_5",347
"Isocortex","Cell_33907","Isocortex_17",256
"Isocortex","Cell_35493","Isocortex_7",365
"Isocortex","Cell_36959","Isocortex_7",365
"Isocortex","Cell_37592","Isocortex_15",291
"Isocortex","Cell_37979","Isocortex_5",347
"Isocortex","Cell_38250","Isocortex_15",291
"Isocortex","Cell_41985","Isocortex_10",373
"Isocortex","Cell_43856","Isocortex_5",347
"Isocortex","Cell_25997","Isocortex_10",373
"Isocortex","Cell_32979","Isocortex_10",373
"Isocortex","Cell_44833","Isocortex_15",291
"Isocortex","Cell_701","Isocortex_5",347
"Isocortex","Cell_1954","Isocortex_7",365
"Isocortex","Cell_4182","Isocortex_16",228
"Isocortex","Cell_5246","Isocortex_9",215
"Isocortex","Cell_15121","Isocortex_10",373
"Isocortex","Cell_15218","Isocortex_7",365
"Isocortex","Cell_19606","Isocortex_16",228
"Isocortex","Cell_19650","Isocortex_5",347
"Isocortex","Cell_19792","Isocortex_5",347
"Isocortex","Cell_23680","Isocortex_17",256
"Isocortex","Cell_33086","Isocortex_17",256
"Isocortex","Cell_35457","Isocortex_9",215
"Isocortex","Cell_36718","Isocortex_17",256
"Isocortex","Cell_40358","Isocortex_15",291
"Isocortex","Cell_40781","Isocortex_6",432
"Isocortex","Cell_43251","Isocortex_6",432
"Isocortex","Cell_44191","Isocortex_5",347
"Isocortex","Cell_6094","Isocortex_7",365
"Isocortex","Cell_22210","Isocortex_7",365
"Isocortex","Cell_25497","Isocortex_17",256
"Isocortex","Cell_25587","Isocortex_16",228
"Isocortex","Cell_27468","Isocortex_14",250
"Isocortex","Cell_30592","Isocortex_15",291
"Isocortex","Cell_43250","Isocortex_16",228
"Isocortex","Cell_44600","Isocortex_17",256
"Isocortex","Cell_9617","Isocortex_10",373
"Isocortex","Cell_13132","Isocortex_10",373
"Isocortex","Cell_15033","Isocortex_5",347
"Isocortex","Cell_15136","Isocortex_15",291
"Isocortex","Cell_19069","Isocortex_14",250
"Isocortex","Cell_32379","Isocortex_15",291
"Isocortex","Cell_41456","Isocortex_17",256
"Isocortex","Cell_43055","Isocortex_5",347
"Isocortex","Cell_28401","Isocortex_7",365
"Isocortex","Cell_28154","Isocortex_10",373
"Isocortex","Cell_37877","Isocortex_9",215
"Isocortex","Cell_38294","Isocortex_7",365
"Isocortex","Cell_43990","Isocortex_5",347
"Isocortex","Cell_44484","Isocortex_10",373
"Isocortex","Cell_12006","Isocortex_5",347
"Isocortex","Cell_5113","Isocortex_16",228
"Isocortex","Cell_3050","Isocortex_22",271
"Isocortex","Cell_5895","Isocortex_22",271
"Isocortex","Cell_31121","Isocortex_22",271
"Isocortex","Cell_22409","Isocortex_22",271
"Isocortex","Cell_9921","Isocortex_22",271
"Isocortex","Cell_27479","Isocortex_22",271
"Isocortex","Cell_37798","Isocortex_22",271
"Isocortex","Cell_3006","Isocortex_22",271
"Isocortex","Cell_6435","Isocortex_22",271
"Isocortex","Cell_13883","Isocortex_22",271
"Isocortex","Cell_19032","Isocortex_22",271
"Isocortex","Cell_23418","Isocortex_22",271
"Isocortex","Cell_31807","Isocortex_22",271
"Isocortex","Cell_32821","Isocortex_22",271
"Isocortex","Cell_42582","Isocortex_22",271
"Isocortex","Cell_9129","Isocortex_22",271
"Isocortex","Cell_11321","Isocortex_22",271
"Isocortex","Cell_27715","Isocortex_22",271
"Isocortex","Cell_28323","Isocortex_22",271
"Isocortex","Cell_44246","Isocortex_22",271
"Isocortex","Cell_39407","Isocortex_22",271
"Isocortex","Cell_2522","Isocortex_22",271
"Isocortex","Cell_6767","Isocortex_22",271
"Isocortex","Cell_18264","Isocortex_22",271
"Isocortex","Cell_32241","Isocortex_22",271
"Isocortex","Cell_39784","Isocortex_22",271
"Isocortex","Cell_40236","Isocortex_22",271
"Isocortex","Cell_19610","Isocortex_22",271
"Isocortex","Cell_22237","Isocortex_22",271
"Isocortex","Cell_17213","Isocortex_22",271
"Isocortex","Cell_3131","Isocortex_7",365
"Isocortex","Cell_15411","Isocortex_7",365
"Isocortex","Cell_23635","Isocortex_7",365
"Isocortex","Cell_32043","Isocortex_5",347
"Isocortex","Cell_19113","Isocortex_7",365
"Isocortex","Cell_5483","Isocortex_10",373
"Isocortex","Cell_6927","Isocortex_10",373
"Isocortex","Cell_21766","Isocortex_5",347
"Isocortex","Cell_29196","Isocortex_7",365
"Isocortex","Cell_43226","Isocortex_7",365
"Isocortex","Cell_44646","Isocortex_5",347
"Isocortex","Cell_25243","Isocortex_9",215
"Isocortex","Cell_39714","Isocortex_9",215
"Isocortex","Cell_127","Isocortex_5",347
"Isocortex","Cell_432","Isocortex_5",347
"Isocortex","Cell_844","Isocortex_10",373
"Isocortex","Cell_4692","Isocortex_5",347
"Isocortex","Cell_16734","Isocortex_6",432
"Isocortex","Cell_32984","Isocortex_7",365
"Isocortex","Cell_22753","Isocortex_7",365
"Isocortex","Cell_23425","Isocortex_9",215
"Isocortex","Cell_38851","Isocortex_5",347
"Isocortex","Cell_284","Isocortex_10",373
"Isocortex","Cell_1443","Isocortex_8",361
"Isocortex","Cell_2591","Isocortex_6",432
"Isocortex","Cell_2856","Isocortex_6",432
"Isocortex","Cell_3361","Isocortex_8",361
"Isocortex","Cell_5264","Isocortex_7",365
"Isocortex","Cell_5709","Isocortex_5",347
"Isocortex","Cell_8135","Isocortex_6",432
"Isocortex","Cell_10813","Isocortex_5",347
"Isocortex","Cell_11010","Isocortex_5",347
"Isocortex","Cell_12733","Isocortex_6",432
"Isocortex","Cell_13344","Isocortex_6",432
"Isocortex","Cell_15788","Isocortex_6",432
"Isocortex","Cell_15811","Isocortex_7",365
"Isocortex","Cell_16513","Isocortex_8",361
"Isocortex","Cell_16800","Isocortex_8",361
"Isocortex","Cell_18812","Isocortex_5",347
"Isocortex","Cell_21306","Isocortex_8",361
"Isocortex","Cell_23933","Isocortex_7",365
"Isocortex","Cell_24568","Isocortex_8",361
"Isocortex","Cell_24845","Isocortex_7",365
"Isocortex","Cell_28524","Isocortex_10",373
"Isocortex","Cell_30350","Isocortex_7",365
"Isocortex","Cell_36152","Isocortex_7",365
"Isocortex","Cell_38729","Isocortex_7",365
"Isocortex","Cell_40351","Isocortex_7",365
"Isocortex","Cell_40373","Isocortex_6",432
"Isocortex","Cell_40686","Isocortex_7",365
"Isocortex","Cell_40788","Isocortex_7",365
"Isocortex","Cell_41454","Isocortex_5",347
"Isocortex","Cell_42358","Isocortex_8",361
"Isocortex","Cell_43805","Isocortex_7",365
"Isocortex","Cell_44734","Isocortex_7",365
"Isocortex","Cell_45047","Isocortex_7",365
"Isocortex","Cell_379","Isocortex_7",365
"Isocortex","Cell_1964","Isocortex_5",347
"Isocortex","Cell_5875","Isocortex_7",365
"Isocortex","Cell_5938","Isocortex_10",373
"Isocortex","Cell_6505","Isocortex_5",347
"Isocortex","Cell_7026","Isocortex_7",365
"Isocortex","Cell_7085","Isocortex_5",347
"Isocortex","Cell_7636","Isocortex_7",365
"Isocortex","Cell_7724","Isocortex_5",347
"Isocortex","Cell_7927","Isocortex_7",365
"Isocortex","Cell_8849","Isocortex_10",373
"Isocortex","Cell_9435","Isocortex_7",365
"Isocortex","Cell_9991","Isocortex_7",365
"Isocortex","Cell_11418","Isocortex_9",215
"Isocortex","Cell_13070","Isocortex_10",373
"Isocortex","Cell_15465","Isocortex_6",432
"Isocortex","Cell_16140","Isocortex_9",215
"Isocortex","Cell_16636","Isocortex_5",347
"Isocortex","Cell_17379","Isocortex_9",215
"Isocortex","Cell_17665","Isocortex_7",365
"Isocortex","Cell_18599","Isocortex_5",347
"Isocortex","Cell_19968","Isocortex_7",365
"Isocortex","Cell_20607","Isocortex_5",347
"Isocortex","Cell_21520","Isocortex_7",365
"Isocortex","Cell_23948","Isocortex_5",347
"Isocortex","Cell_25065","Isocortex_10",373
"Isocortex","Cell_25925","Isocortex_8",361
"Isocortex","Cell_27373","Isocortex_7",365
"Isocortex","Cell_27412","Isocortex_7",365
"Isocortex","Cell_29782","Isocortex_5",347
"Isocortex","Cell_29803","Isocortex_7",365
"Isocortex","Cell_30441","Isocortex_5",347
"Isocortex","Cell_30638","Isocortex_5",347
"Isocortex","Cell_30779","Isocortex_5",347
"Isocortex","Cell_31314","Isocortex_7",365
"Isocortex","Cell_32596","Isocortex_5",347
"Isocortex","Cell_33222","Isocortex_7",365
"Isocortex","Cell_33695","Isocortex_10",373
"Isocortex","Cell_33830","Isocortex_9",215
"Isocortex","Cell_34207","Isocortex_7",365
"Isocortex","Cell_34382","Isocortex_10",373
"Isocortex","Cell_34660","Isocortex_7",365
"Isocortex","Cell_35356","Isocortex_5",347
"Isocortex","Cell_35834","Isocortex_7",365
"Isocortex","Cell_36221","Isocortex_7",365
"Isocortex","Cell_36507","Isocortex_5",347
"Isocortex","Cell_36597","Isocortex_5",347
"Isocortex","Cell_36755","Isocortex_7",365
"Isocortex","Cell_37442","Isocortex_7",365
"Isocortex","Cell_41817","Isocortex_6",432
"Isocortex","Cell_42328","Isocortex_5",347
"Isocortex","Cell_42531","Isocortex_5",347
"Isocortex","Cell_42936","Isocortex_10",373
"Isocortex","Cell_43058","Isocortex_9",215
"Isocortex","Cell_29","Isocortex_5",347
"Isocortex","Cell_1461","Isocortex_5",347
"Isocortex","Cell_1483","Isocortex_7",365
"Isocortex","Cell_2054","Isocortex_5",347
"Isocortex","Cell_2399","Isocortex_8",361
"Isocortex","Cell_2716","Isocortex_9",215
"Isocortex","Cell_6190","Isocortex_5",347
"Isocortex","Cell_7104","Isocortex_10",373
"Isocortex","Cell_7604","Isocortex_7",365
"Isocortex","Cell_8337","Isocortex_7",365
"Isocortex","Cell_9886","Isocortex_7",365
"Isocortex","Cell_12084","Isocortex_10",373
"Isocortex","Cell_12564","Isocortex_7",365
"Isocortex","Cell_13142","Isocortex_5",347
"Isocortex","Cell_13670","Isocortex_5",347
"Isocortex","Cell_14875","Isocortex_10",373
"Isocortex","Cell_15969","Isocortex_7",365
"Isocortex","Cell_16078","Isocortex_10",373
"Isocortex","Cell_17129","Isocortex_8",361
"Isocortex","Cell_17431","Isocortex_5",347
"Isocortex","Cell_17667","Isocortex_9",215
"Isocortex","Cell_18552","Isocortex_6",432
"Isocortex","Cell_18625","Isocortex_10",373
"Isocortex","Cell_19163","Isocortex_10",373
"Isocortex","Cell_20718","Isocortex_6",432
"Isocortex","Cell_22375","Isocortex_7",365
"Isocortex","Cell_22563","Isocortex_5",347
"Isocortex","Cell_23227","Isocortex_7",365
"Isocortex","Cell_23432","Isocortex_10",373
"Isocortex","Cell_24074","Isocortex_10",373
"Isocortex","Cell_24274","Isocortex_5",347
"Isocortex","Cell_24421","Isocortex_5",347
"Isocortex","Cell_25371","Isocortex_10",373
"Isocortex","Cell_25698","Isocortex_9",215
"Isocortex","Cell_25762","Isocortex_10",373
"Isocortex","Cell_25959","Isocortex_5",347
"Isocortex","Cell_26018","Isocortex_10",373
"Isocortex","Cell_26116","Isocortex_10",373
"Isocortex","Cell_26829","Isocortex_7",365
"Isocortex","Cell_27046","Isocortex_5",347
"Isocortex","Cell_27411","Isocortex_5",347
"Isocortex","Cell_27533","Isocortex_9",215
"Isocortex","Cell_28396","Isocortex_5",347
"Isocortex","Cell_28630","Isocortex_5",347
"Isocortex","Cell_28753","Isocortex_5",347
"Isocortex","Cell_28971","Isocortex_5",347
"Isocortex","Cell_29346","Isocortex_7",365
"Isocortex","Cell_29390","Isocortex_10",373
"Isocortex","Cell_30173","Isocortex_5",347
"Isocortex","Cell_30560","Isocortex_7",365
"Isocortex","Cell_30811","Isocortex_10",373
"Isocortex","Cell_30895","Isocortex_10",373
"Isocortex","Cell_31229","Isocortex_7",365
"Isocortex","Cell_31276","Isocortex_10",373
"Isocortex","Cell_31397","Isocortex_5",347
"Isocortex","Cell_31446","Isocortex_5",347
"Isocortex","Cell_33311","Isocortex_7",365
"Isocortex","Cell_33337","Isocortex_7",365
"Isocortex","Cell_33494","Isocortex_10",373
"Isocortex","Cell_35065","Isocortex_10",373
"Isocortex","Cell_36354","Isocortex_5",347
"Isocortex","Cell_36997","Isocortex_5",347
"Isocortex","Cell_38137","Isocortex_8",361
"Isocortex","Cell_38424","Isocortex_10",373
"Isocortex","Cell_39058","Isocortex_5",347
"Isocortex","Cell_39145","Isocortex_5",347
"Isocortex","Cell_40137","Isocortex_5",347
"Isocortex","Cell_40964","Isocortex_8",361
"Isocortex","Cell_42160","Isocortex_5",347
"Isocortex","Cell_42573","Isocortex_9",215
"Isocortex","Cell_43882","Isocortex_9",215
"Isocortex","Cell_43979","Isocortex_10",373
"Isocortex","Cell_44185","Isocortex_10",373
"Isocortex","Cell_44342","Isocortex_6",432
"Isocortex","Cell_44432","Isocortex_5",347
"Isocortex","Cell_7672","Isocortex_8",361
"Isocortex","Cell_10634","Isocortex_7",365
"Isocortex","Cell_10839","Isocortex_8",361
"Isocortex","Cell_11206","Isocortex_6",432
"Isocortex","Cell_30114","Isocortex_7",365
"Isocortex","Cell_32779","Isocortex_10",373
"Isocortex","Cell_37448","Isocortex_5",347
"Isocortex","Cell_15381","Isocortex_7",365
"Isocortex","Cell_16943","Isocortex_7",365
"Isocortex","Cell_39036","Isocortex_8",361
"Isocortex","Cell_41631","Isocortex_7",365
"Isocortex","Cell_42874","Isocortex_7",365
"Isocortex","Cell_45055","Isocortex_7",365
"Isocortex","Cell_2512","Isocortex_7",365
"Isocortex","Cell_32986","Isocortex_7",365
"Isocortex","Cell_110","Isocortex_7",365
"Isocortex","Cell_582","Isocortex_8",361
"Isocortex","Cell_1040","Isocortex_5",347
"Isocortex","Cell_1135","Isocortex_10",373
"Isocortex","Cell_1543","Isocortex_5",347
"Isocortex","Cell_3855","Isocortex_9",215
"Isocortex","Cell_5027","Isocortex_8",361
"Isocortex","Cell_6179","Isocortex_5",347
"Isocortex","Cell_6905","Isocortex_6",432
"Isocortex","Cell_6953","Isocortex_5",347
"Isocortex","Cell_7140","Isocortex_8",361
"Isocortex","Cell_7967","Isocortex_9",215
"Isocortex","Cell_9199","Isocortex_8",361
"Isocortex","Cell_9542","Isocortex_6",432
"Isocortex","Cell_10417","Isocortex_8",361
"Isocortex","Cell_10658","Isocortex_6",432
"Isocortex","Cell_10964","Isocortex_6",432
"Isocortex","Cell_11109","Isocortex_9",215
"Isocortex","Cell_11344","Isocortex_8",361
"Isocortex","Cell_14256","Isocortex_5",347
"Isocortex","Cell_17364","Isocortex_6",432
"Isocortex","Cell_17864","Isocortex_9",215
"Isocortex","Cell_18730","Isocortex_7",365
"Isocortex","Cell_19022","Isocortex_8",361
"Isocortex","Cell_19585","Isocortex_5",347
"Isocortex","Cell_19680","Isocortex_7",365
"Isocortex","Cell_19931","Isocortex_10",373
"Isocortex","Cell_20186","Isocortex_7",365
"Isocortex","Cell_22617","Isocortex_8",361
"Isocortex","Cell_22866","Isocortex_7",365
"Isocortex","Cell_24131","Isocortex_9",215
"Isocortex","Cell_24913","Isocortex_8",361
"Isocortex","Cell_25756","Isocortex_7",365
"Isocortex","Cell_26907","Isocortex_7",365
"Isocortex","Cell_27466","Isocortex_7",365
"Isocortex","Cell_27825","Isocortex_7",365
"Isocortex","Cell_28098","Isocortex_7",365
"Isocortex","Cell_29688","Isocortex_10",373
"Isocortex","Cell_32655","Isocortex_6",432
"Isocortex","Cell_32688","Isocortex_9",215
"Isocortex","Cell_32759","Isocortex_6",432
"Isocortex","Cell_33824","Isocortex_7",365
"Isocortex","Cell_34060","Isocortex_6",432
"Isocortex","Cell_34694","Isocortex_8",361
"Isocortex","Cell_35887","Isocortex_10",373
"Isocortex","Cell_35932","Isocortex_8",361
"Isocortex","Cell_36017","Isocortex_8",361
"Isocortex","Cell_37236","Isocortex_7",365
"Isocortex","Cell_37529","Isocortex_5",347
"Isocortex","Cell_37530","Isocortex_10",373
"Isocortex","Cell_39230","Isocortex_6",432
"Isocortex","Cell_39291","Isocortex_5",347
"Isocortex","Cell_40906","Isocortex_8",361
"Isocortex","Cell_41322","Isocortex_7",365
"Isocortex","Cell_12135","Isocortex_7",365
"Isocortex","Cell_2423","Isocortex_5",347
"Isocortex","Cell_17438","Isocortex_5",347
"Isocortex","Cell_31288","Isocortex_5",347
"Isocortex","Cell_538","Isocortex_5",347
"Isocortex","Cell_692","Isocortex_5",347
"Isocortex","Cell_1787","Isocortex_7",365
"Isocortex","Cell_2233","Isocortex_10",373
"Isocortex","Cell_2330","Isocortex_7",365
"Isocortex","Cell_2575","Isocortex_7",365
"Isocortex","Cell_3388","Isocortex_8",361
"Isocortex","Cell_3447","Isocortex_8",361
"Isocortex","Cell_3704","Isocortex_5",347
"Isocortex","Cell_5088","Isocortex_8",361
"Isocortex","Cell_5180","Isocortex_10",373
"Isocortex","Cell_5498","Isocortex_8",361
"Isocortex","Cell_5750","Isocortex_5",347
"Isocortex","Cell_5927","Isocortex_5",347
"Isocortex","Cell_6335","Isocortex_7",365
"Isocortex","Cell_7536","Isocortex_7",365
"Isocortex","Cell_7893","Isocortex_5",347
"Isocortex","Cell_8226","Isocortex_10",373
"Isocortex","Cell_8344","Isocortex_9",215
"Isocortex","Cell_8516","Isocortex_10",373
"Isocortex","Cell_8574","Isocortex_5",347
"Isocortex","Cell_8693","Isocortex_10",373
"Isocortex","Cell_8703","Isocortex_10",373
"Isocortex","Cell_11134","Isocortex_5",347
"Isocortex","Cell_12370","Isocortex_5",347
"Isocortex","Cell_13693","Isocortex_10",373
"Isocortex","Cell_15050","Isocortex_9",215
"Isocortex","Cell_15946","Isocortex_10",373
"Isocortex","Cell_16993","Isocortex_10",373
"Isocortex","Cell_17148","Isocortex_10",373
"Isocortex","Cell_18034","Isocortex_5",347
"Isocortex","Cell_18188","Isocortex_5",347
"Isocortex","Cell_18303","Isocortex_7",365
"Isocortex","Cell_18640","Isocortex_5",347
"Isocortex","Cell_19112","Isocortex_5",347
"Isocortex","Cell_19308","Isocortex_7",365
"Isocortex","Cell_20130","Isocortex_10",373
"Isocortex","Cell_20731","Isocortex_5",347
"Isocortex","Cell_21453","Isocortex_5",347
"Isocortex","Cell_22609","Isocortex_5",347
"Isocortex","Cell_22769","Isocortex_5",347
"Isocortex","Cell_22797","Isocortex_10",373
"Isocortex","Cell_23390","Isocortex_10",373
"Isocortex","Cell_23422","Isocortex_8",361
"Isocortex","Cell_23528","Isocortex_10",373
"Isocortex","Cell_23590","Isocortex_7",365
"Isocortex","Cell_23648","Isocortex_5",347
"Isocortex","Cell_25350","Isocortex_10",373
"Isocortex","Cell_25673","Isocortex_5",347
"Isocortex","Cell_26909","Isocortex_5",347
"Isocortex","Cell_26991","Isocortex_8",361
"Isocortex","Cell_27052","Isocortex_9",215
"Isocortex","Cell_27206","Isocortex_5",347
"Isocortex","Cell_27339","Isocortex_6",432
"Isocortex","Cell_27405","Isocortex_7",365
"Isocortex","Cell_27514","Isocortex_5",347
"Isocortex","Cell_27921","Isocortex_7",365
"Isocortex","Cell_28379","Isocortex_7",365
"Isocortex","Cell_28473","Isocortex_7",365
"Isocortex","Cell_28638","Isocortex_5",347
"Isocortex","Cell_28771","Isocortex_5",347
"Isocortex","Cell_29028","Isocortex_10",373
"Isocortex","Cell_29832","Isocortex_10",373
"Isocortex","Cell_33816","Isocortex_10",373
"Isocortex","Cell_34380","Isocortex_7",365
"Isocortex","Cell_34430","Isocortex_7",365
"Isocortex","Cell_34621","Isocortex_10",373
"Isocortex","Cell_35627","Isocortex_7",365
"Isocortex","Cell_35936","Isocortex_5",347
"Isocortex","Cell_36270","Isocortex_10",373
"Isocortex","Cell_37834","Isocortex_9",215
"Isocortex","Cell_38629","Isocortex_5",347
"Isocortex","Cell_39101","Isocortex_7",365
"Isocortex","Cell_39817","Isocortex_8",361
"Isocortex","Cell_40046","Isocortex_10",373
"Isocortex","Cell_40839","Isocortex_5",347
"Isocortex","Cell_42414","Isocortex_10",373
"Isocortex","Cell_42706","Isocortex_6",432
"Isocortex","Cell_42964","Isocortex_5",347
"Isocortex","Cell_43004","Isocortex_7",365
"Isocortex","Cell_43497","Isocortex_5",347
"Isocortex","Cell_43638","Isocortex_5",347
"Isocortex","Cell_44212","Isocortex_5",347
"Isocortex","Cell_44304","Isocortex_9",215
"Isocortex","Cell_44840","Isocortex_7",365
"Isocortex","Cell_44950","Isocortex_10",373
"Isocortex","Cell_45074","Isocortex_5",347
"Isocortex","Cell_15844","Isocortex_7",365
"Isocortex","Cell_2759","Isocortex_5",347
"Isocortex","Cell_43614","Isocortex_7",365
"Isocortex","Cell_13922","Isocortex_6",432
"Isocortex","Cell_33255","Isocortex_5",347
"Isocortex","Cell_225","Isocortex_9",215
"Isocortex","Cell_9368","Isocortex_9",215
"Isocortex","Cell_9778","Isocortex_8",361
"Isocortex","Cell_10507","Isocortex_6",432
"Isocortex","Cell_12253","Isocortex_5",347
"Isocortex","Cell_12466","Isocortex_6",432
"Isocortex","Cell_18080","Isocortex_9",215
"Isocortex","Cell_21119","Isocortex_7",365
"Isocortex","Cell_24556","Isocortex_9",215
"Isocortex","Cell_25113","Isocortex_9",215
"Isocortex","Cell_35411","Isocortex_5",347
"Isocortex","Cell_42475","Isocortex_10",373
"Isocortex","Cell_44503","Isocortex_8",361
"Isocortex","Cell_23439","Isocortex_5",347
"Isocortex","Cell_10816","Isocortex_7",365
"Isocortex","Cell_34760","Isocortex_7",365
"Isocortex","Cell_3766","Isocortex_5",347
"Isocortex","Cell_3943","Isocortex_10",373
"Isocortex","Cell_7145","Isocortex_5",347
"Isocortex","Cell_7284","Isocortex_5",347
"Isocortex","Cell_7382","Isocortex_10",373
"Isocortex","Cell_7886","Isocortex_5",347
"Isocortex","Cell_8396","Isocortex_9",215
"Isocortex","Cell_8697","Isocortex_7",365
"Isocortex","Cell_9017","Isocortex_5",347
"Isocortex","Cell_9320","Isocortex_8",361
"Isocortex","Cell_10746","Isocortex_7",365
"Isocortex","Cell_11495","Isocortex_10",373
"Isocortex","Cell_13148","Isocortex_6",432
"Isocortex","Cell_13178","Isocortex_9",215
"Isocortex","Cell_18217","Isocortex_5",347
"Isocortex","Cell_18703","Isocortex_7",365
"Isocortex","Cell_19474","Isocortex_8",361
"Isocortex","Cell_22066","Isocortex_5",347
"Isocortex","Cell_25312","Isocortex_8",361
"Isocortex","Cell_26427","Isocortex_8",361
"Isocortex","Cell_30705","Isocortex_5",347
"Isocortex","Cell_33043","Isocortex_7",365
"Isocortex","Cell_34913","Isocortex_7",365
"Isocortex","Cell_35750","Isocortex_6",432
"Isocortex","Cell_38635","Isocortex_7",365
"Isocortex","Cell_38770","Isocortex_7",365
"Isocortex","Cell_38821","Isocortex_9",215
"Isocortex","Cell_40876","Isocortex_6",432
"Isocortex","Cell_42978","Isocortex_10",373
"Isocortex","Cell_44255","Isocortex_5",347
"Isocortex","Cell_44733","Isocortex_8",361
"Isocortex","Cell_3505","Isocortex_8",361
"Isocortex","Cell_6711","Isocortex_10",373
"Isocortex","Cell_10146","Isocortex_10",373
"Isocortex","Cell_15710","Isocortex_8",361
"Isocortex","Cell_20530","Isocortex_10",373
"Isocortex","Cell_22388","Isocortex_10",373
"Isocortex","Cell_32572","Isocortex_7",365
"Isocortex","Cell_36113","Isocortex_5",347
"Isocortex","Cell_9581","Isocortex_7",365
"Isocortex","Cell_26880","Isocortex_5",347
"Isocortex","Cell_8255","Isocortex_7",365
"Isocortex","Cell_22968","Isocortex_9",215
"Isocortex","Cell_30765","Isocortex_8",361
"Isocortex","Cell_32108","Isocortex_6",432
"Isocortex","Cell_35424","Isocortex_8",361
"Isocortex","Cell_42060","Isocortex_10",373
"Isocortex","Cell_44468","Isocortex_10",373
"Isocortex","Cell_735","Isocortex_7",365
"Isocortex","Cell_37793","Isocortex_7",365
"Isocortex","Cell_29002","Isocortex_9",215
"Isocortex","Cell_3396","Isocortex_18",253
"Isocortex","Cell_25825","Isocortex_18",253
"Isocortex","Cell_40268","Isocortex_18",253
"Isocortex","Cell_12616","Isocortex_18",253
"Isocortex","Cell_15446","Isocortex_18",253
"Isocortex","Cell_11810","Isocortex_18",253
"Isocortex","Cell_15773","Isocortex_18",253
"Isocortex","Cell_16707","Isocortex_18",253
"Isocortex","Cell_18268","Isocortex_18",253
"Isocortex","Cell_20234","Isocortex_18",253
"Isocortex","Cell_24916","Isocortex_18",253
"Isocortex","Cell_29423","Isocortex_18",253
"Isocortex","Cell_31183","Isocortex_18",253
"Isocortex","Cell_42834","Isocortex_18",253
"Isocortex","Cell_4159","Isocortex_18",253
"Isocortex","Cell_5037","Isocortex_18",253
"Isocortex","Cell_5432","Isocortex_18",253
"Isocortex","Cell_10636","Isocortex_18",253
"Isocortex","Cell_11279","Isocortex_18",253
"Isocortex","Cell_11981","Isocortex_18",253
"Isocortex","Cell_21298","Isocortex_18",253
"Isocortex","Cell_21354","Isocortex_18",253
"Isocortex","Cell_21549","Isocortex_18",253
"Isocortex","Cell_22551","Isocortex_18",253
"Isocortex","Cell_22655","Isocortex_18",253
"Isocortex","Cell_24280","Isocortex_18",253
"Isocortex","Cell_25773","Isocortex_18",253
"Isocortex","Cell_28467","Isocortex_18",253
"Isocortex","Cell_29911","Isocortex_18",253
"Isocortex","Cell_31295","Isocortex_18",253
"Isocortex","Cell_32163","Isocortex_18",253
"Isocortex","Cell_33806","Isocortex_18",253
"Isocortex","Cell_33863","Isocortex_18",253
"Isocortex","Cell_34468","Isocortex_18",253
"Isocortex","Cell_35838","Isocortex_18",253
"Isocortex","Cell_36850","Isocortex_18",253
"Isocortex","Cell_37993","Isocortex_18",253
"Isocortex","Cell_41517","Isocortex_18",253
"Isocortex","Cell_42432","Isocortex_18",253
"Isocortex","Cell_43317","Isocortex_18",253
"Isocortex","Cell_5376","Isocortex_18",253
"Isocortex","Cell_9669","Isocortex_18",253
"Isocortex","Cell_10277","Isocortex_18",253
"Isocortex","Cell_11227","Isocortex_18",253
"Isocortex","Cell_16518","Isocortex_18",253
"Isocortex","Cell_17849","Isocortex_18",253
"Isocortex","Cell_21854","Isocortex_18",253
"Isocortex","Cell_21997","Isocortex_18",253
"Isocortex","Cell_23521","Isocortex_18",253
"Isocortex","Cell_24563","Isocortex_18",253
"Isocortex","Cell_29826","Isocortex_18",253
"Isocortex","Cell_31553","Isocortex_6",432
"Isocortex","Cell_32949","Isocortex_18",253
"Isocortex","Cell_33409","Isocortex_18",253
"Isocortex","Cell_34658","Isocortex_18",253
"Isocortex","Cell_36748","Isocortex_18",253
"Isocortex","Cell_40453","Isocortex_18",253
"Isocortex","Cell_43195","Isocortex_18",253
"Isocortex","Cell_44026","Isocortex_18",253
"Isocortex","Cell_3656","Isocortex_18",253
"Isocortex","Cell_24506","Isocortex_18",253
"Isocortex","Cell_31267","Isocortex_18",253
"Isocortex","Cell_43219","Isocortex_18",253
"Isocortex","Cell_491","Isocortex_18",253
"Isocortex","Cell_24651","Isocortex_18",253
"Isocortex","Cell_6751","Isocortex_18",253
"Isocortex","Cell_16029","Isocortex_18",253
"Isocortex","Cell_18117","Isocortex_18",253
"Isocortex","Cell_9181","Isocortex_18",253
"Isocortex","Cell_12786","Isocortex_18",253
"Isocortex","Cell_14389","Isocortex_18",253
"Isocortex","Cell_19859","Isocortex_18",253
"Isocortex","Cell_20249","Isocortex_18",253
"Isocortex","Cell_24974","Isocortex_18",253
"Isocortex","Cell_27966","Isocortex_18",253
"Isocortex","Cell_35840","Isocortex_18",253
"Isocortex","Cell_36699","Isocortex_18",253
"Isocortex","Cell_37262","Isocortex_18",253
"Isocortex","Cell_38962","Isocortex_18",253
"Isocortex","Cell_40912","Isocortex_18",253
"Isocortex","Cell_42379","Isocortex_18",253
"Isocortex","Cell_43551","Isocortex_18",253
"Isocortex","Cell_44868","Isocortex_18",253
"Isocortex","Cell_44970","Isocortex_18",253
"Isocortex","Cell_5193","Isocortex_18",253
"Isocortex","Cell_22443","Isocortex_18",253
"Isocortex","Cell_35428","Isocortex_18",253
"Isocortex","Cell_1662","Isocortex_18",253
"Isocortex","Cell_3623","Isocortex_18",253
"Isocortex","Cell_3807","Isocortex_18",253
"Isocortex","Cell_4418","Isocortex_18",253
"Isocortex","Cell_4457","Isocortex_18",253
"Isocortex","Cell_4489","Isocortex_18",253
"Isocortex","Cell_5417","Isocortex_18",253
"Isocortex","Cell_9643","Isocortex_18",253
"Isocortex","Cell_10369","Isocortex_18",253
"Isocortex","Cell_12061","Isocortex_18",253
"Isocortex","Cell_13361","Isocortex_18",253
"Isocortex","Cell_17279","Isocortex_18",253
"Isocortex","Cell_17974","Isocortex_18",253
"Isocortex","Cell_18448","Isocortex_18",253
"Isocortex","Cell_19669","Isocortex_18",253
"Isocortex","Cell_19829","Isocortex_18",253
"Isocortex","Cell_21978","Isocortex_18",253
"Isocortex","Cell_22077","Isocortex_18",253
"Isocortex","Cell_22821","Isocortex_18",253
"Isocortex","Cell_24087","Isocortex_18",253
"Isocortex","Cell_24180","Isocortex_18",253
"Isocortex","Cell_26764","Isocortex_18",253
"Isocortex","Cell_26984","Isocortex_18",253
"Isocortex","Cell_28967","Isocortex_18",253
"Isocortex","Cell_33477","Isocortex_18",253
"Isocortex","Cell_34179","Isocortex_18",253
"Isocortex","Cell_35102","Isocortex_18",253
"Isocortex","Cell_39889","Isocortex_18",253
"Isocortex","Cell_43906","Isocortex_18",253
"Isocortex","Cell_35230","Isocortex_18",253
"Isocortex","Cell_2584","Isocortex_18",253
"Isocortex","Cell_42678","Isocortex_18",253
"Isocortex","Cell_46","Isocortex_18",253
"Isocortex","Cell_4481","Isocortex_18",253
"Isocortex","Cell_7920","Isocortex_18",253
"Isocortex","Cell_19392","Isocortex_18",253
"Isocortex","Cell_30846","Isocortex_18",253
"Isocortex","Cell_36803","Isocortex_18",253
"Isocortex","Cell_39667","Isocortex_18",253
"Isocortex","Cell_1302","Isocortex_18",253
"Isocortex","Cell_7293","Isocortex_18",253
"Isocortex","Cell_9287","Isocortex_18",253
"Isocortex","Cell_11711","Isocortex_18",253
"Isocortex","Cell_16415","Isocortex_18",253
"Isocortex","Cell_19156","Isocortex_18",253
"Isocortex","Cell_22211","Isocortex_18",253
"Isocortex","Cell_22614","Isocortex_18",253
"Isocortex","Cell_24680","Isocortex_18",253
"Isocortex","Cell_24958","Isocortex_18",253
"Isocortex","Cell_25646","Isocortex_17",256
"Isocortex","Cell_29766","Isocortex_18",253
"Isocortex","Cell_33378","Isocortex_18",253
"Isocortex","Cell_37840","Isocortex_18",253
"Isocortex","Cell_38103","Isocortex_18",253
"Isocortex","Cell_39225","Isocortex_18",253
"Isocortex","Cell_40060","Isocortex_18",253
"Isocortex","Cell_40941","Isocortex_18",253
"Isocortex","Cell_43763","Isocortex_18",253
"Isocortex","Cell_2303","Isocortex_18",253
"Isocortex","Cell_9895","Isocortex_18",253
"Isocortex","Cell_21399","Isocortex_18",253
"Isocortex","Cell_26642","Isocortex_18",253
"Isocortex","Cell_27492","Isocortex_18",253
"Isocortex","Cell_28648","Isocortex_18",253
"Isocortex","Cell_37524","Isocortex_18",253
"Isocortex","Cell_38678","Isocortex_18",253
"Isocortex","Cell_42490","Isocortex_18",253
"Isocortex","Cell_453","Isocortex_18",253
"Isocortex","Cell_11666","Isocortex_18",253
"Isocortex","Cell_29454","Isocortex_18",253
"Isocortex","Cell_36937","Isocortex_18",253
"Isocortex","Cell_41692","Isocortex_18",253
"Isocortex","Cell_3472","Isocortex_18",253
"Isocortex","Cell_14885","Isocortex_18",253
"Isocortex","Cell_30634","Isocortex_18",253
"Isocortex","Cell_39877","Isocortex_18",253
"Isocortex","Cell_3651","Isocortex_23",381
"Isocortex","Cell_6180","Isocortex_24",328
"Isocortex","Cell_9947","Isocortex_11",348
"Isocortex","Cell_15549","Isocortex_23",381
"Isocortex","Cell_16869","Isocortex_23",381
"Isocortex","Cell_17419","Isocortex_23",381
"Isocortex","Cell_19572","Isocortex_23",381
"Isocortex","Cell_25337","Isocortex_13",607
"Isocortex","Cell_28707","Isocortex_23",381
"Isocortex","Cell_30907","Isocortex_11",348
"Isocortex","Cell_544","Isocortex_13",607
"Isocortex","Cell_6489","Isocortex_24",328
"Isocortex","Cell_9025","Isocortex_23",381
"Isocortex","Cell_19061","Isocortex_23",381
"Isocortex","Cell_21515","Isocortex_24",328
"Isocortex","Cell_27803","Isocortex_23",381
"Isocortex","Cell_32044","Isocortex_23",381
"Isocortex","Cell_33185","Isocortex_11",348
"Isocortex","Cell_36912","Isocortex_11",348
"Isocortex","Cell_38481","Isocortex_11",348
"Isocortex","Cell_41556","Isocortex_23",381
"Isocortex","Cell_43456","Isocortex_23",381
"Isocortex","Cell_21378","Isocortex_24",328
"Isocortex","Cell_25124","Isocortex_24",328
"Isocortex","Cell_1914","Isocortex_23",381
"Isocortex","Cell_2818","Isocortex_23",381
"Isocortex","Cell_3343","Isocortex_23",381
"Isocortex","Cell_7735","Isocortex_23",381
"Isocortex","Cell_9857","Isocortex_23",381
"Isocortex","Cell_11255","Isocortex_23",381
"Isocortex","Cell_14301","Isocortex_13",607
"Isocortex","Cell_19588","Isocortex_23",381
"Isocortex","Cell_20580","Isocortex_23",381
"Isocortex","Cell_21974","Isocortex_23",381
"Isocortex","Cell_23499","Isocortex_23",381
"Isocortex","Cell_24296","Isocortex_13",607
"Isocortex","Cell_33419","Isocortex_23",381
"Isocortex","Cell_34344","Isocortex_23",381
"Isocortex","Cell_37471","Isocortex_11",348
"Isocortex","Cell_38132","Isocortex_23",381
"Isocortex","Cell_40890","Isocortex_23",381
"Isocortex","Cell_5039","Isocortex_11",348
"Isocortex","Cell_5077","Isocortex_23",381
"Isocortex","Cell_7814","Isocortex_23",381
"Isocortex","Cell_9095","Isocortex_23",381
"Isocortex","Cell_12787","Isocortex_23",381
"Isocortex","Cell_18493","Isocortex_11",348
"Isocortex","Cell_18864","Isocortex_23",381
"Isocortex","Cell_21636","Isocortex_23",381
"Isocortex","Cell_22061","Isocortex_11",348
"Isocortex","Cell_23177","Isocortex_23",381
"Isocortex","Cell_23595","Isocortex_23",381
"Isocortex","Cell_27425","Isocortex_23",381
"Isocortex","Cell_27571","Isocortex_11",348
"Isocortex","Cell_27998","Isocortex_23",381
"Isocortex","Cell_29773","Isocortex_23",381
"Isocortex","Cell_32560","Isocortex_11",348
"Isocortex","Cell_34743","Isocortex_11",348
"Isocortex","Cell_35150","Isocortex_23",381
"Isocortex","Cell_36830","Isocortex_23",381
"Isocortex","Cell_38068","Isocortex_23",381
"Isocortex","Cell_39279","Isocortex_23",381
"Isocortex","Cell_41234","Isocortex_23",381
"Isocortex","Cell_1275","Isocortex_23",381
"Isocortex","Cell_1823","Isocortex_23",381
"Isocortex","Cell_2559","Isocortex_11",348
"Isocortex","Cell_3470","Isocortex_11",348
"Isocortex","Cell_3902","Isocortex_23",381
"Isocortex","Cell_4958","Isocortex_23",381
"Isocortex","Cell_5078","Isocortex_23",381
"Isocortex","Cell_6224","Isocortex_23",381
"Isocortex","Cell_6523","Isocortex_23",381
"Isocortex","Cell_6658","Isocortex_23",381
"Isocortex","Cell_7210","Isocortex_23",381
"Isocortex","Cell_8608","Isocortex_13",607
"Isocortex","Cell_8707","Isocortex_23",381
"Isocortex","Cell_9009","Isocortex_23",381
"Isocortex","Cell_9322","Isocortex_23",381
"Isocortex","Cell_11041","Isocortex_23",381
"Isocortex","Cell_11179","Isocortex_23",381
"Isocortex","Cell_13764","Isocortex_11",348
"Isocortex","Cell_13826","Isocortex_11",348
"Isocortex","Cell_14591","Isocortex_11",348
"Isocortex","Cell_14926","Isocortex_11",348
"Isocortex","Cell_15357","Isocortex_23",381
"Isocortex","Cell_16565","Isocortex_23",381
"Isocortex","Cell_16843","Isocortex_11",348
"Isocortex","Cell_17283","Isocortex_23",381
"Isocortex","Cell_17975","Isocortex_11",348
"Isocortex","Cell_18102","Isocortex_23",381
"Isocortex","Cell_18631","Isocortex_23",381
"Isocortex","Cell_20014","Isocortex_23",381
"Isocortex","Cell_20052","Isocortex_23",381
"Isocortex","Cell_20387","Isocortex_11",348
"Isocortex","Cell_20680","Isocortex_11",348
"Isocortex","Cell_20712","Isocortex_23",381
"Isocortex","Cell_21002","Isocortex_23",381
"Isocortex","Cell_21757","Isocortex_23",381
"Isocortex","Cell_21812","Isocortex_24",328
"Isocortex","Cell_22190","Isocortex_23",381
"Isocortex","Cell_22615","Isocortex_23",381
"Isocortex","Cell_22855","Isocortex_23",381
"Isocortex","Cell_22916","Isocortex_23",381
"Isocortex","Cell_23266","Isocortex_23",381
"Isocortex","Cell_24225","Isocortex_23",381
"Isocortex","Cell_24277","Isocortex_23",381
"Isocortex","Cell_24282","Isocortex_23",381
"Isocortex","Cell_24386","Isocortex_23",381
"Isocortex","Cell_25496","Isocortex_23",381
"Isocortex","Cell_25499","Isocortex_23",381
"Isocortex","Cell_26037","Isocortex_23",381
"Isocortex","Cell_26199","Isocortex_23",381
"Isocortex","Cell_26414","Isocortex_23",381
"Isocortex","Cell_26790","Isocortex_23",381
"Isocortex","Cell_26874","Isocortex_23",381
"Isocortex","Cell_28126","Isocortex_23",381
"Isocortex","Cell_30037","Isocortex_23",381
"Isocortex","Cell_30392","Isocortex_11",348
"Isocortex","Cell_31231","Isocortex_23",381
"Isocortex","Cell_31604","Isocortex_23",381
"Isocortex","Cell_31846","Isocortex_23",381
"Isocortex","Cell_32130","Isocortex_11",348
"Isocortex","Cell_32622","Isocortex_23",381
"Isocortex","Cell_33129","Isocortex_11",348
"Isocortex","Cell_33583","Isocortex_13",607
"Isocortex","Cell_34676","Isocortex_23",381
"Isocortex","Cell_34818","Isocortex_11",348
"Isocortex","Cell_36809","Isocortex_11",348
"Isocortex","Cell_36923","Isocortex_11",348
"Isocortex","Cell_37079","Isocortex_23",381
"Isocortex","Cell_37441","Isocortex_23",381
"Isocortex","Cell_39579","Isocortex_23",381
"Isocortex","Cell_39590","Isocortex_11",348
"Isocortex","Cell_39640","Isocortex_23",381
"Isocortex","Cell_39901","Isocortex_23",381
"Isocortex","Cell_40508","Isocortex_23",381
"Isocortex","Cell_40606","Isocortex_11",348
"Isocortex","Cell_41111","Isocortex_23",381
"Isocortex","Cell_43238","Isocortex_23",381
"Isocortex","Cell_43280","Isocortex_23",381
"Isocortex","Cell_44286","Isocortex_23",381
"Isocortex","Cell_44699","Isocortex_23",381
"Isocortex","Cell_458","Isocortex_23",381
"Isocortex","Cell_3187","Isocortex_11",348
"Isocortex","Cell_3211","Isocortex_23",381
"Isocortex","Cell_5046","Isocortex_23",381
"Isocortex","Cell_5853","Isocortex_11",348
"Isocortex","Cell_6775","Isocortex_23",381
"Isocortex","Cell_7233","Isocortex_23",381
"Isocortex","Cell_9195","Isocortex_23",381
"Isocortex","Cell_10743","Isocortex_23",381
"Isocortex","Cell_11263","Isocortex_23",381
"Isocortex","Cell_13667","Isocortex_23",381
"Isocortex","Cell_13765","Isocortex_11",348
"Isocortex","Cell_14431","Isocortex_11",348
"Isocortex","Cell_15252","Isocortex_23",381
"Isocortex","Cell_16418","Isocortex_13",607
"Isocortex","Cell_17222","Isocortex_11",348
"Isocortex","Cell_17757","Isocortex_23",381
"Isocortex","Cell_19236","Isocortex_23",381
"Isocortex","Cell_20176","Isocortex_23",381
"Isocortex","Cell_21192","Isocortex_23",381
"Isocortex","Cell_21436","Isocortex_23",381
"Isocortex","Cell_22919","Isocortex_23",381
"Isocortex","Cell_23552","Isocortex_23",381
"Isocortex","Cell_24617","Isocortex_11",348
"Isocortex","Cell_26260","Isocortex_23",381
"Isocortex","Cell_28512","Isocortex_11",348
"Isocortex","Cell_28656","Isocortex_23",381
"Isocortex","Cell_29216","Isocortex_23",381
"Isocortex","Cell_30478","Isocortex_23",381
"Isocortex","Cell_30954","Isocortex_23",381
"Isocortex","Cell_34794","Isocortex_23",381
"Isocortex","Cell_35034","Isocortex_23",381
"Isocortex","Cell_35479","Isocortex_23",381
"Isocortex","Cell_37411","Isocortex_11",348
"Isocortex","Cell_38418","Isocortex_11",348
"Isocortex","Cell_39625","Isocortex_23",381
"Isocortex","Cell_39943","Isocortex_23",381
"Isocortex","Cell_40594","Isocortex_11",348
"Isocortex","Cell_40752","Isocortex_23",381
"Isocortex","Cell_40824","Isocortex_23",381
"Isocortex","Cell_40860","Isocortex_23",381
"Isocortex","Cell_42614","Isocortex_23",381
"Isocortex","Cell_43890","Isocortex_23",381
"Isocortex","Cell_31413","Isocortex_23",381
"Isocortex","Cell_4981","Isocortex_23",381
"Isocortex","Cell_6679","Isocortex_23",381
"Isocortex","Cell_8741","Isocortex_23",381
"Isocortex","Cell_12081","Isocortex_23",381
"Isocortex","Cell_16348","Isocortex_23",381
"Isocortex","Cell_22135","Isocortex_11",348
"Isocortex","Cell_34898","Isocortex_11",348
"Isocortex","Cell_38100","Isocortex_11",348
"Isocortex","Cell_1066","Isocortex_23",381
"Isocortex","Cell_1659","Isocortex_23",381
"Isocortex","Cell_2243","Isocortex_11",348
"Isocortex","Cell_2883","Isocortex_23",381
"Isocortex","Cell_4024","Isocortex_23",381
"Isocortex","Cell_4071","Isocortex_23",381
"Isocortex","Cell_4390","Isocortex_23",381
"Isocortex","Cell_4496","Isocortex_11",348
"Isocortex","Cell_7370","Isocortex_23",381
"Isocortex","Cell_9718","Isocortex_11",348
"Isocortex","Cell_10398","Isocortex_11",348
"Isocortex","Cell_10546","Isocortex_11",348
"Isocortex","Cell_11132","Isocortex_23",381
"Isocortex","Cell_11250","Isocortex_23",381
"Isocortex","Cell_11625","Isocortex_23",381
"Isocortex","Cell_11754","Isocortex_23",381
"Isocortex","Cell_14480","Isocortex_23",381
"Isocortex","Cell_15048","Isocortex_11",348
"Isocortex","Cell_16941","Isocortex_23",381
"Isocortex","Cell_20184","Isocortex_23",381
"Isocortex","Cell_20455","Isocortex_23",381
"Isocortex","Cell_22511","Isocortex_23",381
"Isocortex","Cell_22953","Isocortex_23",381
"Isocortex","Cell_23118","Isocortex_23",381
"Isocortex","Cell_23753","Isocortex_23",381
"Isocortex","Cell_24264","Isocortex_23",381
"Isocortex","Cell_24391","Isocortex_23",381
"Isocortex","Cell_25096","Isocortex_23",381
"Isocortex","Cell_27906","Isocortex_23",381
"Isocortex","Cell_28528","Isocortex_23",381
"Isocortex","Cell_28759","Isocortex_23",381
"Isocortex","Cell_28824","Isocortex_23",381
"Isocortex","Cell_30610","Isocortex_23",381
"Isocortex","Cell_35550","Isocortex_11",348
"Isocortex","Cell_37860","Isocortex_23",381
"Isocortex","Cell_39425","Isocortex_23",381
"Isocortex","Cell_41617","Isocortex_23",381
"Isocortex","Cell_41886","Isocortex_23",381
"Isocortex","Cell_42001","Isocortex_23",381
"Isocortex","Cell_42747","Isocortex_23",381
"Isocortex","Cell_44151","Isocortex_23",381
"Isocortex","Cell_44936","Isocortex_23",381
"Isocortex","Cell_45005","Isocortex_23",381
"Isocortex","Cell_1679","Isocortex_23",381
"Isocortex","Cell_3954","Isocortex_23",381
"Isocortex","Cell_14249","Isocortex_11",348
"Isocortex","Cell_18206","Isocortex_23",381
"Isocortex","Cell_18219","Isocortex_23",381
"Isocortex","Cell_20032","Isocortex_11",348
"Isocortex","Cell_23278","Isocortex_23",381
"Isocortex","Cell_27527","Isocortex_11",348
"Isocortex","Cell_38189","Isocortex_11",348
"Isocortex","Cell_41869","Isocortex_23",381
"Isocortex","Cell_43144","Isocortex_11",348
"Isocortex","Cell_44003","Isocortex_23",381
"Isocortex","Cell_34574","Isocortex_23",381
"Isocortex","Cell_40707","Isocortex_23",381
"Isocortex","Cell_4868","Isocortex_23",381
"Isocortex","Cell_9962","Isocortex_23",381
"Isocortex","Cell_16560","Isocortex_11",348
"Isocortex","Cell_17131","Isocortex_23",381
"Isocortex","Cell_18388","Isocortex_23",381
"Isocortex","Cell_27451","Isocortex_23",381
"Isocortex","Cell_30322","Isocortex_23",381
"Isocortex","Cell_34361","Isocortex_23",381
"Isocortex","Cell_37478","Isocortex_23",381
"Isocortex","Cell_37994","Isocortex_23",381
"Isocortex","Cell_38863","Isocortex_23",381
"Isocortex","Cell_41560","Isocortex_13",607
"Isocortex","Cell_315","Isocortex_23",381
"Isocortex","Cell_2165","Isocortex_23",381
"Isocortex","Cell_2978","Isocortex_23",381
"Isocortex","Cell_27726","Isocortex_23",381
"Isocortex","Cell_29806","Isocortex_23",381
"Isocortex","Cell_40284","Isocortex_23",381
"Isocortex","Cell_9142","Isocortex_23",381
"Isocortex","Cell_21118","Isocortex_23",381
"Isocortex","Cell_27029","Isocortex_23",381
"Isocortex","Cell_29792","Isocortex_23",381
"Isocortex","Cell_33181","Isocortex_23",381
"Isocortex","Cell_36817","Isocortex_23",381
"Isocortex","Cell_40035","Isocortex_23",381
"Isocortex","Cell_40896","Isocortex_23",381
"Isocortex","Cell_41204","Isocortex_23",381
"Isocortex","Cell_43572","Isocortex_23",381
"Isocortex","Cell_12158","Isocortex_23",381
"Isocortex","Cell_937","Isocortex_11",348
"Isocortex","Cell_10054","Isocortex_23",381
"Isocortex","Cell_14868","Isocortex_23",381
"Isocortex","Cell_19293","Isocortex_23",381
"Isocortex","Cell_14991","Isocortex_23",381
"Isocortex","Cell_44324","Isocortex_23",381
"Isocortex","Cell_10831","Isocortex_11",348
"Isocortex","Cell_35794","Isocortex_23",381
"Isocortex","Cell_852","Isocortex_11",348
"Isocortex","Cell_17919","Isocortex_23",381
"Isocortex","Cell_30787","Isocortex_11",348
"Isocortex","Cell_9207","Isocortex_11",348
"Isocortex","Cell_5781","Isocortex_13",607
"Isocortex","Cell_26350","Isocortex_13",607
"Isocortex","Cell_43869","Isocortex_13",607
"Isocortex","Cell_45170","Isocortex_11",348
"Isocortex","Cell_1598","Isocortex_13",607
"Isocortex","Cell_5162","Isocortex_13",607
"Isocortex","Cell_7933","Isocortex_13",607
"Isocortex","Cell_12695","Isocortex_13",607
"Isocortex","Cell_13100","Isocortex_13",607
"Isocortex","Cell_21105","Isocortex_13",607
"Isocortex","Cell_25225","Isocortex_11",348
"Isocortex","Cell_26505","Isocortex_13",607
"Isocortex","Cell_29534","Isocortex_13",607
"Isocortex","Cell_32855","Isocortex_13",607
"Isocortex","Cell_32868","Isocortex_13",607
"Isocortex","Cell_33491","Isocortex_13",607
"Isocortex","Cell_34008","Isocortex_11",348
"Isocortex","Cell_35062","Isocortex_13",607
"Isocortex","Cell_35813","Isocortex_13",607
"Isocortex","Cell_36338","Isocortex_13",607
"Isocortex","Cell_38767","Isocortex_13",607
"Isocortex","Cell_38843","Isocortex_11",348
"Isocortex","Cell_39333","Isocortex_13",607
"Isocortex","Cell_45057","Isocortex_13",607
"Isocortex","Cell_1104","Isocortex_13",607
"Isocortex","Cell_13903","Isocortex_19",511
"Isocortex","Cell_40269","Isocortex_19",511
"Isocortex","Cell_41189","Isocortex_19",511
"Isocortex","Cell_1360","Isocortex_13",607
"Isocortex","Cell_19726","Isocortex_13",607
"Isocortex","Cell_24589","Isocortex_13",607
"Isocortex","Cell_26653","Isocortex_13",607
"Isocortex","Cell_37387","Isocortex_13",607
"Isocortex","Cell_38101","Isocortex_13",607
"Isocortex","Cell_39501","Isocortex_13",607
"Isocortex","Cell_41073","Isocortex_13",607
"Isocortex","Cell_29710","Isocortex_13",607
"Isocortex","Cell_371","Isocortex_13",607
"Isocortex","Cell_1927","Isocortex_13",607
"Isocortex","Cell_2477","Isocortex_11",348
"Isocortex","Cell_3206","Isocortex_11",348
"Isocortex","Cell_3339","Isocortex_13",607
"Isocortex","Cell_3459","Isocortex_13",607
"Isocortex","Cell_3633","Isocortex_13",607
"Isocortex","Cell_4706","Isocortex_13",607
"Isocortex","Cell_8929","Isocortex_13",607
"Isocortex","Cell_10559","Isocortex_13",607
"Isocortex","Cell_11287","Isocortex_13",607
"Isocortex","Cell_11781","Isocortex_13",607
"Isocortex","Cell_12278","Isocortex_13",607
"Isocortex","Cell_15246","Isocortex_13",607
"Isocortex","Cell_16855","Isocortex_13",607
"Isocortex","Cell_17693","Isocortex_13",607
"Isocortex","Cell_17741","Isocortex_13",607
"Isocortex","Cell_18935","Isocortex_11",348
"Isocortex","Cell_19522","Isocortex_13",607
"Isocortex","Cell_21502","Isocortex_11",348
"Isocortex","Cell_22995","Isocortex_13",607
"Isocortex","Cell_26548","Isocortex_13",607
"Isocortex","Cell_26707","Isocortex_13",607
"Isocortex","Cell_30878","Isocortex_13",607
"Isocortex","Cell_31726","Isocortex_13",607
"Isocortex","Cell_34982","Isocortex_11",348
"Isocortex","Cell_36720","Isocortex_13",607
"Isocortex","Cell_38897","Isocortex_13",607
"Isocortex","Cell_40798","Isocortex_13",607
"Isocortex","Cell_42247","Isocortex_13",607
"Isocortex","Cell_42702","Isocortex_11",348
"Isocortex","Cell_43065","Isocortex_13",607
"Isocortex","Cell_43335","Isocortex_13",607
"Isocortex","Cell_618","Isocortex_13",607
"Isocortex","Cell_901","Isocortex_13",607
"Isocortex","Cell_1746","Isocortex_13",607
"Isocortex","Cell_3259","Isocortex_13",607
"Isocortex","Cell_3760","Isocortex_11",348
"Isocortex","Cell_4028","Isocortex_11",348
"Isocortex","Cell_4472","Isocortex_13",607
"Isocortex","Cell_6342","Isocortex_13",607
"Isocortex","Cell_9006","Isocortex_13",607
"Isocortex","Cell_9270","Isocortex_13",607
"Isocortex","Cell_9745","Isocortex_13",607
"Isocortex","Cell_10047","Isocortex_13",607
"Isocortex","Cell_11235","Isocortex_13",607
"Isocortex","Cell_11267","Isocortex_11",348
"Isocortex","Cell_11297","Isocortex_13",607
"Isocortex","Cell_11328","Isocortex_11",348
"Isocortex","Cell_12487","Isocortex_13",607
"Isocortex","Cell_13217","Isocortex_13",607
"Isocortex","Cell_14488","Isocortex_19",511
"Isocortex","Cell_15091","Isocortex_13",607
"Isocortex","Cell_15791","Isocortex_13",607
"Isocortex","Cell_16767","Isocortex_13",607
"Isocortex","Cell_17430","Isocortex_13",607
"Isocortex","Cell_17994","Isocortex_13",607
"Isocortex","Cell_18048","Isocortex_13",607
"Isocortex","Cell_18151","Isocortex_13",607
"Isocortex","Cell_18932","Isocortex_13",607
"Isocortex","Cell_19418","Isocortex_11",348
"Isocortex","Cell_20810","Isocortex_19",511
"Isocortex","Cell_24092","Isocortex_11",348
"Isocortex","Cell_24158","Isocortex_13",607
"Isocortex","Cell_24740","Isocortex_13",607
"Isocortex","Cell_25465","Isocortex_13",607
"Isocortex","Cell_26924","Isocortex_13",607
"Isocortex","Cell_27089","Isocortex_11",348
"Isocortex","Cell_27172","Isocortex_13",607
"Isocortex","Cell_28087","Isocortex_13",607
"Isocortex","Cell_29293","Isocortex_13",607
"Isocortex","Cell_35619","Isocortex_12",428
"Isocortex","Cell_35849","Isocortex_11",348
"Isocortex","Cell_35851","Isocortex_11",348
"Isocortex","Cell_35967","Isocortex_13",607
"Isocortex","Cell_36058","Isocortex_11",348
"Isocortex","Cell_36144","Isocortex_13",607
"Isocortex","Cell_37718","Isocortex_13",607
"Isocortex","Cell_40168","Isocortex_13",607
"Isocortex","Cell_40685","Isocortex_13",607
"Isocortex","Cell_41946","Isocortex_13",607
"Isocortex","Cell_42076","Isocortex_13",607
"Isocortex","Cell_954","Isocortex_11",348
"Isocortex","Cell_1172","Isocortex_13",607
"Isocortex","Cell_1571","Isocortex_13",607
"Isocortex","Cell_1932","Isocortex_11",348
"Isocortex","Cell_2445","Isocortex_13",607
"Isocortex","Cell_2676","Isocortex_13",607
"Isocortex","Cell_2687","Isocortex_13",607
"Isocortex","Cell_3106","Isocortex_13",607
"Isocortex","Cell_3389","Isocortex_13",607
"Isocortex","Cell_4102","Isocortex_13",607
"Isocortex","Cell_5476","Isocortex_13",607
"Isocortex","Cell_6475","Isocortex_13",607
"Isocortex","Cell_6537","Isocortex_19",511
"Isocortex","Cell_6539","Isocortex_13",607
"Isocortex","Cell_8158","Isocortex_11",348
"Isocortex","Cell_8795","Isocortex_13",607
"Isocortex","Cell_8866","Isocortex_13",607
"Isocortex","Cell_11808","Isocortex_13",607
"Isocortex","Cell_12574","Isocortex_13",607
"Isocortex","Cell_13188","Isocortex_13",607
"Isocortex","Cell_13336","Isocortex_13",607
"Isocortex","Cell_13971","Isocortex_13",607
"Isocortex","Cell_14841","Isocortex_11",348
"Isocortex","Cell_15890","Isocortex_19",511
"Isocortex","Cell_17340","Isocortex_19",511
"Isocortex","Cell_17579","Isocortex_13",607
"Isocortex","Cell_18491","Isocortex_11",348
"Isocortex","Cell_19012","Isocortex_13",607
"Isocortex","Cell_19235","Isocortex_13",607
"Isocortex","Cell_19424","Isocortex_13",607
"Isocortex","Cell_20694","Isocortex_11",348
"Isocortex","Cell_21930","Isocortex_13",607
"Isocortex","Cell_22604","Isocortex_13",607
"Isocortex","Cell_22863","Isocortex_13",607
"Isocortex","Cell_22983","Isocortex_13",607
"Isocortex","Cell_23661","Isocortex_13",607
"Isocortex","Cell_24382","Isocortex_13",607
"Isocortex","Cell_25267","Isocortex_13",607
"Isocortex","Cell_25955","Isocortex_13",607
"Isocortex","Cell_27064","Isocortex_13",607
"Isocortex","Cell_27311","Isocortex_13",607
"Isocortex","Cell_27557","Isocortex_13",607
"Isocortex","Cell_27885","Isocortex_13",607
"Isocortex","Cell_29487","Isocortex_13",607
"Isocortex","Cell_30962","Isocortex_13",607
"Isocortex","Cell_31169","Isocortex_13",607
"Isocortex","Cell_32292","Isocortex_13",607
"Isocortex","Cell_32333","Isocortex_13",607
"Isocortex","Cell_33965","Isocortex_13",607
"Isocortex","Cell_34201","Isocortex_13",607
"Isocortex","Cell_34992","Isocortex_13",607
"Isocortex","Cell_36723","Isocortex_13",607
"Isocortex","Cell_36762","Isocortex_19",511
"Isocortex","Cell_37192","Isocortex_13",607
"Isocortex","Cell_38542","Isocortex_19",511
"Isocortex","Cell_39025","Isocortex_13",607
"Isocortex","Cell_39748","Isocortex_13",607
"Isocortex","Cell_41532","Isocortex_13",607
"Isocortex","Cell_41882","Isocortex_13",607
"Isocortex","Cell_41930","Isocortex_13",607
"Isocortex","Cell_42685","Isocortex_19",511
"Isocortex","Cell_43137","Isocortex_13",607
"Isocortex","Cell_44433","Isocortex_13",607
"Isocortex","Cell_44531","Isocortex_13",607
"Isocortex","Cell_44749","Isocortex_13",607
"Isocortex","Cell_44957","Isocortex_13",607
"Isocortex","Cell_10263","Isocortex_13",607
"Isocortex","Cell_27435","Isocortex_11",348
"Isocortex","Cell_40294","Isocortex_13",607
"Isocortex","Cell_5268","Isocortex_13",607
"Isocortex","Cell_6056","Isocortex_11",348
"Isocortex","Cell_7710","Isocortex_13",607
"Isocortex","Cell_11398","Isocortex_13",607
"Isocortex","Cell_12656","Isocortex_11",348
"Isocortex","Cell_12823","Isocortex_13",607
"Isocortex","Cell_18460","Isocortex_13",607
"Isocortex","Cell_18615","Isocortex_13",607
"Isocortex","Cell_23073","Isocortex_11",348
"Isocortex","Cell_30535","Isocortex_19",511
"Isocortex","Cell_43363","Isocortex_13",607
"Isocortex","Cell_6011","Isocortex_13",607
"Isocortex","Cell_11925","Isocortex_13",607
"Isocortex","Cell_14310","Isocortex_13",607
"Isocortex","Cell_16689","Isocortex_19",511
"Isocortex","Cell_18526","Isocortex_13",607
"Isocortex","Cell_18961","Isocortex_13",607
"Isocortex","Cell_19942","Isocortex_13",607
"Isocortex","Cell_20746","Isocortex_11",348
"Isocortex","Cell_22660","Isocortex_13",607
"Isocortex","Cell_23651","Isocortex_13",607
"Isocortex","Cell_24021","Isocortex_13",607
"Isocortex","Cell_39355","Isocortex_13",607
"Isocortex","Cell_45214","Isocortex_13",607
"Isocortex","Cell_965","Isocortex_13",607
"Isocortex","Cell_4628","Isocortex_19",511
"Isocortex","Cell_5842","Isocortex_13",607
"Isocortex","Cell_6771","Isocortex_13",607
"Isocortex","Cell_7074","Isocortex_13",607
"Isocortex","Cell_9957","Isocortex_13",607
"Isocortex","Cell_13935","Isocortex_13",607
"Isocortex","Cell_14370","Isocortex_13",607
"Isocortex","Cell_16770","Isocortex_13",607
"Isocortex","Cell_17045","Isocortex_13",607
"Isocortex","Cell_17711","Isocortex_13",607
"Isocortex","Cell_18057","Isocortex_19",511
"Isocortex","Cell_20947","Isocortex_13",607
"Isocortex","Cell_26847","Isocortex_13",607
"Isocortex","Cell_29332","Isocortex_13",607
"Isocortex","Cell_31827","Isocortex_13",607
"Isocortex","Cell_32893","Isocortex_13",607
"Isocortex","Cell_32943","Isocortex_13",607
"Isocortex","Cell_39874","Isocortex_13",607
"Isocortex","Cell_42821","Isocortex_13",607
"Isocortex","Cell_42864","Isocortex_13",607
"Isocortex","Cell_14872","Isocortex_13",607
"Isocortex","Cell_20312","Isocortex_13",607
"Isocortex","Cell_21816","Isocortex_19",511
"Isocortex","Cell_522","Isocortex_19",511
"Isocortex","Cell_9509","Isocortex_11",348
"Isocortex","Cell_16553","Isocortex_13",607
"Isocortex","Cell_38791","Isocortex_13",607
"Isocortex","Cell_41667","Isocortex_13",607
"Isocortex","Cell_43809","Isocortex_13",607
"Isocortex","Cell_17859","Isocortex_11",348
"Isocortex","Cell_1092","Isocortex_13",607
"Isocortex","Cell_11683","Isocortex_13",607
"Isocortex","Cell_13430","Isocortex_13",607
"Isocortex","Cell_18719","Isocortex_11",348
"Isocortex","Cell_27617","Isocortex_13",607
"Isocortex","Cell_40302","Isocortex_13",607
"Isocortex","Cell_2962","Isocortex_13",607
"Isocortex","Cell_16598","Isocortex_13",607
"Isocortex","Cell_23870","Isocortex_19",511
"Isocortex","Cell_32837","Isocortex_13",607
"Isocortex","Cell_36243","Isocortex_13",607
"Isocortex","Cell_36650","Isocortex_13",607
"Isocortex","Cell_41350","Isocortex_13",607
"Isocortex","Cell_24818","Isocortex_12",428
"Isocortex","Cell_21031","Isocortex_13",607
"Isocortex","Cell_33630","Isocortex_13",607
"Isocortex","Cell_32613","Isocortex_12",428
"Isocortex","Cell_37271","Isocortex_13",607
"Isocortex","Cell_3635","Isocortex_13",607
"Isocortex","Cell_5849","Isocortex_19",511
"Isocortex","Cell_8567","Isocortex_4",272
"Isocortex","Cell_23403","Isocortex_19",511
"Isocortex","Cell_28053","Isocortex_19",511
"Isocortex","Cell_33735","Isocortex_4",272
"Isocortex","Cell_41365","Isocortex_4",272
"Isocortex","Cell_10135","Isocortex_4",272
"Isocortex","Cell_17959","Isocortex_4",272
"Isocortex","Cell_28150","Isocortex_4",272
"Isocortex","Cell_1300","Isocortex_19",511
"Isocortex","Cell_1540","Isocortex_4",272
"Isocortex","Cell_2823","Isocortex_4",272
"Isocortex","Cell_4817","Isocortex_4",272
"Isocortex","Cell_6446","Isocortex_19",511
"Isocortex","Cell_8422","Isocortex_19",511
"Isocortex","Cell_10700","Isocortex_19",511
"Isocortex","Cell_10781","Isocortex_4",272
"Isocortex","Cell_11824","Isocortex_19",511
"Isocortex","Cell_12488","Isocortex_19",511
"Isocortex","Cell_13176","Isocortex_19",511
"Isocortex","Cell_15681","Isocortex_19",511
"Isocortex","Cell_22843","Isocortex_19",511
"Isocortex","Cell_23964","Isocortex_19",511
"Isocortex","Cell_25429","Isocortex_19",511
"Isocortex","Cell_27182","Isocortex_4",272
"Isocortex","Cell_28373","Isocortex_19",511
"Isocortex","Cell_30285","Isocortex_4",272
"Isocortex","Cell_30439","Isocortex_19",511
"Isocortex","Cell_30687","Isocortex_19",511
"Isocortex","Cell_31605","Isocortex_4",272
"Isocortex","Cell_32542","Isocortex_19",511
"Isocortex","Cell_33291","Isocortex_4",272
"Isocortex","Cell_33797","Isocortex_4",272
"Isocortex","Cell_34622","Isocortex_4",272
"Isocortex","Cell_35087","Isocortex_19",511
"Isocortex","Cell_37781","Isocortex_4",272
"Isocortex","Cell_39694","Isocortex_4",272
"Isocortex","Cell_44991","Isocortex_4",272
"Isocortex","Cell_45070","Isocortex_19",511
"Isocortex","Cell_9466","Isocortex_19",511
"Isocortex","Cell_13537","Isocortex_19",511
"Isocortex","Cell_16151","Isocortex_4",272
"Isocortex","Cell_18248","Isocortex_4",272
"Isocortex","Cell_21799","Isocortex_19",511
"Isocortex","Cell_24224","Isocortex_4",272
"Isocortex","Cell_25082","Isocortex_4",272
"Isocortex","Cell_3026","Isocortex_4",272
"Isocortex","Cell_435","Isocortex_4",272
"Isocortex","Cell_1564","Isocortex_19",511
"Isocortex","Cell_1849","Isocortex_4",272
"Isocortex","Cell_2072","Isocortex_4",272
"Isocortex","Cell_2096","Isocortex_4",272
"Isocortex","Cell_3163","Isocortex_4",272
"Isocortex","Cell_3649","Isocortex_19",511
"Isocortex","Cell_4512","Isocortex_19",511
"Isocortex","Cell_5119","Isocortex_4",272
"Isocortex","Cell_5637","Isocortex_4",272
"Isocortex","Cell_6123","Isocortex_19",511
"Isocortex","Cell_8100","Isocortex_19",511
"Isocortex","Cell_9186","Isocortex_19",511
"Isocortex","Cell_10934","Isocortex_4",272
"Isocortex","Cell_11387","Isocortex_19",511
"Isocortex","Cell_13845","Isocortex_4",272
"Isocortex","Cell_14151","Isocortex_19",511
"Isocortex","Cell_14381","Isocortex_19",511
"Isocortex","Cell_14471","Isocortex_19",511
"Isocortex","Cell_15331","Isocortex_4",272
"Isocortex","Cell_17194","Isocortex_4",272
"Isocortex","Cell_17502","Isocortex_19",511
"Isocortex","Cell_18715","Isocortex_4",272
"Isocortex","Cell_19274","Isocortex_4",272
"Isocortex","Cell_20078","Isocortex_4",272
"Isocortex","Cell_20253","Isocortex_4",272
"Isocortex","Cell_20469","Isocortex_4",272
"Isocortex","Cell_22338","Isocortex_4",272
"Isocortex","Cell_22832","Isocortex_19",511
"Isocortex","Cell_23456","Isocortex_4",272
"Isocortex","Cell_24801","Isocortex_19",511
"Isocortex","Cell_25679","Isocortex_4",272
"Isocortex","Cell_25696","Isocortex_4",272
"Isocortex","Cell_27110","Isocortex_19",511
"Isocortex","Cell_27183","Isocortex_19",511
"Isocortex","Cell_27476","Isocortex_4",272
"Isocortex","Cell_28011","Isocortex_4",272
"Isocortex","Cell_28406","Isocortex_4",272
"Isocortex","Cell_28413","Isocortex_4",272
"Isocortex","Cell_29247","Isocortex_19",511
"Isocortex","Cell_29431","Isocortex_4",272
"Isocortex","Cell_30506","Isocortex_10",373
"Isocortex","Cell_30512","Isocortex_4",272
"Isocortex","Cell_31305","Isocortex_10",373
"Isocortex","Cell_33615","Isocortex_19",511
"Isocortex","Cell_33836","Isocortex_4",272
"Isocortex","Cell_35742","Isocortex_4",272
"Isocortex","Cell_36501","Isocortex_4",272
"Isocortex","Cell_36946","Isocortex_4",272
"Isocortex","Cell_37260","Isocortex_4",272
"Isocortex","Cell_41097","Isocortex_4",272
"Isocortex","Cell_42090","Isocortex_4",272
"Isocortex","Cell_42649","Isocortex_19",511
"Isocortex","Cell_43727","Isocortex_4",272
"Isocortex","Cell_44973","Isocortex_4",272
"Isocortex","Cell_1041","Isocortex_19",511
"Isocortex","Cell_1428","Isocortex_4",272
"Isocortex","Cell_2653","Isocortex_19",511
"Isocortex","Cell_2800","Isocortex_4",272
"Isocortex","Cell_3554","Isocortex_4",272
"Isocortex","Cell_6039","Isocortex_4",272
"Isocortex","Cell_6368","Isocortex_4",272
"Isocortex","Cell_6558","Isocortex_4",272
"Isocortex","Cell_7460","Isocortex_10",373
"Isocortex","Cell_8161","Isocortex_4",272
"Isocortex","Cell_8208","Isocortex_19",511
"Isocortex","Cell_8330","Isocortex_4",272
"Isocortex","Cell_9523","Isocortex_19",511
"Isocortex","Cell_9714","Isocortex_4",272
"Isocortex","Cell_10378","Isocortex_4",272
"Isocortex","Cell_10866","Isocortex_4",272
"Isocortex","Cell_12492","Isocortex_4",272
"Isocortex","Cell_12981","Isocortex_4",272
"Isocortex","Cell_13541","Isocortex_4",272
"Isocortex","Cell_14111","Isocortex_4",272
"Isocortex","Cell_14258","Isocortex_4",272
"Isocortex","Cell_15407","Isocortex_4",272
"Isocortex","Cell_16682","Isocortex_4",272
"Isocortex","Cell_19625","Isocortex_4",272
"Isocortex","Cell_19655","Isocortex_4",272
"Isocortex","Cell_20295","Isocortex_19",511
"Isocortex","Cell_21767","Isocortex_19",511
"Isocortex","Cell_22182","Isocortex_4",272
"Isocortex","Cell_22610","Isocortex_4",272
"Isocortex","Cell_22973","Isocortex_4",272
"Isocortex","Cell_23618","Isocortex_19",511
"Isocortex","Cell_24838","Isocortex_10",373
"Isocortex","Cell_24951","Isocortex_19",511
"Isocortex","Cell_25839","Isocortex_19",511
"Isocortex","Cell_26503","Isocortex_19",511
"Isocortex","Cell_26633","Isocortex_4",272
"Isocortex","Cell_29287","Isocortex_4",272
"Isocortex","Cell_30213","Isocortex_4",272
"Isocortex","Cell_30215","Isocortex_19",511
"Isocortex","Cell_30217","Isocortex_19",511
"Isocortex","Cell_31204","Isocortex_4",272
"Isocortex","Cell_34726","Isocortex_4",272
"Isocortex","Cell_36415","Isocortex_4",272
"Isocortex","Cell_36514","Isocortex_19",511
"Isocortex","Cell_36540","Isocortex_10",373
"Isocortex","Cell_36568","Isocortex_10",373
"Isocortex","Cell_37742","Isocortex_19",511
"Isocortex","Cell_38880","Isocortex_19",511
"Isocortex","Cell_39754","Isocortex_10",373
"Isocortex","Cell_40001","Isocortex_19",511
"Isocortex","Cell_40800","Isocortex_4",272
"Isocortex","Cell_41385","Isocortex_10",373
"Isocortex","Cell_42399","Isocortex_4",272
"Isocortex","Cell_43138","Isocortex_19",511
"Isocortex","Cell_363","Isocortex_4",272
"Isocortex","Cell_540","Isocortex_19",511
"Isocortex","Cell_1212","Isocortex_19",511
"Isocortex","Cell_1398","Isocortex_4",272
"Isocortex","Cell_1618","Isocortex_19",511
"Isocortex","Cell_3119","Isocortex_4",272
"Isocortex","Cell_3486","Isocortex_4",272
"Isocortex","Cell_5511","Isocortex_19",511
"Isocortex","Cell_5749","Isocortex_4",272
"Isocortex","Cell_7105","Isocortex_19",511
"Isocortex","Cell_9818","Isocortex_19",511
"Isocortex","Cell_10113","Isocortex_4",272
"Isocortex","Cell_10262","Isocortex_4",272
"Isocortex","Cell_11396","Isocortex_19",511
"Isocortex","Cell_12315","Isocortex_19",511
"Isocortex","Cell_12457","Isocortex_4",272
"Isocortex","Cell_13285","Isocortex_19",511
"Isocortex","Cell_13608","Isocortex_19",511
"Isocortex","Cell_14702","Isocortex_19",511
"Isocortex","Cell_15075","Isocortex_19",511
"Isocortex","Cell_15256","Isocortex_4",272
"Isocortex","Cell_17373","Isocortex_4",272
"Isocortex","Cell_17386","Isocortex_4",272
"Isocortex","Cell_17555","Isocortex_19",511
"Isocortex","Cell_17602","Isocortex_4",272
"Isocortex","Cell_18282","Isocortex_19",511
"Isocortex","Cell_18368","Isocortex_4",272
"Isocortex","Cell_18796","Isocortex_19",511
"Isocortex","Cell_18904","Isocortex_4",272
"Isocortex","Cell_19084","Isocortex_4",272
"Isocortex","Cell_19552","Isocortex_19",511
"Isocortex","Cell_19614","Isocortex_19",511
"Isocortex","Cell_19964","Isocortex_21",232
"Isocortex","Cell_21708","Isocortex_19",511
"Isocortex","Cell_22592","Isocortex_10",373
"Isocortex","Cell_23718","Isocortex_21",232
"Isocortex","Cell_25764","Isocortex_19",511
"Isocortex","Cell_26027","Isocortex_19",511
"Isocortex","Cell_26461","Isocortex_4",272
"Isocortex","Cell_27053","Isocortex_4",272
"Isocortex","Cell_27807","Isocortex_4",272
"Isocortex","Cell_27995","Isocortex_4",272
"Isocortex","Cell_28013","Isocortex_19",511
"Isocortex","Cell_28198","Isocortex_4",272
"Isocortex","Cell_28261","Isocortex_10",373
"Isocortex","Cell_28531","Isocortex_4",272
"Isocortex","Cell_28669","Isocortex_4",272
"Isocortex","Cell_28964","Isocortex_19",511
"Isocortex","Cell_29260","Isocortex_19",511
"Isocortex","Cell_32338","Isocortex_4",272
"Isocortex","Cell_33188","Isocortex_19",511
"Isocortex","Cell_33259","Isocortex_4",272
"Isocortex","Cell_33418","Isocortex_19",511
"Isocortex","Cell_33619","Isocortex_10",373
"Isocortex","Cell_34720","Isocortex_4",272
"Isocortex","Cell_34775","Isocortex_19",511
"Isocortex","Cell_35216","Isocortex_10",373
"Isocortex","Cell_36034","Isocortex_4",272
"Isocortex","Cell_36202","Isocortex_4",272
"Isocortex","Cell_37120","Isocortex_4",272
"Isocortex","Cell_37611","Isocortex_21",232
"Isocortex","Cell_37639","Isocortex_10",373
"Isocortex","Cell_38057","Isocortex_10",373
"Isocortex","Cell_38898","Isocortex_4",272
"Isocortex","Cell_39212","Isocortex_4",272
"Isocortex","Cell_39518","Isocortex_19",511
"Isocortex","Cell_40210","Isocortex_19",511
"Isocortex","Cell_40312","Isocortex_4",272
"Isocortex","Cell_40727","Isocortex_19",511
"Isocortex","Cell_41790","Isocortex_4",272
"Isocortex","Cell_42972","Isocortex_4",272
"Isocortex","Cell_43010","Isocortex_4",272
"Isocortex","Cell_43446","Isocortex_10",373
"Isocortex","Cell_43548","Isocortex_4",272
"Isocortex","Cell_43808","Isocortex_4",272
"Isocortex","Cell_44157","Isocortex_19",511
"Isocortex","Cell_44236","Isocortex_19",511
"Isocortex","Cell_45282","Isocortex_19",511
"Isocortex","Cell_25080","Isocortex_4",272
"Isocortex","Cell_29643","Isocortex_10",373
"Isocortex","Cell_44823","Isocortex_4",272
"Isocortex","Cell_16918","Isocortex_4",272
"Isocortex","Cell_21696","Isocortex_10",373
"Isocortex","Cell_28360","Isocortex_4",272
"Isocortex","Cell_28659","Isocortex_10",373
"Isocortex","Cell_32341","Isocortex_4",272
"Isocortex","Cell_32649","Isocortex_4",272
"Isocortex","Cell_35964","Isocortex_4",272
"Isocortex","Cell_40764","Isocortex_19",511
"Isocortex","Cell_42553","Isocortex_19",511
"Isocortex","Cell_43291","Isocortex_19",511
"Isocortex","Cell_44009","Isocortex_4",272
"Isocortex","Cell_2482","Isocortex_10",373
"Isocortex","Cell_3613","Isocortex_4",272
"Isocortex","Cell_4147","Isocortex_4",272
"Isocortex","Cell_4388","Isocortex_19",511
"Isocortex","Cell_4544","Isocortex_19",511
"Isocortex","Cell_8602","Isocortex_19",511
"Isocortex","Cell_8788","Isocortex_19",511
"Isocortex","Cell_11083","Isocortex_19",511
"Isocortex","Cell_15149","Isocortex_4",272
"Isocortex","Cell_18978","Isocortex_4",272
"Isocortex","Cell_20117","Isocortex_4",272
"Isocortex","Cell_21437","Isocortex_19",511
"Isocortex","Cell_21632","Isocortex_4",272
"Isocortex","Cell_21866","Isocortex_4",272
"Isocortex","Cell_22450","Isocortex_4",272
"Isocortex","Cell_23446","Isocortex_19",511
"Isocortex","Cell_26088","Isocortex_19",511
"Isocortex","Cell_26094","Isocortex_4",272
"Isocortex","Cell_27026","Isocortex_19",511
"Isocortex","Cell_28017","Isocortex_4",272
"Isocortex","Cell_30778","Isocortex_4",272
"Isocortex","Cell_31241","Isocortex_19",511
"Isocortex","Cell_32607","Isocortex_4",272
"Isocortex","Cell_33761","Isocortex_19",511
"Isocortex","Cell_33902","Isocortex_19",511
"Isocortex","Cell_35641","Isocortex_4",272
"Isocortex","Cell_36518","Isocortex_4",272
"Isocortex","Cell_39450","Isocortex_4",272
"Isocortex","Cell_39803","Isocortex_19",511
"Isocortex","Cell_41485","Isocortex_4",272
"Isocortex","Cell_42114","Isocortex_4",272
"Isocortex","Cell_44011","Isocortex_19",511
"Isocortex","Cell_44353","Isocortex_4",272
"Isocortex","Cell_862","Isocortex_4",272
"Isocortex","Cell_982","Isocortex_4",272
"Isocortex","Cell_4332","Isocortex_10",373
"Isocortex","Cell_5153","Isocortex_4",272
"Isocortex","Cell_5384","Isocortex_19",511
"Isocortex","Cell_8079","Isocortex_4",272
"Isocortex","Cell_8755","Isocortex_4",272
"Isocortex","Cell_11541","Isocortex_4",272
"Isocortex","Cell_13382","Isocortex_4",272
"Isocortex","Cell_14516","Isocortex_19",511
"Isocortex","Cell_14997","Isocortex_10",373
"Isocortex","Cell_15147","Isocortex_4",272
"Isocortex","Cell_18242","Isocortex_4",272
"Isocortex","Cell_18660","Isocortex_4",272
"Isocortex","Cell_18890","Isocortex_10",373
"Isocortex","Cell_20480","Isocortex_10",373
"Isocortex","Cell_21511","Isocortex_4",272
"Isocortex","Cell_21805","Isocortex_4",272
"Isocortex","Cell_22271","Isocortex_4",272
"Isocortex","Cell_25433","Isocortex_21",232
"Isocortex","Cell_25775","Isocortex_4",272
"Isocortex","Cell_26140","Isocortex_10",373
"Isocortex","Cell_26545","Isocortex_4",272
"Isocortex","Cell_29135","Isocortex_4",272
"Isocortex","Cell_31215","Isocortex_19",511
"Isocortex","Cell_31766","Isocortex_4",272
"Isocortex","Cell_35929","Isocortex_19",511
"Isocortex","Cell_37138","Isocortex_4",272
"Isocortex","Cell_37430","Isocortex_19",511
"Isocortex","Cell_40805","Isocortex_4",272
"Isocortex","Cell_41443","Isocortex_4",272
"Isocortex","Cell_43858","Isocortex_21",232
"Isocortex","Cell_44552","Isocortex_19",511
"Isocortex","Cell_3747","Isocortex_19",511
"Isocortex","Cell_6723","Isocortex_4",272
"Isocortex","Cell_8522","Isocortex_19",511
"Isocortex","Cell_21886","Isocortex_19",511
"Isocortex","Cell_38289","Isocortex_4",272
"Isocortex","Cell_35030","Isocortex_4",272
"Isocortex","Cell_3774","Isocortex_4",272
"Isocortex","Cell_7841","Isocortex_4",272
"Isocortex","Cell_8530","Isocortex_4",272
"Isocortex","Cell_11135","Isocortex_10",373
"Isocortex","Cell_12754","Isocortex_10",373
"Isocortex","Cell_15734","Isocortex_19",511
"Isocortex","Cell_17117","Isocortex_19",511
"Isocortex","Cell_17511","Isocortex_4",272
"Isocortex","Cell_24032","Isocortex_4",272
"Isocortex","Cell_24418","Isocortex_4",272
"Isocortex","Cell_24482","Isocortex_19",511
"Isocortex","Cell_30022","Isocortex_19",511
"Isocortex","Cell_30644","Isocortex_19",511
"Isocortex","Cell_33467","Isocortex_10",373
"Isocortex","Cell_37511","Isocortex_19",511
"Isocortex","Cell_37659","Isocortex_4",272
"Isocortex","Cell_38961","Isocortex_4",272
"Isocortex","Cell_9724","Isocortex_4",272
"Isocortex","Cell_31152","Isocortex_19",511
"Isocortex","Cell_40716","Isocortex_19",511
"Isocortex","Cell_21053","Isocortex_4",272
"Isocortex","Cell_13058","Isocortex_4",272
"Isocortex","Cell_2148","Isocortex_19",511
"Isocortex","Cell_4445","Isocortex_4",272
"Isocortex","Cell_4664","Isocortex_4",272
"Isocortex","Cell_9319","Isocortex_4",272
"Isocortex","Cell_10524","Isocortex_19",511
"Isocortex","Cell_11300","Isocortex_19",511
"Isocortex","Cell_11583","Isocortex_4",272
"Isocortex","Cell_13299","Isocortex_4",272
"Isocortex","Cell_16590","Isocortex_4",272
"Isocortex","Cell_16780","Isocortex_4",272
"Isocortex","Cell_20559","Isocortex_4",272
"Isocortex","Cell_23393","Isocortex_4",272
"Isocortex","Cell_28870","Isocortex_10",373
"Isocortex","Cell_29351","Isocortex_4",272
"Isocortex","Cell_32880","Isocortex_4",272
"Isocortex","Cell_38319","Isocortex_4",272
"Isocortex","Cell_39063","Isocortex_4",272
"Isocortex","Cell_42246","Isocortex_19",511
"Isocortex","Cell_43457","Isocortex_19",511
"Isocortex","Cell_43757","Isocortex_19",511
"Isocortex","Cell_44535","Isocortex_19",511
"Isocortex","Cell_44639","Isocortex_4",272
"Isocortex","Cell_8821","Isocortex_4",272
"Isocortex","Cell_41132","Isocortex_4",272
"Isocortex","Cell_7544","Isocortex_4",272
"Isocortex","Cell_13548","Isocortex_4",272
"Isocortex","Cell_20528","Isocortex_4",272
"Isocortex","Cell_22528","Isocortex_19",511
"Isocortex","Cell_22884","Isocortex_10",373
"Isocortex","Cell_36550","Isocortex_10",373
"Isocortex","Cell_17399","Isocortex_4",272
"Isocortex","Cell_30652","Isocortex_19",511
"Isocortex","Cell_33192","Isocortex_4",272
"Isocortex","Cell_27822","Isocortex_4",272
"Isocortex","Cell_30952","Isocortex_4",272
"Isocortex","Cell_32585","Isocortex_19",511
"Isocortex","Cell_36073","Isocortex_19",511
"Isocortex","Cell_43954","Isocortex_4",272
"Isocortex","Cell_35046","Isocortex_4",272
"Isocortex","Cell_6646","Isocortex_24",328
"Isocortex","Cell_8708","Isocortex_13",607
"Isocortex","Cell_16534","Isocortex_24",328
"Isocortex","Cell_26617","Isocortex_13",607
"Isocortex","Cell_32810","Isocortex_24",328
"Isocortex","Cell_32928","Isocortex_13",607
"Isocortex","Cell_3787","Isocortex_13",607
"Isocortex","Cell_9716","Isocortex_24",328
"Isocortex","Cell_9915","Isocortex_13",607
"Isocortex","Cell_15183","Isocortex_13",607
"Isocortex","Cell_16718","Isocortex_24",328
"Isocortex","Cell_21773","Isocortex_24",328
"Isocortex","Cell_37154","Isocortex_24",328
"Isocortex","Cell_42139","Isocortex_24",328
"Isocortex","Cell_42737","Isocortex_24",328
"Isocortex","Cell_1826","Isocortex_24",328
"Isocortex","Cell_6568","Isocortex_24",328
"Isocortex","Cell_7391","Isocortex_24",328
"Isocortex","Cell_11251","Isocortex_24",328
"Isocortex","Cell_13450","Isocortex_24",328
"Isocortex","Cell_15190","Isocortex_24",328
"Isocortex","Cell_16924","Isocortex_24",328
"Isocortex","Cell_20074","Isocortex_24",328
"Isocortex","Cell_26298","Isocortex_24",328
"Isocortex","Cell_27621","Isocortex_24",328
"Isocortex","Cell_31918","Isocortex_24",328
"Isocortex","Cell_35545","Isocortex_24",328
"Isocortex","Cell_42783","Isocortex_24",328
"Isocortex","Cell_598","Isocortex_24",328
"Isocortex","Cell_3621","Isocortex_24",328
"Isocortex","Cell_3643","Isocortex_13",607
"Isocortex","Cell_7118","Isocortex_24",328
"Isocortex","Cell_8403","Isocortex_13",607
"Isocortex","Cell_8921","Isocortex_24",328
"Isocortex","Cell_11671","Isocortex_13",607
"Isocortex","Cell_15846","Isocortex_13",607
"Isocortex","Cell_16854","Isocortex_13",607
"Isocortex","Cell_23888","Isocortex_24",328
"Isocortex","Cell_25218","Isocortex_24",328
"Isocortex","Cell_26285","Isocortex_24",328
"Isocortex","Cell_35908","Isocortex_13",607
"Isocortex","Cell_36044","Isocortex_24",328
"Isocortex","Cell_36887","Isocortex_24",328
"Isocortex","Cell_38521","Isocortex_24",328
"Isocortex","Cell_40595","Isocortex_13",607
"Isocortex","Cell_41529","Isocortex_24",328
"Isocortex","Cell_16117","Isocortex_13",607
"Isocortex","Cell_42796","Isocortex_24",328
"Isocortex","Cell_1184","Isocortex_13",607
"Isocortex","Cell_4259","Isocortex_24",328
"Isocortex","Cell_7711","Isocortex_24",328
"Isocortex","Cell_8549","Isocortex_13",607
"Isocortex","Cell_11122","Isocortex_24",328
"Isocortex","Cell_14764","Isocortex_24",328
"Isocortex","Cell_15208","Isocortex_24",328
"Isocortex","Cell_16319","Isocortex_13",607
"Isocortex","Cell_24658","Isocortex_13",607
"Isocortex","Cell_24664","Isocortex_13",607
"Isocortex","Cell_28389","Isocortex_24",328
"Isocortex","Cell_28813","Isocortex_24",328
"Isocortex","Cell_28904","Isocortex_24",328
"Isocortex","Cell_37297","Isocortex_24",328
"Isocortex","Cell_42380","Isocortex_24",328
"Isocortex","Cell_44247","Isocortex_13",607
"Isocortex","Cell_103","Isocortex_13",607
"Isocortex","Cell_2471","Isocortex_13",607
"Isocortex","Cell_3872","Isocortex_24",328
"Isocortex","Cell_5227","Isocortex_24",328
"Isocortex","Cell_5502","Isocortex_24",328
"Isocortex","Cell_7289","Isocortex_24",328
"Isocortex","Cell_8386","Isocortex_24",328
"Isocortex","Cell_8717","Isocortex_13",607
"Isocortex","Cell_13471","Isocortex_24",328
"Isocortex","Cell_17871","Isocortex_24",328
"Isocortex","Cell_19393","Isocortex_13",607
"Isocortex","Cell_21232","Isocortex_13",607
"Isocortex","Cell_21524","Isocortex_24",328
"Isocortex","Cell_21659","Isocortex_24",328
"Isocortex","Cell_23877","Isocortex_24",328
"Isocortex","Cell_25252","Isocortex_24",328
"Isocortex","Cell_26433","Isocortex_24",328
"Isocortex","Cell_26811","Isocortex_24",328
"Isocortex","Cell_29386","Isocortex_24",328
"Isocortex","Cell_30188","Isocortex_24",328
"Isocortex","Cell_30315","Isocortex_24",328
"Isocortex","Cell_32058","Isocortex_13",607
"Isocortex","Cell_33402","Isocortex_24",328
"Isocortex","Cell_33869","Isocortex_13",607
"Isocortex","Cell_34602","Isocortex_13",607
"Isocortex","Cell_35004","Isocortex_13",607
"Isocortex","Cell_35578","Isocortex_24",328
"Isocortex","Cell_37174","Isocortex_24",328
"Isocortex","Cell_37435","Isocortex_24",328
"Isocortex","Cell_38315","Isocortex_24",328
"Isocortex","Cell_38706","Isocortex_13",607
"Isocortex","Cell_39157","Isocortex_24",328
"Isocortex","Cell_40404","Isocortex_24",328
"Isocortex","Cell_42107","Isocortex_24",328
"Isocortex","Cell_43579","Isocortex_13",607
"Isocortex","Cell_44217","Isocortex_13",607
"Isocortex","Cell_45283","Isocortex_24",328
"Isocortex","Cell_2979","Isocortex_24",328
"Isocortex","Cell_8478","Isocortex_13",607
"Isocortex","Cell_10038","Isocortex_24",328
"Isocortex","Cell_13753","Isocortex_24",328
"Isocortex","Cell_17451","Isocortex_13",607
"Isocortex","Cell_19864","Isocortex_13",607
"Isocortex","Cell_20631","Isocortex_24",328
"Isocortex","Cell_21828","Isocortex_24",328
"Isocortex","Cell_22329","Isocortex_13",607
"Isocortex","Cell_22704","Isocortex_24",328
"Isocortex","Cell_26363","Isocortex_24",328
"Isocortex","Cell_26645","Isocortex_13",607
"Isocortex","Cell_28859","Isocortex_24",328
"Isocortex","Cell_32652","Isocortex_24",328
"Isocortex","Cell_33798","Isocortex_24",328
"Isocortex","Cell_34341","Isocortex_24",328
"Isocortex","Cell_11168","Isocortex_24",328
"Isocortex","Cell_29313","Isocortex_24",328
"Isocortex","Cell_3276","Isocortex_13",607
"Isocortex","Cell_15134","Isocortex_24",328
"Isocortex","Cell_15405","Isocortex_24",328
"Isocortex","Cell_20139","Isocortex_13",607
"Isocortex","Cell_21067","Isocortex_24",328
"Isocortex","Cell_21381","Isocortex_24",328
"Isocortex","Cell_21512","Isocortex_24",328
"Isocortex","Cell_25885","Isocortex_24",328
"Isocortex","Cell_28609","Isocortex_24",328
"Isocortex","Cell_32121","Isocortex_24",328
"Isocortex","Cell_35715","Isocortex_24",328
"Isocortex","Cell_36436","Isocortex_24",328
"Isocortex","Cell_36971","Isocortex_24",328
"Isocortex","Cell_40610","Isocortex_24",328
"Isocortex","Cell_1574","Isocortex_24",328
"Isocortex","Cell_11389","Isocortex_24",328
"Isocortex","Cell_15332","Isocortex_13",607
"Isocortex","Cell_27422","Isocortex_13",607
"Isocortex","Cell_34191","Isocortex_13",607
"Isocortex","Cell_32632","Isocortex_24",328
"Isocortex","Cell_977","Isocortex_13",607
"Isocortex","Cell_2489","Isocortex_24",328
"Isocortex","Cell_11282","Isocortex_24",328
"Isocortex","Cell_36417","Isocortex_13",607
"Isocortex","Cell_7101","Isocortex_24",328
"Isocortex","Cell_24836","Isocortex_13",607
"Isocortex","Cell_31498","Isocortex_13",607
"Isocortex","Cell_6729","Isocortex_22",271
"Isocortex","Cell_41188","Isocortex_22",271
"Isocortex","Cell_24870","Isocortex_22",271
"Isocortex","Cell_25746","Isocortex_22",271
"Isocortex","Cell_28424","Isocortex_22",271
"Isocortex","Cell_21301","Isocortex_22",271
"Isocortex","Cell_1757","Isocortex_22",271
"Isocortex","Cell_10567","Isocortex_22",271
"Isocortex","Cell_30784","Isocortex_22",271
"Isocortex","Cell_37795","Isocortex_22",271
"Isocortex","Cell_41989","Isocortex_22",271
"Isocortex","Cell_152","Isocortex_22",271
"Isocortex","Cell_222","Isocortex_22",271
"Isocortex","Cell_1317","Isocortex_22",271
"Isocortex","Cell_5232","Isocortex_22",271
"Isocortex","Cell_7040","Isocortex_22",271
"Isocortex","Cell_7621","Isocortex_22",271
"Isocortex","Cell_8282","Isocortex_22",271
"Isocortex","Cell_8889","Isocortex_22",271
"Isocortex","Cell_11236","Isocortex_22",271
"Isocortex","Cell_18235","Isocortex_22",271
"Isocortex","Cell_19209","Isocortex_22",271
"Isocortex","Cell_19217","Isocortex_22",271
"Isocortex","Cell_20647","Isocortex_22",271
"Isocortex","Cell_21340","Isocortex_22",271
"Isocortex","Cell_26388","Isocortex_22",271
"Isocortex","Cell_26418","Isocortex_22",271
"Isocortex","Cell_30538","Isocortex_22",271
"Isocortex","Cell_43847","Isocortex_22",271
"Isocortex","Cell_7703","Isocortex_22",271
"Isocortex","Cell_9341","Isocortex_22",271
"Isocortex","Cell_12721","Isocortex_22",271
"Isocortex","Cell_32691","Isocortex_22",271
"Isocortex","Cell_36136","Isocortex_22",271
"Isocortex","Cell_36574","Isocortex_22",271
"Isocortex","Cell_26495","Isocortex_22",271
"Isocortex","Cell_38579","Isocortex_22",271
"Isocortex","Cell_39810","Isocortex_22",271
"Isocortex","Cell_4815","Isocortex_22",271
"Isocortex","Cell_16730","Isocortex_22",271
"Isocortex","Cell_30126","Isocortex_22",271
"Isocortex","Cell_41611","Isocortex_22",271
"Isocortex","Cell_43037","Isocortex_22",271
"Isocortex","Cell_44592","Isocortex_22",271
"Isocortex","Cell_29107","Isocortex_22",271
"Isocortex","Cell_28703","Isocortex_22",271
"Isocortex","Cell_17956","Isocortex_22",271
"Isocortex","Cell_31774","Isocortex_22",271
"Isocortex","Cell_22003","Isocortex_22",271
"Isocortex","Cell_23916","Isocortex_22",271
"Isocortex","Cell_43154","Isocortex_22",271
"Isocortex","Cell_15348","Isocortex_22",271
"Isocortex","Cell_35700","Isocortex_22",271
"Isocortex","Cell_15787","Isocortex_22",271
"Isocortex","Cell_7162","Isocortex_1",375
"Isocortex","Cell_27259","Isocortex_1",375
"Isocortex","Cell_29490","Isocortex_1",375
"Isocortex","Cell_22295","Isocortex_1",375
"Isocortex","Cell_41657","Isocortex_24",328
"Isocortex","Cell_5510","Isocortex_24",328
"Isocortex","Cell_42547","Isocortex_1",375
"Isocortex","Cell_29617","Isocortex_1",375
"Isocortex","Cell_11765","Isocortex_24",328
"Isocortex","Cell_22289","Isocortex_24",328
"Isocortex","Cell_27171","Isocortex_24",328
"Isocortex","Cell_31762","Isocortex_24",328
"Isocortex","Cell_36657","Isocortex_1",375
"Isocortex","Cell_22140","Isocortex_1",375
"Isocortex","Cell_28422","Isocortex_1",375
"Isocortex","Cell_7449","Isocortex_24",328
"Isocortex","Cell_30786","Isocortex_24",328
"Isocortex","Cell_1227","Isocortex_24",328
"Isocortex","Cell_5953","Isocortex_24",328
"Isocortex","Cell_6178","Isocortex_24",328
"Isocortex","Cell_8539","Isocortex_13",607
"Isocortex","Cell_11692","Isocortex_13",607
"Isocortex","Cell_12886","Isocortex_24",328
"Isocortex","Cell_20529","Isocortex_13",607
"Isocortex","Cell_32052","Isocortex_24",328
"Isocortex","Cell_32174","Isocortex_13",607
"Isocortex","Cell_33453","Isocortex_24",328
"Isocortex","Cell_40072","Isocortex_13",607
"Isocortex","Cell_44499","Isocortex_24",328
"Isocortex","Cell_4304","Isocortex_24",328
"Isocortex","Cell_14577","Isocortex_24",328
"Isocortex","Cell_18486","Isocortex_24",328
"Isocortex","Cell_21980","Isocortex_24",328
"Isocortex","Cell_24316","Isocortex_24",328
"Isocortex","Cell_32745","Isocortex_24",328
"Isocortex","Cell_34987","Isocortex_24",328
"Isocortex","Cell_36693","Isocortex_24",328
"Isocortex","Cell_41439","Isocortex_24",328
"Isocortex","Cell_16628","Isocortex_24",328
"Isocortex","Cell_29130","Isocortex_24",328
"Isocortex","Cell_33734","Isocortex_13",607
"Isocortex","Cell_35543","Isocortex_24",328
"Isocortex","Cell_38671","Isocortex_24",328
"Isocortex","Cell_41157","Isocortex_24",328
"Isocortex","Cell_44119","Isocortex_13",607
"Isocortex","Cell_3967","Isocortex_24",328
"Isocortex","Cell_5714","Isocortex_24",328
"Isocortex","Cell_7231","Isocortex_13",607
"Isocortex","Cell_25875","Isocortex_13",607
"Isocortex","Cell_28272","Isocortex_24",328
"Isocortex","Cell_31251","Isocortex_13",607
"Isocortex","Cell_35404","Isocortex_13",607
"Isocortex","Cell_5400","Isocortex_13",607
"Isocortex","Cell_6249","Isocortex_13",607
"Isocortex","Cell_10134","Isocortex_13",607
"Isocortex","Cell_14952","Isocortex_24",328
"Isocortex","Cell_26774","Isocortex_13",607
"Isocortex","Cell_28103","Isocortex_24",328
"Isocortex","Cell_34120","Isocortex_13",607
"Isocortex","Cell_35149","Isocortex_24",328
"Isocortex","Cell_40535","Isocortex_13",607
"Isocortex","Cell_6015","Isocortex_13",607
"Isocortex","Cell_7808","Isocortex_13",607
"Isocortex","Cell_27992","Isocortex_13",607
"Isocortex","Cell_44610","Isocortex_24",328
"Isocortex","Cell_16896","Isocortex_24",328
"Isocortex","Cell_24944","Isocortex_24",328
"Isocortex","Cell_19848","Isocortex_24",328
"Isocortex","Cell_9374","Isocortex_22",271
"Isocortex","Cell_16070","Isocortex_1",375
"Isocortex","Cell_19500","Isocortex_1",375
"Isocortex","Cell_28796","Isocortex_1",375
"Isocortex","Cell_41314","Isocortex_24",328
"Isocortex","Cell_45036","Isocortex_1",375
"Isocortex","Cell_43261","Isocortex_1",375
"Isocortex","Cell_117","Isocortex_24",328
"Isocortex","Cell_11385","Isocortex_1",375
"Isocortex","Cell_14160","Isocortex_1",375
"Isocortex","Cell_15908","Isocortex_1",375
"Isocortex","Cell_34698","Isocortex_22",271
"Isocortex","Cell_34702","Isocortex_24",328
"Isocortex","Cell_37405","Isocortex_22",271
"Isocortex","Cell_38405","Isocortex_1",375
"Isocortex","Cell_39233","Isocortex_1",375
"Isocortex","Cell_40253","Isocortex_1",375
"Isocortex","Cell_45068","Isocortex_22",271
"Isocortex","Cell_4725","Isocortex_24",328
"Isocortex","Cell_6749","Isocortex_1",375
"Isocortex","Cell_10271","Isocortex_1",375
"Isocortex","Cell_13659","Isocortex_1",375
"Isocortex","Cell_14286","Isocortex_1",375
"Isocortex","Cell_15216","Isocortex_1",375
"Isocortex","Cell_18071","Isocortex_24",328
"Isocortex","Cell_23694","Isocortex_1",375
"Isocortex","Cell_25821","Isocortex_1",375
"Isocortex","Cell_30261","Isocortex_1",375
"Isocortex","Cell_30924","Isocortex_1",375
"Isocortex","Cell_32776","Isocortex_1",375
"Isocortex","Cell_34018","Isocortex_22",271
"Isocortex","Cell_42959","Isocortex_1",375
"Isocortex","Cell_44849","Isocortex_1",375
"Isocortex","Cell_39216","Isocortex_1",375
"Isocortex","Cell_1448","Isocortex_24",328
"Isocortex","Cell_9720","Isocortex_1",375
"Isocortex","Cell_10624","Isocortex_1",375
"Isocortex","Cell_12366","Isocortex_22",271
"Isocortex","Cell_14704","Isocortex_1",375
"Isocortex","Cell_21210","Isocortex_1",375
"Isocortex","Cell_23199","Isocortex_1",375
"Isocortex","Cell_23673","Isocortex_1",375
"Isocortex","Cell_23700","Isocortex_1",375
"Isocortex","Cell_25540","Isocortex_24",328
"Isocortex","Cell_26560","Isocortex_1",375
"Isocortex","Cell_31384","Isocortex_1",375
"Isocortex","Cell_33731","Isocortex_24",328
"Isocortex","Cell_38139","Isocortex_1",375
"Isocortex","Cell_985","Isocortex_24",328
"Isocortex","Cell_1113","Isocortex_1",375
"Isocortex","Cell_2088","Isocortex_1",375
"Isocortex","Cell_2604","Isocortex_1",375
"Isocortex","Cell_4479","Isocortex_24",328
"Isocortex","Cell_6470","Isocortex_24",328
"Isocortex","Cell_9963","Isocortex_1",375
"Isocortex","Cell_11858","Isocortex_24",328
"Isocortex","Cell_16751","Isocortex_22",271
"Isocortex","Cell_17941","Isocortex_24",328
"Isocortex","Cell_19420","Isocortex_1",375
"Isocortex","Cell_19747","Isocortex_1",375
"Isocortex","Cell_20505","Isocortex_24",328
"Isocortex","Cell_20820","Isocortex_1",375
"Isocortex","Cell_21122","Isocortex_23",381
"Isocortex","Cell_21546","Isocortex_1",375
"Isocortex","Cell_22710","Isocortex_1",375
"Isocortex","Cell_22923","Isocortex_1",375
"Isocortex","Cell_23650","Isocortex_24",328
"Isocortex","Cell_25008","Isocortex_1",375
"Isocortex","Cell_28029","Isocortex_1",375
"Isocortex","Cell_28537","Isocortex_1",375
"Isocortex","Cell_28702","Isocortex_22",271
"Isocortex","Cell_28770","Isocortex_24",328
"Isocortex","Cell_29831","Isocortex_24",328
"Isocortex","Cell_30340","Isocortex_1",375
"Isocortex","Cell_30494","Isocortex_1",375
"Isocortex","Cell_31644","Isocortex_24",328
"Isocortex","Cell_32368","Isocortex_22",271
"Isocortex","Cell_32663","Isocortex_24",328
"Isocortex","Cell_32751","Isocortex_24",328
"Isocortex","Cell_38287","Isocortex_1",375
"Isocortex","Cell_39144","Isocortex_22",271
"Isocortex","Cell_39503","Isocortex_1",375
"Isocortex","Cell_39802","Isocortex_1",375
"Isocortex","Cell_40700","Isocortex_1",375
"Isocortex","Cell_42961","Isocortex_24",328
"Isocortex","Cell_42986","Isocortex_1",375
"Isocortex","Cell_43631","Isocortex_22",271
"Isocortex","Cell_44976","Isocortex_1",375
"Isocortex","Cell_2998","Isocortex_1",375
"Isocortex","Cell_3300","Isocortex_1",375
"Isocortex","Cell_3878","Isocortex_1",375
"Isocortex","Cell_8647","Isocortex_1",375
"Isocortex","Cell_9440","Isocortex_1",375
"Isocortex","Cell_12093","Isocortex_24",328
"Isocortex","Cell_14709","Isocortex_1",375
"Isocortex","Cell_16159","Isocortex_1",375
"Isocortex","Cell_17082","Isocortex_1",375
"Isocortex","Cell_18370","Isocortex_24",328
"Isocortex","Cell_20350","Isocortex_24",328
"Isocortex","Cell_20831","Isocortex_1",375
"Isocortex","Cell_21008","Isocortex_1",375
"Isocortex","Cell_21806","Isocortex_1",375
"Isocortex","Cell_22240","Isocortex_22",271
"Isocortex","Cell_22483","Isocortex_1",375
"Isocortex","Cell_22785","Isocortex_24",328
"Isocortex","Cell_24319","Isocortex_1",375
"Isocortex","Cell_25686","Isocortex_1",375
"Isocortex","Cell_28081","Isocortex_1",375
"Isocortex","Cell_29930","Isocortex_1",375
"Isocortex","Cell_30189","Isocortex_22",271
"Isocortex","Cell_32902","Isocortex_1",375
"Isocortex","Cell_38960","Isocortex_24",328
"Isocortex","Cell_40257","Isocortex_1",375
"Isocortex","Cell_40783","Isocortex_1",375
"Isocortex","Cell_42178","Isocortex_1",375
"Isocortex","Cell_43277","Isocortex_1",375
"Isocortex","Cell_44033","Isocortex_1",375
"Isocortex","Cell_44889","Isocortex_1",375
"Isocortex","Cell_2841","Isocortex_22",271
"Isocortex","Cell_12262","Isocortex_24",328
"Isocortex","Cell_21001","Isocortex_1",375
"Isocortex","Cell_2433","Isocortex_1",375
"Isocortex","Cell_8328","Isocortex_22",271
"Isocortex","Cell_10638","Isocortex_1",375
"Isocortex","Cell_24050","Isocortex_24",328
"Isocortex","Cell_33407","Isocortex_1",375
"Isocortex","Cell_34394","Isocortex_22",271
"Isocortex","Cell_38656","Isocortex_1",375
"Isocortex","Cell_39613","Isocortex_22",271
"Isocortex","Cell_42493","Isocortex_22",271
"Isocortex","Cell_44533","Isocortex_1",375
"Isocortex","Cell_8878","Isocortex_1",375
"Isocortex","Cell_27392","Isocortex_1",375
"Isocortex","Cell_28903","Isocortex_22",271
"Isocortex","Cell_30991","Isocortex_24",328
"Isocortex","Cell_39449","Isocortex_1",375
"Isocortex","Cell_40940","Isocortex_1",375
"Isocortex","Cell_43613","Isocortex_1",375
"Isocortex","Cell_44696","Isocortex_22",271
"Isocortex","Cell_8358","Isocortex_22",271
"Isocortex","Cell_23270","Isocortex_22",271
"Isocortex","Cell_23892","Isocortex_1",375
"Isocortex","Cell_6923","Isocortex_1",375
"Isocortex","Cell_10685","Isocortex_24",328
"Isocortex","Cell_29559","Isocortex_1",375
"Isocortex","Cell_29876","Isocortex_24",328
"Isocortex","Cell_13855","Isocortex_22",271
"Isocortex","Cell_18908","Isocortex_22",271
"Isocortex","Cell_32258","Isocortex_22",271
"Isocortex","Cell_33509","Isocortex_22",271
"Isocortex","Cell_35237","Isocortex_23",381
"Isocortex","Cell_14836","Isocortex_22",271
"Isocortex","Cell_17908","Isocortex_22",271
"Isocortex","Cell_25613","Isocortex_23",381
"Isocortex","Cell_39090","Isocortex_22",271
"Isocortex","Cell_44728","Isocortex_22",271
"Isocortex","Cell_9416","Isocortex_22",271
"Isocortex","Cell_32574","Isocortex_23",381
"Isocortex","Cell_2275","Isocortex_22",271
"Isocortex","Cell_2528","Isocortex_23",381
"Isocortex","Cell_2825","Isocortex_22",271
"Isocortex","Cell_3221","Isocortex_22",271
"Isocortex","Cell_5356","Isocortex_22",271
"Isocortex","Cell_9693","Isocortex_22",271
"Isocortex","Cell_10572","Isocortex_22",271
"Isocortex","Cell_13062","Isocortex_22",271
"Isocortex","Cell_13870","Isocortex_23",381
"Isocortex","Cell_18200","Isocortex_22",271
"Isocortex","Cell_20920","Isocortex_23",381
"Isocortex","Cell_21717","Isocortex_22",271
"Isocortex","Cell_21990","Isocortex_22",271
"Isocortex","Cell_22185","Isocortex_22",271
"Isocortex","Cell_25990","Isocortex_22",271
"Isocortex","Cell_26227","Isocortex_22",271
"Isocortex","Cell_27296","Isocortex_23",381
"Isocortex","Cell_27708","Isocortex_23",381
"Isocortex","Cell_27793","Isocortex_22",271
"Isocortex","Cell_29898","Isocortex_22",271
"Isocortex","Cell_30519","Isocortex_22",271
"Isocortex","Cell_31980","Isocortex_22",271
"Isocortex","Cell_35422","Isocortex_23",381
"Isocortex","Cell_41465","Isocortex_23",381
"Isocortex","Cell_42397","Isocortex_22",271
"Isocortex","Cell_43621","Isocortex_23",381
"Isocortex","Cell_44343","Isocortex_22",271
"Isocortex","Cell_1366","Isocortex_22",271
"Isocortex","Cell_15719","Isocortex_23",381
"Isocortex","Cell_17387","Isocortex_23",381
"Isocortex","Cell_21109","Isocortex_22",271
"Isocortex","Cell_22244","Isocortex_22",271
"Isocortex","Cell_28637","Isocortex_22",271
"Isocortex","Cell_28868","Isocortex_23",381
"Isocortex","Cell_29435","Isocortex_22",271
"Isocortex","Cell_30650","Isocortex_22",271
"Isocortex","Cell_35072","Isocortex_22",271
"Isocortex","Cell_35325","Isocortex_22",271
"Isocortex","Cell_36515","Isocortex_22",271
"Isocortex","Cell_40104","Isocortex_22",271
"Isocortex","Cell_41493","Isocortex_22",271
"Isocortex","Cell_43562","Isocortex_22",271
"Isocortex","Cell_45142","Isocortex_22",271
"Isocortex","Cell_15403","Isocortex_22",271
"Isocortex","Cell_17896","Isocortex_22",271
"Isocortex","Cell_19799","Isocortex_22",271
"Isocortex","Cell_41124","Isocortex_22",271
"Isocortex","Cell_42150","Isocortex_23",381
"Isocortex","Cell_6880","Isocortex_22",271
"Isocortex","Cell_3135","Isocortex_22",271
"Isocortex","Cell_17418","Isocortex_22",271
"Isocortex","Cell_2907","Isocortex_22",271
"Isocortex","Cell_7962","Isocortex_22",271
"Isocortex","Cell_41180","Isocortex_22",271
"Isocortex","Cell_41703","Isocortex_22",271
"Isocortex","Cell_45009","Isocortex_22",271
"Isocortex","Cell_30897","Isocortex_22",271
"Isocortex","Cell_27556","Isocortex_22",271
"Isocortex","Cell_6806","Isocortex_23",381
"Isocortex","Cell_10447","Isocortex_24",328
"Isocortex","Cell_14447","Isocortex_24",328
"Isocortex","Cell_16951","Isocortex_23",381
"Isocortex","Cell_19080","Isocortex_24",328
"Isocortex","Cell_19772","Isocortex_24",328
"Isocortex","Cell_25272","Isocortex_23",381
"Isocortex","Cell_26531","Isocortex_24",328
"Isocortex","Cell_32041","Isocortex_23",381
"Isocortex","Cell_32064","Isocortex_24",328
"Isocortex","Cell_33374","Isocortex_24",328
"Isocortex","Cell_38830","Isocortex_24",328
"Isocortex","Cell_40549","Isocortex_24",328
"Isocortex","Cell_44078","Isocortex_24",328
"Isocortex","Cell_1556","Isocortex_24",328
"Isocortex","Cell_2394","Isocortex_24",328
"Isocortex","Cell_2446","Isocortex_24",328
"Isocortex","Cell_4656","Isocortex_13",607
"Isocortex","Cell_5117","Isocortex_24",328
"Isocortex","Cell_7533","Isocortex_23",381
"Isocortex","Cell_8825","Isocortex_24",328
"Isocortex","Cell_8939","Isocortex_13",607
"Isocortex","Cell_9308","Isocortex_13",607
"Isocortex","Cell_10648","Isocortex_24",328
"Isocortex","Cell_12592","Isocortex_13",607
"Isocortex","Cell_18646","Isocortex_24",328
"Isocortex","Cell_19073","Isocortex_24",328
"Isocortex","Cell_19909","Isocortex_24",328
"Isocortex","Cell_22395","Isocortex_13",607
"Isocortex","Cell_32772","Isocortex_13",607
"Isocortex","Cell_34396","Isocortex_24",328
"Isocortex","Cell_35534","Isocortex_24",328
"Isocortex","Cell_35819","Isocortex_13",607
"Isocortex","Cell_36457","Isocortex_24",328
"Isocortex","Cell_39566","Isocortex_24",328
"Isocortex","Cell_8909","Isocortex_24",328
"Isocortex","Cell_13059","Isocortex_24",328
"Isocortex","Cell_14870","Isocortex_24",328
"Isocortex","Cell_20891","Isocortex_24",328
"Isocortex","Cell_25894","Isocortex_24",328
"Isocortex","Cell_26562","Isocortex_24",328
"Isocortex","Cell_28588","Isocortex_24",328
"Isocortex","Cell_29376","Isocortex_13",607
"Isocortex","Cell_29963","Isocortex_24",328
"Isocortex","Cell_34935","Isocortex_24",328
"Isocortex","Cell_36097","Isocortex_24",328
"Isocortex","Cell_38071","Isocortex_24",328
"Isocortex","Cell_40452","Isocortex_24",328
"Isocortex","Cell_1595","Isocortex_24",328
"Isocortex","Cell_4643","Isocortex_13",607
"Isocortex","Cell_5172","Isocortex_24",328
"Isocortex","Cell_7066","Isocortex_13",607
"Isocortex","Cell_8114","Isocortex_24",328
"Isocortex","Cell_8154","Isocortex_24",328
"Isocortex","Cell_12819","Isocortex_23",381
"Isocortex","Cell_14586","Isocortex_13",607
"Isocortex","Cell_16130","Isocortex_24",328
"Isocortex","Cell_26659","Isocortex_13",607
"Isocortex","Cell_29841","Isocortex_24",328
"Isocortex","Cell_32756","Isocortex_13",607
"Isocortex","Cell_34562","Isocortex_24",328
"Isocortex","Cell_37625","Isocortex_24",328
"Isocortex","Cell_39296","Isocortex_23",381
"Isocortex","Cell_39281","Isocortex_24",328
"Isocortex","Cell_15006","Isocortex_24",328
"Isocortex","Cell_1251","Isocortex_24",328
"Isocortex","Cell_2064","Isocortex_23",381
"Isocortex","Cell_2885","Isocortex_24",328
"Isocortex","Cell_3700","Isocortex_13",607
"Isocortex","Cell_3738","Isocortex_13",607
"Isocortex","Cell_4204","Isocortex_13",607
"Isocortex","Cell_4604","Isocortex_13",607
"Isocortex","Cell_6068","Isocortex_23",381
"Isocortex","Cell_6374","Isocortex_24",328
"Isocortex","Cell_6492","Isocortex_13",607
"Isocortex","Cell_11373","Isocortex_24",328
"Isocortex","Cell_12597","Isocortex_23",381
"Isocortex","Cell_13340","Isocortex_23",381
"Isocortex","Cell_13897","Isocortex_13",607
"Isocortex","Cell_14790","Isocortex_24",328
"Isocortex","Cell_14914","Isocortex_13",607
"Isocortex","Cell_20792","Isocortex_24",328
"Isocortex","Cell_21983","Isocortex_13",607
"Isocortex","Cell_25903","Isocortex_24",328
"Isocortex","Cell_26093","Isocortex_13",607
"Isocortex","Cell_26587","Isocortex_24",328
"Isocortex","Cell_27122","Isocortex_13",607
"Isocortex","Cell_28778","Isocortex_23",381
"Isocortex","Cell_29497","Isocortex_13",607
"Isocortex","Cell_32521","Isocortex_24",328
"Isocortex","Cell_33242","Isocortex_13",607
"Isocortex","Cell_34290","Isocortex_23",381
"Isocortex","Cell_36547","Isocortex_23",381
"Isocortex","Cell_36969","Isocortex_23",381
"Isocortex","Cell_37385","Isocortex_24",328
"Isocortex","Cell_40745","Isocortex_13",607
"Isocortex","Cell_41653","Isocortex_13",607
"Isocortex","Cell_43953","Isocortex_24",328
"Isocortex","Cell_44155","Isocortex_24",328
"Isocortex","Cell_44549","Isocortex_23",381
"Isocortex","Cell_44589","Isocortex_13",607
"Isocortex","Cell_709","Isocortex_24",328
"Isocortex","Cell_879","Isocortex_13",607
"Isocortex","Cell_3785","Isocortex_23",381
"Isocortex","Cell_3982","Isocortex_24",328
"Isocortex","Cell_4167","Isocortex_24",328
"Isocortex","Cell_4207","Isocortex_13",607
"Isocortex","Cell_4394","Isocortex_24",328
"Isocortex","Cell_4801","Isocortex_24",328
"Isocortex","Cell_4965","Isocortex_13",607
"Isocortex","Cell_6561","Isocortex_24",328
"Isocortex","Cell_6732","Isocortex_24",328
"Isocortex","Cell_6829","Isocortex_23",381
"Isocortex","Cell_6977","Isocortex_24",328
"Isocortex","Cell_7300","Isocortex_13",607
"Isocortex","Cell_8743","Isocortex_13",607
"Isocortex","Cell_10764","Isocortex_24",328
"Isocortex","Cell_11339","Isocortex_23",381
"Isocortex","Cell_11411","Isocortex_24",328
"Isocortex","Cell_11868","Isocortex_24",328
"Isocortex","Cell_12878","Isocortex_24",328
"Isocortex","Cell_12904","Isocortex_13",607
"Isocortex","Cell_13378","Isocortex_13",607
"Isocortex","Cell_13994","Isocortex_23",381
"Isocortex","Cell_15269","Isocortex_24",328
"Isocortex","Cell_19149","Isocortex_13",607
"Isocortex","Cell_20319","Isocortex_23",381
"Isocortex","Cell_21482","Isocortex_13",607
"Isocortex","Cell_23316","Isocortex_13",607
"Isocortex","Cell_23771","Isocortex_24",328
"Isocortex","Cell_25555","Isocortex_24",328
"Isocortex","Cell_25712","Isocortex_24",328
"Isocortex","Cell_26142","Isocortex_13",607
"Isocortex","Cell_26432","Isocortex_13",607
"Isocortex","Cell_27582","Isocortex_24",328
"Isocortex","Cell_27733","Isocortex_24",328
"Isocortex","Cell_28500","Isocortex_13",607
"Isocortex","Cell_29450","Isocortex_13",607
"Isocortex","Cell_30363","Isocortex_23",381
"Isocortex","Cell_30465","Isocortex_24",328
"Isocortex","Cell_30993","Isocortex_24",328
"Isocortex","Cell_31290","Isocortex_13",607
"Isocortex","Cell_35601","Isocortex_23",381
"Isocortex","Cell_36214","Isocortex_13",607
"Isocortex","Cell_36735","Isocortex_24",328
"Isocortex","Cell_38538","Isocortex_24",328
"Isocortex","Cell_39933","Isocortex_24",328
"Isocortex","Cell_40339","Isocortex_13",607
"Isocortex","Cell_40908","Isocortex_24",328
"Isocortex","Cell_40988","Isocortex_23",381
"Isocortex","Cell_41245","Isocortex_24",328
"Isocortex","Cell_42467","Isocortex_24",328
"Isocortex","Cell_43665","Isocortex_23",381
"Isocortex","Cell_43733","Isocortex_23",381
"Isocortex","Cell_44309","Isocortex_24",328
"Isocortex","Cell_44731","Isocortex_13",607
"Isocortex","Cell_45148","Isocortex_13",607
"Isocortex","Cell_45248","Isocortex_24",328
"Isocortex","Cell_206","Isocortex_24",328
"Isocortex","Cell_1681","Isocortex_24",328
"Isocortex","Cell_2582","Isocortex_24",328
"Isocortex","Cell_2743","Isocortex_13",607
"Isocortex","Cell_4442","Isocortex_24",328
"Isocortex","Cell_4649","Isocortex_13",607
"Isocortex","Cell_5244","Isocortex_13",607
"Isocortex","Cell_5979","Isocortex_24",328
"Isocortex","Cell_6138","Isocortex_24",328
"Isocortex","Cell_7319","Isocortex_23",381
"Isocortex","Cell_8011","Isocortex_23",381
"Isocortex","Cell_8224","Isocortex_24",328
"Isocortex","Cell_8636","Isocortex_24",328
"Isocortex","Cell_8793","Isocortex_24",328
"Isocortex","Cell_8864","Isocortex_23",381
"Isocortex","Cell_9950","Isocortex_13",607
"Isocortex","Cell_10097","Isocortex_13",607
"Isocortex","Cell_10317","Isocortex_13",607
"Isocortex","Cell_10505","Isocortex_13",607
"Isocortex","Cell_12771","Isocortex_13",607
"Isocortex","Cell_13262","Isocortex_24",328
"Isocortex","Cell_14653","Isocortex_24",328
"Isocortex","Cell_14958","Isocortex_13",607
"Isocortex","Cell_15723","Isocortex_24",328
"Isocortex","Cell_16998","Isocortex_24",328
"Isocortex","Cell_17034","Isocortex_24",328
"Isocortex","Cell_17733","Isocortex_13",607
"Isocortex","Cell_18237","Isocortex_13",607
"Isocortex","Cell_18417","Isocortex_24",328
"Isocortex","Cell_18695","Isocortex_23",381
"Isocortex","Cell_19172","Isocortex_24",328
"Isocortex","Cell_19467","Isocortex_24",328
"Isocortex","Cell_19955","Isocortex_24",328
"Isocortex","Cell_22531","Isocortex_13",607
"Isocortex","Cell_22967","Isocortex_24",328
"Isocortex","Cell_24318","Isocortex_24",328
"Isocortex","Cell_24393","Isocortex_24",328
"Isocortex","Cell_24768","Isocortex_13",607
"Isocortex","Cell_24936","Isocortex_24",328
"Isocortex","Cell_26371","Isocortex_23",381
"Isocortex","Cell_27125","Isocortex_24",328
"Isocortex","Cell_29481","Isocortex_24",328
"Isocortex","Cell_29565","Isocortex_24",328
"Isocortex","Cell_30447","Isocortex_13",607
"Isocortex","Cell_31242","Isocortex_24",328
"Isocortex","Cell_32021","Isocortex_24",328
"Isocortex","Cell_32529","Isocortex_24",328
"Isocortex","Cell_33207","Isocortex_13",607
"Isocortex","Cell_35903","Isocortex_24",328
"Isocortex","Cell_37389","Isocortex_23",381
"Isocortex","Cell_38231","Isocortex_13",607
"Isocortex","Cell_38614","Isocortex_13",607
"Isocortex","Cell_41135","Isocortex_23",381
"Isocortex","Cell_41376","Isocortex_13",607
"Isocortex","Cell_41708","Isocortex_13",607
"Isocortex","Cell_42154","Isocortex_13",607
"Isocortex","Cell_42370","Isocortex_13",607
"Isocortex","Cell_43152","Isocortex_13",607
"Isocortex","Cell_43447","Isocortex_23",381
"Isocortex","Cell_43977","Isocortex_13",607
"Isocortex","Cell_44233","Isocortex_24",328
"Isocortex","Cell_44673","Isocortex_24",328
"Isocortex","Cell_4171","Isocortex_24",328
"Isocortex","Cell_18061","Isocortex_13",607
"Isocortex","Cell_31092","Isocortex_13",607
"Isocortex","Cell_3605","Isocortex_24",328
"Isocortex","Cell_9854","Isocortex_23",381
"Isocortex","Cell_10138","Isocortex_24",328
"Isocortex","Cell_11187","Isocortex_23",381
"Isocortex","Cell_20047","Isocortex_13",607
"Isocortex","Cell_21280","Isocortex_24",328
"Isocortex","Cell_22417","Isocortex_23",381
"Isocortex","Cell_24883","Isocortex_24",328
"Isocortex","Cell_27980","Isocortex_24",328
"Isocortex","Cell_29692","Isocortex_13",607
"Isocortex","Cell_30776","Isocortex_24",328
"Isocortex","Cell_35331","Isocortex_24",328
"Isocortex","Cell_41019","Isocortex_13",607
"Isocortex","Cell_43867","Isocortex_13",607
"Isocortex","Cell_45096","Isocortex_23",381
"Isocortex","Cell_5292","Isocortex_24",328
"Isocortex","Cell_10675","Isocortex_23",381
"Isocortex","Cell_33898","Isocortex_23",381
"Isocortex","Cell_9404","Isocortex_24",328
"Isocortex","Cell_43252","Isocortex_24",328
"Isocortex","Cell_869","Isocortex_23",381
"Isocortex","Cell_4002","Isocortex_24",328
"Isocortex","Cell_11026","Isocortex_23",381
"Isocortex","Cell_12598","Isocortex_23",381
"Isocortex","Cell_12718","Isocortex_24",328
"Isocortex","Cell_15934","Isocortex_24",328
"Isocortex","Cell_18641","Isocortex_13",607
"Isocortex","Cell_19466","Isocortex_23",381
"Isocortex","Cell_20879","Isocortex_24",328
"Isocortex","Cell_22296","Isocortex_23",381
"Isocortex","Cell_23079","Isocortex_24",328
"Isocortex","Cell_23202","Isocortex_24",328
"Isocortex","Cell_33025","Isocortex_13",607
"Isocortex","Cell_33499","Isocortex_13",607
"Isocortex","Cell_35582","Isocortex_13",607
"Isocortex","Cell_36460","Isocortex_24",328
"Isocortex","Cell_36634","Isocortex_23",381
"Isocortex","Cell_44715","Isocortex_23",381
"Isocortex","Cell_20557","Isocortex_24",328
"Isocortex","Cell_7797","Isocortex_13",607
"Isocortex","Cell_6192","Isocortex_24",328
"Isocortex","Cell_11210","Isocortex_13",607
"Isocortex","Cell_23902","Isocortex_23",381
"Isocortex","Cell_25323","Isocortex_23",381
"Isocortex","Cell_34099","Isocortex_24",328
"Isocortex","Cell_39342","Isocortex_24",328
"Isocortex","Cell_39862","Isocortex_13",607
"Isocortex","Cell_40465","Isocortex_13",607
"Isocortex","Cell_20086","Isocortex_24",328
"Isocortex","Cell_2686","Isocortex_23",381
"Isocortex","Cell_18842","Isocortex_23",381
"Isocortex","Cell_22526","Isocortex_24",328
"Isocortex","Cell_25949","Isocortex_13",607
"Isocortex","Cell_29575","Isocortex_13",607
"Isocortex","Cell_35178","Isocortex_23",381
"Isocortex","Cell_43072","Isocortex_23",381
"Isocortex","Cell_14127","Isocortex_23",381
"Isocortex","Cell_34896","Isocortex_24",328
"Isocortex","Cell_15301","Isocortex_23",381
"Isocortex","Cell_22188","Isocortex_23",381
"Isocortex","Cell_28036","Isocortex_23",381
"Isocortex","Cell_10676","Isocortex_25",223
"Isocortex","Cell_42349","Isocortex_25",223
"Isocortex","Cell_42897","Isocortex_25",223
"Isocortex","Cell_5972","Isocortex_25",223
"Isocortex","Cell_32569","Isocortex_26",90
"Isocortex","Cell_39880","Isocortex_25",223
"Isocortex","Cell_1640","Isocortex_25",223
"Isocortex","Cell_2560","Isocortex_26",90
"Isocortex","Cell_6343","Isocortex_25",223
"Isocortex","Cell_13408","Isocortex_25",223
"Isocortex","Cell_18027","Isocortex_25",223
"Isocortex","Cell_19302","Isocortex_25",223
"Isocortex","Cell_43539","Isocortex_25",223
"Isocortex","Cell_5771","Isocortex_25",223
"Isocortex","Cell_5807","Isocortex_25",223
"Isocortex","Cell_6107","Isocortex_25",223
"Isocortex","Cell_11399","Isocortex_25",223
"Isocortex","Cell_12816","Isocortex_25",223
"Isocortex","Cell_18227","Isocortex_25",223
"Isocortex","Cell_18863","Isocortex_25",223
"Isocortex","Cell_21610","Isocortex_25",223
"Isocortex","Cell_22330","Isocortex_25",223
"Isocortex","Cell_29638","Isocortex_25",223
"Isocortex","Cell_29807","Isocortex_25",223
"Isocortex","Cell_32842","Isocortex_26",90
"Isocortex","Cell_33837","Isocortex_25",223
"Isocortex","Cell_40763","Isocortex_25",223
"Isocortex","Cell_43765","Isocortex_25",223
"Isocortex","Cell_44961","Isocortex_25",223
"Isocortex","Cell_1247","Isocortex_25",223
"Isocortex","Cell_3462","Isocortex_25",223
"Isocortex","Cell_7113","Isocortex_25",223
"Isocortex","Cell_7838","Isocortex_25",223
"Isocortex","Cell_7906","Isocortex_25",223
"Isocortex","Cell_9978","Isocortex_25",223
"Isocortex","Cell_15455","Isocortex_25",223
"Isocortex","Cell_30472","Isocortex_25",223
"Isocortex","Cell_33566","Isocortex_25",223
"Isocortex","Cell_37888","Isocortex_25",223
"Isocortex","Cell_38129","Isocortex_25",223
"Isocortex","Cell_38778","Isocortex_25",223
"Isocortex","Cell_658","Isocortex_25",223
"Isocortex","Cell_2678","Isocortex_25",223
"Isocortex","Cell_2878","Isocortex_25",223
"Isocortex","Cell_3530","Isocortex_25",223
"Isocortex","Cell_3698","Isocortex_25",223
"Isocortex","Cell_3730","Isocortex_25",223
"Isocortex","Cell_4444","Isocortex_25",223
"Isocortex","Cell_4600","Isocortex_25",223
"Isocortex","Cell_6213","Isocortex_25",223
"Isocortex","Cell_6863","Isocortex_25",223
"Isocortex","Cell_8179","Isocortex_25",223
"Isocortex","Cell_8937","Isocortex_25",223
"Isocortex","Cell_9064","Isocortex_25",223
"Isocortex","Cell_9080","Isocortex_25",223
"Isocortex","Cell_9405","Isocortex_25",223
"Isocortex","Cell_9522","Isocortex_25",223
"Isocortex","Cell_9593","Isocortex_25",223
"Isocortex","Cell_9838","Isocortex_25",223
"Isocortex","Cell_10193","Isocortex_25",223
"Isocortex","Cell_10282","Isocortex_25",223
"Isocortex","Cell_10950","Isocortex_25",223
"Isocortex","Cell_11926","Isocortex_25",223
"Isocortex","Cell_13175","Isocortex_25",223
"Isocortex","Cell_13921","Isocortex_25",223
"Isocortex","Cell_14464","Isocortex_25",223
"Isocortex","Cell_14505","Isocortex_25",223
"Isocortex","Cell_14670","Isocortex_25",223
"Isocortex","Cell_14691","Isocortex_25",223
"Isocortex","Cell_14703","Isocortex_25",223
"Isocortex","Cell_15582","Isocortex_25",223
"Isocortex","Cell_15637","Isocortex_25",223
"Isocortex","Cell_16208","Isocortex_25",223
"Isocortex","Cell_16329","Isocortex_25",223
"Isocortex","Cell_16907","Isocortex_25",223
"Isocortex","Cell_17384","Isocortex_25",223
"Isocortex","Cell_18475","Isocortex_25",223
"Isocortex","Cell_19254","Isocortex_25",223
"Isocortex","Cell_20545","Isocortex_25",223
"Isocortex","Cell_20955","Isocortex_25",223
"Isocortex","Cell_21615","Isocortex_25",223
"Isocortex","Cell_21832","Isocortex_25",223
"Isocortex","Cell_22362","Isocortex_25",223
"Isocortex","Cell_24439","Isocortex_25",223
"Isocortex","Cell_24606","Isocortex_25",223
"Isocortex","Cell_25302","Isocortex_25",223
"Isocortex","Cell_27200","Isocortex_25",223
"Isocortex","Cell_27306","Isocortex_25",223
"Isocortex","Cell_27486","Isocortex_25",223
"Isocortex","Cell_28168","Isocortex_25",223
"Isocortex","Cell_28734","Isocortex_25",223
"Isocortex","Cell_29301","Isocortex_25",223
"Isocortex","Cell_31009","Isocortex_25",223
"Isocortex","Cell_31269","Isocortex_25",223
"Isocortex","Cell_32046","Isocortex_25",223
"Isocortex","Cell_32289","Isocortex_25",223
"Isocortex","Cell_32416","Isocortex_25",223
"Isocortex","Cell_33263","Isocortex_25",223
"Isocortex","Cell_34355","Isocortex_25",223
"Isocortex","Cell_34373","Isocortex_25",223
"Isocortex","Cell_34408","Isocortex_25",223
"Isocortex","Cell_35284","Isocortex_25",223
"Isocortex","Cell_36019","Isocortex_25",223
"Isocortex","Cell_36715","Isocortex_25",223
"Isocortex","Cell_37557","Isocortex_25",223
"Isocortex","Cell_38341","Isocortex_25",223
"Isocortex","Cell_38560","Isocortex_25",223
"Isocortex","Cell_38605","Isocortex_25",223
"Isocortex","Cell_38975","Isocortex_25",223
"Isocortex","Cell_39245","Isocortex_25",223
"Isocortex","Cell_39860","Isocortex_25",223
"Isocortex","Cell_40550","Isocortex_25",223
"Isocortex","Cell_41743","Isocortex_25",223
"Isocortex","Cell_41983","Isocortex_25",223
"Isocortex","Cell_42754","Isocortex_25",223
"Isocortex","Cell_42942","Isocortex_25",223
"Isocortex","Cell_42987","Isocortex_25",223
"Isocortex","Cell_43519","Isocortex_25",223
"Isocortex","Cell_44291","Isocortex_25",223
"Isocortex","Cell_5604","Isocortex_25",223
"Isocortex","Cell_7843","Isocortex_25",223
"Isocortex","Cell_8851","Isocortex_25",223
"Isocortex","Cell_13688","Isocortex_26",90
"Isocortex","Cell_26144","Isocortex_25",223
"Isocortex","Cell_28905","Isocortex_25",223
"Isocortex","Cell_34478","Isocortex_26",90
"Isocortex","Cell_37161","Isocortex_25",223
"Isocortex","Cell_44347","Isocortex_25",223
"Isocortex","Cell_14224","Isocortex_25",223
"Isocortex","Cell_5890","Isocortex_25",223
"Isocortex","Cell_8857","Isocortex_25",223
"Isocortex","Cell_14204","Isocortex_25",223
"Isocortex","Cell_17145","Isocortex_25",223
"Isocortex","Cell_18584","Isocortex_25",223
"Isocortex","Cell_19251","Isocortex_25",223
"Isocortex","Cell_39843","Isocortex_25",223
"Isocortex","Cell_42668","Isocortex_25",223
"Isocortex","Cell_7093","Isocortex_25",223
"Isocortex","Cell_9922","Isocortex_25",223
"Isocortex","Cell_15795","Isocortex_25",223
"Isocortex","Cell_16354","Isocortex_25",223
"Isocortex","Cell_23339","Isocortex_25",223
"Isocortex","Cell_38797","Isocortex_25",223
"Isocortex","Cell_41843","Isocortex_25",223
"Isocortex","Cell_21141","Isocortex_25",223
"Isocortex","Cell_5686","Isocortex_25",223
"Isocortex","Cell_9548","Isocortex_25",223
"Isocortex","Cell_39136","Isocortex_25",223
"Isocortex","Cell_2981","Isocortex_25",223
"Isocortex","Cell_6373","Isocortex_25",223
"Isocortex","Cell_11324","Isocortex_25",223
"Isocortex","Cell_20798","Isocortex_25",223
"Isocortex","Cell_21500","Isocortex_25",223
"Isocortex","Cell_27135","Isocortex_25",223
"Isocortex","Cell_12869","Isocortex_25",223
"Isocortex","Cell_11994","Isocortex_25",223
"Isocortex","Cell_13227","Isocortex_25",223
"Isocortex","Cell_28923","Isocortex_25",223
"Isocortex","Cell_44073","Isocortex_25",223
"Isocortex","Cell_9334","Isocortex_25",223
"Isocortex","Cell_31332","Isocortex_25",223
"Isocortex","Cell_42795","Isocortex_25",223
"Isocortex","Cell_21918","Isocortex_25",223
"Isocortex","Cell_10711","Isocortex_26",90
"Isocortex","Cell_19453","Isocortex_26",90
"Isocortex","Cell_15964","Isocortex_26",90
"Isocortex","Cell_26939","Isocortex_26",90
"Isocortex","Cell_31234","Isocortex_26",90
"Isocortex","Cell_790","Isocortex_26",90
"Isocortex","Cell_20275","Isocortex_26",90
"Isocortex","Cell_25966","Isocortex_26",90
"Isocortex","Cell_43900","Isocortex_26",90
"Isocortex","Cell_3765","Isocortex_26",90
"Isocortex","Cell_9786","Isocortex_26",90
"Isocortex","Cell_14296","Isocortex_26",90
"Isocortex","Cell_16489","Isocortex_18",253
"Isocortex","Cell_16511","Isocortex_26",90
"Isocortex","Cell_16552","Isocortex_26",90
"Isocortex","Cell_17798","Isocortex_26",90
"Isocortex","Cell_22420","Isocortex_26",90
"Isocortex","Cell_25389","Isocortex_26",90
"Isocortex","Cell_25445","Isocortex_26",90
"Isocortex","Cell_26741","Isocortex_26",90
"Isocortex","Cell_27114","Isocortex_26",90
"Isocortex","Cell_30782","Isocortex_26",90
"Isocortex","Cell_36306","Isocortex_26",90
"Isocortex","Cell_38390","Isocortex_27",72
"Isocortex","Cell_38948","Isocortex_26",90
"Isocortex","Cell_39935","Isocortex_26",90
"Isocortex","Cell_40422","Isocortex_26",90
"Isocortex","Cell_40653","Isocortex_26",90
"Isocortex","Cell_41006","Isocortex_26",90
"Isocortex","Cell_3573","Isocortex_26",90
"Isocortex","Cell_7656","Isocortex_26",90
"Isocortex","Cell_25411","Isocortex_26",90
"Isocortex","Cell_26497","Isocortex_26",90
"Isocortex","Cell_33974","Isocortex_26",90
"Isocortex","Cell_10477","Isocortex_26",90
"Isocortex","Cell_2329","Isocortex_26",90
"Isocortex","Cell_19174","Isocortex_26",90
"Isocortex","Cell_22052","Isocortex_26",90
"Isocortex","Cell_25458","Isocortex_26",90
"Isocortex","Cell_14342","Isocortex_26",90
"Isocortex","Cell_24083","Isocortex_26",90
"Isocortex","Cell_32703","Isocortex_26",90
"Isocortex","Cell_25836","Isocortex_26",90
"Isocortex","Cell_2662","Isocortex_26",90
"Isocortex","Cell_4824","Isocortex_26",90
"Isocortex","Cell_12884","Isocortex_26",90
"Isocortex","Cell_37001","Isocortex_26",90
"Isocortex","Cell_37400","Isocortex_26",90
"Isocortex","Cell_753","Isocortex_26",90
"Isocortex","Cell_14967","Isocortex_26",90
"Isocortex","Cell_33161","Isocortex_26",90
"Isocortex","Cell_36649","Isocortex_26",90
"Isocortex","Cell_24848","Isocortex_25",223
"Isocortex","Cell_31491","Isocortex_25",223
"Isocortex","Cell_41074","Isocortex_26",90
"Isocortex","Cell_7060","Isocortex_26",90
"Isocortex","Cell_13023","Isocortex_25",223
"Isocortex","Cell_14811","Isocortex_26",90
"Isocortex","Cell_26246","Isocortex_25",223
"Isocortex","Cell_36139","Isocortex_26",90
"Isocortex","Cell_4647","Isocortex_26",90
"Isocortex","Cell_8076","Isocortex_25",223
"Isocortex","Cell_14076","Isocortex_26",90
"Isocortex","Cell_17167","Isocortex_26",90
"Isocortex","Cell_21214","Isocortex_26",90
"Isocortex","Cell_21215","Isocortex_26",90
"Isocortex","Cell_23541","Isocortex_25",223
"Isocortex","Cell_24160","Isocortex_25",223
"Isocortex","Cell_24551","Isocortex_26",90
"Isocortex","Cell_25534","Isocortex_26",90
"Isocortex","Cell_26627","Isocortex_25",223
"Isocortex","Cell_28244","Isocortex_25",223
"Isocortex","Cell_28969","Isocortex_26",90
"Isocortex","Cell_30000","Isocortex_25",223
"Isocortex","Cell_36516","Isocortex_25",223
"Isocortex","Cell_38342","Isocortex_26",90
"Isocortex","Cell_39316","Isocortex_25",223
"Isocortex","Cell_40003","Isocortex_25",223
"Isocortex","Cell_42873","Isocortex_26",90
"Isocortex","Cell_36732","Isocortex_26",90
"Isocortex","Cell_37800","Isocortex_25",223
"Isocortex","Cell_7135","Isocortex_25",223
"Isocortex","Cell_11507","Isocortex_26",90
"Isocortex","Cell_14453","Isocortex_26",90
"Isocortex","Cell_31438","Isocortex_25",223
"Isocortex","Cell_35260","Isocortex_25",223
"Isocortex","Cell_29463","Isocortex_26",90
"Isocortex","Cell_559","Isocortex_26",90
"Isocortex","Cell_5556","Isocortex_25",223
"Isocortex","Cell_30795","Isocortex_26",90
"Isocortex","Cell_18851","Isocortex_25",223
"Isocortex","Cell_466","Isocortex_25",223
"Isocortex","Cell_35765","Isocortex_25",223
"Isocortex","Cell_36016","Isocortex_26",90
"Isocortex","Cell_36615","Isocortex_25",223
"Isocortex","Cell_38633","Isocortex_25",223
"Isocortex","Cell_43029","Isocortex_25",223
"Isocortex","Cell_24123","Isocortex_25",223
"Isocortex","Cell_32284","Isocortex_25",223
"Isocortex","Cell_6163","Isocortex_25",223
"Isocortex","Cell_11193","Isocortex_22",271
"Isocortex","Cell_24184","Isocortex_22",271
"Isocortex","Cell_20570","Isocortex_22",271
"Isocortex","Cell_27530","Isocortex_23",381
"Isocortex","Cell_28573","Isocortex_22",271
"Isocortex","Cell_28501","Isocortex_22",271
"Isocortex","Cell_10356","Isocortex_22",271
"Isocortex","Cell_11484","Isocortex_22",271
"Isocortex","Cell_13783","Isocortex_22",271
"Isocortex","Cell_17792","Isocortex_23",381
"Isocortex","Cell_20587","Isocortex_22",271
"Isocortex","Cell_21434","Isocortex_22",271
"Isocortex","Cell_21927","Isocortex_22",271
"Isocortex","Cell_22740","Isocortex_23",381
"Isocortex","Cell_25423","Isocortex_22",271
"Isocortex","Cell_33023","Isocortex_22",271
"Isocortex","Cell_38688","Isocortex_23",381
"Isocortex","Cell_40165","Isocortex_22",271
"Isocortex","Cell_40472","Isocortex_22",271
"Isocortex","Cell_40905","Isocortex_23",381
"Isocortex","Cell_43984","Isocortex_23",381
"Isocortex","Cell_23171","Isocortex_22",271
"Isocortex","Cell_5211","Isocortex_22",271
"Isocortex","Cell_6810","Isocortex_22",271
"Isocortex","Cell_19677","Isocortex_23",381
"Isocortex","Cell_23352","Isocortex_23",381
"Isocortex","Cell_29703","Isocortex_22",271
"Isocortex","Cell_33975","Isocortex_22",271
"Isocortex","Cell_37093","Isocortex_22",271
"Isocortex","Cell_8412","Isocortex_23",381
"Isocortex","Cell_31308","Isocortex_23",381
"Isocortex","Cell_34580","Isocortex_23",381
"Isocortex","Cell_25393","Isocortex_22",271
"Isocortex","Cell_36212","Isocortex_22",271
"Isocortex","Cell_2954","Isocortex_22",271
"Isocortex","Cell_31011","Isocortex_23",381
"Isocortex","Cell_12456","Isocortex_6",432
"Isocortex","Cell_1354","Isocortex_6",432
"Isocortex","Cell_13240","Isocortex_6",432
"Isocortex","Cell_9630","Isocortex_6",432
"Isocortex","Cell_19055","Isocortex_6",432
"Isocortex","Cell_22476","Isocortex_17",256
"Isocortex","Cell_32532","Isocortex_6",432
"Isocortex","Cell_2271","Isocortex_6",432
"Isocortex","Cell_4175","Isocortex_6",432
"Isocortex","Cell_8347","Isocortex_6",432
"Isocortex","Cell_10168","Isocortex_17",256
"Isocortex","Cell_10313","Isocortex_6",432
"Isocortex","Cell_12395","Isocortex_6",432
"Isocortex","Cell_16395","Isocortex_6",432
"Isocortex","Cell_17178","Isocortex_6",432
"Isocortex","Cell_22782","Isocortex_6",432
"Isocortex","Cell_26534","Isocortex_6",432
"Isocortex","Cell_29934","Isocortex_6",432
"Isocortex","Cell_30722","Isocortex_6",432
"Isocortex","Cell_31805","Isocortex_6",432
"Isocortex","Cell_32767","Isocortex_6",432
"Isocortex","Cell_33850","Isocortex_6",432
"Isocortex","Cell_34586","Isocortex_6",432
"Isocortex","Cell_34821","Isocortex_6",432
"Isocortex","Cell_38350","Isocortex_6",432
"Isocortex","Cell_39077","Isocortex_6",432
"Isocortex","Cell_39897","Isocortex_6",432
"Isocortex","Cell_43094","Isocortex_6",432
"Isocortex","Cell_768","Isocortex_6",432
"Isocortex","Cell_1821","Isocortex_18",253
"Isocortex","Cell_5893","Isocortex_6",432
"Isocortex","Cell_6142","Isocortex_6",432
"Isocortex","Cell_9145","Isocortex_6",432
"Isocortex","Cell_9888","Isocortex_6",432
"Isocortex","Cell_14947","Isocortex_6",432
"Isocortex","Cell_16664","Isocortex_6",432
"Isocortex","Cell_17269","Isocortex_6",432
"Isocortex","Cell_17452","Isocortex_17",256
"Isocortex","Cell_18371","Isocortex_6",432
"Isocortex","Cell_19541","Isocortex_6",432
"Isocortex","Cell_22369","Isocortex_6",432
"Isocortex","Cell_24138","Isocortex_6",432
"Isocortex","Cell_24767","Isocortex_6",432
"Isocortex","Cell_25525","Isocortex_6",432
"Isocortex","Cell_26738","Isocortex_6",432
"Isocortex","Cell_27480","Isocortex_6",432
"Isocortex","Cell_28128","Isocortex_6",432
"Isocortex","Cell_33179","Isocortex_6",432
"Isocortex","Cell_36987","Isocortex_17",256
"Isocortex","Cell_44282","Isocortex_6",432
"Isocortex","Cell_150","Isocortex_6",432
"Isocortex","Cell_698","Isocortex_6",432
"Isocortex","Cell_1529","Isocortex_17",256
"Isocortex","Cell_1873","Isocortex_6",432
"Isocortex","Cell_3231","Isocortex_6",432
"Isocortex","Cell_10102","Isocortex_6",432
"Isocortex","Cell_10133","Isocortex_6",432
"Isocortex","Cell_10556","Isocortex_6",432
"Isocortex","Cell_16618","Isocortex_6",432
"Isocortex","Cell_17617","Isocortex_6",432
"Isocortex","Cell_18081","Isocortex_6",432
"Isocortex","Cell_19259","Isocortex_6",432
"Isocortex","Cell_21445","Isocortex_6",432
"Isocortex","Cell_21952","Isocortex_6",432
"Isocortex","Cell_22536","Isocortex_6",432
"Isocortex","Cell_24325","Isocortex_6",432
"Isocortex","Cell_25546","Isocortex_6",432
"Isocortex","Cell_27144","Isocortex_6",432
"Isocortex","Cell_27327","Isocortex_6",432
"Isocortex","Cell_27707","Isocortex_6",432
"Isocortex","Cell_28752","Isocortex_6",432
"Isocortex","Cell_29735","Isocortex_6",432
"Isocortex","Cell_29926","Isocortex_6",432
"Isocortex","Cell_30772","Isocortex_6",432
"Isocortex","Cell_32329","Isocortex_6",432
"Isocortex","Cell_33392","Isocortex_6",432
"Isocortex","Cell_33678","Isocortex_6",432
"Isocortex","Cell_34110","Isocortex_6",432
"Isocortex","Cell_35294","Isocortex_6",432
"Isocortex","Cell_37269","Isocortex_6",432
"Isocortex","Cell_38421","Isocortex_6",432
"Isocortex","Cell_40336","Isocortex_6",432
"Isocortex","Cell_41183","Isocortex_17",256
"Isocortex","Cell_41224","Isocortex_6",432
"Isocortex","Cell_42435","Isocortex_6",432
"Isocortex","Cell_44630","Isocortex_6",432
"Isocortex","Cell_44707","Isocortex_6",432
"Isocortex","Cell_1748","Isocortex_6",432
"Isocortex","Cell_7398","Isocortex_6",432
"Isocortex","Cell_10364","Isocortex_6",432
"Isocortex","Cell_14240","Isocortex_6",432
"Isocortex","Cell_20140","Isocortex_6",432
"Isocortex","Cell_20287","Isocortex_6",432
"Isocortex","Cell_35460","Isocortex_6",432
"Isocortex","Cell_41379","Isocortex_6",432
"Isocortex","Cell_45018","Isocortex_6",432
"Isocortex","Cell_2","Isocortex_6",432
"Isocortex","Cell_4083","Isocortex_6",432
"Isocortex","Cell_4168","Isocortex_6",432
"Isocortex","Cell_4935","Isocortex_6",432
"Isocortex","Cell_5397","Isocortex_17",256
"Isocortex","Cell_6085","Isocortex_6",432
"Isocortex","Cell_7736","Isocortex_6",432
"Isocortex","Cell_7905","Isocortex_6",432
"Isocortex","Cell_15593","Isocortex_6",432
"Isocortex","Cell_16136","Isocortex_6",432
"Isocortex","Cell_16498","Isocortex_6",432
"Isocortex","Cell_17276","Isocortex_6",432
"Isocortex","Cell_18190","Isocortex_6",432
"Isocortex","Cell_18597","Isocortex_6",432
"Isocortex","Cell_19445","Isocortex_6",432
"Isocortex","Cell_20479","Isocortex_6",432
"Isocortex","Cell_22354","Isocortex_6",432
"Isocortex","Cell_23988","Isocortex_6",432
"Isocortex","Cell_24577","Isocortex_6",432
"Isocortex","Cell_24721","Isocortex_6",432
"Isocortex","Cell_32230","Isocortex_6",432
"Isocortex","Cell_32672","Isocortex_6",432
"Isocortex","Cell_32720","Isocortex_6",432
"Isocortex","Cell_33044","Isocortex_6",432
"Isocortex","Cell_34103","Isocortex_6",432
"Isocortex","Cell_34587","Isocortex_6",432
"Isocortex","Cell_34758","Isocortex_6",432
"Isocortex","Cell_36799","Isocortex_6",432
"Isocortex","Cell_38827","Isocortex_6",432
"Isocortex","Cell_40089","Isocortex_6",432
"Isocortex","Cell_42645","Isocortex_6",432
"Isocortex","Cell_42945","Isocortex_6",432
"Isocortex","Cell_43789","Isocortex_6",432
"Isocortex","Cell_44465","Isocortex_6",432
"Isocortex","Cell_44965","Isocortex_6",432
"Isocortex","Cell_29805","Isocortex_6",432
"Isocortex","Cell_36114","Isocortex_6",432
"Isocortex","Cell_1382","Isocortex_6",432
"Isocortex","Cell_2960","Isocortex_6",432
"Isocortex","Cell_4773","Isocortex_6",432
"Isocortex","Cell_6246","Isocortex_6",432
"Isocortex","Cell_10783","Isocortex_6",432
"Isocortex","Cell_16179","Isocortex_6",432
"Isocortex","Cell_19936","Isocortex_6",432
"Isocortex","Cell_21635","Isocortex_6",432
"Isocortex","Cell_23697","Isocortex_6",432
"Isocortex","Cell_25421","Isocortex_6",432
"Isocortex","Cell_27797","Isocortex_6",432
"Isocortex","Cell_27821","Isocortex_6",432
"Isocortex","Cell_28961","Isocortex_6",432
"Isocortex","Cell_32439","Isocortex_6",432
"Isocortex","Cell_35999","Isocortex_6",432
"Isocortex","Cell_37897","Isocortex_6",432
"Isocortex","Cell_40454","Isocortex_6",432
"Isocortex","Cell_41196","Isocortex_6",432
"Isocortex","Cell_42545","Isocortex_6",432
"Isocortex","Cell_22571","Isocortex_6",432
"Isocortex","Cell_33426","Isocortex_6",432
"Isocortex","Cell_354","Isocortex_6",432
"Isocortex","Cell_3146","Isocortex_6",432
"Isocortex","Cell_11103","Isocortex_6",432
"Isocortex","Cell_17105","Isocortex_6",432
"Isocortex","Cell_19734","Isocortex_6",432
"Isocortex","Cell_20256","Isocortex_6",432
"Isocortex","Cell_25349","Isocortex_6",432
"Isocortex","Cell_26319","Isocortex_6",432
"Isocortex","Cell_33906","Isocortex_6",432
"Isocortex","Cell_41833","Isocortex_6",432
"Isocortex","Cell_43494","Isocortex_6",432
"Isocortex","Cell_44275","Isocortex_6",432
"Isocortex","Cell_11505","Isocortex_6",432
"Isocortex","Cell_12155","Isocortex_6",432
"Isocortex","Cell_16949","Isocortex_6",432
"Isocortex","Cell_18023","Isocortex_6",432
"Isocortex","Cell_38525","Isocortex_6",432
"Isocortex","Cell_39102","Isocortex_6",432
"Isocortex","Cell_45110","Isocortex_6",432
"Isocortex","Cell_787","Isocortex_6",432
"Isocortex","Cell_16774","Isocortex_6",432
"Isocortex","Cell_44041","Isocortex_6",432
"Isocortex","Cell_17909","Isocortex_6",432
"Isocortex","Cell_35960","Isocortex_6",432
"Isocortex","Cell_36377","Isocortex_6",432
"Isocortex","Cell_40146","Isocortex_6",432
"Isocortex","Cell_7112","Isocortex_6",432
"Isocortex","Cell_427","Isocortex_6",432
"Isocortex","Cell_7704","Isocortex_6",432
"Isocortex","Cell_9521","Isocortex_6",432
"Isocortex","Cell_11113","Isocortex_6",432
"Isocortex","Cell_17832","Isocortex_6",432
"Isocortex","Cell_44746","Isocortex_6",432
"Isocortex","Cell_13880","Isocortex_4",272
"Isocortex","Cell_14665","Isocortex_19",511
"Isocortex","Cell_17486","Isocortex_19",511
"Isocortex","Cell_21259","Isocortex_4",272
"Isocortex","Cell_22382","Isocortex_19",511
"Isocortex","Cell_32730","Isocortex_21",232
"Isocortex","Cell_33446","Isocortex_10",373
"Isocortex","Cell_20006","Isocortex_19",511
"Isocortex","Cell_39390","Isocortex_4",272
"Isocortex","Cell_9537","Isocortex_19",511
"Isocortex","Cell_10757","Isocortex_19",511
"Isocortex","Cell_11177","Isocortex_19",511
"Isocortex","Cell_11256","Isocortex_19",511
"Isocortex","Cell_11587","Isocortex_19",511
"Isocortex","Cell_14654","Isocortex_19",511
"Isocortex","Cell_17120","Isocortex_21",232
"Isocortex","Cell_20899","Isocortex_19",511
"Isocortex","Cell_21931","Isocortex_21",232
"Isocortex","Cell_23307","Isocortex_19",511
"Isocortex","Cell_23835","Isocortex_19",511
"Isocortex","Cell_24088","Isocortex_21",232
"Isocortex","Cell_27058","Isocortex_10",373
"Isocortex","Cell_29392","Isocortex_21",232
"Isocortex","Cell_33922","Isocortex_19",511
"Isocortex","Cell_35026","Isocortex_21",232
"Isocortex","Cell_38733","Isocortex_19",511
"Isocortex","Cell_39329","Isocortex_21",232
"Isocortex","Cell_42769","Isocortex_21",232
"Isocortex","Cell_43699","Isocortex_21",232
"Isocortex","Cell_10385","Isocortex_19",511
"Isocortex","Cell_12648","Isocortex_10",373
"Isocortex","Cell_21296","Isocortex_19",511
"Isocortex","Cell_25986","Isocortex_10",373
"Isocortex","Cell_27948","Isocortex_10",373
"Isocortex","Cell_29118","Isocortex_19",511
"Isocortex","Cell_34528","Isocortex_21",232
"Isocortex","Cell_600","Isocortex_19",511
"Isocortex","Cell_11999","Isocortex_19",511
"Isocortex","Cell_26806","Isocortex_10",373
"Isocortex","Cell_2347","Isocortex_19",511
"Isocortex","Cell_5460","Isocortex_10",373
"Isocortex","Cell_7324","Isocortex_19",511
"Isocortex","Cell_9866","Isocortex_19",511
"Isocortex","Cell_13388","Isocortex_21",232
"Isocortex","Cell_13713","Isocortex_19",511
"Isocortex","Cell_14299","Isocortex_19",511
"Isocortex","Cell_14814","Isocortex_19",511
"Isocortex","Cell_15214","Isocortex_19",511
"Isocortex","Cell_15517","Isocortex_21",232
"Isocortex","Cell_15714","Isocortex_19",511
"Isocortex","Cell_18064","Isocortex_4",272
"Isocortex","Cell_22308","Isocortex_21",232
"Isocortex","Cell_23934","Isocortex_19",511
"Isocortex","Cell_24017","Isocortex_4",272
"Isocortex","Cell_25025","Isocortex_19",511
"Isocortex","Cell_25179","Isocortex_4",272
"Isocortex","Cell_27286","Isocortex_19",511
"Isocortex","Cell_28912","Isocortex_21",232
"Isocortex","Cell_32072","Isocortex_21",232
"Isocortex","Cell_33298","Isocortex_10",373
"Isocortex","Cell_35535","Isocortex_19",511
"Isocortex","Cell_38528","Isocortex_19",511
"Isocortex","Cell_42775","Isocortex_4",272
"Isocortex","Cell_43356","Isocortex_19",511
"Isocortex","Cell_43360","Isocortex_21",232
"Isocortex","Cell_1248","Isocortex_21",232
"Isocortex","Cell_1465","Isocortex_19",511
"Isocortex","Cell_1645","Isocortex_10",373
"Isocortex","Cell_2116","Isocortex_19",511
"Isocortex","Cell_2454","Isocortex_10",373
"Isocortex","Cell_3154","Isocortex_10",373
"Isocortex","Cell_3669","Isocortex_19",511
"Isocortex","Cell_7507","Isocortex_4",272
"Isocortex","Cell_8718","Isocortex_21",232
"Isocortex","Cell_9892","Isocortex_21",232
"Isocortex","Cell_10608","Isocortex_21",232
"Isocortex","Cell_11770","Isocortex_19",511
"Isocortex","Cell_12153","Isocortex_19",511
"Isocortex","Cell_14325","Isocortex_19",511
"Isocortex","Cell_14850","Isocortex_10",373
"Isocortex","Cell_16688","Isocortex_21",232
"Isocortex","Cell_17171","Isocortex_10",373
"Isocortex","Cell_17345","Isocortex_19",511
"Isocortex","Cell_19463","Isocortex_19",511
"Isocortex","Cell_19727","Isocortex_19",511
"Isocortex","Cell_20127","Isocortex_19",511
"Isocortex","Cell_20767","Isocortex_19",511
"Isocortex","Cell_20774","Isocortex_19",511
"Isocortex","Cell_21513","Isocortex_21",232
"Isocortex","Cell_21750","Isocortex_4",272
"Isocortex","Cell_22127","Isocortex_21",232
"Isocortex","Cell_23804","Isocortex_19",511
"Isocortex","Cell_24056","Isocortex_10",373
"Isocortex","Cell_24988","Isocortex_21",232
"Isocortex","Cell_26248","Isocortex_19",511
"Isocortex","Cell_26372","Isocortex_21",232
"Isocortex","Cell_26389","Isocortex_19",511
"Isocortex","Cell_26502","Isocortex_4",272
"Isocortex","Cell_26699","Isocortex_21",232
"Isocortex","Cell_26775","Isocortex_19",511
"Isocortex","Cell_27603","Isocortex_10",373
"Isocortex","Cell_27605","Isocortex_19",511
"Isocortex","Cell_28051","Isocortex_19",511
"Isocortex","Cell_28438","Isocortex_19",511
"Isocortex","Cell_30216","Isocortex_19",511
"Isocortex","Cell_30436","Isocortex_19",511
"Isocortex","Cell_32413","Isocortex_10",373
"Isocortex","Cell_32944","Isocortex_21",232
"Isocortex","Cell_33208","Isocortex_21",232
"Isocortex","Cell_33355","Isocortex_10",373
"Isocortex","Cell_34235","Isocortex_21",232
"Isocortex","Cell_34242","Isocortex_19",511
"Isocortex","Cell_34910","Isocortex_19",511
"Isocortex","Cell_35127","Isocortex_19",511
"Isocortex","Cell_35559","Isocortex_21",232
"Isocortex","Cell_35650","Isocortex_21",232
"Isocortex","Cell_37402","Isocortex_4",272
"Isocortex","Cell_39532","Isocortex_21",232
"Isocortex","Cell_39861","Isocortex_19",511
"Isocortex","Cell_41072","Isocortex_19",511
"Isocortex","Cell_42453","Isocortex_19",511
"Isocortex","Cell_42944","Isocortex_21",232
"Isocortex","Cell_74","Isocortex_21",232
"Isocortex","Cell_101","Isocortex_21",232
"Isocortex","Cell_207","Isocortex_21",232
"Isocortex","Cell_738","Isocortex_19",511
"Isocortex","Cell_983","Isocortex_10",373
"Isocortex","Cell_1211","Isocortex_21",232
"Isocortex","Cell_1712","Isocortex_19",511
"Isocortex","Cell_1911","Isocortex_10",373
"Isocortex","Cell_2117","Isocortex_19",511
"Isocortex","Cell_2413","Isocortex_19",511
"Isocortex","Cell_2905","Isocortex_4",272
"Isocortex","Cell_2976","Isocortex_10",373
"Isocortex","Cell_3012","Isocortex_19",511
"Isocortex","Cell_3103","Isocortex_10",373
"Isocortex","Cell_3347","Isocortex_21",232
"Isocortex","Cell_3533","Isocortex_19",511
"Isocortex","Cell_3680","Isocortex_21",232
"Isocortex","Cell_4165","Isocortex_21",232
"Isocortex","Cell_4277","Isocortex_19",511
"Isocortex","Cell_4611","Isocortex_19",511
"Isocortex","Cell_5456","Isocortex_19",511
"Isocortex","Cell_6355","Isocortex_21",232
"Isocortex","Cell_6856","Isocortex_10",373
"Isocortex","Cell_7064","Isocortex_19",511
"Isocortex","Cell_7334","Isocortex_19",511
"Isocortex","Cell_7665","Isocortex_21",232
"Isocortex","Cell_8029","Isocortex_21",232
"Isocortex","Cell_8269","Isocortex_19",511
"Isocortex","Cell_8475","Isocortex_21",232
"Isocortex","Cell_8845","Isocortex_21",232
"Isocortex","Cell_9192","Isocortex_21",232
"Isocortex","Cell_9487","Isocortex_19",511
"Isocortex","Cell_9653","Isocortex_19",511
"Isocortex","Cell_9690","Isocortex_19",511
"Isocortex","Cell_10125","Isocortex_19",511
"Isocortex","Cell_10218","Isocortex_21",232
"Isocortex","Cell_10440","Isocortex_21",232
"Isocortex","Cell_10486","Isocortex_19",511
"Isocortex","Cell_10800","Isocortex_21",232
"Isocortex","Cell_11037","Isocortex_19",511
"Isocortex","Cell_11465","Isocortex_10",373
"Isocortex","Cell_11559","Isocortex_21",232
"Isocortex","Cell_11940","Isocortex_21",232
"Isocortex","Cell_12522","Isocortex_21",232
"Isocortex","Cell_12530","Isocortex_19",511
"Isocortex","Cell_12856","Isocortex_21",232
"Isocortex","Cell_13032","Isocortex_21",232
"Isocortex","Cell_13358","Isocortex_19",511
"Isocortex","Cell_13397","Isocortex_19",511
"Isocortex","Cell_13902","Isocortex_21",232
"Isocortex","Cell_14023","Isocortex_19",511
"Isocortex","Cell_14336","Isocortex_19",511
"Isocortex","Cell_15665","Isocortex_21",232
"Isocortex","Cell_15943","Isocortex_10",373
"Isocortex","Cell_16231","Isocortex_10",373
"Isocortex","Cell_17049","Isocortex_19",511
"Isocortex","Cell_17273","Isocortex_21",232
"Isocortex","Cell_17822","Isocortex_10",373
"Isocortex","Cell_18035","Isocortex_19",511
"Isocortex","Cell_18273","Isocortex_21",232
"Isocortex","Cell_18819","Isocortex_19",511
"Isocortex","Cell_18850","Isocortex_21",232
"Isocortex","Cell_18882","Isocortex_21",232
"Isocortex","Cell_19015","Isocortex_19",511
"Isocortex","Cell_19111","Isocortex_10",373
"Isocortex","Cell_19815","Isocortex_21",232
"Isocortex","Cell_20108","Isocortex_19",511
"Isocortex","Cell_20240","Isocortex_10",373
"Isocortex","Cell_20914","Isocortex_19",511
"Isocortex","Cell_21022","Isocortex_21",232
"Isocortex","Cell_22042","Isocortex_19",511
"Isocortex","Cell_23220","Isocortex_21",232
"Isocortex","Cell_23413","Isocortex_21",232
"Isocortex","Cell_23416","Isocortex_10",373
"Isocortex","Cell_23608","Isocortex_10",373
"Isocortex","Cell_23956","Isocortex_10",373
"Isocortex","Cell_23980","Isocortex_21",232
"Isocortex","Cell_24047","Isocortex_21",232
"Isocortex","Cell_24310","Isocortex_19",511
"Isocortex","Cell_24968","Isocortex_10",373
"Isocortex","Cell_25132","Isocortex_19",511
"Isocortex","Cell_25266","Isocortex_19",511
"Isocortex","Cell_25520","Isocortex_10",373
"Isocortex","Cell_25538","Isocortex_10",373
"Isocortex","Cell_25857","Isocortex_21",232
"Isocortex","Cell_25919","Isocortex_19",511
"Isocortex","Cell_26287","Isocortex_10",373
"Isocortex","Cell_26345","Isocortex_19",511
"Isocortex","Cell_26525","Isocortex_19",511
"Isocortex","Cell_27112","Isocortex_19",511
"Isocortex","Cell_27321","Isocortex_21",232
"Isocortex","Cell_27340","Isocortex_21",232
"Isocortex","Cell_27640","Isocortex_19",511
"Isocortex","Cell_28300","Isocortex_21",232
"Isocortex","Cell_28356","Isocortex_10",373
"Isocortex","Cell_28561","Isocortex_21",232
"Isocortex","Cell_28898","Isocortex_19",511
"Isocortex","Cell_29995","Isocortex_21",232
"Isocortex","Cell_30566","Isocortex_21",232
"Isocortex","Cell_30838","Isocortex_21",232
"Isocortex","Cell_32199","Isocortex_19",511
"Isocortex","Cell_32432","Isocortex_21",232
"Isocortex","Cell_33176","Isocortex_19",511
"Isocortex","Cell_33763","Isocortex_4",272
"Isocortex","Cell_33957","Isocortex_19",511
"Isocortex","Cell_34070","Isocortex_10",373
"Isocortex","Cell_34181","Isocortex_10",373
"Isocortex","Cell_34342","Isocortex_19",511
"Isocortex","Cell_34535","Isocortex_19",511
"Isocortex","Cell_34751","Isocortex_19",511
"Isocortex","Cell_35140","Isocortex_10",373
"Isocortex","Cell_35302","Isocortex_19",511
"Isocortex","Cell_35536","Isocortex_21",232
"Isocortex","Cell_36401","Isocortex_19",511
"Isocortex","Cell_36456","Isocortex_21",232
"Isocortex","Cell_36825","Isocortex_21",232
"Isocortex","Cell_36939","Isocortex_19",511
"Isocortex","Cell_37092","Isocortex_10",373
"Isocortex","Cell_37483","Isocortex_21",232
"Isocortex","Cell_37671","Isocortex_21",232
"Isocortex","Cell_38113","Isocortex_21",232
"Isocortex","Cell_38238","Isocortex_19",511
"Isocortex","Cell_39166","Isocortex_10",373
"Isocortex","Cell_40484","Isocortex_10",373
"Isocortex","Cell_41249","Isocortex_19",511
"Isocortex","Cell_41494","Isocortex_21",232
"Isocortex","Cell_41862","Isocortex_21",232
"Isocortex","Cell_42327","Isocortex_4",272
"Isocortex","Cell_42651","Isocortex_10",373
"Isocortex","Cell_42684","Isocortex_19",511
"Isocortex","Cell_44040","Isocortex_21",232
"Isocortex","Cell_44811","Isocortex_21",232
"Isocortex","Cell_44815","Isocortex_19",511
"Isocortex","Cell_45145","Isocortex_21",232
"Isocortex","Cell_29752","Isocortex_21",232
"Isocortex","Cell_17577","Isocortex_21",232
"Isocortex","Cell_31278","Isocortex_21",232
"Isocortex","Cell_40619","Isocortex_19",511
"Isocortex","Cell_41058","Isocortex_21",232
"Isocortex","Cell_7109","Isocortex_19",511
"Isocortex","Cell_12295","Isocortex_19",511
"Isocortex","Cell_20988","Isocortex_19",511
"Isocortex","Cell_24876","Isocortex_19",511
"Isocortex","Cell_25226","Isocortex_19",511
"Isocortex","Cell_28790","Isocortex_19",511
"Isocortex","Cell_30656","Isocortex_19",511
"Isocortex","Cell_32415","Isocortex_19",511
"Isocortex","Cell_1153","Isocortex_19",511
"Isocortex","Cell_3236","Isocortex_21",232
"Isocortex","Cell_3449","Isocortex_19",511
"Isocortex","Cell_6456","Isocortex_19",511
"Isocortex","Cell_8589","Isocortex_10",373
"Isocortex","Cell_9150","Isocortex_10",373
"Isocortex","Cell_10926","Isocortex_10",373
"Isocortex","Cell_13162","Isocortex_21",232
"Isocortex","Cell_21100","Isocortex_21",232
"Isocortex","Cell_22746","Isocortex_19",511
"Isocortex","Cell_24591","Isocortex_10",373
"Isocortex","Cell_25855","Isocortex_19",511
"Isocortex","Cell_26696","Isocortex_19",511
"Isocortex","Cell_33173","Isocortex_10",373
"Isocortex","Cell_38518","Isocortex_10",373
"Isocortex","Cell_40400","Isocortex_19",511
"Isocortex","Cell_41495","Isocortex_10",373
"Isocortex","Cell_41846","Isocortex_19",511
"Isocortex","Cell_43027","Isocortex_4",272
"Isocortex","Cell_44127","Isocortex_19",511
"Isocortex","Cell_19928","Isocortex_21",232
"Isocortex","Cell_26849","Isocortex_21",232
"Isocortex","Cell_2328","Isocortex_19",511
"Isocortex","Cell_2332","Isocortex_21",232
"Isocortex","Cell_3182","Isocortex_21",232
"Isocortex","Cell_3281","Isocortex_19",511
"Isocortex","Cell_5007","Isocortex_21",232
"Isocortex","Cell_5715","Isocortex_10",373
"Isocortex","Cell_6609","Isocortex_10",373
"Isocortex","Cell_6901","Isocortex_21",232
"Isocortex","Cell_8099","Isocortex_10",373
"Isocortex","Cell_8503","Isocortex_10",373
"Isocortex","Cell_10106","Isocortex_21",232
"Isocortex","Cell_10494","Isocortex_10",373
"Isocortex","Cell_12232","Isocortex_21",232
"Isocortex","Cell_14569","Isocortex_21",232
"Isocortex","Cell_16928","Isocortex_19",511
"Isocortex","Cell_18240","Isocortex_19",511
"Isocortex","Cell_20277","Isocortex_10",373
"Isocortex","Cell_21433","Isocortex_10",373
"Isocortex","Cell_21936","Isocortex_21",232
"Isocortex","Cell_23265","Isocortex_10",373
"Isocortex","Cell_23478","Isocortex_21",232
"Isocortex","Cell_25117","Isocortex_10",373
"Isocortex","Cell_26600","Isocortex_21",232
"Isocortex","Cell_27789","Isocortex_10",373
"Isocortex","Cell_28445","Isocortex_19",511
"Isocortex","Cell_28535","Isocortex_21",232
"Isocortex","Cell_28947","Isocortex_10",373
"Isocortex","Cell_29162","Isocortex_10",373
"Isocortex","Cell_30192","Isocortex_10",373
"Isocortex","Cell_31060","Isocortex_21",232
"Isocortex","Cell_31475","Isocortex_10",373
"Isocortex","Cell_31613","Isocortex_21",232
"Isocortex","Cell_31734","Isocortex_21",232
"Isocortex","Cell_34876","Isocortex_10",373
"Isocortex","Cell_35108","Isocortex_10",373
"Isocortex","Cell_35426","Isocortex_10",373
"Isocortex","Cell_37116","Isocortex_21",232
"Isocortex","Cell_37681","Isocortex_19",511
"Isocortex","Cell_38603","Isocortex_10",373
"Isocortex","Cell_41327","Isocortex_21",232
"Isocortex","Cell_42223","Isocortex_10",373
"Isocortex","Cell_42907","Isocortex_19",511
"Isocortex","Cell_43909","Isocortex_21",232
"Isocortex","Cell_44300","Isocortex_10",373
"Isocortex","Cell_19512","Isocortex_10",373
"Isocortex","Cell_27218","Isocortex_19",511
"Isocortex","Cell_28760","Isocortex_19",511
"Isocortex","Cell_44545","Isocortex_21",232
"Isocortex","Cell_4792","Isocortex_21",232
"Isocortex","Cell_15263","Isocortex_10",373
"Isocortex","Cell_25656","Isocortex_19",511
"Isocortex","Cell_27727","Isocortex_19",511
"Isocortex","Cell_31708","Isocortex_19",511
"Isocortex","Cell_32506","Isocortex_21",232
"Isocortex","Cell_10286","Isocortex_21",232
"Isocortex","Cell_129","Isocortex_19",511
"Isocortex","Cell_2906","Isocortex_21",232
"Isocortex","Cell_19324","Isocortex_21",232
"Isocortex","Cell_28892","Isocortex_19",511
"Isocortex","Cell_31129","Isocortex_10",373
"Isocortex","Cell_32016","Isocortex_10",373
"Isocortex","Cell_33941","Isocortex_21",232
"Isocortex","Cell_35032","Isocortex_19",511
"Isocortex","Cell_35580","Isocortex_21",232
"Isocortex","Cell_38963","Isocortex_21",232
"Isocortex","Cell_39689","Isocortex_10",373
"Isocortex","Cell_40323","Isocortex_10",373
"Isocortex","Cell_40621","Isocortex_21",232
"Isocortex","Cell_43901","Isocortex_21",232
"Isocortex","Cell_1405","Isocortex_21",232
"Isocortex","Cell_9380","Isocortex_10",373
"Isocortex","Cell_9771","Isocortex_19",511
"Isocortex","Cell_15613","Isocortex_10",373
"Isocortex","Cell_17132","Isocortex_19",511
"Isocortex","Cell_20114","Isocortex_21",232
"Isocortex","Cell_24926","Isocortex_19",511
"Isocortex","Cell_29229","Isocortex_10",373
"Isocortex","Cell_39443","Isocortex_10",373
"Isocortex","Cell_12160","Isocortex_21",232
"Isocortex","Cell_1284","Isocortex_19",511
"Isocortex","Cell_38846","Isocortex_19",511
"Isocortex","Cell_17292","Isocortex_21",232
"Isocortex","Cell_31629","Isocortex_19",511
"Isocortex","Cell_37054","Isocortex_19",511
"Isocortex","Cell_7597","Isocortex_10",373
"Isocortex","Cell_14554","Isocortex_21",232
"Isocortex","Cell_18109","Isocortex_4",272
"Isocortex","Cell_22697","Isocortex_21",232
"Isocortex","Cell_23640","Isocortex_10",373
"Isocortex","Cell_31168","Isocortex_10",373
"Isocortex","Cell_23008","Isocortex_10",373
"Isocortex","Cell_15900","Isocortex_10",373
"Isocortex","Cell_26156","Isocortex_11",348
"Isocortex","Cell_32120","Isocortex_23",381
"Isocortex","Cell_12413","Isocortex_23",381
"Isocortex","Cell_28222","Isocortex_11",348
"Isocortex","Cell_29275","Isocortex_23",381
"Isocortex","Cell_947","Isocortex_23",381
"Isocortex","Cell_12891","Isocortex_23",381
"Isocortex","Cell_22123","Isocortex_23",381
"Isocortex","Cell_28773","Isocortex_11",348
"Isocortex","Cell_35920","Isocortex_23",381
"Isocortex","Cell_44794","Isocortex_23",381
"Isocortex","Cell_242","Isocortex_23",381
"Isocortex","Cell_868","Isocortex_23",381
"Isocortex","Cell_2161","Isocortex_23",381
"Isocortex","Cell_3075","Isocortex_23",381
"Isocortex","Cell_3229","Isocortex_23",381
"Isocortex","Cell_6529","Isocortex_23",381
"Isocortex","Cell_7480","Isocortex_23",381
"Isocortex","Cell_9377","Isocortex_23",381
"Isocortex","Cell_9489","Isocortex_23",381
"Isocortex","Cell_9694","Isocortex_23",381
"Isocortex","Cell_10633","Isocortex_11",348
"Isocortex","Cell_10691","Isocortex_23",381
"Isocortex","Cell_10782","Isocortex_23",381
"Isocortex","Cell_11078","Isocortex_23",381
"Isocortex","Cell_17346","Isocortex_23",381
"Isocortex","Cell_17802","Isocortex_23",381
"Isocortex","Cell_18624","Isocortex_11",348
"Isocortex","Cell_20148","Isocortex_23",381
"Isocortex","Cell_22939","Isocortex_23",381
"Isocortex","Cell_23326","Isocortex_23",381
"Isocortex","Cell_24943","Isocortex_11",348
"Isocortex","Cell_26126","Isocortex_23",381
"Isocortex","Cell_29128","Isocortex_23",381
"Isocortex","Cell_32323","Isocortex_23",381
"Isocortex","Cell_34058","Isocortex_23",381
"Isocortex","Cell_34699","Isocortex_23",381
"Isocortex","Cell_35567","Isocortex_23",381
"Isocortex","Cell_36226","Isocortex_11",348
"Isocortex","Cell_40817","Isocortex_23",381
"Isocortex","Cell_40842","Isocortex_23",381
"Isocortex","Cell_40957","Isocortex_23",381
"Isocortex","Cell_43147","Isocortex_23",381
"Isocortex","Cell_43933","Isocortex_11",348
"Isocortex","Cell_1594","Isocortex_23",381
"Isocortex","Cell_6506","Isocortex_23",381
"Isocortex","Cell_10682","Isocortex_23",381
"Isocortex","Cell_16250","Isocortex_23",381
"Isocortex","Cell_18699","Isocortex_11",348
"Isocortex","Cell_24028","Isocortex_11",348
"Isocortex","Cell_27537","Isocortex_11",348
"Isocortex","Cell_34255","Isocortex_23",381
"Isocortex","Cell_35954","Isocortex_11",348
"Isocortex","Cell_36712","Isocortex_23",381
"Isocortex","Cell_37950","Isocortex_23",381
"Isocortex","Cell_38668","Isocortex_23",381
"Isocortex","Cell_41020","Isocortex_23",381
"Isocortex","Cell_41187","Isocortex_23",381
"Isocortex","Cell_42875","Isocortex_23",381
"Isocortex","Cell_11294","Isocortex_23",381
"Isocortex","Cell_1834","Isocortex_11",348
"Isocortex","Cell_26487","Isocortex_23",381
"Isocortex","Cell_29066","Isocortex_23",381
"Isocortex","Cell_2508","Isocortex_23",381
"Isocortex","Cell_7355","Isocortex_23",381
"Isocortex","Cell_9473","Isocortex_23",381
"Isocortex","Cell_12074","Isocortex_23",381
"Isocortex","Cell_12563","Isocortex_23",381
"Isocortex","Cell_13770","Isocortex_11",348
"Isocortex","Cell_15390","Isocortex_23",381
"Isocortex","Cell_22035","Isocortex_23",381
"Isocortex","Cell_22587","Isocortex_23",381
"Isocortex","Cell_22635","Isocortex_23",381
"Isocortex","Cell_23027","Isocortex_23",381
"Isocortex","Cell_29483","Isocortex_23",381
"Isocortex","Cell_35705","Isocortex_23",381
"Isocortex","Cell_35752","Isocortex_23",381
"Isocortex","Cell_3444","Isocortex_23",381
"Isocortex","Cell_17829","Isocortex_23",381
"Isocortex","Cell_35354","Isocortex_23",381
"Isocortex","Cell_6603","Isocortex_23",381
"Isocortex","Cell_23536","Isocortex_23",381
"Isocortex","Cell_38186","Isocortex_23",381
"Isocortex","Cell_25069","Isocortex_11",348
"Isocortex","Cell_21876","Isocortex_23",381
"Isocortex","Cell_9274","Isocortex_23",381
"Isocortex","Cell_35357","Isocortex_23",381
"Isocortex","Cell_2555","Isocortex_23",381
"Isocortex","Cell_19516","Isocortex_23",381
"Isocortex","Cell_24701","Isocortex_23",381
"Isocortex","Cell_37599","Isocortex_23",381
"Isocortex","Cell_9879","Isocortex_23",381
"Isocortex","Cell_13337","Isocortex_23",381
"Isocortex","Cell_30501","Isocortex_23",381
"Isocortex","Cell_23043","Isocortex_24",328
"Isocortex","Cell_15735","Isocortex_1",375
"Isocortex","Cell_2350","Isocortex_1",375
"Isocortex","Cell_14031","Isocortex_1",375
"Isocortex","Cell_21336","Isocortex_24",328
"Isocortex","Cell_30940","Isocortex_1",375
"Isocortex","Cell_10966","Isocortex_24",328
"Isocortex","Cell_32967","Isocortex_24",328
"Isocortex","Cell_38175","Isocortex_24",328
"Isocortex","Cell_7575","Isocortex_1",375
"Isocortex","Cell_13103","Isocortex_1",375
"Isocortex","Cell_17697","Isocortex_1",375
"Isocortex","Cell_37312","Isocortex_1",375
"Isocortex","Cell_41248","Isocortex_1",375
"Isocortex","Cell_44971","Isocortex_1",375
"Isocortex","Cell_3040","Isocortex_1",375
"Isocortex","Cell_15327","Isocortex_24",328
"Isocortex","Cell_18965","Isocortex_24",328
"Isocortex","Cell_25599","Isocortex_24",328
"Isocortex","Cell_26390","Isocortex_1",375
"Isocortex","Cell_28968","Isocortex_24",328
"Isocortex","Cell_13369","Isocortex_1",375
"Isocortex","Cell_15523","Isocortex_24",328
"Isocortex","Cell_18331","Isocortex_24",328
"Isocortex","Cell_23670","Isocortex_1",375
"Isocortex","Cell_6193","Isocortex_1",375
"Isocortex","Cell_1851","Isocortex_1",375
"Isocortex","Cell_16238","Isocortex_1",375
"Isocortex","Cell_22074","Isocortex_1",375
"Isocortex","Cell_22590","Isocortex_1",375
"Isocortex","Cell_25724","Isocortex_1",375
"Isocortex","Cell_34946","Isocortex_1",375
"Isocortex","Cell_35151","Isocortex_1",375
"Isocortex","Cell_40419","Isocortex_1",375
"Isocortex","Cell_44698","Isocortex_1",375
"Isocortex","Cell_18378","Isocortex_1",375
"Isocortex","Cell_14385","Isocortex_13",607
"Isocortex","Cell_21050","Isocortex_13",607
"Isocortex","Cell_21575","Isocortex_13",607
"Isocortex","Cell_25051","Isocortex_13",607
"Isocortex","Cell_27093","Isocortex_13",607
"Isocortex","Cell_35585","Isocortex_13",607
"Isocortex","Cell_19399","Isocortex_13",607
"Isocortex","Cell_208","Isocortex_13",607
"Isocortex","Cell_23349","Isocortex_13",607
"Isocortex","Cell_24774","Isocortex_13",607
"Isocortex","Cell_28589","Isocortex_13",607
"Isocortex","Cell_39244","Isocortex_19",511
"Isocortex","Cell_39788","Isocortex_13",607
"Isocortex","Cell_40987","Isocortex_13",607
"Isocortex","Cell_21418","Isocortex_13",607
"Isocortex","Cell_33605","Isocortex_13",607
"Isocortex","Cell_9589","Isocortex_19",511
"Isocortex","Cell_5997","Isocortex_13",607
"Isocortex","Cell_4425","Isocortex_13",607
"Isocortex","Cell_5058","Isocortex_13",607
"Isocortex","Cell_5761","Isocortex_13",607
"Isocortex","Cell_8301","Isocortex_13",607
"Isocortex","Cell_13156","Isocortex_13",607
"Isocortex","Cell_14222","Isocortex_13",607
"Isocortex","Cell_16457","Isocortex_13",607
"Isocortex","Cell_26575","Isocortex_13",607
"Isocortex","Cell_31351","Isocortex_13",607
"Isocortex","Cell_33339","Isocortex_13",607
"Isocortex","Cell_35664","Isocortex_13",607
"Isocortex","Cell_39900","Isocortex_13",607
"Isocortex","Cell_42793","Isocortex_13",607
"Isocortex","Cell_43877","Isocortex_13",607
"Isocortex","Cell_483","Isocortex_13",607
"Isocortex","Cell_11329","Isocortex_13",607
"Isocortex","Cell_11547","Isocortex_13",607
"Isocortex","Cell_12556","Isocortex_13",607
"Isocortex","Cell_13523","Isocortex_13",607
"Isocortex","Cell_17983","Isocortex_13",607
"Isocortex","Cell_18559","Isocortex_19",511
"Isocortex","Cell_22935","Isocortex_13",607
"Isocortex","Cell_23383","Isocortex_13",607
"Isocortex","Cell_23817","Isocortex_13",607
"Isocortex","Cell_24528","Isocortex_13",607
"Isocortex","Cell_25396","Isocortex_13",607
"Isocortex","Cell_28928","Isocortex_19",511
"Isocortex","Cell_29412","Isocortex_13",607
"Isocortex","Cell_33315","Isocortex_13",607
"Isocortex","Cell_35448","Isocortex_13",607
"Isocortex","Cell_35635","Isocortex_13",607
"Isocortex","Cell_36940","Isocortex_13",607
"Isocortex","Cell_37642","Isocortex_19",511
"Isocortex","Cell_38649","Isocortex_13",607
"Isocortex","Cell_39186","Isocortex_13",607
"Isocortex","Cell_43675","Isocortex_13",607
"Isocortex","Cell_44666","Isocortex_13",607
"Isocortex","Cell_45135","Isocortex_13",607
"Isocortex","Cell_2562","Isocortex_13",607
"Isocortex","Cell_5835","Isocortex_13",607
"Isocortex","Cell_6531","Isocortex_13",607
"Isocortex","Cell_10894","Isocortex_13",607
"Isocortex","Cell_11959","Isocortex_19",511
"Isocortex","Cell_15627","Isocortex_13",607
"Isocortex","Cell_15814","Isocortex_13",607
"Isocortex","Cell_22926","Isocortex_13",607
"Isocortex","Cell_23031","Isocortex_13",607
"Isocortex","Cell_24586","Isocortex_19",511
"Isocortex","Cell_26469","Isocortex_13",607
"Isocortex","Cell_27832","Isocortex_13",607
"Isocortex","Cell_32460","Isocortex_13",607
"Isocortex","Cell_34165","Isocortex_19",511
"Isocortex","Cell_37746","Isocortex_13",607
"Isocortex","Cell_38780","Isocortex_19",511
"Isocortex","Cell_39842","Isocortex_13",607
"Isocortex","Cell_41031","Isocortex_13",607
"Isocortex","Cell_44406","Isocortex_13",607
"Isocortex","Cell_27343","Isocortex_13",607
"Isocortex","Cell_21672","Isocortex_13",607
"Isocortex","Cell_36914","Isocortex_13",607
"Isocortex","Cell_38266","Isocortex_13",607
"Isocortex","Cell_14074","Isocortex_13",607
"Isocortex","Cell_15002","Isocortex_13",607
"Isocortex","Cell_15703","Isocortex_13",607
"Isocortex","Cell_15790","Isocortex_19",511
"Isocortex","Cell_16222","Isocortex_13",607
"Isocortex","Cell_17961","Isocortex_13",607
"Isocortex","Cell_19725","Isocortex_13",607
"Isocortex","Cell_20443","Isocortex_13",607
"Isocortex","Cell_23566","Isocortex_19",511
"Isocortex","Cell_24756","Isocortex_13",607
"Isocortex","Cell_26340","Isocortex_13",607
"Isocortex","Cell_28547","Isocortex_13",607
"Isocortex","Cell_32679","Isocortex_13",607
"Isocortex","Cell_37201","Isocortex_13",607
"Isocortex","Cell_39399","Isocortex_13",607
"Isocortex","Cell_5592","Isocortex_13",607
"Isocortex","Cell_13185","Isocortex_13",607
"Isocortex","Cell_13626","Isocortex_13",607
"Isocortex","Cell_17464","Isocortex_13",607
"Isocortex","Cell_22695","Isocortex_13",607
"Isocortex","Cell_24688","Isocortex_13",607
"Isocortex","Cell_35271","Isocortex_13",607
"Isocortex","Cell_933","Isocortex_13",607
"Isocortex","Cell_27048","Isocortex_13",607
"Isocortex","Cell_29916","Isocortex_13",607
"Isocortex","Cell_35248","Isocortex_13",607
"Isocortex","Cell_40525","Isocortex_13",607
"Isocortex","Cell_38391","Isocortex_13",607
"Isocortex","Cell_8747","Isocortex_19",511
"Isocortex","Cell_17720","Isocortex_13",607
"Isocortex","Cell_23458","Isocortex_13",607
"Isocortex","Cell_26644","Isocortex_13",607
"Isocortex","Cell_29590","Isocortex_13",607
"Isocortex","Cell_35278","Isocortex_13",607
"Isocortex","Cell_5106","Isocortex_19",511
"Isocortex","Cell_15822","Isocortex_13",607
"Isocortex","Cell_21597","Isocortex_13",607
"Isocortex","Cell_33464","Isocortex_13",607
"Isocortex","Cell_44268","Isocortex_13",607
"Isocortex","Cell_13087","Isocortex_13",607
"Isocortex","Cell_13464","Isocortex_13",607
"Isocortex","Cell_16861","Isocortex_16",228
"Isocortex","Cell_41702","Isocortex_14",250
"Isocortex","Cell_4039","Isocortex_14",250
"Isocortex","Cell_4403","Isocortex_14",250
"Isocortex","Cell_14211","Isocortex_16",228
"Isocortex","Cell_16643","Isocortex_16",228
"Isocortex","Cell_18734","Isocortex_16",228
"Isocortex","Cell_34376","Isocortex_14",250
"Isocortex","Cell_42199","Isocortex_17",256
"Isocortex","Cell_43035","Isocortex_15",291
"Isocortex","Cell_3385","Isocortex_14",250
"Isocortex","Cell_20814","Isocortex_14",250
"Isocortex","Cell_6988","Isocortex_16",228
"Isocortex","Cell_801","Isocortex_15",291
"Isocortex","Cell_920","Isocortex_17",256
"Isocortex","Cell_2044","Isocortex_14",250
"Isocortex","Cell_2194","Isocortex_16",228
"Isocortex","Cell_2608","Isocortex_14",250
"Isocortex","Cell_3210","Isocortex_17",256
"Isocortex","Cell_3544","Isocortex_17",256
"Isocortex","Cell_3919","Isocortex_14",250
"Isocortex","Cell_3950","Isocortex_14",250
"Isocortex","Cell_4537","Isocortex_14",250
"Isocortex","Cell_4743","Isocortex_14",250
"Isocortex","Cell_4993","Isocortex_16",228
"Isocortex","Cell_5520","Isocortex_17",256
"Isocortex","Cell_5549","Isocortex_14",250
"Isocortex","Cell_7425","Isocortex_15",291
"Isocortex","Cell_7490","Isocortex_14",250
"Isocortex","Cell_8021","Isocortex_17",256
"Isocortex","Cell_8931","Isocortex_17",256
"Isocortex","Cell_9166","Isocortex_16",228
"Isocortex","Cell_9503","Isocortex_17",256
"Isocortex","Cell_10087","Isocortex_15",291
"Isocortex","Cell_10301","Isocortex_16",228
"Isocortex","Cell_10662","Isocortex_15",291
"Isocortex","Cell_12033","Isocortex_14",250
"Isocortex","Cell_12372","Isocortex_14",250
"Isocortex","Cell_12966","Isocortex_16",228
"Isocortex","Cell_13419","Isocortex_16",228
"Isocortex","Cell_14144","Isocortex_17",256
"Isocortex","Cell_14420","Isocortex_16",228
"Isocortex","Cell_15044","Isocortex_14",250
"Isocortex","Cell_15497","Isocortex_17",256
"Isocortex","Cell_16211","Isocortex_14",250
"Isocortex","Cell_16532","Isocortex_16",228
"Isocortex","Cell_17365","Isocortex_16",228
"Isocortex","Cell_17704","Isocortex_15",291
"Isocortex","Cell_18577","Isocortex_14",250
"Isocortex","Cell_19145","Isocortex_16",228
"Isocortex","Cell_19599","Isocortex_14",250
"Isocortex","Cell_20060","Isocortex_16",228
"Isocortex","Cell_21478","Isocortex_14",250
"Isocortex","Cell_21625","Isocortex_16",228
"Isocortex","Cell_21837","Isocortex_14",250
"Isocortex","Cell_22246","Isocortex_15",291
"Isocortex","Cell_22464","Isocortex_16",228
"Isocortex","Cell_22892","Isocortex_17",256
"Isocortex","Cell_23052","Isocortex_16",228
"Isocortex","Cell_23437","Isocortex_15",291
"Isocortex","Cell_25057","Isocortex_14",250
"Isocortex","Cell_26076","Isocortex_17",256
"Isocortex","Cell_26959","Isocortex_17",256
"Isocortex","Cell_27115","Isocortex_14",250
"Isocortex","Cell_27382","Isocortex_15",291
"Isocortex","Cell_27641","Isocortex_16",228
"Isocortex","Cell_27728","Isocortex_14",250
"Isocortex","Cell_28114","Isocortex_14",250
"Isocortex","Cell_28435","Isocortex_14",250
"Isocortex","Cell_28497","Isocortex_17",256
"Isocortex","Cell_28526","Isocortex_16",228
"Isocortex","Cell_29375","Isocortex_16",228
"Isocortex","Cell_30669","Isocortex_16",228
"Isocortex","Cell_31451","Isocortex_14",250
"Isocortex","Cell_31581","Isocortex_14",250
"Isocortex","Cell_31997","Isocortex_16",228
"Isocortex","Cell_32190","Isocortex_14",250
"Isocortex","Cell_32358","Isocortex_14",250
"Isocortex","Cell_32371","Isocortex_16",228
"Isocortex","Cell_33617","Isocortex_15",291
"Isocortex","Cell_36067","Isocortex_16",228
"Isocortex","Cell_36709","Isocortex_14",250
"Isocortex","Cell_38086","Isocortex_15",291
"Isocortex","Cell_38826","Isocortex_14",250
"Isocortex","Cell_39351","Isocortex_17",256
"Isocortex","Cell_39709","Isocortex_16",228
"Isocortex","Cell_40799","Isocortex_17",256
"Isocortex","Cell_40837","Isocortex_14",250
"Isocortex","Cell_40999","Isocortex_15",291
"Isocortex","Cell_41998","Isocortex_16",228
"Isocortex","Cell_42722","Isocortex_16",228
"Isocortex","Cell_43451","Isocortex_16",228
"Isocortex","Cell_44197","Isocortex_15",291
"Isocortex","Cell_44396","Isocortex_14",250
"Isocortex","Cell_44486","Isocortex_16",228
"Isocortex","Cell_44914","Isocortex_17",256
"Isocortex","Cell_414","Isocortex_14",250
"Isocortex","Cell_1180","Isocortex_14",250
"Isocortex","Cell_1710","Isocortex_15",291
"Isocortex","Cell_1831","Isocortex_15",291
"Isocortex","Cell_1891","Isocortex_16",228
"Isocortex","Cell_2294","Isocortex_15",291
"Isocortex","Cell_2866","Isocortex_14",250
"Isocortex","Cell_2915","Isocortex_17",256
"Isocortex","Cell_4417","Isocortex_15",291
"Isocortex","Cell_5968","Isocortex_16",228
"Isocortex","Cell_6378","Isocortex_16",228
"Isocortex","Cell_7134","Isocortex_14",250
"Isocortex","Cell_7228","Isocortex_15",291
"Isocortex","Cell_7639","Isocortex_17",256
"Isocortex","Cell_8198","Isocortex_15",291
"Isocortex","Cell_8667","Isocortex_16",228
"Isocortex","Cell_8785","Isocortex_14",250
"Isocortex","Cell_9421","Isocortex_15",291
"Isocortex","Cell_10256","Isocortex_14",250
"Isocortex","Cell_11388","Isocortex_16",228
"Isocortex","Cell_12742","Isocortex_18",253
"Isocortex","Cell_13387","Isocortex_15",291
"Isocortex","Cell_13520","Isocortex_14",250
"Isocortex","Cell_13642","Isocortex_17",256
"Isocortex","Cell_13716","Isocortex_14",250
"Isocortex","Cell_14563","Isocortex_14",250
"Isocortex","Cell_15008","Isocortex_14",250
"Isocortex","Cell_15385","Isocortex_18",253
"Isocortex","Cell_15677","Isocortex_16",228
"Isocortex","Cell_16167","Isocortex_16",228
"Isocortex","Cell_16216","Isocortex_16",228
"Isocortex","Cell_19317","Isocortex_15",291
"Isocortex","Cell_20118","Isocortex_16",228
"Isocortex","Cell_20133","Isocortex_16",228
"Isocortex","Cell_20488","Isocortex_15",291
"Isocortex","Cell_20848","Isocortex_16",228
"Isocortex","Cell_20983","Isocortex_14",250
"Isocortex","Cell_21082","Isocortex_15",291
"Isocortex","Cell_22200","Isocortex_15",291
"Isocortex","Cell_23045","Isocortex_17",256
"Isocortex","Cell_23081","Isocortex_14",250
"Isocortex","Cell_23102","Isocortex_17",256
"Isocortex","Cell_23484","Isocortex_14",250
"Isocortex","Cell_23705","Isocortex_16",228
"Isocortex","Cell_24594","Isocortex_15",291
"Isocortex","Cell_25104","Isocortex_16",228
"Isocortex","Cell_26108","Isocortex_15",291
"Isocortex","Cell_26196","Isocortex_14",250
"Isocortex","Cell_26211","Isocortex_15",291
"Isocortex","Cell_26283","Isocortex_14",250
"Isocortex","Cell_26827","Isocortex_15",291
"Isocortex","Cell_27045","Isocortex_16",228
"Isocortex","Cell_27355","Isocortex_16",228
"Isocortex","Cell_27669","Isocortex_17",256
"Isocortex","Cell_28015","Isocortex_16",228
"Isocortex","Cell_28667","Isocortex_17",256
"Isocortex","Cell_28705","Isocortex_14",250
"Isocortex","Cell_29280","Isocortex_14",250
"Isocortex","Cell_29872","Isocortex_16",228
"Isocortex","Cell_30116","Isocortex_17",256
"Isocortex","Cell_30247","Isocortex_17",256
"Isocortex","Cell_30390","Isocortex_16",228
"Isocortex","Cell_31467","Isocortex_14",250
"Isocortex","Cell_31761","Isocortex_15",291
"Isocortex","Cell_32300","Isocortex_14",250
"Isocortex","Cell_33501","Isocortex_15",291
"Isocortex","Cell_33560","Isocortex_16",228
"Isocortex","Cell_33980","Isocortex_15",291
"Isocortex","Cell_35443","Isocortex_16",228
"Isocortex","Cell_35977","Isocortex_15",291
"Isocortex","Cell_36264","Isocortex_16",228
"Isocortex","Cell_37521","Isocortex_15",291
"Isocortex","Cell_37686","Isocortex_17",256
"Isocortex","Cell_37966","Isocortex_17",256
"Isocortex","Cell_38292","Isocortex_15",291
"Isocortex","Cell_38653","Isocortex_15",291
"Isocortex","Cell_39176","Isocortex_17",256
"Isocortex","Cell_40132","Isocortex_15",291
"Isocortex","Cell_40384","Isocortex_15",291
"Isocortex","Cell_40469","Isocortex_16",228
"Isocortex","Cell_40544","Isocortex_17",256
"Isocortex","Cell_41305","Isocortex_15",291
"Isocortex","Cell_41820","Isocortex_14",250
"Isocortex","Cell_42973","Isocortex_17",256
"Isocortex","Cell_43374","Isocortex_14",250
"Isocortex","Cell_45061","Isocortex_16",228
"Isocortex","Cell_70","Isocortex_14",250
"Isocortex","Cell_575","Isocortex_14",250
"Isocortex","Cell_877","Isocortex_16",228
"Isocortex","Cell_1257","Isocortex_16",228
"Isocortex","Cell_1411","Isocortex_14",250
"Isocortex","Cell_1503","Isocortex_16",228
"Isocortex","Cell_1530","Isocortex_14",250
"Isocortex","Cell_3077","Isocortex_16",228
"Isocortex","Cell_3099","Isocortex_17",256
"Isocortex","Cell_3365","Isocortex_14",250
"Isocortex","Cell_3629","Isocortex_16",228
"Isocortex","Cell_4451","Isocortex_16",228
"Isocortex","Cell_4491","Isocortex_14",250
"Isocortex","Cell_4936","Isocortex_14",250
"Isocortex","Cell_6012","Isocortex_14",250
"Isocortex","Cell_6639","Isocortex_14",250
"Isocortex","Cell_6654","Isocortex_14",250
"Isocortex","Cell_7147","Isocortex_14",250
"Isocortex","Cell_8959","Isocortex_16",228
"Isocortex","Cell_9117","Isocortex_14",250
"Isocortex","Cell_10244","Isocortex_14",250
"Isocortex","Cell_10920","Isocortex_14",250
"Isocortex","Cell_11151","Isocortex_15",291
"Isocortex","Cell_11913","Isocortex_16",228
"Isocortex","Cell_11958","Isocortex_14",250
"Isocortex","Cell_12890","Isocortex_14",250
"Isocortex","Cell_13582","Isocortex_14",250
"Isocortex","Cell_13938","Isocortex_17",256
"Isocortex","Cell_14037","Isocortex_14",250
"Isocortex","Cell_14172","Isocortex_14",250
"Isocortex","Cell_14477","Isocortex_15",291
"Isocortex","Cell_14556","Isocortex_14",250
"Isocortex","Cell_16742","Isocortex_15",291
"Isocortex","Cell_18150","Isocortex_16",228
"Isocortex","Cell_18256","Isocortex_16",228
"Isocortex","Cell_19159","Isocortex_15",291
"Isocortex","Cell_19961","Isocortex_15",291
"Isocortex","Cell_20447","Isocortex_17",256
"Isocortex","Cell_20579","Isocortex_14",250
"Isocortex","Cell_20871","Isocortex_15",291
"Isocortex","Cell_23702","Isocortex_14",250
"Isocortex","Cell_24764","Isocortex_16",228
"Isocortex","Cell_24796","Isocortex_15",291
"Isocortex","Cell_26926","Isocortex_14",250
"Isocortex","Cell_28344","Isocortex_16",228
"Isocortex","Cell_28352","Isocortex_14",250
"Isocortex","Cell_29451","Isocortex_14",250
"Isocortex","Cell_29476","Isocortex_16",228
"Isocortex","Cell_29740","Isocortex_15",291
"Isocortex","Cell_31321","Isocortex_16",228
"Isocortex","Cell_31574","Isocortex_14",250
"Isocortex","Cell_31717","Isocortex_17",256
"Isocortex","Cell_32148","Isocortex_15",291
"Isocortex","Cell_32824","Isocortex_14",250
"Isocortex","Cell_33385","Isocortex_16",228
"Isocortex","Cell_33424","Isocortex_16",228
"Isocortex","Cell_33440","Isocortex_15",291
"Isocortex","Cell_33832","Isocortex_15",291
"Isocortex","Cell_34225","Isocortex_15",291
"Isocortex","Cell_34500","Isocortex_14",250
"Isocortex","Cell_34740","Isocortex_16",228
"Isocortex","Cell_36166","Isocortex_16",228
"Isocortex","Cell_36205","Isocortex_14",250
"Isocortex","Cell_36944","Isocortex_17",256
"Isocortex","Cell_36985","Isocortex_16",228
"Isocortex","Cell_37016","Isocortex_16",228
"Isocortex","Cell_37851","Isocortex_16",228
"Isocortex","Cell_37935","Isocortex_14",250
"Isocortex","Cell_37985","Isocortex_14",250
"Isocortex","Cell_38345","Isocortex_17",256
"Isocortex","Cell_38783","Isocortex_14",250
"Isocortex","Cell_38860","Isocortex_16",228
"Isocortex","Cell_38957","Isocortex_14",250
"Isocortex","Cell_40971","Isocortex_14",250
"Isocortex","Cell_42837","Isocortex_15",291
"Isocortex","Cell_42935","Isocortex_14",250
"Isocortex","Cell_43003","Isocortex_16",228
"Isocortex","Cell_43563","Isocortex_16",228
"Isocortex","Cell_43861","Isocortex_17",256
"Isocortex","Cell_45178","Isocortex_15",291
"Isocortex","Cell_15178","Isocortex_14",250
"Isocortex","Cell_29187","Isocortex_16",228
"Isocortex","Cell_819","Isocortex_17",256
"Isocortex","Cell_4015","Isocortex_14",250
"Isocortex","Cell_13478","Isocortex_14",250
"Isocortex","Cell_16764","Isocortex_14",250
"Isocortex","Cell_24451","Isocortex_17",256
"Isocortex","Cell_25743","Isocortex_14",250
"Isocortex","Cell_27574","Isocortex_16",228
"Isocortex","Cell_29907","Isocortex_16",228
"Isocortex","Cell_45270","Isocortex_15",291
"Isocortex","Cell_135","Isocortex_18",253
"Isocortex","Cell_210","Isocortex_14",250
"Isocortex","Cell_1213","Isocortex_14",250
"Isocortex","Cell_14331","Isocortex_14",250
"Isocortex","Cell_16127","Isocortex_14",250
"Isocortex","Cell_21718","Isocortex_16",228
"Isocortex","Cell_26463","Isocortex_17",256
"Isocortex","Cell_29257","Isocortex_16",228
"Isocortex","Cell_31837","Isocortex_14",250
"Isocortex","Cell_32139","Isocortex_14",250
"Isocortex","Cell_32405","Isocortex_14",250
"Isocortex","Cell_34089","Isocortex_14",250
"Isocortex","Cell_34662","Isocortex_16",228
"Isocortex","Cell_35787","Isocortex_16",228
"Isocortex","Cell_37495","Isocortex_15",291
"Isocortex","Cell_38660","Isocortex_15",291
"Isocortex","Cell_41203","Isocortex_16",228
"Isocortex","Cell_41646","Isocortex_14",250
"Isocortex","Cell_42098","Isocortex_14",250
"Isocortex","Cell_42916","Isocortex_17",256
"Isocortex","Cell_43874","Isocortex_15",291
"Isocortex","Cell_44290","Isocortex_15",291
"Isocortex","Cell_44584","Isocortex_17",256
"Isocortex","Cell_282","Isocortex_15",291
"Isocortex","Cell_289","Isocortex_14",250
"Isocortex","Cell_2535","Isocortex_16",228
"Isocortex","Cell_2565","Isocortex_15",291
"Isocortex","Cell_3647","Isocortex_14",250
"Isocortex","Cell_3710","Isocortex_18",253
"Isocortex","Cell_5123","Isocortex_14",250
"Isocortex","Cell_6969","Isocortex_16",228
"Isocortex","Cell_7822","Isocortex_15",291
"Isocortex","Cell_10910","Isocortex_17",256
"Isocortex","Cell_11622","Isocortex_15",291
"Isocortex","Cell_11643","Isocortex_14",250
"Isocortex","Cell_12680","Isocortex_14",250
"Isocortex","Cell_12902","Isocortex_14",250
"Isocortex","Cell_13891","Isocortex_17",256
"Isocortex","Cell_14985","Isocortex_17",256
"Isocortex","Cell_17202","Isocortex_16",228
"Isocortex","Cell_17795","Isocortex_17",256
"Isocortex","Cell_18110","Isocortex_14",250
"Isocortex","Cell_18876","Isocortex_16",228
"Isocortex","Cell_19056","Isocortex_15",291
"Isocortex","Cell_19762","Isocortex_17",256
"Isocortex","Cell_20978","Isocortex_16",228
"Isocortex","Cell_21809","Isocortex_14",250
"Isocortex","Cell_23023","Isocortex_17",256
"Isocortex","Cell_23463","Isocortex_16",228
"Isocortex","Cell_26058","Isocortex_14",250
"Isocortex","Cell_26249","Isocortex_16",228
"Isocortex","Cell_26630","Isocortex_14",250
"Isocortex","Cell_27462","Isocortex_17",256
"Isocortex","Cell_27848","Isocortex_17",256
"Isocortex","Cell_28804","Isocortex_14",250
"Isocortex","Cell_29001","Isocortex_17",256
"Isocortex","Cell_29526","Isocortex_14",250
"Isocortex","Cell_30938","Isocortex_14",250
"Isocortex","Cell_31455","Isocortex_15",291
"Isocortex","Cell_34618","Isocortex_17",256
"Isocortex","Cell_35313","Isocortex_17",256
"Isocortex","Cell_35712","Isocortex_16",228
"Isocortex","Cell_36685","Isocortex_14",250
"Isocortex","Cell_38435","Isocortex_14",250
"Isocortex","Cell_38926","Isocortex_16",228
"Isocortex","Cell_40774","Isocortex_15",291
"Isocortex","Cell_41871","Isocortex_16",228
"Isocortex","Cell_42459","Isocortex_16",228
"Isocortex","Cell_43173","Isocortex_17",256
"Isocortex","Cell_43174","Isocortex_15",291
"Isocortex","Cell_44141","Isocortex_17",256
"Isocortex","Cell_26276","Isocortex_14",250
"Isocortex","Cell_38744","Isocortex_14",250
"Isocortex","Cell_27484","Isocortex_15",291
"Isocortex","Cell_161","Isocortex_16",228
"Isocortex","Cell_4384","Isocortex_16",228
"Isocortex","Cell_4430","Isocortex_16",228
"Isocortex","Cell_4716","Isocortex_15",291
"Isocortex","Cell_5061","Isocortex_17",256
"Isocortex","Cell_5431","Isocortex_14",250
"Isocortex","Cell_5568","Isocortex_17",256
"Isocortex","Cell_5937","Isocortex_17",256
"Isocortex","Cell_7232","Isocortex_14",250
"Isocortex","Cell_7793","Isocortex_15",291
"Isocortex","Cell_8595","Isocortex_17",256
"Isocortex","Cell_8723","Isocortex_16",228
"Isocortex","Cell_8725","Isocortex_17",256
"Isocortex","Cell_9016","Isocortex_14",250
"Isocortex","Cell_9532","Isocortex_14",250
"Isocortex","Cell_10456","Isocortex_18",253
"Isocortex","Cell_10812","Isocortex_14",250
"Isocortex","Cell_10902","Isocortex_17",256
"Isocortex","Cell_10957","Isocortex_14",250
"Isocortex","Cell_11419","Isocortex_16",228
"Isocortex","Cell_11489","Isocortex_17",256
"Isocortex","Cell_11494","Isocortex_14",250
"Isocortex","Cell_12349","Isocortex_15",291
"Isocortex","Cell_12542","Isocortex_15",291
"Isocortex","Cell_13632","Isocortex_14",250
"Isocortex","Cell_14125","Isocortex_17",256
"Isocortex","Cell_14463","Isocortex_15",291
"Isocortex","Cell_14807","Isocortex_14",250
"Isocortex","Cell_16365","Isocortex_15",291
"Isocortex","Cell_16736","Isocortex_14",250
"Isocortex","Cell_17008","Isocortex_15",291
"Isocortex","Cell_17139","Isocortex_17",256
"Isocortex","Cell_17209","Isocortex_17",256
"Isocortex","Cell_17934","Isocortex_17",256
"Isocortex","Cell_19064","Isocortex_16",228
"Isocortex","Cell_19484","Isocortex_17",256
"Isocortex","Cell_19653","Isocortex_15",291
"Isocortex","Cell_20173","Isocortex_14",250
"Isocortex","Cell_20602","Isocortex_15",291
"Isocortex","Cell_22640","Isocortex_15",291
"Isocortex","Cell_23586","Isocortex_14",250
"Isocortex","Cell_24271","Isocortex_17",256
"Isocortex","Cell_24345","Isocortex_14",250
"Isocortex","Cell_24414","Isocortex_17",256
"Isocortex","Cell_24960","Isocortex_16",228
"Isocortex","Cell_25004","Isocortex_14",250
"Isocortex","Cell_25228","Isocortex_15",291
"Isocortex","Cell_25231","Isocortex_16",228
"Isocortex","Cell_27455","Isocortex_15",291
"Isocortex","Cell_28044","Isocortex_17",256
"Isocortex","Cell_28080","Isocortex_14",250
"Isocortex","Cell_29235","Isocortex_16",228
"Isocortex","Cell_29327","Isocortex_16",228
"Isocortex","Cell_29998","Isocortex_15",291
"Isocortex","Cell_30331","Isocortex_14",250
"Isocortex","Cell_31250","Isocortex_16",228
"Isocortex","Cell_31559","Isocortex_15",291
"Isocortex","Cell_31560","Isocortex_14",250
"Isocortex","Cell_31722","Isocortex_15",291
"Isocortex","Cell_31836","Isocortex_14",250
"Isocortex","Cell_32062","Isocortex_18",253
"Isocortex","Cell_32221","Isocortex_17",256
"Isocortex","Cell_32261","Isocortex_16",228
"Isocortex","Cell_32269","Isocortex_14",250
"Isocortex","Cell_32330","Isocortex_14",250
"Isocortex","Cell_32398","Isocortex_14",250
"Isocortex","Cell_32640","Isocortex_14",250
"Isocortex","Cell_33053","Isocortex_14",250
"Isocortex","Cell_35037","Isocortex_15",291
"Isocortex","Cell_35239","Isocortex_18",253
"Isocortex","Cell_36449","Isocortex_14",250
"Isocortex","Cell_37278","Isocortex_16",228
"Isocortex","Cell_37947","Isocortex_17",256
"Isocortex","Cell_37989","Isocortex_16",228
"Isocortex","Cell_38224","Isocortex_15",291
"Isocortex","Cell_38849","Isocortex_14",250
"Isocortex","Cell_38980","Isocortex_14",250
"Isocortex","Cell_39521","Isocortex_14",250
"Isocortex","Cell_39655","Isocortex_16",228
"Isocortex","Cell_39822","Isocortex_16",228
"Isocortex","Cell_39961","Isocortex_15",291
"Isocortex","Cell_40047","Isocortex_16",228
"Isocortex","Cell_40083","Isocortex_14",250
"Isocortex","Cell_40486","Isocortex_14",250
"Isocortex","Cell_40844","Isocortex_14",250
"Isocortex","Cell_41062","Isocortex_14",250
"Isocortex","Cell_41694","Isocortex_16",228
"Isocortex","Cell_42102","Isocortex_16",228
"Isocortex","Cell_42695","Isocortex_15",291
"Isocortex","Cell_43153","Isocortex_14",250
"Isocortex","Cell_43225","Isocortex_17",256
"Isocortex","Cell_6864","Isocortex_14",250
"Isocortex","Cell_25711","Isocortex_14",250
"Isocortex","Cell_1499","Isocortex_14",250
"Isocortex","Cell_3030","Isocortex_16",228
"Isocortex","Cell_19018","Isocortex_14",250
"Isocortex","Cell_42773","Isocortex_14",250
"Isocortex","Cell_13999","Isocortex_14",250
"Isocortex","Cell_15931","Isocortex_17",256
"Isocortex","Cell_24475","Isocortex_16",228
"Isocortex","Cell_26911","Isocortex_15",291
"Isocortex","Cell_32007","Isocortex_14",250
"Isocortex","Cell_36371","Isocortex_16",228
"Isocortex","Cell_3755","Isocortex_14",250
"Isocortex","Cell_10239","Isocortex_15",291
"Isocortex","Cell_10242","Isocortex_15",291
"Isocortex","Cell_11618","Isocortex_15",291
"Isocortex","Cell_14059","Isocortex_16",228
"Isocortex","Cell_14545","Isocortex_14",250
"Isocortex","Cell_16137","Isocortex_14",250
"Isocortex","Cell_16210","Isocortex_17",256
"Isocortex","Cell_16776","Isocortex_16",228
"Isocortex","Cell_17597","Isocortex_17",256
"Isocortex","Cell_18799","Isocortex_16",228
"Isocortex","Cell_18870","Isocortex_17",256
"Isocortex","Cell_19322","Isocortex_16",228
"Isocortex","Cell_21989","Isocortex_14",250
"Isocortex","Cell_24217","Isocortex_18",253
"Isocortex","Cell_24366","Isocortex_15",291
"Isocortex","Cell_25565","Isocortex_15",291
"Isocortex","Cell_27136","Isocortex_14",250
"Isocortex","Cell_31540","Isocortex_15",291
"Isocortex","Cell_32800","Isocortex_17",256
"Isocortex","Cell_32843","Isocortex_16",228
"Isocortex","Cell_33008","Isocortex_15",291
"Isocortex","Cell_33281","Isocortex_16",228
"Isocortex","Cell_34642","Isocortex_14",250
"Isocortex","Cell_35533","Isocortex_15",291
"Isocortex","Cell_37067","Isocortex_15",291
"Isocortex","Cell_40027","Isocortex_18",253
"Isocortex","Cell_42841","Isocortex_14",250
"Isocortex","Cell_43459","Isocortex_16",228
"Isocortex","Cell_45067","Isocortex_14",250
"Isocortex","Cell_6073","Isocortex_14",250
"Isocortex","Cell_22756","Isocortex_15",291
"Isocortex","Cell_25207","Isocortex_14",250
"Isocortex","Cell_31819","Isocortex_14",250
"Isocortex","Cell_368","Isocortex_14",250
"Isocortex","Cell_1036","Isocortex_15",291
"Isocortex","Cell_1661","Isocortex_15",291
"Isocortex","Cell_4422","Isocortex_15",291
"Isocortex","Cell_5156","Isocortex_16",228
"Isocortex","Cell_6065","Isocortex_16",228
"Isocortex","Cell_7718","Isocortex_15",291
"Isocortex","Cell_8033","Isocortex_14",250
"Isocortex","Cell_8448","Isocortex_17",256
"Isocortex","Cell_9552","Isocortex_15",291
"Isocortex","Cell_9829","Isocortex_14",250
"Isocortex","Cell_10259","Isocortex_15",291
"Isocortex","Cell_10900","Isocortex_14",250
"Isocortex","Cell_11467","Isocortex_16",228
"Isocortex","Cell_11992","Isocortex_16",228
"Isocortex","Cell_12506","Isocortex_17",256
"Isocortex","Cell_14028","Isocortex_16",228
"Isocortex","Cell_15185","Isocortex_14",250
"Isocortex","Cell_17988","Isocortex_18",253
"Isocortex","Cell_19982","Isocortex_14",250
"Isocortex","Cell_21165","Isocortex_15",291
"Isocortex","Cell_24182","Isocortex_15",291
"Isocortex","Cell_24841","Isocortex_16",228
"Isocortex","Cell_25028","Isocortex_16",228
"Isocortex","Cell_25501","Isocortex_16",228
"Isocortex","Cell_26039","Isocortex_14",250
"Isocortex","Cell_26754","Isocortex_17",256
"Isocortex","Cell_27338","Isocortex_15",291
"Isocortex","Cell_27968","Isocortex_16",228
"Isocortex","Cell_28411","Isocortex_17",256
"Isocortex","Cell_29660","Isocortex_14",250
"Isocortex","Cell_30588","Isocortex_17",256
"Isocortex","Cell_30833","Isocortex_14",250
"Isocortex","Cell_31462","Isocortex_17",256
"Isocortex","Cell_31960","Isocortex_16",228
"Isocortex","Cell_33216","Isocortex_17",256
"Isocortex","Cell_34450","Isocortex_17",256
"Isocortex","Cell_35857","Isocortex_17",256
"Isocortex","Cell_36277","Isocortex_14",250
"Isocortex","Cell_37440","Isocortex_14",250
"Isocortex","Cell_38161","Isocortex_14",250
"Isocortex","Cell_40760","Isocortex_16",228
"Isocortex","Cell_41595","Isocortex_16",228
"Isocortex","Cell_41762","Isocortex_16",228
"Isocortex","Cell_42256","Isocortex_15",291
"Isocortex","Cell_42633","Isocortex_15",291
"Isocortex","Cell_43061","Isocortex_14",250
"Isocortex","Cell_43343","Isocortex_16",228
"Isocortex","Cell_44602","Isocortex_14",250
"Isocortex","Cell_45192","Isocortex_14",250
"Isocortex","Cell_2348","Isocortex_16",228
"Isocortex","Cell_4096","Isocortex_14",250
"Isocortex","Cell_10922","Isocortex_16",228
"Isocortex","Cell_12299","Isocortex_16",228
"Isocortex","Cell_12391","Isocortex_15",291
"Isocortex","Cell_12477","Isocortex_16",228
"Isocortex","Cell_13322","Isocortex_16",228
"Isocortex","Cell_15163","Isocortex_14",250
"Isocortex","Cell_15904","Isocortex_14",250
"Isocortex","Cell_20336","Isocortex_15",291
"Isocortex","Cell_34991","Isocortex_14",250
"Isocortex","Cell_35075","Isocortex_15",291
"Isocortex","Cell_35576","Isocortex_17",256
"Isocortex","Cell_38192","Isocortex_16",228
"Isocortex","Cell_39299","Isocortex_15",291
"Isocortex","Cell_43652","Isocortex_17",256
"Isocortex","Cell_36215","Isocortex_14",250
"Isocortex","Cell_7035","Isocortex_16",228
"Isocortex","Cell_12504","Isocortex_16",228
"Isocortex","Cell_18238","Isocortex_17",256
"Isocortex","Cell_19586","Isocortex_16",228
"Isocortex","Cell_23421","Isocortex_16",228
"Isocortex","Cell_24249","Isocortex_14",250
"Isocortex","Cell_24598","Isocortex_16",228
"Isocortex","Cell_26267","Isocortex_17",256
"Isocortex","Cell_28805","Isocortex_16",228
"Isocortex","Cell_32085","Isocortex_15",291
"Isocortex","Cell_40907","Isocortex_17",256
"Isocortex","Cell_42799","Isocortex_14",250
"Isocortex","Cell_43478","Isocortex_14",250
"Isocortex","Cell_6930","Isocortex_16",228
"Isocortex","Cell_12448","Isocortex_16",228
"Isocortex","Cell_19340","Isocortex_14",250
"Isocortex","Cell_28799","Isocortex_16",228
"Isocortex","Cell_981","Isocortex_18",253
"Isocortex","Cell_8218","Isocortex_16",228
"Isocortex","Cell_8492","Isocortex_14",250
"Isocortex","Cell_22119","Isocortex_15",291
"Isocortex","Cell_26585","Isocortex_17",256
"Isocortex","Cell_28292","Isocortex_18",253
"Isocortex","Cell_29709","Isocortex_14",250
"Isocortex","Cell_30125","Isocortex_16",228
"Isocortex","Cell_39538","Isocortex_16",228
"Isocortex","Cell_42581","Isocortex_16",228
"Isocortex","Cell_43068","Isocortex_14",250
"Isocortex","Cell_4078","Isocortex_15",291
"Isocortex","Cell_43720","Isocortex_16",228
"Isocortex","Cell_23272","Isocortex_22",271
"Isocortex","Cell_6060","Isocortex_22",271
"Isocortex","Cell_274","Isocortex_22",271
"Isocortex","Cell_2592","Isocortex_22",271
"Isocortex","Cell_4659","Isocortex_22",271
"Isocortex","Cell_18896","Isocortex_22",271
"Isocortex","Cell_22717","Isocortex_22",271
"Isocortex","Cell_27396","Isocortex_22",271
"Isocortex","Cell_39131","Isocortex_22",271
"Isocortex","Cell_3650","Isocortex_22",271
"Isocortex","Cell_39782","Isocortex_22",271
"Isocortex","Cell_9428","Isocortex_22",271
"Isocortex","Cell_12826","Isocortex_22",271
"Isocortex","Cell_38446","Isocortex_22",271
"Isocortex","Cell_9230","Isocortex_22",271
"Isocortex","Cell_11807","Isocortex_22",271
"Isocortex","Cell_38412","Isocortex_22",271
"Isocortex","Cell_11675","Isocortex_22",271
"Isocortex","Cell_24371","Isocortex_6",432
"Isocortex","Cell_15376","Isocortex_6",432
"Isocortex","Cell_37868","Isocortex_6",432
"Isocortex","Cell_43207","Isocortex_6",432
"Isocortex","Cell_12654","Isocortex_6",432
"Isocortex","Cell_26486","Isocortex_6",432
"Isocortex","Cell_7896","Isocortex_6",432
"Isocortex","Cell_8254","Isocortex_6",432
"Isocortex","Cell_8956","Isocortex_6",432
"Isocortex","Cell_11073","Isocortex_6",432
"Isocortex","Cell_13714","Isocortex_6",432
"Isocortex","Cell_15520","Isocortex_6",432
"Isocortex","Cell_15590","Isocortex_6",432
"Isocortex","Cell_16286","Isocortex_6",432
"Isocortex","Cell_17861","Isocortex_6",432
"Isocortex","Cell_24736","Isocortex_6",432
"Isocortex","Cell_28728","Isocortex_6",432
"Isocortex","Cell_30334","Isocortex_6",432
"Isocortex","Cell_30989","Isocortex_6",432
"Isocortex","Cell_33353","Isocortex_6",432
"Isocortex","Cell_37241","Isocortex_6",432
"Isocortex","Cell_39610","Isocortex_6",432
"Isocortex","Cell_43090","Isocortex_6",432
"Isocortex","Cell_9840","Isocortex_6",432
"Isocortex","Cell_11607","Isocortex_6",432
"Isocortex","Cell_12443","Isocortex_6",432
"Isocortex","Cell_12708","Isocortex_6",432
"Isocortex","Cell_15971","Isocortex_6",432
"Isocortex","Cell_16205","Isocortex_6",432
"Isocortex","Cell_17256","Isocortex_6",432
"Isocortex","Cell_19357","Isocortex_6",432
"Isocortex","Cell_24241","Isocortex_6",432
"Isocortex","Cell_36875","Isocortex_6",432
"Isocortex","Cell_979","Isocortex_6",432
"Isocortex","Cell_1338","Isocortex_6",432
"Isocortex","Cell_1744","Isocortex_6",432
"Isocortex","Cell_2715","Isocortex_6",432
"Isocortex","Cell_4367","Isocortex_6",432
"Isocortex","Cell_10234","Isocortex_6",432
"Isocortex","Cell_18069","Isocortex_6",432
"Isocortex","Cell_18162","Isocortex_6",432
"Isocortex","Cell_20116","Isocortex_6",432
"Isocortex","Cell_21695","Isocortex_6",432
"Isocortex","Cell_26515","Isocortex_6",432
"Isocortex","Cell_31600","Isocortex_6",432
"Isocortex","Cell_33331","Isocortex_6",432
"Isocortex","Cell_37038","Isocortex_6",432
"Isocortex","Cell_37420","Isocortex_6",432
"Isocortex","Cell_43299","Isocortex_6",432
"Isocortex","Cell_44280","Isocortex_6",432
"Isocortex","Cell_180","Isocortex_6",432
"Isocortex","Cell_3751","Isocortex_6",432
"Isocortex","Cell_26787","Isocortex_6",432
"Isocortex","Cell_28710","Isocortex_6",432
"Isocortex","Cell_22691","Isocortex_6",432
"Isocortex","Cell_28774","Isocortex_6",432
"Isocortex","Cell_36614","Isocortex_6",432
"Isocortex","Cell_39278","Isocortex_6",432
"Isocortex","Cell_7802","Isocortex_6",432
"Isocortex","Cell_8580","Isocortex_6",432
"Isocortex","Cell_9313","Isocortex_6",432
"Isocortex","Cell_9596","Isocortex_6",432
"Isocortex","Cell_9692","Isocortex_6",432
"Isocortex","Cell_11438","Isocortex_6",432
"Isocortex","Cell_11758","Isocortex_6",432
"Isocortex","Cell_12693","Isocortex_6",432
"Isocortex","Cell_13133","Isocortex_6",432
"Isocortex","Cell_19757","Isocortex_6",432
"Isocortex","Cell_26711","Isocortex_6",432
"Isocortex","Cell_27221","Isocortex_6",432
"Isocortex","Cell_27261","Isocortex_6",432
"Isocortex","Cell_28093","Isocortex_6",432
"Isocortex","Cell_29121","Isocortex_6",432
"Isocortex","Cell_29410","Isocortex_6",432
"Isocortex","Cell_29858","Isocortex_6",432
"Isocortex","Cell_29938","Isocortex_6",432
"Isocortex","Cell_30664","Isocortex_6",432
"Isocortex","Cell_31994","Isocortex_6",432
"Isocortex","Cell_33072","Isocortex_6",432
"Isocortex","Cell_34644","Isocortex_6",432
"Isocortex","Cell_41522","Isocortex_6",432
"Isocortex","Cell_44451","Isocortex_6",432
"Isocortex","Cell_44956","Isocortex_6",432
"Isocortex","Cell_24986","Isocortex_6",432
"Isocortex","Cell_43726","Isocortex_6",432
"Isocortex","Cell_5453","Isocortex_6",432
"Isocortex","Cell_6783","Isocortex_6",432
"Isocortex","Cell_6862","Isocortex_6",432
"Isocortex","Cell_10280","Isocortex_6",432
"Isocortex","Cell_12220","Isocortex_6",432
"Isocortex","Cell_14743","Isocortex_6",432
"Isocortex","Cell_18039","Isocortex_6",432
"Isocortex","Cell_18490","Isocortex_6",432
"Isocortex","Cell_22322","Isocortex_6",432
"Isocortex","Cell_22387","Isocortex_6",432
"Isocortex","Cell_28909","Isocortex_6",432
"Isocortex","Cell_30532","Isocortex_6",432
"Isocortex","Cell_33430","Isocortex_6",432
"Isocortex","Cell_6816","Isocortex_6",432
"Isocortex","Cell_5210","Isocortex_6",432
"Isocortex","Cell_9613","Isocortex_6",432
"Isocortex","Cell_13700","Isocortex_6",432
"Isocortex","Cell_13943","Isocortex_6",432
"Isocortex","Cell_12175","Isocortex_6",432
"Isocortex","Cell_9000","Isocortex_6",432
"Isocortex","Cell_18013","Isocortex_6",432
"Isocortex","Cell_26978","Isocortex_6",432
"Isocortex","Cell_44430","Isocortex_6",432
"Isocortex","Cell_23761","Isocortex_6",432
"Isocortex","Cell_33775","Isocortex_6",432
"Isocortex","Cell_39268","Isocortex_6",432
"Isocortex","Cell_25908","Isocortex_18",253
"Isocortex","Cell_22431","Isocortex_18",253
"Isocortex","Cell_32682","Isocortex_18",253
"Isocortex","Cell_36869","Isocortex_18",253
"Isocortex","Cell_1188","Isocortex_18",253
"Isocortex","Cell_3583","Isocortex_18",253
"Isocortex","Cell_10946","Isocortex_18",253
"Isocortex","Cell_26175","Isocortex_18",253
"Isocortex","Cell_26785","Isocortex_18",253
"Isocortex","Cell_28040","Isocortex_18",253
"Isocortex","Cell_28523","Isocortex_18",253
"Isocortex","Cell_30488","Isocortex_18",253
"Isocortex","Cell_36525","Isocortex_18",253
"Isocortex","Cell_42143","Isocortex_18",253
"Isocortex","Cell_8750","Isocortex_18",253
"Isocortex","Cell_10258","Isocortex_18",253
"Isocortex","Cell_15098","Isocortex_18",253
"Isocortex","Cell_27187","Isocortex_18",253
"Isocortex","Cell_35906","Isocortex_18",253
"Isocortex","Cell_39929","Isocortex_18",253
"Isocortex","Cell_17123","Isocortex_18",253
"Isocortex","Cell_14761","Isocortex_18",253
"Isocortex","Cell_32362","Isocortex_18",253
"Isocortex","Cell_11812","Isocortex_18",253
"Isocortex","Cell_21126","Isocortex_18",253
"Isocortex","Cell_24093","Isocortex_18",253
"Isocortex","Cell_32834","Isocortex_18",253
"Isocortex","Cell_36520","Isocortex_18",253
"Isocortex","Cell_37158","Isocortex_26",90
"Isocortex","Cell_11915","Isocortex_26",90
"Isocortex","Cell_29367","Isocortex_18",253
"Isocortex","Cell_35107","Isocortex_18",253
"Isocortex","Cell_674","Isocortex_18",253
"Isocortex","Cell_1154","Isocortex_18",253
"Isocortex","Cell_20937","Isocortex_18",253
"Isocortex","Cell_41940","Isocortex_18",253
"Isocortex","Cell_18520","Isocortex_18",253
"Isocortex","Cell_41363","Isocortex_18",253
"Isocortex","Cell_41953","Isocortex_18",253
"Isocortex","Cell_60","Isocortex_18",253
"Isocortex","Cell_2613","Isocortex_18",253
"Isocortex","Cell_16192","Isocortex_18",253
"Isocortex","Cell_6014","Isocortex_25",223
"Isocortex","Cell_31022","Isocortex_25",223
"Isocortex","Cell_38655","Isocortex_25",223
"Isocortex","Cell_12944","Isocortex_25",223
"Isocortex","Cell_4898","Isocortex_25",223
"Isocortex","Cell_9710","Isocortex_25",223
"Isocortex","Cell_8453","Isocortex_25",223
"Isocortex","Cell_9264","Isocortex_25",223
"Isocortex","Cell_19774","Isocortex_25",223
"Isocortex","Cell_42272","Isocortex_25",223
"Isocortex","Cell_2830","Isocortex_25",223
"Isocortex","Cell_3035","Isocortex_25",223
"Isocortex","Cell_3994","Isocortex_25",223
"Isocortex","Cell_20638","Isocortex_25",223
"Isocortex","Cell_23813","Isocortex_25",223
"Isocortex","Cell_28361","Isocortex_25",223
"Isocortex","Cell_31107","Isocortex_25",223
"Isocortex","Cell_38173","Isocortex_25",223
"Isocortex","Cell_38332","Isocortex_25",223
"Isocortex","Cell_42353","Isocortex_25",223
"Isocortex","Cell_44514","Isocortex_25",223
"Isocortex","Cell_45157","Isocortex_25",223
"Isocortex","Cell_3093","Isocortex_25",223
"Isocortex","Cell_4812","Isocortex_25",223
"Isocortex","Cell_13061","Isocortex_25",223
"Isocortex","Cell_39154","Isocortex_25",223
"Isocortex","Cell_26394","Isocortex_25",223
"Isocortex","Cell_17940","Isocortex_25",223
"Isocortex","Cell_28646","Isocortex_25",223
"Isocortex","Cell_13031","Isocortex_25",223
"Isocortex","Cell_35165","Isocortex_22",271
"Isocortex","Cell_864","Isocortex_22",271
"Isocortex","Cell_3708","Isocortex_22",271
"Isocortex","Cell_11315","Isocortex_22",271
"Isocortex","Cell_11879","Isocortex_22",271
"Isocortex","Cell_16303","Isocortex_22",271
"Isocortex","Cell_18614","Isocortex_22",271
"Isocortex","Cell_18698","Isocortex_22",271
"Isocortex","Cell_21887","Isocortex_22",271
"Isocortex","Cell_22171","Isocortex_22",271
"Isocortex","Cell_25256","Isocortex_22",271
"Isocortex","Cell_34462","Isocortex_22",271
"Isocortex","Cell_38358","Isocortex_22",271
"Isocortex","Cell_40676","Isocortex_22",271
"Isocortex","Cell_42278","Isocortex_22",271
"Isocortex","Cell_1601","Isocortex_22",271
"Isocortex","Cell_19535","Isocortex_22",271
"Isocortex","Cell_2876","Isocortex_22",271
"Isocortex","Cell_11361","Isocortex_22",271
"Isocortex","Cell_12486","Isocortex_22",271
"Isocortex","Cell_1175","Isocortex_1",375
"Isocortex","Cell_40586","Isocortex_1",375
"Isocortex","Cell_16110","Isocortex_1",375
"Isocortex","Cell_17781","Isocortex_1",375
"Isocortex","Cell_39211","Isocortex_1",375
"Isocortex","Cell_26946","Isocortex_1",375
"Isocortex","Cell_8714","Isocortex_1",375
"Isocortex","Cell_33389","Isocortex_1",375
"Isocortex","Cell_938","Isocortex_1",375
"Isocortex","Cell_1894","Isocortex_1",375
"Isocortex","Cell_7790","Isocortex_1",375
"Isocortex","Cell_11067","Isocortex_1",375
"Isocortex","Cell_18063","Isocortex_1",375
"Isocortex","Cell_21976","Isocortex_1",375
"Isocortex","Cell_27526","Isocortex_1",375
"Isocortex","Cell_31155","Isocortex_1",375
"Isocortex","Cell_1899","Isocortex_1",375
"Isocortex","Cell_4372","Isocortex_1",375
"Isocortex","Cell_6259","Isocortex_1",375
"Isocortex","Cell_6605","Isocortex_1",375
"Isocortex","Cell_7978","Isocortex_1",375
"Isocortex","Cell_10252","Isocortex_1",375
"Isocortex","Cell_18170","Isocortex_1",375
"Isocortex","Cell_20581","Isocortex_1",375
"Isocortex","Cell_22314","Isocortex_1",375
"Isocortex","Cell_23561","Isocortex_1",375
"Isocortex","Cell_30388","Isocortex_1",375
"Isocortex","Cell_31032","Isocortex_1",375
"Isocortex","Cell_40045","Isocortex_1",375
"Isocortex","Cell_40599","Isocortex_1",375
"Isocortex","Cell_40848","Isocortex_1",375
"Isocortex","Cell_43049","Isocortex_1",375
"Isocortex","Cell_44737","Isocortex_1",375
"Isocortex","Cell_7698","Isocortex_1",375
"Isocortex","Cell_17749","Isocortex_1",375
"Isocortex","Cell_31754","Isocortex_1",375
"Isocortex","Cell_32232","Isocortex_1",375
"Isocortex","Cell_3931","Isocortex_1",375
"Isocortex","Cell_9004","Isocortex_1",375
"Isocortex","Cell_9389","Isocortex_1",375
"Isocortex","Cell_15928","Isocortex_1",375
"Isocortex","Cell_16111","Isocortex_1",375
"Isocortex","Cell_19350","Isocortex_1",375
"Isocortex","Cell_20328","Isocortex_1",375
"Isocortex","Cell_26685","Isocortex_1",375
"Isocortex","Cell_29469","Isocortex_1",375
"Isocortex","Cell_39800","Isocortex_1",375
"Isocortex","Cell_44319","Isocortex_1",375
"Isocortex","Cell_3614","Isocortex_1",375
"Isocortex","Cell_18957","Isocortex_1",375
"Isocortex","Cell_1301","Isocortex_1",375
"Isocortex","Cell_16502","Isocortex_1",375
"Isocortex","Cell_23527","Isocortex_1",375
"Isocortex","Cell_26162","Isocortex_1",375
"Isocortex","Cell_32012","Isocortex_1",375
"Isocortex","Cell_35084","Isocortex_1",375
"Isocortex","Cell_41352","Isocortex_1",375
"Isocortex","Cell_2470","Isocortex_4",272
"Isocortex","Cell_18575","Isocortex_4",272
"Isocortex","Cell_3737","Isocortex_27",72
"Isocortex","Cell_18457","Isocortex_27",72
"Isocortex","Cell_5132","Isocortex_27",72
"Isocortex","Cell_39","Isocortex_27",72
"Isocortex","Cell_23704","Isocortex_27",72
"Isocortex","Cell_18257","Isocortex_27",72
"Isocortex","Cell_27302","Isocortex_27",72
"Isocortex","Cell_38637","Isocortex_27",72
"Isocortex","Cell_1316","Isocortex_27",72
"Isocortex","Cell_1996","Isocortex_27",72
"Isocortex","Cell_3611","Isocortex_27",72
"Isocortex","Cell_4507","Isocortex_27",72
"Isocortex","Cell_5257","Isocortex_27",72
"Isocortex","Cell_5896","Isocortex_27",72
"Isocortex","Cell_5918","Isocortex_27",72
"Isocortex","Cell_6019","Isocortex_26",90
"Isocortex","Cell_7103","Isocortex_27",72
"Isocortex","Cell_9484","Isocortex_27",72
"Isocortex","Cell_9554","Isocortex_27",72
"Isocortex","Cell_9661","Isocortex_27",72
"Isocortex","Cell_9670","Isocortex_27",72
"Isocortex","Cell_10588","Isocortex_27",72
"Isocortex","Cell_12893","Isocortex_27",72
"Isocortex","Cell_13416","Isocortex_27",72
"Isocortex","Cell_13946","Isocortex_27",72
"Isocortex","Cell_14789","Isocortex_27",72
"Isocortex","Cell_17282","Isocortex_27",72
"Isocortex","Cell_17483","Isocortex_26",90
"Isocortex","Cell_18135","Isocortex_27",72
"Isocortex","Cell_19220","Isocortex_27",72
"Isocortex","Cell_20061","Isocortex_27",72
"Isocortex","Cell_20404","Isocortex_27",72
"Isocortex","Cell_21798","Isocortex_27",72
"Isocortex","Cell_22263","Isocortex_27",72
"Isocortex","Cell_22392","Isocortex_27",72
"Isocortex","Cell_22933","Isocortex_27",72
"Isocortex","Cell_24029","Isocortex_27",72
"Isocortex","Cell_24108","Isocortex_27",72
"Isocortex","Cell_31667","Isocortex_27",72
"Isocortex","Cell_33342","Isocortex_27",72
"Isocortex","Cell_36015","Isocortex_27",72
"Isocortex","Cell_37972","Isocortex_27",72
"Isocortex","Cell_39673","Isocortex_27",72
"Isocortex","Cell_40265","Isocortex_27",72
"Isocortex","Cell_40354","Isocortex_27",72
"Isocortex","Cell_41638","Isocortex_27",72
"Isocortex","Cell_42415","Isocortex_27",72
"Isocortex","Cell_42631","Isocortex_27",72
"Isocortex","Cell_44502","Isocortex_27",72
"Isocortex","Cell_44709","Isocortex_27",72
"Isocortex","Cell_44791","Isocortex_27",72
"Isocortex","Cell_44958","Isocortex_27",72
"Isocortex","Cell_20254","Isocortex_27",72
"Isocortex","Cell_11750","Isocortex_27",72
"Isocortex","Cell_25778","Isocortex_27",72
"Isocortex","Cell_35749","Isocortex_26",90
"Isocortex","Cell_2887","Isocortex_27",72
"Isocortex","Cell_4772","Isocortex_27",72
"Isocortex","Cell_40111","Isocortex_27",72
"Isocortex","Cell_26559","Isocortex_26",90
"Isocortex","Cell_39076","Isocortex_27",72
"Isocortex","Cell_27329","Isocortex_27",72
"Isocortex","Cell_513","Isocortex_27",72
"Isocortex","Cell_6952","Isocortex_27",72
"Isocortex","Cell_44080","Isocortex_27",72
"Isocortex","Cell_17012","Isocortex_27",72
"Isocortex","Cell_25972","Isocortex_27",72
"Isocortex","Cell_29035","Isocortex_27",72
"Isocortex","Cell_36628","Isocortex_27",72
"Isocortex","Cell_21289","Isocortex_27",72
"Isocortex","Cell_36263","Isocortex_27",72
"Isocortex","Cell_25315","Isocortex_27",72
"Isocortex","Cell_10847","Isocortex_25",223
"Isocortex","Cell_29760","Isocortex_25",223
"Isocortex","Cell_9916","Isocortex_25",223
"Isocortex","Cell_16888","Isocortex_25",223
"Isocortex","Cell_20153","Isocortex_12",428
"Isocortex","Cell_12226","Isocortex_20",459
"Isocortex","Cell_18454","Isocortex_20",459
"Isocortex","Cell_33283","Isocortex_20",459
"Isocortex","Cell_40911","Isocortex_20",459
"Isocortex","Cell_578","Isocortex_20",459
"Isocortex","Cell_1494","Isocortex_20",459
"Isocortex","Cell_2751","Isocortex_20",459
"Isocortex","Cell_3715","Isocortex_20",459
"Isocortex","Cell_5631","Isocortex_20",459
"Isocortex","Cell_6114","Isocortex_20",459
"Isocortex","Cell_7275","Isocortex_20",459
"Isocortex","Cell_8363","Isocortex_20",459
"Isocortex","Cell_11821","Isocortex_20",459
"Isocortex","Cell_13992","Isocortex_20",459
"Isocortex","Cell_15175","Isocortex_20",459
"Isocortex","Cell_18690","Isocortex_20",459
"Isocortex","Cell_23130","Isocortex_20",459
"Isocortex","Cell_24135","Isocortex_20",459
"Isocortex","Cell_36155","Isocortex_20",459
"Isocortex","Cell_39040","Isocortex_20",459
"Isocortex","Cell_39528","Isocortex_20",459
"Isocortex","Cell_43204","Isocortex_20",459
"Isocortex","Cell_4790","Isocortex_20",459
"Isocortex","Cell_7046","Isocortex_20",459
"Isocortex","Cell_16612","Isocortex_20",459
"Isocortex","Cell_20829","Isocortex_20",459
"Isocortex","Cell_25401","Isocortex_20",459
"Isocortex","Cell_37967","Isocortex_20",459
"Isocortex","Cell_6814","Isocortex_20",459
"Isocortex","Cell_12590","Isocortex_20",459
"Isocortex","Cell_18348","Isocortex_20",459
"Isocortex","Cell_30601","Isocortex_12",428
"Isocortex","Cell_34900","Isocortex_20",459
"Isocortex","Cell_4924","Isocortex_20",459
"Isocortex","Cell_17799","Isocortex_20",459
"Isocortex","Cell_21032","Isocortex_20",459
"Isocortex","Cell_21058","Isocortex_20",459
"Isocortex","Cell_26294","Isocortex_20",459
"Isocortex","Cell_31783","Isocortex_12",428
"Isocortex","Cell_45230","Isocortex_20",459
"Isocortex","Cell_3823","Isocortex_20",459
"Isocortex","Cell_6161","Isocortex_12",428
"Isocortex","Cell_15617","Isocortex_12",428
"Isocortex","Cell_38896","Isocortex_20",459
"Isocortex","Cell_7525","Isocortex_20",459
"Isocortex","Cell_23221","Isocortex_20",459
"Isocortex","Cell_24892","Isocortex_20",459
"Isocortex","Cell_26360","Isocortex_20",459
"Isocortex","Cell_34904","Isocortex_20",459
"Isocortex","Cell_39389","Isocortex_20",459
"Isocortex","Cell_6432","Isocortex_12",428
"Isocortex","Cell_13316","Isocortex_20",459
"Isocortex","Cell_14590","Isocortex_20",459
"Isocortex","Cell_18984","Isocortex_20",459
"Isocortex","Cell_44438","Isocortex_20",459
"Isocortex","Cell_3364","Isocortex_20",459
"Isocortex","Cell_7250","Isocortex_20",459
"Isocortex","Cell_12143","Isocortex_20",459
"Isocortex","Cell_13596","Isocortex_20",459
"Isocortex","Cell_14919","Isocortex_20",459
"Isocortex","Cell_26577","Isocortex_20",459
"Isocortex","Cell_34880","Isocortex_20",459
"Isocortex","Cell_36120","Isocortex_20",459
"Isocortex","Cell_42748","Isocortex_20",459
"Isocortex","Cell_20539","Isocortex_20",459
"Isocortex","Cell_35827","Isocortex_20",459
"Isocortex","Cell_9263","Isocortex_20",459
"Isocortex","Cell_22","Isocortex_20",459
"Isocortex","Cell_20378","Isocortex_18",253
"Isocortex","Cell_3354","Isocortex_18",253
"Isocortex","Cell_3648","Isocortex_18",253
"Isocortex","Cell_14195","Isocortex_18",253
"Isocortex","Cell_23197","Isocortex_18",253
"Isocortex","Cell_25177","Isocortex_18",253
"Isocortex","Cell_29946","Isocortex_18",253
"Isocortex","Cell_2880","Isocortex_18",253
"Isocortex","Cell_5090","Isocortex_18",253
"Isocortex","Cell_16649","Isocortex_18",253
"Isocortex","Cell_21909","Isocortex_18",253
"Isocortex","Cell_39925","Isocortex_18",253
"Isocortex","Cell_44371","Isocortex_18",253
"Isocortex","Cell_4271","Isocortex_18",253
"Isocortex","Cell_37040","Isocortex_18",253
"Isocortex","Cell_18192","Isocortex_18",253
"Isocortex","Cell_25034","Isocortex_18",253
"Isocortex","Cell_26573","Isocortex_18",253
"Isocortex","Cell_33925","Isocortex_18",253
"Isocortex","Cell_35091","Isocortex_18",253
"Isocortex","Cell_37310","Isocortex_18",253
"Isocortex","Cell_42462","Isocortex_18",253
"Isocortex","Cell_45253","Isocortex_18",253
"Isocortex","Cell_12706","Isocortex_18",253
"Isocortex","Cell_24405","Isocortex_18",253
"Isocortex","Cell_37134","Isocortex_18",253
"Isocortex","Cell_40768","Isocortex_18",253
"Isocortex","Cell_22906","Isocortex_18",253
"Isocortex","Cell_3644","Isocortex_18",253
"Isocortex","Cell_17429","Isocortex_18",253
"Isocortex","Cell_20881","Isocortex_11",348
"Isocortex","Cell_38442","Isocortex_11",348
"Isocortex","Cell_334","Isocortex_11",348
"Isocortex","Cell_3675","Isocortex_12",428
"Isocortex","Cell_6250","Isocortex_12",428
"Isocortex","Cell_8820","Isocortex_11",348
"Isocortex","Cell_11284","Isocortex_12",428
"Isocortex","Cell_16706","Isocortex_12",428
"Isocortex","Cell_17616","Isocortex_11",348
"Isocortex","Cell_26547","Isocortex_11",348
"Isocortex","Cell_31965","Isocortex_12",428
"Isocortex","Cell_34039","Isocortex_11",348
"Isocortex","Cell_37386","Isocortex_12",428
"Isocortex","Cell_41659","Isocortex_11",348
"Isocortex","Cell_8062","Isocortex_12",428
"Isocortex","Cell_10853","Isocortex_12",428
"Isocortex","Cell_21856","Isocortex_11",348
"Isocortex","Cell_22157","Isocortex_11",348
"Isocortex","Cell_24789","Isocortex_12",428
"Isocortex","Cell_31131","Isocortex_12",428
"Isocortex","Cell_31922","Isocortex_12",428
"Isocortex","Cell_41410","Isocortex_11",348
"Isocortex","Cell_6857","Isocortex_11",348
"Isocortex","Cell_7251","Isocortex_11",348
"Isocortex","Cell_7344","Isocortex_12",428
"Isocortex","Cell_10734","Isocortex_12",428
"Isocortex","Cell_11258","Isocortex_12",428
"Isocortex","Cell_11825","Isocortex_11",348
"Isocortex","Cell_13339","Isocortex_11",348
"Isocortex","Cell_16291","Isocortex_12",428
"Isocortex","Cell_16372","Isocortex_12",428
"Isocortex","Cell_38878","Isocortex_12",428
"Isocortex","Cell_40943","Isocortex_11",348
"Isocortex","Cell_1717","Isocortex_12",428
"Isocortex","Cell_27065","Isocortex_12",428
"Isocortex","Cell_43962","Isocortex_11",348
"Isocortex","Cell_2024","Isocortex_11",348
"Isocortex","Cell_5459","Isocortex_12",428
"Isocortex","Cell_28918","Isocortex_12",428
"Isocortex","Cell_18304","Isocortex_12",428
"Isocortex","Cell_38787","Isocortex_12",428
"Isocortex","Cell_3979","Isocortex_11",348
"Isocortex","Cell_248","Isocortex_12",428
"Isocortex","Cell_9193","Isocortex_12",428
"Isocortex","Cell_802","Isocortex_11",348
"Isocortex","Cell_32890","Isocortex_12",428
"Isocortex","Cell_11593","Isocortex_11",348
"Isocortex","Cell_16287","Isocortex_12",428
"Isocortex","Cell_134","Isocortex_26",90
"Isocortex","Cell_11579","Isocortex_26",90
"Isocortex","Cell_10412","Isocortex_26",90
"Isocortex","Cell_17774","Isocortex_26",90
"Isocortex","Cell_30666","Isocortex_26",90
"Isocortex","Cell_17918","Isocortex_26",90
"Isocortex","Cell_29194","Isocortex_26",90
"Isocortex","Cell_1839","Isocortex_26",90
"Isocortex","Cell_8767","Isocortex_25",223
"Isocortex","Cell_15501","Isocortex_25",223
"Isocortex","Cell_36596","Isocortex_25",223
"Isocortex","Cell_25577","Isocortex_25",223
"Isocortex","Cell_7441","Isocortex_6",432
"Isocortex","Cell_43461","Isocortex_6",432
"Isocortex","Cell_6791","Isocortex_6",432
"Isocortex","Cell_38970","Isocortex_6",432
"Isocortex","Cell_30052","Isocortex_6",432
"Isocortex","Cell_32208","Isocortex_6",432
"Isocortex","Cell_8500","Isocortex_6",432
"Isocortex","Cell_19257","Isocortex_6",432
"Isocortex","Cell_25048","Isocortex_27",72
"Isocortex","Cell_7211","Isocortex_6",432
"Isocortex","Cell_19763","Isocortex_6",432
"Isocortex","Cell_23451","Isocortex_6",432
"Isocortex","Cell_39876","Isocortex_6",432
"Isocortex","Cell_17323","Isocortex_6",432
"Isocortex","Cell_39947","Isocortex_6",432
"Isocortex","Cell_21682","Isocortex_27",72
"Isocortex","Cell_34432","Isocortex_6",432
"Isocortex","Cell_19698","Isocortex_6",432
"Isocortex","Cell_35525","Isocortex_6",432
"Isocortex","Cell_38582","Isocortex_27",72
"Isocortex","Cell_22124","Isocortex_6",432
"Isocortex","Cell_28614","Isocortex_6",432
"Isocortex","Cell_19682","Isocortex_6",432
"Isocortex","Cell_33458","Isocortex_18",253
"Isocortex","Cell_39853","Isocortex_18",253
"Isocortex","Cell_18295","Isocortex_18",253
"Isocortex","Cell_7902","Isocortex_18",253
"Isocortex","Cell_13394","Isocortex_18",253
"LD","Cell_12464","LD_1",38
"LD","Cell_13617","LD_2",36
"LD","Cell_20781","LD_3",27
"LD","Cell_22138","LD_4",46
"LD","Cell_42024","LD_5",64
"LD","Cell_29323","LD_5",64
"LD","Cell_66","LD_6",38
"LD","Cell_387","LD_1",38
"LD","Cell_3108","LD_2",36
"LD","Cell_4737","LD_5",64
"LD","Cell_11374","LD_1",38
"LD","Cell_11393","LD_4",46
"LD","Cell_15762","LD_7",77
"LD","Cell_21700","LD_1",38
"LD","Cell_22600","LD_7",77
"LD","Cell_25487","LD_7",77
"LD","Cell_32115","LD_5",64
"LD","Cell_33282","LD_7",77
"LD","Cell_35938","LD_1",38
"LD","Cell_41238","LD_6",38
"LD","Cell_1110","LD_3",27
"LD","Cell_1931","LD_5",64
"LD","Cell_9233","LD_2",36
"LD","Cell_10051","LD_4",46
"LD","Cell_12398","LD_3",27
"LD","Cell_17948","LD_5",64
"LD","Cell_19441","LD_7",77
"LD","Cell_25197","LD_5",64
"LD","Cell_25717","LD_5",64
"LD","Cell_26365","LD_4",46
"LD","Cell_37476","LD_2",36
"LD","Cell_38215","LD_5",64
"LD","Cell_40310","LD_4",46
"LD","Cell_40970","LD_2",36
"LD","Cell_41899","LD_4",46
"LD","Cell_10605","LD_7",77
"LD","Cell_32956","LD_1",38
"LD","Cell_27612","LD_6",38
"LD","Cell_3047","LD_2",36
"LD","Cell_21534","LD_7",77
"LD","Cell_25556","LD_5",64
"LD","Cell_27687","LD_7",77
"LD","Cell_29631","LD_3",27
"LD","Cell_3662","LD_5",64
"LD","Cell_4941","LD_5",64
"LD","Cell_7781","LD_7",77
"LD","Cell_9833","LD_6",38
"LD","Cell_11601","LD_6",38
"LD","Cell_19148","LD_4",46
"LD","Cell_19265","LD_3",27
"LD","Cell_21497","LD_4",46
"LD","Cell_31947","LD_1",38
"LD","Cell_32983","LD_5",64
"LD","Cell_43057","LD_7",77
"LD","Cell_293","LD_7",77
"LD","Cell_1381","LD_7",77
"LD","Cell_1867","LD_7",77
"LD","Cell_1960","LD_7",77
"LD","Cell_2775","LD_7",77
"LD","Cell_3143","LD_7",77
"LD","Cell_3815","LD_2",36
"LD","Cell_4123","LD_7",77
"LD","Cell_4688","LD_3",27
"LD","Cell_4728","LD_5",64
"LD","Cell_5342","LD_7",77
"LD","Cell_5474","LD_7",77
"LD","Cell_6885","LD_4",46
"LD","Cell_7253","LD_6",38
"LD","Cell_7431","LD_5",64
"LD","Cell_7590","LD_7",77
"LD","Cell_7782","LD_5",64
"LD","Cell_8020","LD_1",38
"LD","Cell_8150","LD_5",64
"LD","Cell_8560","LD_5",64
"LD","Cell_9221","LD_6",38
"LD","Cell_9933","LD_5",64
"LD","Cell_9998","LD_3",27
"LD","Cell_10899","LD_6",38
"LD","Cell_11483","LD_7",77
"LD","Cell_12030","LD_4",46
"LD","Cell_12052","LD_6",38
"LD","Cell_12776","LD_1",38
"LD","Cell_13019","LD_5",64
"LD","Cell_13719","LD_4",46
"LD","Cell_14005","LD_6",38
"LD","Cell_14781","LD_7",77
"LD","Cell_15166","LD_4",46
"LD","Cell_15584","LD_4",46
"LD","Cell_15600","LD_1",38
"LD","Cell_15937","LD_2",36
"LD","Cell_16694","LD_5",64
"LD","Cell_17154","LD_7",77
"LD","Cell_18266","LD_1",38
"LD","Cell_18713","LD_1",38
"LD","Cell_19010","LD_1",38
"LD","Cell_19387","LD_5",64
"LD","Cell_19403","LD_1",38
"LD","Cell_20283","LD_6",38
"LD","Cell_20504","LD_7",77
"LD","Cell_20909","LD_7",77
"LD","Cell_21066","LD_1",38
"LD","Cell_21117","LD_3",27
"LD","Cell_21744","LD_7",77
"LD","Cell_21891","LD_2",36
"LD","Cell_22778","LD_4",46
"LD","Cell_23277","LD_7",77
"LD","Cell_24361","LD_7",77
"LD","Cell_24788","LD_7",77
"LD","Cell_25902","LD_7",77
"LD","Cell_27185","LD_5",64
"LD","Cell_27427","LD_2",36
"LD","Cell_27650","LD_7",77
"LD","Cell_27729","LD_5",64
"LD","Cell_27772","LD_1",38
"LD","Cell_28223","LD_5",64
"LD","Cell_28907","LD_1",38
"LD","Cell_29232","LD_7",77
"LD","Cell_29625","LD_7",77
"LD","Cell_29885","LD_7",77
"LD","Cell_29912","LD_6",38
"LD","Cell_30620","LD_7",77
"LD","Cell_30632","LD_5",64
"LD","Cell_30910","LD_6",38
"LD","Cell_32107","LD_1",38
"LD","Cell_32373","LD_6",38
"LD","Cell_33573","LD_5",64
"LD","Cell_33683","LD_4",46
"LD","Cell_34669","LD_2",36
"LD","Cell_36484","LD_4",46
"LD","Cell_36810","LD_7",77
"LD","Cell_37203","LD_4",46
"LD","Cell_37226","LD_7",77
"LD","Cell_37453","LD_3",27
"LD","Cell_37749","LD_4",46
"LD","Cell_39149","LD_7",77
"LD","Cell_39334","LD_4",46
"LD","Cell_42131","LD_7",77
"LD","Cell_42176","LD_5",64
"LD","Cell_42484","LD_2",36
"LD","Cell_42715","LD_1",38
"LD","Cell_44537","LD_2",36
"LD","Cell_44942","LD_6",38
"LD","Cell_45202","LD_7",77
"LD","Cell_28554","LD_5",64
"LD","Cell_11299","LD_3",27
"LD","Cell_15997","LD_7",77
"LD","Cell_16626","LD_5",64
"LD","Cell_17030","LD_7",77
"LD","Cell_23457","LD_4",46
"LD","Cell_25904","LD_3",27
"LD","Cell_34150","LD_1",38
"LD","Cell_35303","LD_6",38
"LD","Cell_39869","LD_5",64
"LD","Cell_41032","LD_1",38
"LD","Cell_41880","LD_3",27
"LD","Cell_1422","LD_1",38
"LD","Cell_4757","LD_7",77
"LD","Cell_7803","LD_6",38
"LD","Cell_9314","LD_5",64
"LD","Cell_12116","LD_5",64
"LD","Cell_14098","LD_5",64
"LD","Cell_15278","LD_5",64
"LD","Cell_15322","LD_1",38
"LD","Cell_17259","LD_7",77
"LD","Cell_17852","LD_1",38
"LD","Cell_25219","LD_5",64
"LD","Cell_31973","LD_4",46
"LD","Cell_33421","LD_7",77
"LD","Cell_34980","LD_2",36
"LD","Cell_36599","LD_7",77
"LD","Cell_39174","LD_7",77
"LD","Cell_41598","LD_2",36
"LD","Cell_42359","LD_3",27
"LD","Cell_43040","LD_7",77
"LD","Cell_44481","LD_5",64
"LD","Cell_13532","LD_3",27
"LD","Cell_17232","LD_2",36
"LD","Cell_26299","LD_7",77
"LD","Cell_13910","LD_1",38
"LD","Cell_31824","LD_5",64
"LD","Cell_37883","LD_6",38
"LD","Cell_42903","LD_5",64
"LD","Cell_14320","LD_5",64
"LD","Cell_1718","LD_6",38
"LD","Cell_1805","LD_5",64
"LD","Cell_1897","LD_7",77
"LD","Cell_1936","LD_5",64
"LD","Cell_1967","LD_4",46
"LD","Cell_4997","LD_4",46
"LD","Cell_7529","LD_5",64
"LD","Cell_9898","LD_6",38
"LD","Cell_12404","LD_2",36
"LD","Cell_14182","LD_7",77
"LD","Cell_14916","LD_7",77
"LD","Cell_16173","LD_7",77
"LD","Cell_18243","LD_5",64
"LD","Cell_20422","LD_7",77
"LD","Cell_23412","LD_5",64
"LD","Cell_24121","LD_1",38
"LD","Cell_24599","LD_1",38
"LD","Cell_25147","LD_2",36
"LD","Cell_28123","LD_6",38
"LD","Cell_28745","LD_7",77
"LD","Cell_29215","LD_1",38
"LD","Cell_29945","LD_6",38
"LD","Cell_30915","LD_5",64
"LD","Cell_31749","LD_5",64
"LD","Cell_35086","LD_7",77
"LD","Cell_37204","LD_5",64
"LD","Cell_39941","LD_2",36
"LD","Cell_44335","LD_3",27
"LD","Cell_44860","LD_1",38
"LD","Cell_1568","LD_6",38
"LD","Cell_2127","LD_4",46
"LD","Cell_5350","LD_7",77
"LD","Cell_5538","LD_6",38
"LD","Cell_5980","LD_6",38
"LD","Cell_12364","LD_1",38
"LD","Cell_20343","LD_2",36
"LD","Cell_29405","LD_4",46
"LD","Cell_20930","LD_2",36
"LD","Cell_15396","LD_6",38
"LD","Cell_18502","LD_4",46
"LD","Cell_23304","LD_6",38
"LD","Cell_15262","LD_3",27
"LD","Cell_25509","LD_6",38
"LD","Cell_6080","LD_2",36
"LD","Cell_278","LD_3",27
"LD","Cell_1613","LD_4",46
"LD","Cell_1627","LD_5",64
"LD","Cell_2097","LD_5",64
"LD","Cell_4787","LD_6",38
"LD","Cell_4808","LD_4",46
"LD","Cell_4899","LD_2",36
"LD","Cell_5269","LD_1",38
"LD","Cell_6000","LD_1",38
"LD","Cell_6705","LD_7",77
"LD","Cell_8049","LD_3",27
"LD","Cell_8240","LD_4",46
"LD","Cell_10331","LD_7",77
"LD","Cell_10332","LD_6",38
"LD","Cell_12044","LD_2",36
"LD","Cell_12380","LD_3",27
"LD","Cell_12846","LD_5",64
"LD","Cell_13893","LD_4",46
"LD","Cell_14412","LD_6",38
"LD","Cell_17567","LD_1",38
"LD","Cell_18781","LD_7",77
"LD","Cell_18912","LD_5",64
"LD","Cell_21593","LD_2",36
"LD","Cell_22815","LD_4",46
"LD","Cell_23772","LD_7",77
"LD","Cell_24486","LD_6",38
"LD","Cell_25832","LD_5",64
"LD","Cell_26475","LD_2",36
"LD","Cell_26862","LD_6",38
"LD","Cell_27257","LD_4",46
"LD","Cell_30346","LD_7",77
"LD","Cell_32556","LD_4",46
"LD","Cell_33133","LD_4",46
"LD","Cell_33334","LD_4",46
"LD","Cell_34004","LD_7",77
"LD","Cell_34924","LD_1",38
"LD","Cell_35472","LD_5",64
"LD","Cell_36232","LD_6",38
"LD","Cell_36344","LD_7",77
"LD","Cell_36369","LD_7",77
"LD","Cell_37237","LD_2",36
"LD","Cell_37893","LD_2",36
"LD","Cell_39415","LD_7",77
"LD","Cell_39542","LD_1",38
"LD","Cell_40117","LD_7",77
"LD","Cell_40272","LD_5",64
"LD","Cell_41100","LD_6",38
"LD","Cell_41408","LD_1",38
"LD","Cell_41480","LD_2",36
"LD","Cell_41865","LD_3",27
"LD","Cell_42787","LD_3",27
"LD","Cell_42976","LD_5",64
"LD","Cell_9059","LD_4",46
"LD","Cell_18726","LD_4",46
"LD","Cell_30299","LD_7",77
"LD","Cell_32197","LD_6",38
"LD","Cell_619","LD_5",64
"LD","Cell_32184","LD_5",64
"LD","Cell_3111","LD_6",38
"LD","Cell_3200","LD_7",77
"LD","Cell_6109","LD_7",77
"LD","Cell_6934","LD_2",36
"LD","Cell_8657","LD_3",27
"LD","Cell_11444","LD_4",46
"LD","Cell_12344","LD_4",46
"LD","Cell_13268","LD_7",77
"LD","Cell_14655","LD_2",36
"LD","Cell_23396","LD_2",36
"LD","Cell_26051","LD_4",46
"LD","Cell_31800","LD_4",46
"LD","Cell_43156","LD_4",46
"LD","Cell_44027","LD_2",36
"LD","Cell_3024","LD_3",27
"LD","Cell_14666","LD_2",36
"LD","Cell_19581","LD_7",77
"LD","Cell_39878","LD_5",64
"LD","Cell_34967","LD_5",64
"LD","Cell_37160","LD_3",27
"LD","Cell_6591","LD_4",46
"LD","Cell_8637","LD_7",77
"LD","Cell_8850","LD_4",46
"LD","Cell_9639","LD_5",64
"LD","Cell_25772","LD_3",27
"LD","Cell_29402","LD_5",64
"LD","Cell_29705","LD_1",38
"LD","Cell_30497","LD_6",38
"LD","Cell_37423","LD_4",46
"LD","Cell_12246","LD_5",64
"LD","Cell_14061","LD_7",77
"LD","Cell_27312","LD_7",77
"LD","Cell_44843","LD_5",64
"LD","Cell_44576","LD_2",36
"LD","Cell_4609","LD_7",77
"LD","Cell_11196","LD_3",27
"LD","Cell_17813","LD_2",36
"LD","Cell_17740","LD_1",38
"LD","Cell_25392","LD_4",46
"LD","Cell_44931","LD_7",77
"LD","Cell_34000","LD_3",27
"LH","Cell_4097","LH_1",87
"LH","Cell_4618","LH_2",82
"LH","Cell_13190","LH_2",82
"LH","Cell_21651","LH_1",87
"LH","Cell_28958","LH_1",87
"LH","Cell_34527","LH_2",82
"LH","Cell_11228","LH_2",82
"LH","Cell_15810","LH_2",82
"LH","Cell_29015","LH_2",82
"LH","Cell_40974","LH_1",87
"LH","Cell_1125","LH_1",87
"LH","Cell_4633","LH_2",82
"LH","Cell_13967","LH_1",87
"LH","Cell_17142","LH_1",87
"LH","Cell_18250","LH_1",87
"LH","Cell_18777","LH_2",82
"LH","Cell_19492","LH_1",87
"LH","Cell_31989","LH_2",82
"LH","Cell_33741","LH_2",82
"LH","Cell_35082","LH_2",82
"LH","Cell_35092","LH_2",82
"LH","Cell_37155","LH_1",87
"LH","Cell_38373","LH_1",87
"LH","Cell_38644","LH_1",87
"LH","Cell_39546","LH_1",87
"LH","Cell_42073","LH_2",82
"LH","Cell_43685","LH_2",82
"LH","Cell_10338","LH_2",82
"LH","Cell_16355","LH_2",82
"LH","Cell_17687","LH_1",87
"LH","Cell_25805","LH_1",87
"LH","Cell_34429","LH_2",82
"LH","Cell_2041","LH_2",82
"LH","Cell_2465","LH_2",82
"LH","Cell_6424","LH_2",82
"LH","Cell_18090","LH_2",82
"LH","Cell_25451","LH_1",87
"LH","Cell_31365","LH_1",87
"LH","Cell_39762","LH_1",87
"LH","Cell_43744","LH_1",87
"LH","Cell_18833","LH_1",87
"LH","Cell_33978","LH_2",82
"LH","Cell_995","LH_2",82
"LH","Cell_1204","LH_1",87
"LH","Cell_13912","LH_1",87
"LH","Cell_16698","LH_1",87
"LH","Cell_22302","LH_1",87
"LH","Cell_33219","LH_1",87
"LH","Cell_41731","LH_2",82
"LH","Cell_2114","LH_2",82
"LH","Cell_10838","LH_1",87
"LH","Cell_12417","LH_1",87
"LH","Cell_17818","LH_2",82
"LH","Cell_18765","LH_2",82
"LH","Cell_20099","LH_1",87
"LH","Cell_20162","LH_2",82
"LH","Cell_20917","LH_2",82
"LH","Cell_27786","LH_2",82
"LH","Cell_28950","LH_1",87
"LH","Cell_29044","LH_1",87
"LH","Cell_29385","LH_1",87
"LH","Cell_30110","LH_1",87
"LH","Cell_30115","LH_1",87
"LH","Cell_31963","LH_2",82
"LH","Cell_34590","LH_1",87
"LH","Cell_35430","LH_1",87
"LH","Cell_35803","LH_1",87
"LH","Cell_36111","LH_1",87
"LH","Cell_36196","LH_1",87
"LH","Cell_37477","LH_1",87
"LH","Cell_38854","LH_1",87
"LH","Cell_39461","LH_1",87
"LH","Cell_39972","LH_1",87
"LH","Cell_41387","LH_2",82
"LH","Cell_43342","LH_1",87
"LH","Cell_43354","LH_1",87
"LH","Cell_44959","LH_1",87
"LH","Cell_330","LH_2",82
"LH","Cell_487","LH_1",87
"LH","Cell_1541","LH_1",87
"LH","Cell_2374","LH_2",82
"LH","Cell_2988","LH_1",87
"LH","Cell_3127","LH_2",82
"LH","Cell_5249","LH_1",87
"LH","Cell_5947","LH_2",82
"LH","Cell_6196","LH_2",82
"LH","Cell_8252","LH_1",87
"LH","Cell_8900","LH_1",87
"LH","Cell_10128","LH_2",82
"LH","Cell_10517","LH_1",87
"LH","Cell_11076","LH_1",87
"LH","Cell_12203","LH_1",87
"LH","Cell_12468","LH_2",82
"LH","Cell_12580","LH_1",87
"LH","Cell_14319","LH_1",87
"LH","Cell_14432","LH_1",87
"LH","Cell_14874","LH_2",82
"LH","Cell_15526","LH_1",87
"LH","Cell_15955","LH_2",82
"LH","Cell_16027","LH_1",87
"LH","Cell_17778","LH_2",82
"LH","Cell_18362","LH_2",82
"LH","Cell_18878","LH_1",87
"LH","Cell_19221","LH_2",82
"LH","Cell_19351","LH_1",87
"LH","Cell_19391","LH_2",82
"LH","Cell_20017","LH_2",82
"LH","Cell_20072","LH_2",82
"LH","Cell_20716","LH_2",82
"LH","Cell_21561","LH_2",82
"LH","Cell_22370","LH_1",87
"LH","Cell_22763","LH_2",82
"LH","Cell_22772","LH_1",87
"LH","Cell_23576","LH_2",82
"LH","Cell_24530","LH_1",87
"LH","Cell_25100","LH_2",82
"LH","Cell_25119","LH_1",87
"LH","Cell_25970","LH_1",87
"LH","Cell_26586","LH_2",82
"LH","Cell_26823","LH_2",82
"LH","Cell_27658","LH_2",82
"LH","Cell_28157","LH_2",82
"LH","Cell_28900","LH_1",87
"LH","Cell_30407","LH_2",82
"LH","Cell_31106","LH_2",82
"LH","Cell_31772","LH_2",82
"LH","Cell_32267","LH_2",82
"LH","Cell_32659","LH_1",87
"LH","Cell_32700","LH_2",82
"LH","Cell_33040","LH_1",87
"LH","Cell_33110","LH_2",82
"LH","Cell_34419","LH_2",82
"LH","Cell_36138","LH_2",82
"LH","Cell_36767","LH_1",87
"LH","Cell_37008","LH_2",82
"LH","Cell_38746","LH_1",87
"LH","Cell_38751","LH_1",87
"LH","Cell_38920","LH_2",82
"LH","Cell_38942","LH_2",82
"LH","Cell_39202","LH_2",82
"LH","Cell_40531","LH_2",82
"LH","Cell_40743","LH_1",87
"LH","Cell_42258","LH_1",87
"LH","Cell_44992","LH_1",87
"LH","Cell_45102","LH_2",82
"LH","Cell_13201","LH_1",87
"LH","Cell_13828","LH_1",87
"LH","Cell_36298","LH_1",87
"LH","Cell_36880","LH_1",87
"LH","Cell_3294","LH_2",82
"LH","Cell_42029","LH_1",87
"LH","Cell_9830","LH_2",82
"LH","Cell_25714","LH_1",87
"LH","Cell_33186","LH_2",82
"LH","Cell_19434","LH_1",87
"LH","Cell_23100","LH_2",82
"LH","Cell_9075","LH_2",82
"LH","Cell_5158","LH_1",87
"LH","Cell_10275","LH_2",82
"LH","Cell_21641","LH_1",87
"LH","Cell_24330","LH_2",82
"LH","Cell_25938","LH_2",82
"LH","Cell_40191","LH_2",82
"LH","Cell_43806","LH_2",82
"LH","Cell_45189","LH_1",87
"LH","Cell_23745","LH_2",82
"LH","Cell_6852","LH_1",87
"LH","Cell_22837","LH_2",82
"LH","Cell_25340","LH_1",87
"LHA","Cell_173","LHA_1",133
"LHA","Cell_1016","LHA_2",73
"LHA","Cell_1573","LHA_3",102
"LHA","Cell_1697","LHA_4",148
"LHA","Cell_2404","LHA_5",77
"LHA","Cell_2481","LHA_4",148
"LHA","Cell_2634","LHA_2",73
"LHA","Cell_2760","LHA_6",201
"LHA","Cell_2923","LHA_7",142
"LHA","Cell_3052","LHA_7",142
"LHA","Cell_3084","LHA_8",27
"LHA","Cell_4253","LHA_9",95
"LHA","Cell_4517","LHA_9",95
"LHA","Cell_4677","LHA_6",201
"LHA","Cell_4740","LHA_4",148
"LHA","Cell_5006","LHA_4",148
"LHA","Cell_5176","LHA_4",148
"LHA","Cell_5773","LHA_9",95
"LHA","Cell_5818","LHA_1",133
"LHA","Cell_6690","LHA_3",102
"LHA","Cell_8285","LHA_1",133
"LHA","Cell_8728","LHA_4",148
"LHA","Cell_8766","LHA_8",27
"LHA","Cell_8932","LHA_4",148
"LHA","Cell_9935","LHA_7",142
"LHA","Cell_9958","LHA_7",142
"LHA","Cell_11440","LHA_7",142
"LHA","Cell_11908","LHA_7",142
"LHA","Cell_12682","LHA_7",142
"LHA","Cell_13567","LHA_4",148
"LHA","Cell_13791","LHA_7",142
"LHA","Cell_13981","LHA_9",95
"LHA","Cell_14484","LHA_9",95
"LHA","Cell_15072","LHA_2",73
"LHA","Cell_15325","LHA_8",27
"LHA","Cell_15453","LHA_6",201
"LHA","Cell_15935","LHA_6",201
"LHA","Cell_16735","LHA_7",142
"LHA","Cell_17147","LHA_5",77
"LHA","Cell_17485","LHA_8",27
"LHA","Cell_17686","LHA_6",201
"LHA","Cell_17715","LHA_10",27
"LHA","Cell_18827","LHA_4",148
"LHA","Cell_18926","LHA_7",142
"LHA","Cell_20575","LHA_5",77
"LHA","Cell_20791","LHA_7",142
"LHA","Cell_20888","LHA_3",102
"LHA","Cell_21084","LHA_11",113
"LHA","Cell_21665","LHA_6",201
"LHA","Cell_21830","LHA_5",77
"LHA","Cell_22073","LHA_5",77
"LHA","Cell_22264","LHA_8",27
"LHA","Cell_23290","LHA_11",113
"LHA","Cell_23558","LHA_11",113
"LHA","Cell_23602","LHA_8",27
"LHA","Cell_23816","LHA_6",201
"LHA","Cell_25170","LHA_7",142
"LHA","Cell_25452","LHA_1",133
"LHA","Cell_26329","LHA_5",77
"LHA","Cell_26896","LHA_11",113
"LHA","Cell_26963","LHA_4",148
"LHA","Cell_27463","LHA_7",142
"LHA","Cell_27505","LHA_5",77
"LHA","Cell_27857","LHA_1",133
"LHA","Cell_27957","LHA_6",201
"LHA","Cell_27984","LHA_7",142
"LHA","Cell_28462","LHA_6",201
"LHA","Cell_29056","LHA_7",142
"LHA","Cell_29113","LHA_6",201
"LHA","Cell_29155","LHA_4",148
"LHA","Cell_29210","LHA_11",113
"LHA","Cell_29239","LHA_7",142
"LHA","Cell_29448","LHA_6",201
"LHA","Cell_30564","LHA_6",201
"LHA","Cell_31331","LHA_7",142
"LHA","Cell_31715","LHA_5",77
"LHA","Cell_32790","LHA_1",133
"LHA","Cell_32817","LHA_6",201
"LHA","Cell_33060","LHA_6",201
"LHA","Cell_33151","LHA_3",102
"LHA","Cell_33277","LHA_1",133
"LHA","Cell_33657","LHA_6",201
"LHA","Cell_33943","LHA_7",142
"LHA","Cell_34056","LHA_1",133
"LHA","Cell_34486","LHA_5",77
"LHA","Cell_37076","LHA_5",77
"LHA","Cell_38197","LHA_4",148
"LHA","Cell_38457","LHA_4",148
"LHA","Cell_38730","LHA_6",201
"LHA","Cell_38991","LHA_11",113
"LHA","Cell_40193","LHA_6",201
"LHA","Cell_40562","LHA_1",133
"LHA","Cell_40756","LHA_1",133
"LHA","Cell_40982","LHA_4",148
"LHA","Cell_41760","LHA_4",148
"LHA","Cell_41804","LHA_4",148
"LHA","Cell_42156","LHA_2",73
"LHA","Cell_42703","LHA_11",113
"LHA","Cell_42819","LHA_1",133
"LHA","Cell_42861","LHA_4",148
"LHA","Cell_43314","LHA_4",148
"LHA","Cell_43373","LHA_5",77
"LHA","Cell_43654","LHA_4",148
"LHA","Cell_44015","LHA_9",95
"LHA","Cell_44269","LHA_9",95
"LHA","Cell_44447","LHA_2",73
"LHA","Cell_44671","LHA_1",133
"LHA","Cell_55","LHA_2",73
"LHA","Cell_640","LHA_11",113
"LHA","Cell_980","LHA_1",133
"LHA","Cell_2945","LHA_3",102
"LHA","Cell_6762","LHA_1",133
"LHA","Cell_7571","LHA_11",113
"LHA","Cell_9568","LHA_11",113
"LHA","Cell_10404","LHA_3",102
"LHA","Cell_10423","LHA_11",113
"LHA","Cell_11129","LHA_11",113
"LHA","Cell_11415","LHA_5",77
"LHA","Cell_12465","LHA_1",133
"LHA","Cell_12887","LHA_1",133
"LHA","Cell_13706","LHA_6",201
"LHA","Cell_14075","LHA_6",201
"LHA","Cell_15251","LHA_3",102
"LHA","Cell_15975","LHA_7",142
"LHA","Cell_17608","LHA_5",77
"LHA","Cell_18873","LHA_3",102
"LHA","Cell_18975","LHA_7",142
"LHA","Cell_19122","LHA_11",113
"LHA","Cell_19915","LHA_9",95
"LHA","Cell_19945","LHA_3",102
"LHA","Cell_21400","LHA_2",73
"LHA","Cell_22041","LHA_2",73
"LHA","Cell_23050","LHA_4",148
"LHA","Cell_23051","LHA_2",73
"LHA","Cell_23429","LHA_2",73
"LHA","Cell_24281","LHA_9",95
"LHA","Cell_24959","LHA_6",201
"LHA","Cell_25016","LHA_9",95
"LHA","Cell_26092","LHA_6",201
"LHA","Cell_28062","LHA_1",133
"LHA","Cell_28716","LHA_11",113
"LHA","Cell_30378","LHA_6",201
"LHA","Cell_30663","LHA_11",113
"LHA","Cell_31053","LHA_2",73
"LHA","Cell_31635","LHA_5",77
"LHA","Cell_33002","LHA_3",102
"LHA","Cell_33659","LHA_9",95
"LHA","Cell_34157","LHA_4",148
"LHA","Cell_34253","LHA_1",133
"LHA","Cell_34302","LHA_7",142
"LHA","Cell_34664","LHA_11",113
"LHA","Cell_34689","LHA_11",113
"LHA","Cell_35213","LHA_1",133
"LHA","Cell_35392","LHA_5",77
"LHA","Cell_35495","LHA_1",133
"LHA","Cell_36291","LHA_6",201
"LHA","Cell_37531","LHA_2",73
"LHA","Cell_38789","LHA_1",133
"LHA","Cell_39056","LHA_9",95
"LHA","Cell_39057","LHA_6",201
"LHA","Cell_40279","LHA_6",201
"LHA","Cell_40474","LHA_2",73
"LHA","Cell_42451","LHA_11",113
"LHA","Cell_43715","LHA_5",77
"LHA","Cell_44069","LHA_4",148
"LHA","Cell_410","LHA_6",201
"LHA","Cell_413","LHA_8",27
"LHA","Cell_1250","LHA_6",201
"LHA","Cell_1721","LHA_7",142
"LHA","Cell_1819","LHA_6",201
"LHA","Cell_1830","LHA_9",95
"LHA","Cell_1910","LHA_9",95
"LHA","Cell_2122","LHA_2",73
"LHA","Cell_2467","LHA_7",142
"LHA","Cell_2680","LHA_2",73
"LHA","Cell_2717","LHA_4",148
"LHA","Cell_3333","LHA_9",95
"LHA","Cell_4122","LHA_7",142
"LHA","Cell_4149","LHA_3",102
"LHA","Cell_5421","LHA_1",133
"LHA","Cell_7676","LHA_6",201
"LHA","Cell_7713","LHA_8",27
"LHA","Cell_8194","LHA_3",102
"LHA","Cell_8280","LHA_6",201
"LHA","Cell_8339","LHA_11",113
"LHA","Cell_8886","LHA_2",73
"LHA","Cell_8922","LHA_4",148
"LHA","Cell_9289","LHA_3",102
"LHA","Cell_9356","LHA_6",201
"LHA","Cell_9726","LHA_2",73
"LHA","Cell_10221","LHA_7",142
"LHA","Cell_11568","LHA_6",201
"LHA","Cell_11909","LHA_4",148
"LHA","Cell_12343","LHA_1",133
"LHA","Cell_12527","LHA_7",142
"LHA","Cell_12589","LHA_7",142
"LHA","Cell_12842","LHA_1",133
"LHA","Cell_13254","LHA_4",148
"LHA","Cell_13643","LHA_9",95
"LHA","Cell_14047","LHA_2",73
"LHA","Cell_14739","LHA_4",148
"LHA","Cell_14867","LHA_3",102
"LHA","Cell_15049","LHA_1",133
"LHA","Cell_15084","LHA_1",133
"LHA","Cell_15099","LHA_11",113
"LHA","Cell_15648","LHA_6",201
"LHA","Cell_16444","LHA_1",133
"LHA","Cell_16668","LHA_2",73
"LHA","Cell_17059","LHA_6",201
"LHA","Cell_17548","LHA_9",95
"LHA","Cell_18088","LHA_11",113
"LHA","Cell_18198","LHA_9",95
"LHA","Cell_18239","LHA_1",133
"LHA","Cell_18428","LHA_6",201
"LHA","Cell_18461","LHA_10",27
"LHA","Cell_18780","LHA_2",73
"LHA","Cell_19280","LHA_11",113
"LHA","Cell_19345","LHA_2",73
"LHA","Cell_20058","LHA_1",133
"LHA","Cell_20112","LHA_3",102
"LHA","Cell_20439","LHA_1",133
"LHA","Cell_20465","LHA_5",77
"LHA","Cell_20998","LHA_11",113
"LHA","Cell_21088","LHA_7",142
"LHA","Cell_21281","LHA_7",142
"LHA","Cell_21558","LHA_6",201
"LHA","Cell_21942","LHA_2",73
"LHA","Cell_22186","LHA_11",113
"LHA","Cell_22203","LHA_4",148
"LHA","Cell_22376","LHA_11",113
"LHA","Cell_23016","LHA_11",113
"LHA","Cell_23136","LHA_5",77
"LHA","Cell_23218","LHA_4",148
"LHA","Cell_23512","LHA_6",201
"LHA","Cell_24424","LHA_7",142
"LHA","Cell_24830","LHA_5",77
"LHA","Cell_24881","LHA_2",73
"LHA","Cell_25182","LHA_1",133
"LHA","Cell_25685","LHA_3",102
"LHA","Cell_25774","LHA_4",148
"LHA","Cell_26174","LHA_6",201
"LHA","Cell_26870","LHA_2",73
"LHA","Cell_26871","LHA_6",201
"LHA","Cell_26943","LHA_4",148
"LHA","Cell_28134","LHA_6",201
"LHA","Cell_28250","LHA_11",113
"LHA","Cell_28351","LHA_6",201
"LHA","Cell_29314","LHA_11",113
"LHA","Cell_29416","LHA_6",201
"LHA","Cell_29980","LHA_5",77
"LHA","Cell_30167","LHA_5",77
"LHA","Cell_30250","LHA_8",27
"LHA","Cell_30293","LHA_9",95
"LHA","Cell_32477","LHA_3",102
"LHA","Cell_32592","LHA_1",133
"LHA","Cell_32887","LHA_7",142
"LHA","Cell_33067","LHA_6",201
"LHA","Cell_33425","LHA_5",77
"LHA","Cell_34509","LHA_1",133
"LHA","Cell_34771","LHA_6",201
"LHA","Cell_34866","LHA_2",73
"LHA","Cell_35130","LHA_4",148
"LHA","Cell_35259","LHA_1",133
"LHA","Cell_35347","LHA_3",102
"LHA","Cell_36204","LHA_1",133
"LHA","Cell_36406","LHA_5",77
"LHA","Cell_37558","LHA_11",113
"LHA","Cell_37704","LHA_5",77
"LHA","Cell_38001","LHA_6",201
"LHA","Cell_38193","LHA_11",113
"LHA","Cell_38275","LHA_11",113
"LHA","Cell_38471","LHA_6",201
"LHA","Cell_38587","LHA_1",133
"LHA","Cell_38657","LHA_1",133
"LHA","Cell_38667","LHA_2",73
"LHA","Cell_38884","LHA_1",133
"LHA","Cell_39013","LHA_7",142
"LHA","Cell_40247","LHA_7",142
"LHA","Cell_40884","LHA_9",95
"LHA","Cell_41519","LHA_7",142
"LHA","Cell_42097","LHA_1",133
"LHA","Cell_42099","LHA_9",95
"LHA","Cell_42283","LHA_6",201
"LHA","Cell_42701","LHA_1",133
"LHA","Cell_43295","LHA_4",148
"LHA","Cell_44850","LHA_2",73
"LHA","Cell_45174","LHA_7",142
"LHA","Cell_35","LHA_6",201
"LHA","Cell_4261","LHA_6",201
"LHA","Cell_4459","LHA_11",113
"LHA","Cell_13401","LHA_2",73
"LHA","Cell_19411","LHA_1",133
"LHA","Cell_20817","LHA_5",77
"LHA","Cell_22606","LHA_6",201
"LHA","Cell_23434","LHA_2",73
"LHA","Cell_29334","LHA_1",133
"LHA","Cell_35882","LHA_5",77
"LHA","Cell_42296","LHA_4",148
"LHA","Cell_5","LHA_4",148
"LHA","Cell_14","LHA_10",27
"LHA","Cell_118","LHA_2",73
"LHA","Cell_434","LHA_7",142
"LHA","Cell_832","LHA_9",95
"LHA","Cell_902","LHA_7",142
"LHA","Cell_1073","LHA_6",201
"LHA","Cell_1183","LHA_6",201
"LHA","Cell_1375","LHA_4",148
"LHA","Cell_1680","LHA_11",113
"LHA","Cell_1701","LHA_7",142
"LHA","Cell_1845","LHA_11",113
"LHA","Cell_2146","LHA_6",201
"LHA","Cell_2236","LHA_6",201
"LHA","Cell_2363","LHA_6",201
"LHA","Cell_4594","LHA_10",27
"LHA","Cell_5011","LHA_7",142
"LHA","Cell_5051","LHA_6",201
"LHA","Cell_5490","LHA_2",73
"LHA","Cell_6268","LHA_2",73
"LHA","Cell_7193","LHA_7",142
"LHA","Cell_7700","LHA_11",113
"LHA","Cell_9481","LHA_1",133
"LHA","Cell_9909","LHA_2",73
"LHA","Cell_10031","LHA_6",201
"LHA","Cell_11049","LHA_4",148
"LHA","Cell_12433","LHA_6",201
"LHA","Cell_12817","LHA_11",113
"LHA","Cell_12894","LHA_6",201
"LHA","Cell_13177","LHA_2",73
"LHA","Cell_13458","LHA_4",148
"LHA","Cell_13482","LHA_6",201
"LHA","Cell_13591","LHA_6",201
"LHA","Cell_13631","LHA_7",142
"LHA","Cell_13832","LHA_6",201
"LHA","Cell_14522","LHA_11",113
"LHA","Cell_14939","LHA_6",201
"LHA","Cell_15562","LHA_6",201
"LHA","Cell_15881","LHA_7",142
"LHA","Cell_16762","LHA_11",113
"LHA","Cell_16837","LHA_2",73
"LHA","Cell_17176","LHA_7",142
"LHA","Cell_17193","LHA_6",201
"LHA","Cell_17314","LHA_4",148
"LHA","Cell_17976","LHA_7",142
"LHA","Cell_18032","LHA_8",27
"LHA","Cell_18732","LHA_6",201
"LHA","Cell_19400","LHA_6",201
"LHA","Cell_20293","LHA_7",142
"LHA","Cell_20512","LHA_6",201
"LHA","Cell_21028","LHA_5",77
"LHA","Cell_21175","LHA_7",142
"LHA","Cell_21278","LHA_11",113
"LHA","Cell_21591","LHA_3",102
"LHA","Cell_21639","LHA_6",201
"LHA","Cell_22479","LHA_11",113
"LHA","Cell_22643","LHA_11",113
"LHA","Cell_22827","LHA_7",142
"LHA","Cell_23961","LHA_7",142
"LHA","Cell_23962","LHA_11",113
"LHA","Cell_24150","LHA_7",142
"LHA","Cell_25262","LHA_6",201
"LHA","Cell_25951","LHA_4",148
"LHA","Cell_26326","LHA_2",73
"LHA","Cell_26333","LHA_6",201
"LHA","Cell_27210","LHA_10",27
"LHA","Cell_27378","LHA_7",142
"LHA","Cell_27615","LHA_2",73
"LHA","Cell_27967","LHA_11",113
"LHA","Cell_28368","LHA_5",77
"LHA","Cell_28788","LHA_7",142
"LHA","Cell_28830","LHA_2",73
"LHA","Cell_28988","LHA_7",142
"LHA","Cell_29905","LHA_7",142
"LHA","Cell_29918","LHA_2",73
"LHA","Cell_31277","LHA_7",142
"LHA","Cell_31913","LHA_6",201
"LHA","Cell_31958","LHA_2",73
"LHA","Cell_32435","LHA_11",113
"LHA","Cell_32436","LHA_7",142
"LHA","Cell_33022","LHA_6",201
"LHA","Cell_35338","LHA_10",27
"LHA","Cell_35412","LHA_6",201
"LHA","Cell_35674","LHA_6",201
"LHA","Cell_36336","LHA_6",201
"LHA","Cell_36670","LHA_6",201
"LHA","Cell_37273","LHA_6",201
"LHA","Cell_37881","LHA_11",113
"LHA","Cell_38104","LHA_11",113
"LHA","Cell_38685","LHA_11",113
"LHA","Cell_38982","LHA_2",73
"LHA","Cell_39018","LHA_6",201
"LHA","Cell_39302","LHA_6",201
"LHA","Cell_39384","LHA_6",201
"LHA","Cell_39957","LHA_3",102
"LHA","Cell_40120","LHA_7",142
"LHA","Cell_40426","LHA_6",201
"LHA","Cell_42067","LHA_6",201
"LHA","Cell_43381","LHA_5",77
"LHA","Cell_44360","LHA_6",201
"LHA","Cell_5542","LHA_7",142
"LHA","Cell_14865","LHA_5",77
"LHA","Cell_627","LHA_1",133
"LHA","Cell_2033","LHA_11",113
"LHA","Cell_7308","LHA_1",133
"LHA","Cell_7673","LHA_3",102
"LHA","Cell_12409","LHA_11",113
"LHA","Cell_15956","LHA_3",102
"LHA","Cell_17361","LHA_1",133
"LHA","Cell_18605","LHA_4",148
"LHA","Cell_20661","LHA_5",77
"LHA","Cell_21903","LHA_11",113
"LHA","Cell_23903","LHA_11",113
"LHA","Cell_23921","LHA_3",102
"LHA","Cell_35228","LHA_4",148
"LHA","Cell_37653","LHA_4",148
"LHA","Cell_37987","LHA_11",113
"LHA","Cell_43783","LHA_3",102
"LHA","Cell_1524","LHA_5",77
"LHA","Cell_2598","LHA_7",142
"LHA","Cell_2646","LHA_1",133
"LHA","Cell_2806","LHA_9",95
"LHA","Cell_3419","LHA_11",113
"LHA","Cell_4670","LHA_6",201
"LHA","Cell_7031","LHA_6",201
"LHA","Cell_11092","LHA_1",133
"LHA","Cell_12184","LHA_4",148
"LHA","Cell_14357","LHA_6",201
"LHA","Cell_17411","LHA_4",148
"LHA","Cell_18792","LHA_4",148
"LHA","Cell_20736","LHA_6",201
"LHA","Cell_21020","LHA_1",133
"LHA","Cell_21395","LHA_6",201
"LHA","Cell_23874","LHA_6",201
"LHA","Cell_24027","LHA_1",133
"LHA","Cell_27559","LHA_4",148
"LHA","Cell_34666","LHA_9",95
"LHA","Cell_36175","LHA_4",148
"LHA","Cell_41924","LHA_1",133
"LHA","Cell_43870","LHA_1",133
"LHA","Cell_45259","LHA_8",27
"LHA","Cell_508","LHA_1",133
"LHA","Cell_767","LHA_9",95
"LHA","Cell_797","LHA_5",77
"LHA","Cell_975","LHA_1",133
"LHA","Cell_1298","LHA_5",77
"LHA","Cell_1691","LHA_5",77
"LHA","Cell_1993","LHA_1",133
"LHA","Cell_2284","LHA_5",77
"LHA","Cell_3009","LHA_5",77
"LHA","Cell_3342","LHA_6",201
"LHA","Cell_3360","LHA_6",201
"LHA","Cell_3599","LHA_4",148
"LHA","Cell_3666","LHA_1",133
"LHA","Cell_3782","LHA_4",148
"LHA","Cell_3817","LHA_8",27
"LHA","Cell_4041","LHA_6",201
"LHA","Cell_4052","LHA_1",133
"LHA","Cell_4119","LHA_4",148
"LHA","Cell_4213","LHA_4",148
"LHA","Cell_4511","LHA_1",133
"LHA","Cell_4575","LHA_1",133
"LHA","Cell_4596","LHA_3",102
"LHA","Cell_4608","LHA_4",148
"LHA","Cell_4625","LHA_6",201
"LHA","Cell_4669","LHA_3",102
"LHA","Cell_5178","LHA_11",113
"LHA","Cell_5242","LHA_5",77
"LHA","Cell_5279","LHA_2",73
"LHA","Cell_5302","LHA_7",142
"LHA","Cell_5354","LHA_11",113
"LHA","Cell_5390","LHA_1",133
"LHA","Cell_5625","LHA_9",95
"LHA","Cell_5881","LHA_5",77
"LHA","Cell_5950","LHA_5",77
"LHA","Cell_6225","LHA_7",142
"LHA","Cell_6359","LHA_9",95
"LHA","Cell_6519","LHA_11",113
"LHA","Cell_6521","LHA_8",27
"LHA","Cell_7017","LHA_7",142
"LHA","Cell_7041","LHA_11",113
"LHA","Cell_7414","LHA_1",133
"LHA","Cell_7505","LHA_1",133
"LHA","Cell_7619","LHA_4",148
"LHA","Cell_7664","LHA_3",102
"LHA","Cell_7970","LHA_9",95
"LHA","Cell_8239","LHA_5",77
"LHA","Cell_8249","LHA_9",95
"LHA","Cell_8273","LHA_4",148
"LHA","Cell_8361","LHA_3",102
"LHA","Cell_9329","LHA_4",148
"LHA","Cell_9465","LHA_3",102
"LHA","Cell_9604","LHA_6",201
"LHA","Cell_9919","LHA_7",142
"LHA","Cell_9981","LHA_11",113
"LHA","Cell_10411","LHA_7",142
"LHA","Cell_10566","LHA_3",102
"LHA","Cell_10590","LHA_11",113
"LHA","Cell_10688","LHA_4",148
"LHA","Cell_11340","LHA_5",77
"LHA","Cell_11424","LHA_1",133
"LHA","Cell_11560","LHA_1",133
"LHA","Cell_11592","LHA_7",142
"LHA","Cell_11644","LHA_1",133
"LHA","Cell_11751","LHA_7",142
"LHA","Cell_11839","LHA_3",102
"LHA","Cell_11873","LHA_6",201
"LHA","Cell_11931","LHA_11",113
"LHA","Cell_12004","LHA_6",201
"LHA","Cell_12067","LHA_11",113
"LHA","Cell_12454","LHA_4",148
"LHA","Cell_12553","LHA_7",142
"LHA","Cell_12642","LHA_6",201
"LHA","Cell_12664","LHA_4",148
"LHA","Cell_12740","LHA_4",148
"LHA","Cell_12751","LHA_6",201
"LHA","Cell_12809","LHA_4",148
"LHA","Cell_12928","LHA_1",133
"LHA","Cell_13407","LHA_4",148
"LHA","Cell_13493","LHA_9",95
"LHA","Cell_13571","LHA_3",102
"LHA","Cell_13611","LHA_6",201
"LHA","Cell_14070","LHA_1",133
"LHA","Cell_14280","LHA_6",201
"LHA","Cell_14568","LHA_1",133
"LHA","Cell_14611","LHA_2",73
"LHA","Cell_14632","LHA_4",148
"LHA","Cell_14650","LHA_3",102
"LHA","Cell_15011","LHA_8",27
"LHA","Cell_15039","LHA_1",133
"LHA","Cell_15309","LHA_1",133
"LHA","Cell_15368","LHA_9",95
"LHA","Cell_15399","LHA_1",133
"LHA","Cell_15417","LHA_11",113
"LHA","Cell_15452","LHA_1",133
"LHA","Cell_15498","LHA_11",113
"LHA","Cell_15622","LHA_3",102
"LHA","Cell_15771","LHA_4",148
"LHA","Cell_16135","LHA_6",201
"LHA","Cell_16243","LHA_4",148
"LHA","Cell_16290","LHA_2",73
"LHA","Cell_16419","LHA_6",201
"LHA","Cell_16479","LHA_7",142
"LHA","Cell_16646","LHA_5",77
"LHA","Cell_16704","LHA_10",27
"LHA","Cell_16883","LHA_3",102
"LHA","Cell_16945","LHA_6",201
"LHA","Cell_17506","LHA_5",77
"LHA","Cell_17971","LHA_10",27
"LHA","Cell_18020","LHA_4",148
"LHA","Cell_18045","LHA_1",133
"LHA","Cell_18127","LHA_1",133
"LHA","Cell_18203","LHA_9",95
"LHA","Cell_18232","LHA_3",102
"LHA","Cell_18433","LHA_5",77
"LHA","Cell_18657","LHA_6",201
"LHA","Cell_18797","LHA_5",77
"LHA","Cell_18940","LHA_7",142
"LHA","Cell_18964","LHA_11",113
"LHA","Cell_19052","LHA_4",148
"LHA","Cell_19151","LHA_11",113
"LHA","Cell_19309","LHA_1",133
"LHA","Cell_19573","LHA_7",142
"LHA","Cell_19663","LHA_2",73
"LHA","Cell_19760","LHA_7",142
"LHA","Cell_19834","LHA_5",77
"LHA","Cell_19911","LHA_9",95
"LHA","Cell_19971","LHA_11",113
"LHA","Cell_20039","LHA_4",148
"LHA","Cell_20197","LHA_1",133
"LHA","Cell_20547","LHA_1",133
"LHA","Cell_20681","LHA_5",77
"LHA","Cell_20803","LHA_1",133
"LHA","Cell_20868","LHA_10",27
"LHA","Cell_20982","LHA_2",73
"LHA","Cell_21269","LHA_9",95
"LHA","Cell_22239","LHA_5",77
"LHA","Cell_22334","LHA_5",77
"LHA","Cell_22384","LHA_6",201
"LHA","Cell_22706","LHA_7",142
"LHA","Cell_22877","LHA_2",73
"LHA","Cell_22903","LHA_1",133
"LHA","Cell_22928","LHA_9",95
"LHA","Cell_23110","LHA_5",77
"LHA","Cell_23392","LHA_6",201
"LHA","Cell_23975","LHA_3",102
"LHA","Cell_24320","LHA_11",113
"LHA","Cell_24546","LHA_4",148
"LHA","Cell_24714","LHA_1",133
"LHA","Cell_25153","LHA_3",102
"LHA","Cell_25161","LHA_4",148
"LHA","Cell_25280","LHA_1",133
"LHA","Cell_25488","LHA_1",133
"LHA","Cell_25680","LHA_9",95
"LHA","Cell_26044","LHA_1",133
"LHA","Cell_26085","LHA_1",133
"LHA","Cell_26127","LHA_6",201
"LHA","Cell_26217","LHA_3",102
"LHA","Cell_26510","LHA_9",95
"LHA","Cell_26619","LHA_1",133
"LHA","Cell_26669","LHA_9",95
"LHA","Cell_26716","LHA_5",77
"LHA","Cell_26786","LHA_7",142
"LHA","Cell_26820","LHA_1",133
"LHA","Cell_27050","LHA_6",201
"LHA","Cell_27090","LHA_7",142
"LHA","Cell_27231","LHA_4",148
"LHA","Cell_27241","LHA_10",27
"LHA","Cell_27294","LHA_6",201
"LHA","Cell_27385","LHA_3",102
"LHA","Cell_27429","LHA_6",201
"LHA","Cell_27602","LHA_9",95
"LHA","Cell_27744","LHA_4",148
"LHA","Cell_27989","LHA_9",95
"LHA","Cell_28004","LHA_3",102
"LHA","Cell_28010","LHA_9",95
"LHA","Cell_28136","LHA_3",102
"LHA","Cell_28189","LHA_4",148
"LHA","Cell_28293","LHA_7",142
"LHA","Cell_28321","LHA_11",113
"LHA","Cell_28499","LHA_4",148
"LHA","Cell_28504","LHA_11",113
"LHA","Cell_28506","LHA_9",95
"LHA","Cell_28553","LHA_11",113
"LHA","Cell_28660","LHA_4",148
"LHA","Cell_28714","LHA_1",133
"LHA","Cell_28915","LHA_9",95
"LHA","Cell_29042","LHA_3",102
"LHA","Cell_29202","LHA_7",142
"LHA","Cell_29248","LHA_7",142
"LHA","Cell_29264","LHA_4",148
"LHA","Cell_29640","LHA_3",102
"LHA","Cell_30089","LHA_7",142
"LHA","Cell_30265","LHA_11",113
"LHA","Cell_30362","LHA_7",142
"LHA","Cell_30400","LHA_11",113
"LHA","Cell_30483","LHA_6",201
"LHA","Cell_30530","LHA_3",102
"LHA","Cell_30653","LHA_4",148
"LHA","Cell_30721","LHA_4",148
"LHA","Cell_30848","LHA_4",148
"LHA","Cell_30936","LHA_4",148
"LHA","Cell_31151","LHA_1",133
"LHA","Cell_31260","LHA_11",113
"LHA","Cell_31579","LHA_1",133
"LHA","Cell_31685","LHA_6",201
"LHA","Cell_31893","LHA_5",77
"LHA","Cell_32420","LHA_2",73
"LHA","Cell_32452","LHA_1",133
"LHA","Cell_32911","LHA_9",95
"LHA","Cell_32913","LHA_7",142
"LHA","Cell_33158","LHA_1",133
"LHA","Cell_33441","LHA_2",73
"LHA","Cell_33475","LHA_8",27
"LHA","Cell_33653","LHA_6",201
"LHA","Cell_34014","LHA_4",148
"LHA","Cell_34016","LHA_6",201
"LHA","Cell_34082","LHA_9",95
"LHA","Cell_34178","LHA_11",113
"LHA","Cell_34422","LHA_9",95
"LHA","Cell_34494","LHA_11",113
"LHA","Cell_34525","LHA_4",148
"LHA","Cell_35264","LHA_5",77
"LHA","Cell_35367","LHA_9",95
"LHA","Cell_35498","LHA_11",113
"LHA","Cell_35572","LHA_4",148
"LHA","Cell_35663","LHA_1",133
"LHA","Cell_35719","LHA_3",102
"LHA","Cell_35731","LHA_7",142
"LHA","Cell_35802","LHA_5",77
"LHA","Cell_36002","LHA_3",102
"LHA","Cell_36262","LHA_5",77
"LHA","Cell_36300","LHA_4",148
"LHA","Cell_36390","LHA_3",102
"LHA","Cell_36477","LHA_7",142
"LHA","Cell_36552","LHA_4",148
"LHA","Cell_36644","LHA_9",95
"LHA","Cell_36962","LHA_6",201
"LHA","Cell_37032","LHA_7",142
"LHA","Cell_37044","LHA_7",142
"LHA","Cell_37685","LHA_7",142
"LHA","Cell_37774","LHA_9",95
"LHA","Cell_37802","LHA_7",142
"LHA","Cell_37857","LHA_7",142
"LHA","Cell_38349","LHA_4",148
"LHA","Cell_38380","LHA_9",95
"LHA","Cell_38470","LHA_6",201
"LHA","Cell_38585","LHA_7",142
"LHA","Cell_38720","LHA_9",95
"LHA","Cell_38757","LHA_2",73
"LHA","Cell_38786","LHA_1",133
"LHA","Cell_38889","LHA_11",113
"LHA","Cell_38932","LHA_7",142
"LHA","Cell_39402","LHA_11",113
"LHA","Cell_39520","LHA_4",148
"LHA","Cell_39668","LHA_9",95
"LHA","Cell_39750","LHA_11",113
"LHA","Cell_40097","LHA_9",95
"LHA","Cell_40159","LHA_4",148
"LHA","Cell_40360","LHA_1",133
"LHA","Cell_40377","LHA_9",95
"LHA","Cell_40383","LHA_7",142
"LHA","Cell_40611","LHA_4",148
"LHA","Cell_40863","LHA_4",148
"LHA","Cell_41082","LHA_3",102
"LHA","Cell_41088","LHA_3",102
"LHA","Cell_41150","LHA_1",133
"LHA","Cell_41447","LHA_9",95
"LHA","Cell_41478","LHA_3",102
"LHA","Cell_41661","LHA_4",148
"LHA","Cell_41678","LHA_5",77
"LHA","Cell_41752","LHA_2",73
"LHA","Cell_42173","LHA_7",142
"LHA","Cell_42287","LHA_3",102
"LHA","Cell_42365","LHA_4",148
"LHA","Cell_42602","LHA_4",148
"LHA","Cell_42608","LHA_1",133
"LHA","Cell_42609","LHA_3",102
"LHA","Cell_42828","LHA_2",73
"LHA","Cell_43082","LHA_9",95
"LHA","Cell_43229","LHA_1",133
"LHA","Cell_43402","LHA_11",113
"LHA","Cell_43436","LHA_4",148
"LHA","Cell_43570","LHA_6",201
"LHA","Cell_43818","LHA_4",148
"LHA","Cell_44281","LHA_7",142
"LHA","Cell_44351","LHA_7",142
"LHA","Cell_44488","LHA_1",133
"LHA","Cell_44543","LHA_9",95
"LHA","Cell_44588","LHA_1",133
"LHA","Cell_44593","LHA_9",95
"LHA","Cell_44622","LHA_1",133
"LHA","Cell_44739","LHA_11",113
"LHA","Cell_44788","LHA_6",201
"LHA","Cell_143","LHA_11",113
"LHA","Cell_254","LHA_7",142
"LHA","Cell_461","LHA_6",201
"LHA","Cell_481","LHA_4",148
"LHA","Cell_615","LHA_9",95
"LHA","Cell_646","LHA_6",201
"LHA","Cell_680","LHA_5",77
"LHA","Cell_688","LHA_9",95
"LHA","Cell_913","LHA_1",133
"LHA","Cell_914","LHA_6",201
"LHA","Cell_1350","LHA_7",142
"LHA","Cell_1769","LHA_7",142
"LHA","Cell_2092","LHA_9",95
"LHA","Cell_2278","LHA_7",142
"LHA","Cell_2583","LHA_7",142
"LHA","Cell_2666","LHA_7",142
"LHA","Cell_2727","LHA_4",148
"LHA","Cell_2736","LHA_1",133
"LHA","Cell_2747","LHA_6",201
"LHA","Cell_3249","LHA_10",27
"LHA","Cell_3422","LHA_8",27
"LHA","Cell_3861","LHA_4",148
"LHA","Cell_3940","LHA_3",102
"LHA","Cell_4187","LHA_6",201
"LHA","Cell_4288","LHA_7",142
"LHA","Cell_4485","LHA_1",133
"LHA","Cell_4654","LHA_9",95
"LHA","Cell_4704","LHA_4",148
"LHA","Cell_4733","LHA_3",102
"LHA","Cell_4769","LHA_4",148
"LHA","Cell_4820","LHA_1",133
"LHA","Cell_4905","LHA_4",148
"LHA","Cell_5044","LHA_9",95
"LHA","Cell_5286","LHA_4",148
"LHA","Cell_5320","LHA_3",102
"LHA","Cell_5429","LHA_4",148
"LHA","Cell_5521","LHA_9",95
"LHA","Cell_5797","LHA_7",142
"LHA","Cell_6090","LHA_4",148
"LHA","Cell_6559","LHA_3",102
"LHA","Cell_7177","LHA_1",133
"LHA","Cell_7592","LHA_8",27
"LHA","Cell_7610","LHA_11",113
"LHA","Cell_7773","LHA_2",73
"LHA","Cell_7817","LHA_6",201
"LHA","Cell_7940","LHA_4",148
"LHA","Cell_8115","LHA_9",95
"LHA","Cell_8222","LHA_3",102
"LHA","Cell_8843","LHA_4",148
"LHA","Cell_9011","LHA_7",142
"LHA","Cell_9030","LHA_10",27
"LHA","Cell_9084","LHA_9",95
"LHA","Cell_9200","LHA_5",77
"LHA","Cell_9559","LHA_1",133
"LHA","Cell_9673","LHA_3",102
"LHA","Cell_10407","LHA_2",73
"LHA","Cell_11093","LHA_8",27
"LHA","Cell_11453","LHA_3",102
"LHA","Cell_11503","LHA_6",201
"LHA","Cell_11515","LHA_9",95
"LHA","Cell_11557","LHA_7",142
"LHA","Cell_11739","LHA_7",142
"LHA","Cell_11796","LHA_3",102
"LHA","Cell_11924","LHA_1",133
"LHA","Cell_12047","LHA_9",95
"LHA","Cell_12265","LHA_11",113
"LHA","Cell_12459","LHA_7",142
"LHA","Cell_12602","LHA_9",95
"LHA","Cell_12673","LHA_10",27
"LHA","Cell_13264","LHA_9",95
"LHA","Cell_13284","LHA_9",95
"LHA","Cell_13639","LHA_1",133
"LHA","Cell_13792","LHA_11",113
"LHA","Cell_13956","LHA_6",201
"LHA","Cell_13968","LHA_11",113
"LHA","Cell_14243","LHA_7",142
"LHA","Cell_14253","LHA_1",133
"LHA","Cell_14289","LHA_11",113
"LHA","Cell_14415","LHA_4",148
"LHA","Cell_14518","LHA_3",102
"LHA","Cell_14881","LHA_4",148
"LHA","Cell_15207","LHA_7",142
"LHA","Cell_15238","LHA_10",27
"LHA","Cell_15265","LHA_10",27
"LHA","Cell_15295","LHA_10",27
"LHA","Cell_15369","LHA_7",142
"LHA","Cell_15457","LHA_9",95
"LHA","Cell_15963","LHA_9",95
"LHA","Cell_16264","LHA_4",148
"LHA","Cell_16310","LHA_5",77
"LHA","Cell_16453","LHA_7",142
"LHA","Cell_16494","LHA_9",95
"LHA","Cell_17248","LHA_6",201
"LHA","Cell_18077","LHA_6",201
"LHA","Cell_18798","LHA_1",133
"LHA","Cell_19093","LHA_4",148
"LHA","Cell_19108","LHA_1",133
"LHA","Cell_19152","LHA_3",102
"LHA","Cell_19470","LHA_3",102
"LHA","Cell_19476","LHA_3",102
"LHA","Cell_19648","LHA_1",133
"LHA","Cell_19838","LHA_7",142
"LHA","Cell_19869","LHA_6",201
"LHA","Cell_20049","LHA_4",148
"LHA","Cell_20204","LHA_3",102
"LHA","Cell_20255","LHA_3",102
"LHA","Cell_20324","LHA_4",148
"LHA","Cell_20401","LHA_9",95
"LHA","Cell_20744","LHA_4",148
"LHA","Cell_21033","LHA_2",73
"LHA","Cell_21068","LHA_3",102
"LHA","Cell_21249","LHA_6",201
"LHA","Cell_21309","LHA_7",142
"LHA","Cell_21555","LHA_9",95
"LHA","Cell_21668","LHA_6",201
"LHA","Cell_21725","LHA_5",77
"LHA","Cell_21735","LHA_7",142
"LHA","Cell_21771","LHA_7",142
"LHA","Cell_21912","LHA_1",133
"LHA","Cell_22226","LHA_4",148
"LHA","Cell_22229","LHA_9",95
"LHA","Cell_22490","LHA_10",27
"LHA","Cell_22658","LHA_6",201
"LHA","Cell_22949","LHA_1",133
"LHA","Cell_23198","LHA_1",133
"LHA","Cell_23275","LHA_11",113
"LHA","Cell_23303","LHA_4",148
"LHA","Cell_23501","LHA_7",142
"LHA","Cell_23621","LHA_3",102
"LHA","Cell_23849","LHA_1",133
"LHA","Cell_24267","LHA_3",102
"LHA","Cell_24364","LHA_7",142
"LHA","Cell_24515","LHA_8",27
"LHA","Cell_24582","LHA_1",133
"LHA","Cell_24638","LHA_7",142
"LHA","Cell_24835","LHA_3",102
"LHA","Cell_25223","LHA_7",142
"LHA","Cell_25377","LHA_4",148
"LHA","Cell_25628","LHA_4",148
"LHA","Cell_25749","LHA_5",77
"LHA","Cell_25808","LHA_9",95
"LHA","Cell_26007","LHA_3",102
"LHA","Cell_26330","LHA_2",73
"LHA","Cell_26606","LHA_6",201
"LHA","Cell_26624","LHA_1",133
"LHA","Cell_26651","LHA_7",142
"LHA","Cell_26749","LHA_4",148
"LHA","Cell_26993","LHA_5",77
"LHA","Cell_27198","LHA_3",102
"LHA","Cell_27523","LHA_3",102
"LHA","Cell_27549","LHA_9",95
"LHA","Cell_27816","LHA_1",133
"LHA","Cell_27853","LHA_11",113
"LHA","Cell_28328","LHA_11",113
"LHA","Cell_28490","LHA_2",73
"LHA","Cell_28562","LHA_4",148
"LHA","Cell_28584","LHA_2",73
"LHA","Cell_28661","LHA_3",102
"LHA","Cell_28677","LHA_1",133
"LHA","Cell_28741","LHA_3",102
"LHA","Cell_28801","LHA_7",142
"LHA","Cell_29129","LHA_3",102
"LHA","Cell_29466","LHA_4",148
"LHA","Cell_29521","LHA_11",113
"LHA","Cell_29552","LHA_1",133
"LHA","Cell_29603","LHA_7",142
"LHA","Cell_29744","LHA_3",102
"LHA","Cell_29781","LHA_2",73
"LHA","Cell_29924","LHA_9",95
"LHA","Cell_30086","LHA_3",102
"LHA","Cell_30165","LHA_4",148
"LHA","Cell_30206","LHA_5",77
"LHA","Cell_30361","LHA_4",148
"LHA","Cell_30875","LHA_6",201
"LHA","Cell_31245","LHA_5",77
"LHA","Cell_31286","LHA_6",201
"LHA","Cell_31377","LHA_6",201
"LHA","Cell_31420","LHA_11",113
"LHA","Cell_31570","LHA_7",142
"LHA","Cell_32055","LHA_4",148
"LHA","Cell_32101","LHA_11",113
"LHA","Cell_32126","LHA_4",148
"LHA","Cell_32491","LHA_4",148
"LHA","Cell_32775","LHA_7",142
"LHA","Cell_32793","LHA_4",148
"LHA","Cell_32796","LHA_11",113
"LHA","Cell_33420","LHA_6",201
"LHA","Cell_33460","LHA_7",142
"LHA","Cell_33805","LHA_9",95
"LHA","Cell_33963","LHA_3",102
"LHA","Cell_34746","LHA_8",27
"LHA","Cell_34975","LHA_4",148
"LHA","Cell_35083","LHA_2",73
"LHA","Cell_35363","LHA_4",148
"LHA","Cell_35387","LHA_3",102
"LHA","Cell_35506","LHA_6",201
"LHA","Cell_35863","LHA_3",102
"LHA","Cell_36054","LHA_2",73
"LHA","Cell_36096","LHA_7",142
"LHA","Cell_36109","LHA_3",102
"LHA","Cell_36150","LHA_4",148
"LHA","Cell_36302","LHA_4",148
"LHA","Cell_36426","LHA_6",201
"LHA","Cell_36439","LHA_10",27
"LHA","Cell_36463","LHA_6",201
"LHA","Cell_36647","LHA_9",95
"LHA","Cell_36675","LHA_7",142
"LHA","Cell_36837","LHA_8",27
"LHA","Cell_37003","LHA_11",113
"LHA","Cell_37150","LHA_3",102
"LHA","Cell_37782","LHA_3",102
"LHA","Cell_38059","LHA_6",201
"LHA","Cell_38364","LHA_2",73
"LHA","Cell_38712","LHA_8",27
"LHA","Cell_38954","LHA_9",95
"LHA","Cell_39006","LHA_1",133
"LHA","Cell_39356","LHA_4",148
"LHA","Cell_39361","LHA_6",201
"LHA","Cell_39541","LHA_4",148
"LHA","Cell_39951","LHA_6",201
"LHA","Cell_39967","LHA_10",27
"LHA","Cell_39992","LHA_6",201
"LHA","Cell_40057","LHA_11",113
"LHA","Cell_40241","LHA_9",95
"LHA","Cell_40282","LHA_2",73
"LHA","Cell_40428","LHA_6",201
"LHA","Cell_40464","LHA_3",102
"LHA","Cell_40568","LHA_11",113
"LHA","Cell_40866","LHA_7",142
"LHA","Cell_40929","LHA_8",27
"LHA","Cell_41244","LHA_9",95
"LHA","Cell_41623","LHA_3",102
"LHA","Cell_42077","LHA_6",201
"LHA","Cell_42123","LHA_1",133
"LHA","Cell_42297","LHA_4",148
"LHA","Cell_42622","LHA_6",201
"LHA","Cell_42639","LHA_1",133
"LHA","Cell_42687","LHA_4",148
"LHA","Cell_42939","LHA_9",95
"LHA","Cell_43038","LHA_11",113
"LHA","Cell_43060","LHA_4",148
"LHA","Cell_43168","LHA_1",133
"LHA","Cell_43454","LHA_4",148
"LHA","Cell_43610","LHA_10",27
"LHA","Cell_43690","LHA_3",102
"LHA","Cell_43732","LHA_2",73
"LHA","Cell_43782","LHA_7",142
"LHA","Cell_43960","LHA_5",77
"LHA","Cell_44002","LHA_5",77
"LHA","Cell_44188","LHA_4",148
"LHA","Cell_44265","LHA_3",102
"LHA","Cell_44596","LHA_4",148
"LHA","Cell_44704","LHA_9",95
"LHA","Cell_44903","LHA_1",133
"LHA","Cell_45197","LHA_10",27
"LHA","Cell_45204","LHA_2",73
"LHA","Cell_45225","LHA_5",77
"LHA","Cell_45231","LHA_3",102
"LHA","Cell_35110","LHA_6",201
"LHA","Cell_31","LHA_2",73
"LHA","Cell_5274","LHA_8",27
"LHA","Cell_9365","LHA_5",77
"LHA","Cell_9441","LHA_4",148
"LHA","Cell_9793","LHA_11",113
"LHA","Cell_11144","LHA_11",113
"LHA","Cell_11342","LHA_6",201
"LHA","Cell_11693","LHA_11",113
"LHA","Cell_13775","LHA_3",102
"LHA","Cell_21113","LHA_6",201
"LHA","Cell_21286","LHA_2",73
"LHA","Cell_22728","LHA_5",77
"LHA","Cell_26656","LHA_6",201
"LHA","Cell_28862","LHA_6",201
"LHA","Cell_31200","LHA_6",201
"LHA","Cell_34164","LHA_3",102
"LHA","Cell_35622","LHA_10",27
"LHA","Cell_37216","LHA_6",201
"LHA","Cell_39428","LHA_6",201
"LHA","Cell_40969","LHA_9",95
"LHA","Cell_44509","LHA_3",102
"LHA","Cell_44751","LHA_9",95
"LHA","Cell_44777","LHA_7",142
"LHA","Cell_44636","LHA_9",95
"LHA","Cell_892","LHA_7",142
"LHA","Cell_4750","LHA_6",201
"LHA","Cell_4853","LHA_6",201
"LHA","Cell_3248","LHA_1",133
"LHA","Cell_4465","LHA_4",148
"LHA","Cell_14902","LHA_3",102
"LHA","Cell_15836","LHA_2",73
"LHA","Cell_16058","LHA_6",201
"LHA","Cell_17032","LHA_11",113
"LHA","Cell_19661","LHA_4",148
"LHA","Cell_25022","LHA_9",95
"LHA","Cell_25457","LHA_4",148
"LHA","Cell_25463","LHA_1",133
"LHA","Cell_26411","LHA_2",73
"LHA","Cell_27390","LHA_11",113
"LHA","Cell_27616","LHA_9",95
"LHA","Cell_29553","LHA_5",77
"LHA","Cell_29821","LHA_3",102
"LHA","Cell_31329","LHA_6",201
"LHA","Cell_31520","LHA_10",27
"LHA","Cell_32051","LHA_11",113
"LHA","Cell_32309","LHA_1",133
"LHA","Cell_37332","LHA_6",201
"LHA","Cell_38393","LHA_4",148
"LHA","Cell_41486","LHA_7",142
"LHA","Cell_43798","LHA_7",142
"LHA","Cell_44249","LHA_2",73
"LHA","Cell_218","LHA_3",102
"LHA","Cell_1370","LHA_6",201
"LHA","Cell_3155","LHA_1",133
"LHA","Cell_4232","LHA_3",102
"LHA","Cell_5530","LHA_1",133
"LHA","Cell_7409","LHA_11",113
"LHA","Cell_8206","LHA_6",201
"LHA","Cell_9461","LHA_6",201
"LHA","Cell_9702","LHA_11",113
"LHA","Cell_10667","LHA_6",201
"LHA","Cell_10745","LHA_6",201
"LHA","Cell_12241","LHA_7",142
"LHA","Cell_12717","LHA_6",201
"LHA","Cell_13574","LHA_7",142
"LHA","Cell_13584","LHA_6",201
"LHA","Cell_14445","LHA_7",142
"LHA","Cell_15087","LHA_11",113
"LHA","Cell_16824","LHA_2",73
"LHA","Cell_17393","LHA_7",142
"LHA","Cell_17428","LHA_6",201
"LHA","Cell_18499","LHA_6",201
"LHA","Cell_19008","LHA_6",201
"LHA","Cell_19831","LHA_6",201
"LHA","Cell_20524","LHA_10",27
"LHA","Cell_21047","LHA_2",73
"LHA","Cell_21190","LHA_7",142
"LHA","Cell_21227","LHA_6",201
"LHA","Cell_22267","LHA_7",142
"LHA","Cell_22398","LHA_6",201
"LHA","Cell_22472","LHA_6",201
"LHA","Cell_23522","LHA_7",142
"LHA","Cell_24401","LHA_6",201
"LHA","Cell_24614","LHA_6",201
"LHA","Cell_25806","LHA_6",201
"LHA","Cell_26465","LHA_6",201
"LHA","Cell_26467","LHA_4",148
"LHA","Cell_26801","LHA_10",27
"LHA","Cell_27228","LHA_10",27
"LHA","Cell_27919","LHA_3",102
"LHA","Cell_29406","LHA_6",201
"LHA","Cell_29729","LHA_11",113
"LHA","Cell_31437","LHA_7",142
"LHA","Cell_31441","LHA_4",148
"LHA","Cell_31469","LHA_3",102
"LHA","Cell_32122","LHA_6",201
"LHA","Cell_33009","LHA_6",201
"LHA","Cell_33610","LHA_6",201
"LHA","Cell_35286","LHA_6",201
"LHA","Cell_35894","LHA_6",201
"LHA","Cell_35917","LHA_7",142
"LHA","Cell_36127","LHA_6",201
"LHA","Cell_37048","LHA_1",133
"LHA","Cell_37388","LHA_5",77
"LHA","Cell_37875","LHA_11",113
"LHA","Cell_38805","LHA_6",201
"LHA","Cell_39497","LHA_6",201
"LHA","Cell_39510","LHA_7",142
"LHA","Cell_39595","LHA_3",102
"LHA","Cell_39639","LHA_6",201
"LHA","Cell_40362","LHA_11",113
"LHA","Cell_40436","LHA_6",201
"LHA","Cell_41412","LHA_9",95
"LHA","Cell_42350","LHA_5",77
"LHA","Cell_42689","LHA_6",201
"LHA","Cell_42727","LHA_6",201
"LHA","Cell_43643","LHA_9",95
"LHA","Cell_43759","LHA_4",148
"LHA","Cell_44052","LHA_7",142
"LHA","Cell_44453","LHA_6",201
"LHA","Cell_19533","LHA_6",201
"LHA","Cell_35321","LHA_11",113
"LHA","Cell_27994","LHA_9",95
"LHA","Cell_30939","LHA_10",27
"LHA","Cell_19857","LHA_6",201
"LHA","Cell_3654","LHA_6",201
"LHA","Cell_10541","LHA_1",133
"LHA","Cell_13785","LHA_6",201
"LHA","Cell_21827","LHA_6",201
"LHA","Cell_22722","LHA_11",113
"LHA","Cell_27975","LHA_3",102
"LHA","Cell_21304","LHA_5",77
"LHA","Cell_36356","LHA_5",77
"LHA","Cell_18236","LHA_3",102
"LHA","Cell_4807","LHA_7",142
"LHA","Cell_21343","LHA_6",201
"LHA","Cell_21884","LHA_5",77
"LHA","Cell_22952","LHA_2",73
"LHA","Cell_36366","LHA_6",201
"LHA","Cell_37377","LHA_4",148
"LHA","Cell_43950","LHA_8",27
"LHA","Cell_14231","LHA_4",148
"LHA","Cell_2444","LHA_6",201
"LHA","Cell_2712","LHA_8",27
"LHA","Cell_2817","LHA_5",77
"LHA","Cell_23636","LHA_8",27
"LHA","Cell_43340","LHA_11",113
"MDc","Cell_1388","MDc_1",24
"MDc","Cell_1693","MDc_2",38
"MDc","Cell_22206","MDc_3",28
"MDc","Cell_37149","MDc_3",28
"MDc","Cell_20554","MDc_2",38
"MDc","Cell_33646","MDc_2",38
"MDc","Cell_450","MDc_4",21
"MDc","Cell_10459","MDc_4",21
"MDc","Cell_11104","MDc_1",24
"MDc","Cell_11730","MDc_4",21
"MDc","Cell_22243","MDc_3",28
"MDc","Cell_32015","MDc_4",21
"MDc","Cell_36234","MDc_3",28
"MDc","Cell_3524","MDc_4",21
"MDc","Cell_6766","MDc_3",28
"MDc","Cell_17726","MDc_4",21
"MDc","Cell_30791","MDc_2",38
"MDc","Cell_44837","MDc_2",38
"MDc","Cell_6181","MDc_3",28
"MDc","Cell_24170","MDc_2",38
"MDc","Cell_2832","MDc_4",21
"MDc","Cell_13232","MDc_4",21
"MDc","Cell_34240","MDc_4",21
"MDc","Cell_43575","MDc_3",28
"MDc","Cell_408","MDc_4",21
"MDc","Cell_1185","MDc_3",28
"MDc","Cell_1775","MDc_1",24
"MDc","Cell_2070","MDc_4",21
"MDc","Cell_7788","MDc_2",38
"MDc","Cell_7914","MDc_2",38
"MDc","Cell_10300","MDc_3",28
"MDc","Cell_13945","MDc_4",21
"MDc","Cell_15101","MDc_2",38
"MDc","Cell_16483","MDc_1",24
"MDc","Cell_19121","MDc_2",38
"MDc","Cell_20044","MDc_1",24
"MDc","Cell_20392","MDc_4",21
"MDc","Cell_21026","MDc_2",38
"MDc","Cell_21808","MDc_1",24
"MDc","Cell_23104","MDc_2",38
"MDc","Cell_24042","MDc_4",21
"MDc","Cell_25149","MDc_2",38
"MDc","Cell_25426","MDc_2",38
"MDc","Cell_26983","MDc_2",38
"MDc","Cell_27627","MDc_1",24
"MDc","Cell_28785","MDc_1",24
"MDc","Cell_29953","MDc_2",38
"MDc","Cell_30141","MDc_2",38
"MDc","Cell_30665","MDc_1",24
"MDc","Cell_31192","MDc_2",38
"MDc","Cell_33081","MDc_1",24
"MDc","Cell_33490","MDc_3",28
"MDc","Cell_33962","MDc_2",38
"MDc","Cell_34428","MDc_2",38
"MDc","Cell_34600","MDc_2",38
"MDc","Cell_35988","MDc_4",21
"MDc","Cell_36106","MDc_4",21
"MDc","Cell_36719","MDc_1",24
"MDc","Cell_39707","MDc_4",21
"MDc","Cell_40870","MDc_1",24
"MDc","Cell_43101","MDc_1",24
"MDc","Cell_43200","MDc_1",24
"MDc","Cell_22819","MDc_2",38
"MDc","Cell_31705","MDc_2",38
"MDc","Cell_12951","MDc_3",28
"MDc","Cell_15364","MDc_2",38
"MDc","Cell_28289","MDc_3",28
"MDc","Cell_41232","MDc_1",24
"MDc","Cell_42409","MDc_3",28
"MDc","Cell_44824","MDc_3",28
"MDc","Cell_1221","MDc_3",28
"MDc","Cell_7934","MDc_1",24
"MDc","Cell_9266","MDc_4",21
"MDc","Cell_12885","MDc_2",38
"MDc","Cell_13804","MDc_2",38
"MDc","Cell_24398","MDc_2",38
"MDc","Cell_26868","MDc_3",28
"MDc","Cell_29096","MDc_2",38
"MDc","Cell_32426","MDc_4",21
"MDc","Cell_7234","MDc_1",24
"MDc","Cell_42104","MDc_3",28
"MDc","Cell_591","MDc_3",28
"MDc","Cell_13704","MDc_3",28
"MDc","Cell_17743","MDc_3",28
"MDc","Cell_18386","MDc_1",24
"MDc","Cell_25364","MDc_3",28
"MDc","Cell_32826","MDc_4",21
"MDc","Cell_34440","MDc_2",38
"MDc","Cell_35751","MDc_2",38
"MDc","Cell_36357","MDc_2",38
"MDc","Cell_44568","MDc_2",38
"MDc","Cell_760","MDc_4",21
"MDc","Cell_10295","MDc_2",38
"MDc","Cell_34705","MDc_3",28
"MDc","Cell_37522","MDc_3",28
"MDc","Cell_17043","MDc_1",24
"MDc","Cell_27568","MDc_1",24
"MDc","Cell_29607","MDc_1",24
"MDc","Cell_30294","MDc_2",38
"MDc","Cell_2099","MDc_2",38
"MDc","Cell_264","MDc_3",28
"MDc","Cell_3148","MDc_3",28
"MDc","Cell_23867","MDc_3",28
"MDc","Cell_29515","MDc_3",28
"MDc","Cell_36760","MDc_2",38
"MDc","Cell_20022","MDc_2",38
"MDc","Cell_20508","MDc_1",24
"MDc","Cell_33674","MDc_1",24
"MDc","Cell_38162","MDc_1",24
"MDc","Cell_22576","MDc_3",28
"MDc","Cell_41768","MDc_2",38
"MDl","Cell_6267","MDl_1",19
"MDl","Cell_9385","MDl_2",22
"MDl","Cell_11474","MDl_3",16
"MDl","Cell_12319","MDl_2",22
"MDl","Cell_15911","MDl_2",22
"MDl","Cell_570","MDl_2",22
"MDl","Cell_4057","MDl_3",16
"MDl","Cell_7127","MDl_1",19
"MDl","Cell_17063","MDl_3",16
"MDl","Cell_26511","MDl_1",19
"MDl","Cell_37279","MDl_2",22
"MDl","Cell_3527","MDl_2",22
"MDl","Cell_5366","MDl_4",28
"MDl","Cell_25856","MDl_3",16
"MDl","Cell_37103","MDl_4",28
"MDl","Cell_37629","MDl_2",22
"MDl","Cell_39936","MDl_1",19
"MDl","Cell_2673","MDl_3",16
"MDl","Cell_8173","MDl_1",19
"MDl","Cell_8645","MDl_4",28
"MDl","Cell_24337","MDl_4",28
"MDl","Cell_24356","MDl_4",28
"MDl","Cell_33764","MDl_3",16
"MDl","Cell_4022","MDl_2",22
"MDl","Cell_4686","MDl_4",28
"MDl","Cell_7856","MDl_2",22
"MDl","Cell_11933","MDl_3",16
"MDl","Cell_13793","MDl_4",28
"MDl","Cell_14553","MDl_2",22
"MDl","Cell_15743","MDl_4",28
"MDl","Cell_21743","MDl_2",22
"MDl","Cell_21776","MDl_1",19
"MDl","Cell_25009","MDl_2",22
"MDl","Cell_27269","MDl_2",22
"MDl","Cell_27798","MDl_1",19
"MDl","Cell_28838","MDl_4",28
"MDl","Cell_29662","MDl_2",22
"MDl","Cell_32639","MDl_4",28
"MDl","Cell_33654","MDl_1",19
"MDl","Cell_34333","MDl_1",19
"MDl","Cell_35113","MDl_4",28
"MDl","Cell_36929","MDl_2",22
"MDl","Cell_39650","MDl_1",19
"MDl","Cell_40414","MDl_4",28
"MDl","Cell_40514","MDl_4",28
"MDl","Cell_41260","MDl_2",22
"MDl","Cell_44649","MDl_2",22
"MDl","Cell_15150","MDl_1",19
"MDl","Cell_28842","MDl_1",19
"MDl","Cell_36683","MDl_4",28
"MDl","Cell_9703","MDl_4",28
"MDl","Cell_11428","MDl_4",28
"MDl","Cell_23173","MDl_4",28
"MDl","Cell_43660","MDl_3",16
"MDl","Cell_45243","MDl_4",28
"MDl","Cell_11429","MDl_3",16
"MDl","Cell_36654","MDl_4",28
"MDl","Cell_9438","MDl_2",22
"MDl","Cell_2434","MDl_1",19
"MDl","Cell_9682","MDl_4",28
"MDl","Cell_10749","MDl_3",16
"MDl","Cell_12658","MDl_4",28
"MDl","Cell_14929","MDl_4",28
"MDl","Cell_17958","MDl_2",22
"MDl","Cell_25651","MDl_4",28
"MDl","Cell_26706","MDl_3",16
"MDl","Cell_30339","MDl_3",16
"MDl","Cell_35557","MDl_4",28
"MDl","Cell_37004","MDl_2",22
"MDl","Cell_40388","MDl_4",28
"MDl","Cell_41190","MDl_4",28
"MDl","Cell_44521","MDl_3",16
"MDl","Cell_36896","MDl_1",19
"MDl","Cell_39190","MDl_4",28
"MDl","Cell_40190","MDl_1",19
"MDl","Cell_10850","MDl_2",22
"MDl","Cell_12326","MDl_3",16
"MDl","Cell_26143","MDl_1",19
"MDl","Cell_34679","MDl_3",16
"MDl","Cell_42007","MDl_4",28
"MDl","Cell_15929","MDl_1",19
"MDl","Cell_41872","MDl_1",19
"MDl","Cell_28622","MDl_3",16
"MDl","Cell_35385","MDl_2",22
"MDl","Cell_21193","MDl_1",19
"MDm","Cell_9632","MDm_1",54
"MDm","Cell_14936","MDm_2",96
"MDm","Cell_15548","MDm_3",70
"MDm","Cell_17683","MDm_4",78
"MDm","Cell_27116","MDm_4",78
"MDm","Cell_31073","MDm_5",53
"MDm","Cell_32501","MDm_2",96
"MDm","Cell_34011","MDm_5",53
"MDm","Cell_34229","MDm_4",78
"MDm","Cell_36358","MDm_1",54
"MDm","Cell_36380","MDm_3",70
"MDm","Cell_39830","MDm_4",78
"MDm","Cell_39991","MDm_5",53
"MDm","Cell_41086","MDm_3",70
"MDm","Cell_684","MDm_5",53
"MDm","Cell_3904","MDm_3",70
"MDm","Cell_6886","MDm_2",96
"MDm","Cell_21115","MDm_5",53
"MDm","Cell_21748","MDm_1",54
"MDm","Cell_28110","MDm_5",53
"MDm","Cell_36321","MDm_4",78
"MDm","Cell_37670","MDm_5",53
"MDm","Cell_38448","MDm_2",96
"MDm","Cell_39133","MDm_5",53
"MDm","Cell_39359","MDm_5",53
"MDm","Cell_245","MDm_3",70
"MDm","Cell_3416","MDm_1",54
"MDm","Cell_4665","MDm_4",78
"MDm","Cell_4842","MDm_1",54
"MDm","Cell_5175","MDm_4",78
"MDm","Cell_6232","MDm_3",70
"MDm","Cell_6385","MDm_3",70
"MDm","Cell_8867","MDm_2",96
"MDm","Cell_10083","MDm_2",96
"MDm","Cell_11744","MDm_3",70
"MDm","Cell_14124","MDm_3",70
"MDm","Cell_15521","MDm_2",96
"MDm","Cell_18051","MDm_2",96
"MDm","Cell_20690","MDm_4",78
"MDm","Cell_23300","MDm_2",96
"MDm","Cell_26190","MDm_3",70
"MDm","Cell_27141","MDm_2",96
"MDm","Cell_29310","MDm_5",53
"MDm","Cell_30508","MDm_2",96
"MDm","Cell_31340","MDm_1",54
"MDm","Cell_31360","MDm_4",78
"MDm","Cell_31637","MDm_2",96
"MDm","Cell_31972","MDm_2",96
"MDm","Cell_34685","MDm_6",49
"MDm","Cell_36287","MDm_2",96
"MDm","Cell_36679","MDm_1",54
"MDm","Cell_37280","MDm_6",49
"MDm","Cell_37355","MDm_1",54
"MDm","Cell_37978","MDm_5",53
"MDm","Cell_40342","MDm_5",53
"MDm","Cell_41960","MDm_2",96
"MDm","Cell_42149","MDm_2",96
"MDm","Cell_43269","MDm_1",54
"MDm","Cell_43860","MDm_6",49
"MDm","Cell_44129","MDm_1",54
"MDm","Cell_1318","MDm_2",96
"MDm","Cell_9717","MDm_4",78
"MDm","Cell_14999","MDm_3",70
"MDm","Cell_44099","MDm_4",78
"MDm","Cell_44220","MDm_1",54
"MDm","Cell_8047","MDm_4",78
"MDm","Cell_11043","MDm_4",78
"MDm","Cell_12655","MDm_3",70
"MDm","Cell_15358","MDm_5",53
"MDm","Cell_20595","MDm_5",53
"MDm","Cell_21411","MDm_5",53
"MDm","Cell_22719","MDm_1",54
"MDm","Cell_25671","MDm_1",54
"MDm","Cell_35661","MDm_1",54
"MDm","Cell_44941","MDm_4",78
"MDm","Cell_899","MDm_3",70
"MDm","Cell_6429","MDm_1",54
"MDm","Cell_9764","MDm_2",96
"MDm","Cell_9993","MDm_2",96
"MDm","Cell_13816","MDm_2",96
"MDm","Cell_16761","MDm_1",54
"MDm","Cell_16799","MDm_1",54
"MDm","Cell_19587","MDm_5",53
"MDm","Cell_22446","MDm_4",78
"MDm","Cell_23114","MDm_6",49
"MDm","Cell_24864","MDm_5",53
"MDm","Cell_32141","MDm_1",54
"MDm","Cell_33094","MDm_2",96
"MDm","Cell_33295","MDm_2",96
"MDm","Cell_38149","MDm_2",96
"MDm","Cell_39739","MDm_3",70
"MDm","Cell_176","MDm_5",53
"MDm","Cell_1410","MDm_4",78
"MDm","Cell_2098","MDm_1",54
"MDm","Cell_2516","MDm_2",96
"MDm","Cell_3514","MDm_1",54
"MDm","Cell_4867","MDm_1",54
"MDm","Cell_7609","MDm_5",53
"MDm","Cell_8823","MDm_1",54
"MDm","Cell_11147","MDm_2",96
"MDm","Cell_11322","MDm_1",54
"MDm","Cell_13950","MDm_3",70
"MDm","Cell_15913","MDm_5",53
"MDm","Cell_17833","MDm_5",53
"MDm","Cell_22891","MDm_5",53
"MDm","Cell_23717","MDm_6",49
"MDm","Cell_25040","MDm_1",54
"MDm","Cell_26204","MDm_4",78
"MDm","Cell_26210","MDm_6",49
"MDm","Cell_29092","MDm_5",53
"MDm","Cell_29800","MDm_3",70
"MDm","Cell_30311","MDm_5",53
"MDm","Cell_33217","MDm_4",78
"MDm","Cell_33892","MDm_5",53
"MDm","Cell_34456","MDm_1",54
"MDm","Cell_34593","MDm_5",53
"MDm","Cell_36385","MDm_2",96
"MDm","Cell_37117","MDm_2",96
"MDm","Cell_37975","MDm_4",78
"MDm","Cell_39562","MDm_5",53
"MDm","Cell_40732","MDm_6",49
"MDm","Cell_40888","MDm_4",78
"MDm","Cell_42015","MDm_4",78
"MDm","Cell_42425","MDm_5",53
"MDm","Cell_42977","MDm_6",49
"MDm","Cell_44660","MDm_4",78
"MDm","Cell_44839","MDm_2",96
"MDm","Cell_7","MDm_4",78
"MDm","Cell_455","MDm_4",78
"MDm","Cell_465","MDm_5",53
"MDm","Cell_603","MDm_6",49
"MDm","Cell_857","MDm_4",78
"MDm","Cell_949","MDm_5",53
"MDm","Cell_1518","MDm_5",53
"MDm","Cell_2488","MDm_4",78
"MDm","Cell_3219","MDm_6",49
"MDm","Cell_3264","MDm_6",49
"MDm","Cell_3296","MDm_6",49
"MDm","Cell_4488","MDm_6",49
"MDm","Cell_5057","MDm_3",70
"MDm","Cell_5064","MDm_2",96
"MDm","Cell_6108","MDm_4",78
"MDm","Cell_6216","MDm_2",96
"MDm","Cell_6394","MDm_4",78
"MDm","Cell_6645","MDm_4",78
"MDm","Cell_6700","MDm_4",78
"MDm","Cell_7176","MDm_5",53
"MDm","Cell_7408","MDm_3",70
"MDm","Cell_7418","MDm_3",70
"MDm","Cell_7702","MDm_2",96
"MDm","Cell_7840","MDm_6",49
"MDm","Cell_8329","MDm_5",53
"MDm","Cell_8417","MDm_2",96
"MDm","Cell_9423","MDm_4",78
"MDm","Cell_9433","MDm_1",54
"MDm","Cell_9905","MDm_6",49
"MDm","Cell_10122","MDm_5",53
"MDm","Cell_10452","MDm_4",78
"MDm","Cell_10473","MDm_6",49
"MDm","Cell_10547","MDm_5",53
"MDm","Cell_10637","MDm_3",70
"MDm","Cell_10772","MDm_6",49
"MDm","Cell_11497","MDm_2",96
"MDm","Cell_13483","MDm_3",70
"MDm","Cell_13985","MDm_4",78
"MDm","Cell_14056","MDm_2",96
"MDm","Cell_14088","MDm_4",78
"MDm","Cell_14896","MDm_2",96
"MDm","Cell_15305","MDm_2",96
"MDm","Cell_15485","MDm_3",70
"MDm","Cell_15545","MDm_1",54
"MDm","Cell_15621","MDm_6",49
"MDm","Cell_15676","MDm_6",49
"MDm","Cell_15718","MDm_2",96
"MDm","Cell_15797","MDm_2",96
"MDm","Cell_16056","MDm_2",96
"MDm","Cell_16089","MDm_6",49
"MDm","Cell_16411","MDm_3",70
"MDm","Cell_16666","MDm_4",78
"MDm","Cell_18225","MDm_1",54
"MDm","Cell_18342","MDm_1",54
"MDm","Cell_18840","MDm_3",70
"MDm","Cell_18869","MDm_6",49
"MDm","Cell_19097","MDm_3",70
"MDm","Cell_19180","MDm_3",70
"MDm","Cell_19224","MDm_6",49
"MDm","Cell_19360","MDm_3",70
"MDm","Cell_19560","MDm_3",70
"MDm","Cell_19596","MDm_6",49
"MDm","Cell_19989","MDm_6",49
"MDm","Cell_20158","MDm_2",96
"MDm","Cell_20224","MDm_2",96
"MDm","Cell_20483","MDm_6",49
"MDm","Cell_20612","MDm_3",70
"MDm","Cell_20669","MDm_5",53
"MDm","Cell_21181","MDm_4",78
"MDm","Cell_21341","MDm_2",96
"MDm","Cell_21407","MDm_3",70
"MDm","Cell_21469","MDm_5",53
"MDm","Cell_21684","MDm_3",70
"MDm","Cell_22198","MDm_2",96
"MDm","Cell_22529","MDm_1",54
"MDm","Cell_22725","MDm_1",54
"MDm","Cell_22875","MDm_4",78
"MDm","Cell_23758","MDm_6",49
"MDm","Cell_24703","MDm_4",78
"MDm","Cell_24745","MDm_3",70
"MDm","Cell_25693","MDm_4",78
"MDm","Cell_26029","MDm_6",49
"MDm","Cell_26043","MDm_4",78
"MDm","Cell_27239","MDm_4",78
"MDm","Cell_27387","MDm_6",49
"MDm","Cell_27535","MDm_2",96
"MDm","Cell_27946","MDm_4",78
"MDm","Cell_29014","MDm_3",70
"MDm","Cell_29427","MDm_3",70
"MDm","Cell_30049","MDm_1",54
"MDm","Cell_30166","MDm_4",78
"MDm","Cell_30308","MDm_2",96
"MDm","Cell_30379","MDm_6",49
"MDm","Cell_30541","MDm_3",70
"MDm","Cell_30844","MDm_6",49
"MDm","Cell_30879","MDm_6",49
"MDm","Cell_30930","MDm_6",49
"MDm","Cell_31427","MDm_1",54
"MDm","Cell_31631","MDm_4",78
"MDm","Cell_31665","MDm_1",54
"MDm","Cell_32805","MDm_3",70
"MDm","Cell_33435","MDm_6",49
"MDm","Cell_33468","MDm_1",54
"MDm","Cell_34184","MDm_5",53
"MDm","Cell_34233","MDm_3",70
"MDm","Cell_34526","MDm_3",70
"MDm","Cell_34919","MDm_1",54
"MDm","Cell_35159","MDm_6",49
"MDm","Cell_36153","MDm_3",70
"MDm","Cell_36216","MDm_4",78
"MDm","Cell_36496","MDm_6",49
"MDm","Cell_36811","MDm_6",49
"MDm","Cell_36907","MDm_6",49
"MDm","Cell_36996","MDm_2",96
"MDm","Cell_37560","MDm_4",78
"MDm","Cell_37655","MDm_5",53
"MDm","Cell_37850","MDm_6",49
"MDm","Cell_38501","MDm_6",49
"MDm","Cell_39135","MDm_2",96
"MDm","Cell_39409","MDm_4",78
"MDm","Cell_39512","MDm_2",96
"MDm","Cell_39896","MDm_1",54
"MDm","Cell_40678","MDm_4",78
"MDm","Cell_40926","MDm_4",78
"MDm","Cell_41153","MDm_2",96
"MDm","Cell_41534","MDm_5",53
"MDm","Cell_42293","MDm_4",78
"MDm","Cell_42318","MDm_5",53
"MDm","Cell_42607","MDm_3",70
"MDm","Cell_42710","MDm_3",70
"MDm","Cell_42734","MDm_6",49
"MDm","Cell_43175","MDm_2",96
"MDm","Cell_43559","MDm_3",70
"MDm","Cell_43807","MDm_4",78
"MDm","Cell_44022","MDm_5",53
"MDm","Cell_44426","MDm_3",70
"MDm","Cell_44894","MDm_2",96
"MDm","Cell_45114","MDm_2",96
"MDm","Cell_45179","MDm_5",53
"MDm","Cell_18128","MDm_1",54
"MDm","Cell_21648","MDm_1",54
"MDm","Cell_25643","MDm_4",78
"MDm","Cell_25694","MDm_1",54
"MDm","Cell_29693","MDm_2",96
"MDm","Cell_32244","MDm_6",49
"MDm","Cell_36787","MDm_4",78
"MDm","Cell_721","MDm_2",96
"MDm","Cell_2764","MDm_3",70
"MDm","Cell_6698","MDm_5",53
"MDm","Cell_9411","MDm_2",96
"MDm","Cell_14745","MDm_2",96
"MDm","Cell_16075","MDm_2",96
"MDm","Cell_17071","MDm_2",96
"MDm","Cell_20215","MDm_1",54
"MDm","Cell_23480","MDm_4",78
"MDm","Cell_23923","MDm_2",96
"MDm","Cell_24879","MDm_3",70
"MDm","Cell_27740","MDm_2",96
"MDm","Cell_28600","MDm_4",78
"MDm","Cell_29133","MDm_2",96
"MDm","Cell_32814","MDm_1",54
"MDm","Cell_38593","MDm_1",54
"MDm","Cell_39371","MDm_1",54
"MDm","Cell_39472","MDm_2",96
"MDm","Cell_40049","MDm_2",96
"MDm","Cell_41709","MDm_1",54
"MDm","Cell_2115","MDm_4",78
"MDm","Cell_2892","MDm_2",96
"MDm","Cell_6386","MDm_1",54
"MDm","Cell_6822","MDm_6",49
"MDm","Cell_7705","MDm_4",78
"MDm","Cell_16445","MDm_5",53
"MDm","Cell_16963","MDm_6",49
"MDm","Cell_20641","MDm_2",96
"MDm","Cell_22445","MDm_4",78
"MDm","Cell_23860","MDm_3",70
"MDm","Cell_24962","MDm_6",49
"MDm","Cell_26059","MDm_2",96
"MDm","Cell_26506","MDm_3",70
"MDm","Cell_26934","MDm_4",78
"MDm","Cell_29078","MDm_3",70
"MDm","Cell_29701","MDm_1",54
"MDm","Cell_32995","MDm_2",96
"MDm","Cell_34033","MDm_6",49
"MDm","Cell_36992","MDm_5",53
"MDm","Cell_40334","MDm_5",53
"MDm","Cell_42252","MDm_3",70
"MDm","Cell_42554","MDm_6",49
"MDm","Cell_43904","MDm_4",78
"MDm","Cell_20144","MDm_2",96
"MDm","Cell_1948","MDm_4",78
"MDm","Cell_2358","MDm_4",78
"MDm","Cell_2415","MDm_5",53
"MDm","Cell_2947","MDm_4",78
"MDm","Cell_5054","MDm_4",78
"MDm","Cell_5463","MDm_1",54
"MDm","Cell_6401","MDm_2",96
"MDm","Cell_7494","MDm_2",96
"MDm","Cell_9970","MDm_3",70
"MDm","Cell_10103","MDm_2",96
"MDm","Cell_10243","MDm_4",78
"MDm","Cell_10475","MDm_2",96
"MDm","Cell_11011","MDm_6",49
"MDm","Cell_12066","MDm_3",70
"MDm","Cell_14008","MDm_4",78
"MDm","Cell_14183","MDm_3",70
"MDm","Cell_14423","MDm_2",96
"MDm","Cell_15191","MDm_2",96
"MDm","Cell_15384","MDm_2",96
"MDm","Cell_17848","MDm_3",70
"MDm","Cell_18602","MDm_1",54
"MDm","Cell_22494","MDm_2",96
"MDm","Cell_28654","MDm_6",49
"MDm","Cell_31444","MDm_2",96
"MDm","Cell_38907","MDm_3",70
"MDm","Cell_44393","MDm_3",70
"MDm","Cell_1863","MDm_4",78
"MDm","Cell_4085","MDm_2",96
"MDm","Cell_15145","MDm_2",96
"MDm","Cell_16517","MDm_5",53
"MDm","Cell_17717","MDm_1",54
"MDm","Cell_21600","MDm_3",70
"MDm","Cell_34829","MDm_4",78
"MDm","Cell_37461","MDm_2",96
"MDm","Cell_38406","MDm_3",70
"MDm","Cell_43678","MDm_3",70
"MDm","Cell_1734","MDm_3",70
"MDm","Cell_3491","MDm_2",96
"MDm","Cell_8818","MDm_5",53
"MDm","Cell_11695","MDm_3",70
"MDm","Cell_17721","MDm_2",96
"MDm","Cell_17797","MDm_3",70
"MDm","Cell_21148","MDm_2",96
"MDm","Cell_21528","MDm_4",78
"MDm","Cell_28492","MDm_2",96
"MDm","Cell_29509","MDm_3",70
"MDm","Cell_37121","MDm_3",70
"MDm","Cell_38687","MDm_2",96
"MDm","Cell_40270","MDm_2",96
"MDm","Cell_43689","MDm_2",96
"MDm","Cell_43753","MDm_2",96
"MDm","Cell_39400","MDm_4",78
"MDm","Cell_8875","MDm_4",78
"MDm","Cell_41825","MDm_1",54
"MDm","Cell_12888","MDm_2",96
"MDm","Cell_26857","MDm_4",78
"MDm","Cell_12510","MDm_3",70
"MDm","Cell_15878","MDm_3",70
"MDm","Cell_24882","MDm_3",70
"MDm","Cell_27528","MDm_2",96
"MDm","Cell_31337","MDm_2",96
"MDm","Cell_37028","MDm_4",78
"MDm","Cell_20934","MDm_3",70
"MDm","Cell_24404","MDm_5",53
"MDm","Cell_33851","MDm_4",78
"MDm","Cell_203","MDm_3",70
"MDm","Cell_7860","MDm_4",78
"MDm","Cell_11311","MDm_2",96
"MDm","Cell_16593","MDm_2",96
"MDm","Cell_26762","MDm_5",53
"MDm","Cell_30799","MDm_6",49
"MDm","Cell_32149","MDm_2",96
"MDm","Cell_34554","MDm_4",78
"MDm","Cell_39297","MDm_1",54
"MDm","Cell_45007","MDm_1",54
"MDm","Cell_6713","MDm_2",96
"MDm","Cell_10340","MDm_3",70
"MDm","Cell_10974","MDm_2",96
"MDm","Cell_35515","MDm_3",70
"MDm","Cell_15765","MDm_4",78
"MDm","Cell_26481","MDm_5",53
"MDm","Cell_36534","MDm_1",54
"MDm","Cell_1196","MDm_4",78
"ME","Cell_4375","ME_1",33
"ME","Cell_4980","ME_1",33
"ME","Cell_11804","ME_1",33
"ME","Cell_17445","ME_1",33
"ME","Cell_26522","ME_1",33
"ME","Cell_29523","ME_1",33
"ME","Cell_30157","ME_1",33
"ME","Cell_30716","ME_1",33
"ME","Cell_7958","ME_1",33
"ME","Cell_23967","ME_1",33
"ME","Cell_35031","ME_1",33
"ME","Cell_42731","ME_1",33
"ME","Cell_23443","ME_1",33
"ME","Cell_43833","ME_1",33
"ME","Cell_3157","ME_1",33
"ME","Cell_25569","ME_1",33
"ME","Cell_32861","ME_1",33
"ME","Cell_33505","ME_1",33
"ME","Cell_40502","ME_1",33
"ME","Cell_33555","ME_1",33
"ME","Cell_1820","ME_1",33
"ME","Cell_8861","ME_1",33
"ME","Cell_14215","ME_1",33
"ME","Cell_19472","ME_1",33
"ME","Cell_40363","ME_1",33
"ME","Cell_42632","ME_1",33
"ME","Cell_43471","ME_1",33
"ME","Cell_44446","ME_1",33
"ME","Cell_21557","ME_1",33
"ME","Cell_23724","ME_1",33
"ME","Cell_23938","ME_1",33
"ME","Cell_30487","ME_1",33
"ME","Cell_24592","ME_1",33
"MEAad","Cell_311","MEAad_1",71
"MEAad","Cell_532","MEAad_2",153
"MEAad","Cell_1031","MEAad_3",94
"MEAad","Cell_2177","MEAad_4",106
"MEAad","Cell_2776","MEAad_5",131
"MEAad","Cell_2897","MEAad_6",85
"MEAad","Cell_3763","MEAad_5",131
"MEAad","Cell_4938","MEAad_1",71
"MEAad","Cell_5900","MEAad_7",153
"MEAad","Cell_6041","MEAad_2",153
"MEAad","Cell_6234","MEAad_6",85
"MEAad","Cell_7481","MEAad_4",106
"MEAad","Cell_8410","MEAad_3",94
"MEAad","Cell_10516","MEAad_4",106
"MEAad","Cell_10836","MEAad_2",153
"MEAad","Cell_11661","MEAad_7",153
"MEAad","Cell_12764","MEAad_3",94
"MEAad","Cell_13439","MEAad_4",106
"MEAad","Cell_13821","MEAad_4",106
"MEAad","Cell_14315","MEAad_2",153
"MEAad","Cell_15205","MEAad_4",106
"MEAad","Cell_15283","MEAad_5",131
"MEAad","Cell_15868","MEAad_2",153
"MEAad","Cell_16237","MEAad_4",106
"MEAad","Cell_16778","MEAad_4",106
"MEAad","Cell_16979","MEAad_7",153
"MEAad","Cell_17473","MEAad_6",85
"MEAad","Cell_17641","MEAad_6",85
"MEAad","Cell_18072","MEAad_2",153
"MEAad","Cell_18125","MEAad_2",153
"MEAad","Cell_18437","MEAad_2",153
"MEAad","Cell_18511","MEAad_2",153
"MEAad","Cell_19330","MEAad_6",85
"MEAad","Cell_20916","MEAad_4",106
"MEAad","Cell_21039","MEAad_7",153
"MEAad","Cell_21753","MEAad_3",94
"MEAad","Cell_22067","MEAad_4",106
"MEAad","Cell_22520","MEAad_3",94
"MEAad","Cell_22971","MEAad_5",131
"MEAad","Cell_23531","MEAad_7",153
"MEAad","Cell_23876","MEAad_7",153
"MEAad","Cell_25765","MEAad_3",94
"MEAad","Cell_25977","MEAad_6",85
"MEAad","Cell_26538","MEAad_3",94
"MEAad","Cell_26794","MEAad_7",153
"MEAad","Cell_27764","MEAad_7",153
"MEAad","Cell_28680","MEAad_7",153
"MEAad","Cell_31558","MEAad_2",153
"MEAad","Cell_33867","MEAad_2",153
"MEAad","Cell_35131","MEAad_6",85
"MEAad","Cell_36607","MEAad_6",85
"MEAad","Cell_36618","MEAad_2",153
"MEAad","Cell_37534","MEAad_3",94
"MEAad","Cell_38143","MEAad_4",106
"MEAad","Cell_38337","MEAad_6",85
"MEAad","Cell_39478","MEAad_4",106
"MEAad","Cell_39487","MEAad_6",85
"MEAad","Cell_40015","MEAad_2",153
"MEAad","Cell_40264","MEAad_7",153
"MEAad","Cell_40458","MEAad_7",153
"MEAad","Cell_40688","MEAad_4",106
"MEAad","Cell_41037","MEAad_5",131
"MEAad","Cell_42368","MEAad_2",153
"MEAad","Cell_42465","MEAad_2",153
"MEAad","Cell_42541","MEAad_5",131
"MEAad","Cell_42732","MEAad_3",94
"MEAad","Cell_42982","MEAad_6",85
"MEAad","Cell_43596","MEAad_5",131
"MEAad","Cell_43884","MEAad_7",153
"MEAad","Cell_44201","MEAad_7",153
"MEAad","Cell_44228","MEAad_2",153
"MEAad","Cell_44440","MEAad_2",153
"MEAad","Cell_45158","MEAad_2",153
"MEAad","Cell_2125","MEAad_5",131
"MEAad","Cell_4916","MEAad_4",106
"MEAad","Cell_10021","MEAad_6",85
"MEAad","Cell_15419","MEAad_5",131
"MEAad","Cell_19185","MEAad_7",153
"MEAad","Cell_20786","MEAad_2",153
"MEAad","Cell_29062","MEAad_2",153
"MEAad","Cell_30964","MEAad_6",85
"MEAad","Cell_32965","MEAad_5",131
"MEAad","Cell_35043","MEAad_1",71
"MEAad","Cell_44313","MEAad_6",85
"MEAad","Cell_742","MEAad_4",106
"MEAad","Cell_1924","MEAad_1",71
"MEAad","Cell_3501","MEAad_1",71
"MEAad","Cell_4125","MEAad_3",94
"MEAad","Cell_4714","MEAad_7",153
"MEAad","Cell_4971","MEAad_7",153
"MEAad","Cell_5010","MEAad_3",94
"MEAad","Cell_5082","MEAad_6",85
"MEAad","Cell_5208","MEAad_1",71
"MEAad","Cell_5787","MEAad_3",94
"MEAad","Cell_6189","MEAad_2",153
"MEAad","Cell_6644","MEAad_4",106
"MEAad","Cell_6781","MEAad_2",153
"MEAad","Cell_6804","MEAad_2",153
"MEAad","Cell_7852","MEAad_3",94
"MEAad","Cell_8528","MEAad_6",85
"MEAad","Cell_9073","MEAad_6",85
"MEAad","Cell_9856","MEAad_4",106
"MEAad","Cell_10621","MEAad_7",153
"MEAad","Cell_11099","MEAad_5",131
"MEAad","Cell_11772","MEAad_3",94
"MEAad","Cell_12774","MEAad_1",71
"MEAad","Cell_13040","MEAad_5",131
"MEAad","Cell_13326","MEAad_4",106
"MEAad","Cell_13857","MEAad_6",85
"MEAad","Cell_15080","MEAad_5",131
"MEAad","Cell_15930","MEAad_2",153
"MEAad","Cell_16103","MEAad_7",153
"MEAad","Cell_18194","MEAad_7",153
"MEAad","Cell_19375","MEAad_5",131
"MEAad","Cell_21103","MEAad_7",153
"MEAad","Cell_21311","MEAad_5",131
"MEAad","Cell_21660","MEAad_5",131
"MEAad","Cell_21907","MEAad_5",131
"MEAad","Cell_23751","MEAad_5",131
"MEAad","Cell_23976","MEAad_3",94
"MEAad","Cell_24334","MEAad_6",85
"MEAad","Cell_25655","MEAad_7",153
"MEAad","Cell_26032","MEAad_6",85
"MEAad","Cell_26730","MEAad_4",106
"MEAad","Cell_26986","MEAad_5",131
"MEAad","Cell_27169","MEAad_2",153
"MEAad","Cell_27880","MEAad_2",153
"MEAad","Cell_30809","MEAad_7",153
"MEAad","Cell_31163","MEAad_2",153
"MEAad","Cell_32386","MEAad_5",131
"MEAad","Cell_32475","MEAad_7",153
"MEAad","Cell_32933","MEAad_3",94
"MEAad","Cell_32955","MEAad_3",94
"MEAad","Cell_34643","MEAad_5",131
"MEAad","Cell_34777","MEAad_3",94
"MEAad","Cell_36355","MEAad_4",106
"MEAad","Cell_38106","MEAad_2",153
"MEAad","Cell_38122","MEAad_1",71
"MEAad","Cell_38533","MEAad_1",71
"MEAad","Cell_39978","MEAad_7",153
"MEAad","Cell_41076","MEAad_3",94
"MEAad","Cell_41381","MEAad_7",153
"MEAad","Cell_41523","MEAad_7",153
"MEAad","Cell_41533","MEAad_4",106
"MEAad","Cell_42062","MEAad_3",94
"MEAad","Cell_42291","MEAad_1",71
"MEAad","Cell_42711","MEAad_5",131
"MEAad","Cell_44813","MEAad_6",85
"MEAad","Cell_317","MEAad_3",94
"MEAad","Cell_769","MEAad_6",85
"MEAad","Cell_874","MEAad_4",106
"MEAad","Cell_1586","MEAad_6",85
"MEAad","Cell_2788","MEAad_5",131
"MEAad","Cell_3063","MEAad_6",85
"MEAad","Cell_3582","MEAad_6",85
"MEAad","Cell_4278","MEAad_5",131
"MEAad","Cell_4540","MEAad_3",94
"MEAad","Cell_4863","MEAad_5",131
"MEAad","Cell_4983","MEAad_6",85
"MEAad","Cell_5164","MEAad_4",106
"MEAad","Cell_5468","MEAad_4",106
"MEAad","Cell_6341","MEAad_2",153
"MEAad","Cell_6483","MEAad_3",94
"MEAad","Cell_6743","MEAad_6",85
"MEAad","Cell_6832","MEAad_1",71
"MEAad","Cell_6843","MEAad_1",71
"MEAad","Cell_6932","MEAad_5",131
"MEAad","Cell_7027","MEAad_3",94
"MEAad","Cell_7125","MEAad_1",71
"MEAad","Cell_7600","MEAad_3",94
"MEAad","Cell_7819","MEAad_5",131
"MEAad","Cell_7935","MEAad_5",131
"MEAad","Cell_8407","MEAad_5",131
"MEAad","Cell_9284","MEAad_7",153
"MEAad","Cell_9482","MEAad_6",85
"MEAad","Cell_9678","MEAad_5",131
"MEAad","Cell_10061","MEAad_6",85
"MEAad","Cell_10171","MEAad_6",85
"MEAad","Cell_10388","MEAad_5",131
"MEAad","Cell_10692","MEAad_5",131
"MEAad","Cell_10710","MEAad_1",71
"MEAad","Cell_10727","MEAad_5",131
"MEAad","Cell_10817","MEAad_5",131
"MEAad","Cell_10844","MEAad_5",131
"MEAad","Cell_11278","MEAad_1",71
"MEAad","Cell_11838","MEAad_3",94
"MEAad","Cell_11843","MEAad_5",131
"MEAad","Cell_12514","MEAad_1",71
"MEAad","Cell_12830","MEAad_1",71
"MEAad","Cell_12945","MEAad_3",94
"MEAad","Cell_13127","MEAad_5",131
"MEAad","Cell_13560","MEAad_3",94
"MEAad","Cell_13879","MEAad_3",94
"MEAad","Cell_13964","MEAad_3",94
"MEAad","Cell_14036","MEAad_6",85
"MEAad","Cell_14156","MEAad_5",131
"MEAad","Cell_14808","MEAad_6",85
"MEAad","Cell_15131","MEAad_5",131
"MEAad","Cell_15257","MEAad_3",94
"MEAad","Cell_15416","MEAad_3",94
"MEAad","Cell_15687","MEAad_3",94
"MEAad","Cell_15739","MEAad_4",106
"MEAad","Cell_15755","MEAad_3",94
"MEAad","Cell_15775","MEAad_6",85
"MEAad","Cell_16074","MEAad_5",131
"MEAad","Cell_16193","MEAad_6",85
"MEAad","Cell_16206","MEAad_5",131
"MEAad","Cell_16207","MEAad_1",71
"MEAad","Cell_16270","MEAad_5",131
"MEAad","Cell_16384","MEAad_3",94
"MEAad","Cell_17215","MEAad_6",85
"MEAad","Cell_17271","MEAad_4",106
"MEAad","Cell_17531","MEAad_1",71
"MEAad","Cell_17731","MEAad_1",71
"MEAad","Cell_18210","MEAad_3",94
"MEAad","Cell_18231","MEAad_6",85
"MEAad","Cell_18349","MEAad_5",131
"MEAad","Cell_18393","MEAad_1",71
"MEAad","Cell_19051","MEAad_5",131
"MEAad","Cell_19600","MEAad_5",131
"MEAad","Cell_20476","MEAad_5",131
"MEAad","Cell_21048","MEAad_3",94
"MEAad","Cell_21095","MEAad_1",71
"MEAad","Cell_21164","MEAad_5",131
"MEAad","Cell_21241","MEAad_6",85
"MEAad","Cell_21361","MEAad_6",85
"MEAad","Cell_21464","MEAad_6",85
"MEAad","Cell_21768","MEAad_5",131
"MEAad","Cell_21842","MEAad_3",94
"MEAad","Cell_22201","MEAad_3",94
"MEAad","Cell_22438","MEAad_7",153
"MEAad","Cell_22547","MEAad_5",131
"MEAad","Cell_23652","MEAad_5",131
"MEAad","Cell_23695","MEAad_5",131
"MEAad","Cell_23712","MEAad_1",71
"MEAad","Cell_23766","MEAad_3",94
"MEAad","Cell_24009","MEAad_6",85
"MEAad","Cell_24036","MEAad_3",94
"MEAad","Cell_24037","MEAad_1",71
"MEAad","Cell_24448","MEAad_3",94
"MEAad","Cell_24520","MEAad_3",94
"MEAad","Cell_24702","MEAad_1",71
"MEAad","Cell_24726","MEAad_6",85
"MEAad","Cell_24814","MEAad_4",106
"MEAad","Cell_24833","MEAad_6",85
"MEAad","Cell_25524","MEAad_4",106
"MEAad","Cell_25530","MEAad_1",71
"MEAad","Cell_26022","MEAad_6",85
"MEAad","Cell_26023","MEAad_3",94
"MEAad","Cell_26561","MEAad_1",71
"MEAad","Cell_26818","MEAad_3",94
"MEAad","Cell_26878","MEAad_2",153
"MEAad","Cell_26954","MEAad_6",85
"MEAad","Cell_26987","MEAad_6",85
"MEAad","Cell_27043","MEAad_5",131
"MEAad","Cell_27700","MEAad_1",71
"MEAad","Cell_27705","MEAad_6",85
"MEAad","Cell_27836","MEAad_4",106
"MEAad","Cell_28131","MEAad_6",85
"MEAad","Cell_28213","MEAad_3",94
"MEAad","Cell_28952","MEAad_2",153
"MEAad","Cell_29291","MEAad_6",85
"MEAad","Cell_29381","MEAad_3",94
"MEAad","Cell_29393","MEAad_6",85
"MEAad","Cell_29453","MEAad_3",94
"MEAad","Cell_29864","MEAad_5",131
"MEAad","Cell_30279","MEAad_3",94
"MEAad","Cell_30917","MEAad_4",106
"MEAad","Cell_31019","MEAad_5",131
"MEAad","Cell_31404","MEAad_5",131
"MEAad","Cell_31430","MEAad_6",85
"MEAad","Cell_31466","MEAad_6",85
"MEAad","Cell_31571","MEAad_1",71
"MEAad","Cell_32266","MEAad_1",71
"MEAad","Cell_32462","MEAad_6",85
"MEAad","Cell_32611","MEAad_3",94
"MEAad","Cell_32804","MEAad_1",71
"MEAad","Cell_32815","MEAad_1",71
"MEAad","Cell_33104","MEAad_3",94
"MEAad","Cell_33267","MEAad_6",85
"MEAad","Cell_33568","MEAad_6",85
"MEAad","Cell_33594","MEAad_3",94
"MEAad","Cell_33747","MEAad_5",131
"MEAad","Cell_33752","MEAad_6",85
"MEAad","Cell_34195","MEAad_5",131
"MEAad","Cell_34400","MEAad_1",71
"MEAad","Cell_34474","MEAad_1",71
"MEAad","Cell_34609","MEAad_1",71
"MEAad","Cell_34620","MEAad_3",94
"MEAad","Cell_34761","MEAad_5",131
"MEAad","Cell_34762","MEAad_3",94
"MEAad","Cell_34985","MEAad_6",85
"MEAad","Cell_35007","MEAad_3",94
"MEAad","Cell_35025","MEAad_4",106
"MEAad","Cell_35293","MEAad_6",85
"MEAad","Cell_35439","MEAad_1",71
"MEAad","Cell_35861","MEAad_5",131
"MEAad","Cell_36009","MEAad_6",85
"MEAad","Cell_37287","MEAad_1",71
"MEAad","Cell_37821","MEAad_2",153
"MEAad","Cell_38049","MEAad_4",106
"MEAad","Cell_38361","MEAad_3",94
"MEAad","Cell_38437","MEAad_5",131
"MEAad","Cell_38478","MEAad_4",106
"MEAad","Cell_38627","MEAad_5",131
"MEAad","Cell_38867","MEAad_6",85
"MEAad","Cell_39235","MEAad_1",71
"MEAad","Cell_39552","MEAad_5",131
"MEAad","Cell_39633","MEAad_3",94
"MEAad","Cell_39644","MEAad_5",131
"MEAad","Cell_39805","MEAad_5",131
"MEAad","Cell_40031","MEAad_5",131
"MEAad","Cell_40064","MEAad_3",94
"MEAad","Cell_40095","MEAad_1",71
"MEAad","Cell_40370","MEAad_4",106
"MEAad","Cell_41080","MEAad_1",71
"MEAad","Cell_41425","MEAad_6",85
"MEAad","Cell_41481","MEAad_5",131
"MEAad","Cell_41585","MEAad_3",94
"MEAad","Cell_41941","MEAad_6",85
"MEAad","Cell_41943","MEAad_5",131
"MEAad","Cell_42204","MEAad_1",71
"MEAad","Cell_42557","MEAad_6",85
"MEAad","Cell_42717","MEAad_3",94
"MEAad","Cell_42719","MEAad_3",94
"MEAad","Cell_42749","MEAad_5",131
"MEAad","Cell_42902","MEAad_1",71
"MEAad","Cell_42947","MEAad_5",131
"MEAad","Cell_43043","MEAad_6",85
"MEAad","Cell_43425","MEAad_5",131
"MEAad","Cell_43462","MEAad_3",94
"MEAad","Cell_43491","MEAad_1",71
"MEAad","Cell_43545","MEAad_5",131
"MEAad","Cell_43839","MEAad_3",94
"MEAad","Cell_44168","MEAad_6",85
"MEAad","Cell_45113","MEAad_5",131
"MEAad","Cell_45182","MEAad_5",131
"MEAad","Cell_1493","MEAad_4",106
"MEAad","Cell_31487","MEAad_2",153
"MEAad","Cell_39434","MEAad_4",106
"MEAad","Cell_22894","MEAad_5",131
"MEAad","Cell_941","MEAad_7",153
"MEAad","Cell_1043","MEAad_7",153
"MEAad","Cell_2449","MEAad_7",153
"MEAad","Cell_3978","MEAad_4",106
"MEAad","Cell_6560","MEAad_7",153
"MEAad","Cell_7749","MEAad_2",153
"MEAad","Cell_8933","MEAad_3",94
"MEAad","Cell_9102","MEAad_2",153
"MEAad","Cell_10354","MEAad_2",153
"MEAad","Cell_13385","MEAad_4",106
"MEAad","Cell_14297","MEAad_4",106
"MEAad","Cell_20414","MEAad_5",131
"MEAad","Cell_20875","MEAad_1",71
"MEAad","Cell_21608","MEAad_2",153
"MEAad","Cell_24737","MEAad_2",153
"MEAad","Cell_25517","MEAad_7",153
"MEAad","Cell_27937","MEAad_6",85
"MEAad","Cell_32029","MEAad_7",153
"MEAad","Cell_32583","MEAad_2",153
"MEAad","Cell_33564","MEAad_4",106
"MEAad","Cell_34027","MEAad_4",106
"MEAad","Cell_34078","MEAad_6",85
"MEAad","Cell_34881","MEAad_5",131
"MEAad","Cell_35683","MEAad_5",131
"MEAad","Cell_36551","MEAad_5",131
"MEAad","Cell_38765","MEAad_5",131
"MEAad","Cell_41797","MEAad_7",153
"MEAad","Cell_41834","MEAad_2",153
"MEAad","Cell_42829","MEAad_7",153
"MEAad","Cell_216","MEAad_7",153
"MEAad","Cell_269","MEAad_2",153
"MEAad","Cell_621","MEAad_3",94
"MEAad","Cell_776","MEAad_2",153
"MEAad","Cell_823","MEAad_4",106
"MEAad","Cell_1013","MEAad_2",153
"MEAad","Cell_1470","MEAad_7",153
"MEAad","Cell_1706","MEAad_2",153
"MEAad","Cell_1733","MEAad_5",131
"MEAad","Cell_1950","MEAad_7",153
"MEAad","Cell_2153","MEAad_4",106
"MEAad","Cell_2409","MEAad_3",94
"MEAad","Cell_2492","MEAad_7",153
"MEAad","Cell_2735","MEAad_2",153
"MEAad","Cell_2785","MEAad_1",71
"MEAad","Cell_2793","MEAad_4",106
"MEAad","Cell_3850","MEAad_4",106
"MEAad","Cell_3974","MEAad_5",131
"MEAad","Cell_4103","MEAad_1",71
"MEAad","Cell_4492","MEAad_4",106
"MEAad","Cell_4985","MEAad_4",106
"MEAad","Cell_5464","MEAad_5",131
"MEAad","Cell_5590","MEAad_7",153
"MEAad","Cell_5601","MEAad_2",153
"MEAad","Cell_5943","MEAad_7",153
"MEAad","Cell_6240","MEAad_2",153
"MEAad","Cell_6308","MEAad_4",106
"MEAad","Cell_6449","MEAad_3",94
"MEAad","Cell_6669","MEAad_7",153
"MEAad","Cell_7012","MEAad_6",85
"MEAad","Cell_7326","MEAad_6",85
"MEAad","Cell_7395","MEAad_2",153
"MEAad","Cell_7491","MEAad_7",153
"MEAad","Cell_7771","MEAad_7",153
"MEAad","Cell_8023","MEAad_3",94
"MEAad","Cell_8070","MEAad_4",106
"MEAad","Cell_8081","MEAad_2",153
"MEAad","Cell_8157","MEAad_7",153
"MEAad","Cell_8246","MEAad_4",106
"MEAad","Cell_8477","MEAad_6",85
"MEAad","Cell_9182","MEAad_4",106
"MEAad","Cell_9249","MEAad_5",131
"MEAad","Cell_9819","MEAad_1",71
"MEAad","Cell_9976","MEAad_3",94
"MEAad","Cell_10026","MEAad_4",106
"MEAad","Cell_10375","MEAad_2",153
"MEAad","Cell_10777","MEAad_2",153
"MEAad","Cell_11195","MEAad_4",106
"MEAad","Cell_11425","MEAad_1",71
"MEAad","Cell_11701","MEAad_7",153
"MEAad","Cell_12190","MEAad_1",71
"MEAad","Cell_12254","MEAad_5",131
"MEAad","Cell_13215","MEAad_2",153
"MEAad","Cell_13286","MEAad_3",94
"MEAad","Cell_13518","MEAad_5",131
"MEAad","Cell_14106","MEAad_5",131
"MEAad","Cell_14134","MEAad_7",153
"MEAad","Cell_14348","MEAad_6",85
"MEAad","Cell_14391","MEAad_2",153
"MEAad","Cell_14736","MEAad_2",153
"MEAad","Cell_15057","MEAad_2",153
"MEAad","Cell_15140","MEAad_2",153
"MEAad","Cell_15285","MEAad_5",131
"MEAad","Cell_15392","MEAad_5",131
"MEAad","Cell_15573","MEAad_6",85
"MEAad","Cell_16086","MEAad_2",153
"MEAad","Cell_16197","MEAad_2",153
"MEAad","Cell_16578","MEAad_6",85
"MEAad","Cell_16758","MEAad_2",153
"MEAad","Cell_16783","MEAad_2",153
"MEAad","Cell_17112","MEAad_4",106
"MEAad","Cell_17294","MEAad_4",106
"MEAad","Cell_17333","MEAad_2",153
"MEAad","Cell_17366","MEAad_4",106
"MEAad","Cell_18030","MEAad_2",153
"MEAad","Cell_18116","MEAad_5",131
"MEAad","Cell_18137","MEAad_4",106
"MEAad","Cell_18287","MEAad_5",131
"MEAad","Cell_18887","MEAad_7",153
"MEAad","Cell_19057","MEAad_5",131
"MEAad","Cell_19464","MEAad_2",153
"MEAad","Cell_19554","MEAad_7",153
"MEAad","Cell_19860","MEAad_7",153
"MEAad","Cell_20012","MEAad_1",71
"MEAad","Cell_20081","MEAad_4",106
"MEAad","Cell_21136","MEAad_2",153
"MEAad","Cell_21270","MEAad_2",153
"MEAad","Cell_22212","MEAad_1",71
"MEAad","Cell_22561","MEAad_4",106
"MEAad","Cell_22739","MEAad_7",153
"MEAad","Cell_22824","MEAad_1",71
"MEAad","Cell_22962","MEAad_4",106
"MEAad","Cell_23099","MEAad_7",153
"MEAad","Cell_23180","MEAad_7",153
"MEAad","Cell_23395","MEAad_2",153
"MEAad","Cell_24248","MEAad_2",153
"MEAad","Cell_24275","MEAad_3",94
"MEAad","Cell_24276","MEAad_6",85
"MEAad","Cell_24908","MEAad_2",153
"MEAad","Cell_24999","MEAad_4",106
"MEAad","Cell_25275","MEAad_5",131
"MEAad","Cell_25283","MEAad_4",106
"MEAad","Cell_25318","MEAad_7",153
"MEAad","Cell_25358","MEAad_4",106
"MEAad","Cell_25391","MEAad_5",131
"MEAad","Cell_25409","MEAad_4",106
"MEAad","Cell_25498","MEAad_2",153
"MEAad","Cell_25502","MEAad_7",153
"MEAad","Cell_25606","MEAad_3",94
"MEAad","Cell_25701","MEAad_6",85
"MEAad","Cell_26049","MEAad_7",153
"MEAad","Cell_26136","MEAad_4",106
"MEAad","Cell_26488","MEAad_2",153
"MEAad","Cell_27190","MEAad_2",153
"MEAad","Cell_27532","MEAad_2",153
"MEAad","Cell_27583","MEAad_7",153
"MEAad","Cell_27604","MEAad_7",153
"MEAad","Cell_27610","MEAad_7",153
"MEAad","Cell_27743","MEAad_2",153
"MEAad","Cell_27953","MEAad_2",153
"MEAad","Cell_28167","MEAad_7",153
"MEAad","Cell_28249","MEAad_2",153
"MEAad","Cell_28720","MEAad_7",153
"MEAad","Cell_29011","MEAad_2",153
"MEAad","Cell_29237","MEAad_2",153
"MEAad","Cell_29604","MEAad_1",71
"MEAad","Cell_29958","MEAad_7",153
"MEAad","Cell_30097","MEAad_2",153
"MEAad","Cell_30131","MEAad_4",106
"MEAad","Cell_30402","MEAad_2",153
"MEAad","Cell_30414","MEAad_3",94
"MEAad","Cell_30654","MEAad_3",94
"MEAad","Cell_31139","MEAad_2",153
"MEAad","Cell_31190","MEAad_4",106
"MEAad","Cell_31693","MEAad_4",106
"MEAad","Cell_31738","MEAad_4",106
"MEAad","Cell_32291","MEAad_2",153
"MEAad","Cell_32511","MEAad_2",153
"MEAad","Cell_32520","MEAad_4",106
"MEAad","Cell_33000","MEAad_6",85
"MEAad","Cell_33492","MEAad_2",153
"MEAad","Cell_33689","MEAad_4",106
"MEAad","Cell_33791","MEAad_2",153
"MEAad","Cell_33973","MEAad_1",71
"MEAad","Cell_34002","MEAad_7",153
"MEAad","Cell_34023","MEAad_7",153
"MEAad","Cell_34801","MEAad_7",153
"MEAad","Cell_34891","MEAad_7",153
"MEAad","Cell_35462","MEAad_2",153
"MEAad","Cell_35606","MEAad_5",131
"MEAad","Cell_35629","MEAad_5",131
"MEAad","Cell_36258","MEAad_7",153
"MEAad","Cell_36295","MEAad_2",153
"MEAad","Cell_36416","MEAad_2",153
"MEAad","Cell_36592","MEAad_7",153
"MEAad","Cell_36833","MEAad_4",106
"MEAad","Cell_36989","MEAad_1",71
"MEAad","Cell_37171","MEAad_7",153
"MEAad","Cell_37291","MEAad_5",131
"MEAad","Cell_37393","MEAad_3",94
"MEAad","Cell_37490","MEAad_2",153
"MEAad","Cell_37519","MEAad_2",153
"MEAad","Cell_37648","MEAad_2",153
"MEAad","Cell_37859","MEAad_4",106
"MEAad","Cell_37931","MEAad_2",153
"MEAad","Cell_38135","MEAad_3",94
"MEAad","Cell_38325","MEAad_5",131
"MEAad","Cell_38900","MEAad_2",153
"MEAad","Cell_39044","MEAad_2",153
"MEAad","Cell_39232","MEAad_7",153
"MEAad","Cell_39519","MEAad_4",106
"MEAad","Cell_39658","MEAad_3",94
"MEAad","Cell_39937","MEAad_4",106
"MEAad","Cell_39986","MEAad_2",153
"MEAad","Cell_40496","MEAad_5",131
"MEAad","Cell_40636","MEAad_4",106
"MEAad","Cell_40822","MEAad_5",131
"MEAad","Cell_40991","MEAad_7",153
"MEAad","Cell_41395","MEAad_2",153
"MEAad","Cell_41612","MEAad_2",153
"MEAad","Cell_42233","MEAad_3",94
"MEAad","Cell_42323","MEAad_6",85
"MEAad","Cell_42570","MEAad_4",106
"MEAad","Cell_42729","MEAad_2",153
"MEAad","Cell_42975","MEAad_4",106
"MEAad","Cell_43438","MEAad_4",106
"MEAad","Cell_43531","MEAad_4",106
"MEAad","Cell_43560","MEAad_7",153
"MEAad","Cell_43636","MEAad_4",106
"MEAad","Cell_43844","MEAad_7",153
"MEAad","Cell_44202","MEAad_4",106
"MEAad","Cell_44318","MEAad_7",153
"MEAad","Cell_44367","MEAad_5",131
"MEAad","Cell_44861","MEAad_5",131
"MEAad","Cell_44974","MEAad_4",106
"MEAad","Cell_588","MEAad_2",153
"MEAad","Cell_1094","MEAad_7",153
"MEAad","Cell_1277","MEAad_5",131
"MEAad","Cell_1533","MEAad_7",153
"MEAad","Cell_2166","MEAad_2",153
"MEAad","Cell_2421","MEAad_1",71
"MEAad","Cell_3078","MEAad_7",153
"MEAad","Cell_3104","MEAad_2",153
"MEAad","Cell_3889","MEAad_2",153
"MEAad","Cell_4048","MEAad_4",106
"MEAad","Cell_4538","MEAad_3",94
"MEAad","Cell_5019","MEAad_2",153
"MEAad","Cell_5065","MEAad_4",106
"MEAad","Cell_5234","MEAad_1",71
"MEAad","Cell_5291","MEAad_7",153
"MEAad","Cell_5762","MEAad_2",153
"MEAad","Cell_5776","MEAad_5",131
"MEAad","Cell_6187","MEAad_7",153
"MEAad","Cell_6727","MEAad_5",131
"MEAad","Cell_7011","MEAad_6",85
"MEAad","Cell_8123","MEAad_2",153
"MEAad","Cell_10019","MEAad_3",94
"MEAad","Cell_10499","MEAad_3",94
"MEAad","Cell_10679","MEAad_5",131
"MEAad","Cell_10784","MEAad_5",131
"MEAad","Cell_10981","MEAad_6",85
"MEAad","Cell_11599","MEAad_5",131
"MEAad","Cell_12136","MEAad_7",153
"MEAad","Cell_12441","MEAad_7",153
"MEAad","Cell_13008","MEAad_4",106
"MEAad","Cell_13272","MEAad_5",131
"MEAad","Cell_13460","MEAad_7",153
"MEAad","Cell_14382","MEAad_2",153
"MEAad","Cell_14773","MEAad_2",153
"MEAad","Cell_15268","MEAad_5",131
"MEAad","Cell_15330","MEAad_7",153
"MEAad","Cell_15466","MEAad_4",106
"MEAad","Cell_16013","MEAad_7",153
"MEAad","Cell_16095","MEAad_7",153
"MEAad","Cell_16155","MEAad_5",131
"MEAad","Cell_16556","MEAad_7",153
"MEAad","Cell_16683","MEAad_5",131
"MEAad","Cell_16871","MEAad_2",153
"MEAad","Cell_17404","MEAad_2",153
"MEAad","Cell_18938","MEAad_5",131
"MEAad","Cell_19870","MEAad_7",153
"MEAad","Cell_20952","MEAad_4",106
"MEAad","Cell_21233","MEAad_2",153
"MEAad","Cell_21971","MEAad_7",153
"MEAad","Cell_22269","MEAad_2",153
"MEAad","Cell_22956","MEAad_2",153
"MEAad","Cell_23124","MEAad_7",153
"MEAad","Cell_23667","MEAad_7",153
"MEAad","Cell_23937","MEAad_5",131
"MEAad","Cell_24824","MEAad_7",153
"MEAad","Cell_24964","MEAad_2",153
"MEAad","Cell_26086","MEAad_2",153
"MEAad","Cell_26354","MEAad_7",153
"MEAad","Cell_26500","MEAad_3",94
"MEAad","Cell_26737","MEAad_4",106
"MEAad","Cell_26778","MEAad_3",94
"MEAad","Cell_26783","MEAad_2",153
"MEAad","Cell_27636","MEAad_7",153
"MEAad","Cell_27677","MEAad_5",131
"MEAad","Cell_28021","MEAad_3",94
"MEAad","Cell_28310","MEAad_1",71
"MEAad","Cell_28623","MEAad_7",153
"MEAad","Cell_29213","MEAad_7",153
"MEAad","Cell_29289","MEAad_7",153
"MEAad","Cell_29320","MEAad_2",153
"MEAad","Cell_29939","MEAad_6",85
"MEAad","Cell_30032","MEAad_7",153
"MEAad","Cell_30204","MEAad_6",85
"MEAad","Cell_30837","MEAad_7",153
"MEAad","Cell_31010","MEAad_7",153
"MEAad","Cell_31043","MEAad_7",153
"MEAad","Cell_31064","MEAad_7",153
"MEAad","Cell_31213","MEAad_1",71
"MEAad","Cell_31468","MEAad_5",131
"MEAad","Cell_31477","MEAad_6",85
"MEAad","Cell_31659","MEAad_7",153
"MEAad","Cell_31864","MEAad_2",153
"MEAad","Cell_32925","MEAad_5",131
"MEAad","Cell_32991","MEAad_2",153
"MEAad","Cell_33132","MEAad_4",106
"MEAad","Cell_33549","MEAad_1",71
"MEAad","Cell_33590","MEAad_7",153
"MEAad","Cell_33718","MEAad_1",71
"MEAad","Cell_33954","MEAad_4",106
"MEAad","Cell_34198","MEAad_7",153
"MEAad","Cell_34392","MEAad_7",153
"MEAad","Cell_34623","MEAad_2",153
"MEAad","Cell_35176","MEAad_5",131
"MEAad","Cell_35268","MEAad_3",94
"MEAad","Cell_35441","MEAad_3",94
"MEAad","Cell_35547","MEAad_3",94
"MEAad","Cell_36042","MEAad_4",106
"MEAad","Cell_36378","MEAad_3",94
"MEAad","Cell_37035","MEAad_2",153
"MEAad","Cell_37179","MEAad_7",153
"MEAad","Cell_37660","MEAad_6",85
"MEAad","Cell_37725","MEAad_5",131
"MEAad","Cell_39227","MEAad_5",131
"MEAad","Cell_39692","MEAad_1",71
"MEAad","Cell_39752","MEAad_7",153
"MEAad","Cell_40113","MEAad_2",153
"MEAad","Cell_40427","MEAad_7",153
"MEAad","Cell_40519","MEAad_2",153
"MEAad","Cell_41050","MEAad_2",153
"MEAad","Cell_41184","MEAad_1",71
"MEAad","Cell_41429","MEAad_2",153
"MEAad","Cell_41669","MEAad_7",153
"MEAad","Cell_41787","MEAad_2",153
"MEAad","Cell_41867","MEAad_2",153
"MEAad","Cell_42673","MEAad_2",153
"MEAad","Cell_42867","MEAad_5",131
"MEAad","Cell_43215","MEAad_3",94
"MEAad","Cell_43396","MEAad_2",153
"MEAad","Cell_43718","MEAad_7",153
"MEAad","Cell_43843","MEAad_1",71
"MEAad","Cell_43920","MEAad_4",106
"MEAad","Cell_44315","MEAad_7",153
"MEAad","Cell_45131","MEAad_7",153
"MEAad","Cell_45278","MEAad_2",153
"MEAad","Cell_3031","MEAad_7",153
"MEAad","Cell_4216","MEAad_7",153
"MEAad","Cell_4887","MEAad_3",94
"MEAad","Cell_8139","MEAad_7",153
"MEAad","Cell_9666","MEAad_7",153
"MEAad","Cell_11223","MEAad_7",153
"MEAad","Cell_15565","MEAad_7",153
"MEAad","Cell_15920","MEAad_7",153
"MEAad","Cell_17505","MEAad_6",85
"MEAad","Cell_19143","MEAad_7",153
"MEAad","Cell_23049","MEAad_7",153
"MEAad","Cell_33372","MEAad_4",106
"MEAad","Cell_35713","MEAad_5",131
"MEAad","Cell_37266","MEAad_2",153
"MEAad","Cell_37716","MEAad_3",94
"MEAad","Cell_40495","MEAad_2",153
"MEAad","Cell_40761","MEAad_2",153
"MEAad","Cell_41266","MEAad_7",153
"MEAad","Cell_41719","MEAad_7",153
"MEAad","Cell_42612","MEAad_7",153
"MEAad","Cell_1228","MEAad_4",106
"MEAad","Cell_2011","MEAad_7",153
"MEAad","Cell_2921","MEAad_7",153
"MEAad","Cell_4034","MEAad_2",153
"MEAad","Cell_8739","MEAad_2",153
"MEAad","Cell_9883","MEAad_5",131
"MEAad","Cell_10418","MEAad_2",153
"MEAad","Cell_10751","MEAad_2",153
"MEAad","Cell_11469","MEAad_4",106
"MEAad","Cell_12587","MEAad_4",106
"MEAad","Cell_13210","MEAad_4",106
"MEAad","Cell_13359","MEAad_2",153
"MEAad","Cell_13725","MEAad_7",153
"MEAad","Cell_14173","MEAad_2",153
"MEAad","Cell_14635","MEAad_7",153
"MEAad","Cell_15177","MEAad_4",106
"MEAad","Cell_15976","MEAad_7",153
"MEAad","Cell_16926","MEAad_7",153
"MEAad","Cell_17590","MEAad_7",153
"MEAad","Cell_18500","MEAad_5",131
"MEAad","Cell_20526","MEAad_7",153
"MEAad","Cell_20622","MEAad_5",131
"MEAad","Cell_20863","MEAad_5",131
"MEAad","Cell_21916","MEAad_2",153
"MEAad","Cell_21917","MEAad_7",153
"MEAad","Cell_22006","MEAad_1",71
"MEAad","Cell_23138","MEAad_6",85
"MEAad","Cell_25248","MEAad_4",106
"MEAad","Cell_26278","MEAad_7",153
"MEAad","Cell_26976","MEAad_7",153
"MEAad","Cell_27105","MEAad_2",153
"MEAad","Cell_27645","MEAad_2",153
"MEAad","Cell_28566","MEAad_7",153
"MEAad","Cell_32252","MEAad_7",153
"MEAad","Cell_32493","MEAad_7",153
"MEAad","Cell_33537","MEAad_7",153
"MEAad","Cell_33588","MEAad_2",153
"MEAad","Cell_37805","MEAad_4",106
"MEAad","Cell_41909","MEAad_4",106
"MEAad","Cell_42593","MEAad_7",153
"MEAad","Cell_3712","MEAad_2",153
"MEAad","Cell_8511","MEAad_5",131
"MEAad","Cell_14099","MEAad_3",94
"MEAad","Cell_21069","MEAad_1",71
"MEAad","Cell_33013","MEAad_2",153
"MEAad","Cell_35481","MEAad_2",153
"MEAad","Cell_1021","MEAad_2",153
"MEAad","Cell_6030","MEAad_7",153
"MEAad","Cell_6726","MEAad_7",153
"MEAad","Cell_9541","MEAad_5",131
"MEAad","Cell_14627","MEAad_5",131
"MEAad","Cell_18974","MEAad_1",71
"MEAad","Cell_19783","MEAad_1",71
"MEAad","Cell_23803","MEAad_2",153
"MEAad","Cell_27520","MEAad_4",106
"MEAad","Cell_35296","MEAad_2",153
"MEAad","Cell_36855","MEAad_3",94
"MEAad","Cell_38977","MEAad_7",153
"MEAad","Cell_40899","MEAad_2",153
"MEAad","Cell_41554","MEAad_2",153
"MEAad","Cell_41686","MEAad_1",71
"MEAad","Cell_24989","MEAad_5",131
"MEAad","Cell_40523","MEAad_5",131
"MEAad","Cell_42679","MEAad_7",153
"MEAad","Cell_43359","MEAad_7",153
"MEAad","Cell_29299","MEAad_4",106
"MEAad","Cell_3430","MEAad_7",153
"MEAad","Cell_7890","MEAad_5",131
"MEAad","Cell_20091","MEAad_7",153
"MEAad","Cell_30691","MEAad_7",153
"MEAad","Cell_34976","MEAad_7",153
"MEAad","Cell_35383","MEAad_7",153
"MEAad","Cell_40052","MEAad_7",153
"MEAad","Cell_40808","MEAad_4",106
"MEAad","Cell_44747","MEAad_3",94
"MEAad","Cell_45194","MEAad_2",153
"MEAad","Cell_6919","MEAad_1",71
"MEAad","Cell_35913","MEAad_2",153
"MEAad","Cell_36885","MEAad_2",153
"MEAad","Cell_28718","MEAad_6",85
"MEAad","Cell_29061","MEAad_2",153
"MEAad","Cell_5026","MEAad_7",153
"MEAad","Cell_13064","MEAad_4",106
"MEAad","Cell_40975","MEAad_1",71
"MEAav","Cell_5537","MEAav_1",119
"MEAav","Cell_6582","MEAav_1",119
"MEAav","Cell_6696","MEAav_2",55
"MEAav","Cell_7024","MEAav_3",71
"MEAav","Cell_7801","MEAav_4",139
"MEAav","Cell_8428","MEAav_2",55
"MEAav","Cell_8606","MEAav_3",71
"MEAav","Cell_8691","MEAav_3",71
"MEAav","Cell_11528","MEAav_4",139
"MEAav","Cell_11623","MEAav_1",119
"MEAav","Cell_11626","MEAav_5",60
"MEAav","Cell_11646","MEAav_1",119
"MEAav","Cell_13096","MEAav_5",60
"MEAav","Cell_14014","MEAav_3",71
"MEAav","Cell_15334","MEAav_1",119
"MEAav","Cell_15661","MEAav_5",60
"MEAav","Cell_16530","MEAav_1",119
"MEAav","Cell_16539","MEAav_5",60
"MEAav","Cell_19101","MEAav_4",139
"MEAav","Cell_20222","MEAav_1",119
"MEAav","Cell_20315","MEAav_4",139
"MEAav","Cell_20442","MEAav_4",139
"MEAav","Cell_22236","MEAav_2",55
"MEAav","Cell_22975","MEAav_4",139
"MEAav","Cell_23134","MEAav_3",71
"MEAav","Cell_23861","MEAav_3",71
"MEAav","Cell_24659","MEAav_1",119
"MEAav","Cell_25622","MEAav_4",139
"MEAav","Cell_27167","MEAav_4",139
"MEAav","Cell_28639","MEAav_4",139
"MEAav","Cell_28861","MEAav_4",139
"MEAav","Cell_29175","MEAav_4",139
"MEAav","Cell_29622","MEAav_3",71
"MEAav","Cell_30051","MEAav_1",119
"MEAav","Cell_30237","MEAav_4",139
"MEAav","Cell_31008","MEAav_1",119
"MEAav","Cell_31495","MEAav_5",60
"MEAav","Cell_32339","MEAav_1",119
"MEAav","Cell_33014","MEAav_1",119
"MEAav","Cell_33057","MEAav_3",71
"MEAav","Cell_33128","MEAav_1",119
"MEAav","Cell_33585","MEAav_1",119
"MEAav","Cell_34635","MEAav_3",71
"MEAav","Cell_34824","MEAav_2",55
"MEAav","Cell_36079","MEAav_1",119
"MEAav","Cell_37006","MEAav_1",119
"MEAav","Cell_37314","MEAav_1",119
"MEAav","Cell_37520","MEAav_3",71
"MEAav","Cell_37957","MEAav_4",139
"MEAav","Cell_38187","MEAav_1",119
"MEAav","Cell_41069","MEAav_4",139
"MEAav","Cell_41785","MEAav_5",60
"MEAav","Cell_43069","MEAav_5",60
"MEAav","Cell_43510","MEAav_1",119
"MEAav","Cell_43871","MEAav_4",139
"MEAav","Cell_44045","MEAav_5",60
"MEAav","Cell_45237","MEAav_5",60
"MEAav","Cell_108","MEAav_4",139
"MEAav","Cell_2366","MEAav_1",119
"MEAav","Cell_3632","MEAav_2",55
"MEAav","Cell_4851","MEAav_4",139
"MEAav","Cell_4909","MEAav_3",71
"MEAav","Cell_10203","MEAav_4",139
"MEAav","Cell_12452","MEAav_1",119
"MEAav","Cell_14225","MEAav_4",139
"MEAav","Cell_22779","MEAav_1",119
"MEAav","Cell_23093","MEAav_2",55
"MEAav","Cell_24673","MEAav_3",71
"MEAav","Cell_25539","MEAav_1",119
"MEAav","Cell_29925","MEAav_1",119
"MEAav","Cell_30908","MEAav_4",139
"MEAav","Cell_34448","MEAav_1",119
"MEAav","Cell_34711","MEAav_4",139
"MEAav","Cell_2388","MEAav_4",139
"MEAav","Cell_3004","MEAav_2",55
"MEAav","Cell_3065","MEAav_5",60
"MEAav","Cell_3912","MEAav_4",139
"MEAav","Cell_4348","MEAav_2",55
"MEAav","Cell_6768","MEAav_4",139
"MEAav","Cell_8734","MEAav_1",119
"MEAav","Cell_9728","MEAav_4",139
"MEAav","Cell_10695","MEAav_1",119
"MEAav","Cell_11768","MEAav_4",139
"MEAav","Cell_11871","MEAav_4",139
"MEAav","Cell_12640","MEAav_4",139
"MEAav","Cell_13173","MEAav_1",119
"MEAav","Cell_13835","MEAav_3",71
"MEAav","Cell_16794","MEAav_1",119
"MEAav","Cell_18642","MEAav_1",119
"MEAav","Cell_18930","MEAav_3",71
"MEAav","Cell_19903","MEAav_2",55
"MEAav","Cell_20552","MEAav_3",71
"MEAav","Cell_22493","MEAav_4",139
"MEAav","Cell_23337","MEAav_3",71
"MEAav","Cell_25849","MEAav_4",139
"MEAav","Cell_27720","MEAav_4",139
"MEAav","Cell_28516","MEAav_1",119
"MEAav","Cell_35142","MEAav_4",139
"MEAav","Cell_35482","MEAav_3",71
"MEAav","Cell_36364","MEAav_1",119
"MEAav","Cell_36531","MEAav_4",139
"MEAav","Cell_38420","MEAav_3",71
"MEAav","Cell_39732","MEAav_4",139
"MEAav","Cell_41028","MEAav_5",60
"MEAav","Cell_42023","MEAav_3",71
"MEAav","Cell_43211","MEAav_1",119
"MEAav","Cell_43908","MEAav_5",60
"MEAav","Cell_44569","MEAav_1",119
"MEAav","Cell_25943","MEAav_1",119
"MEAav","Cell_29086","MEAav_4",139
"MEAav","Cell_693","MEAav_4",139
"MEAav","Cell_751","MEAav_2",55
"MEAav","Cell_1313","MEAav_3",71
"MEAav","Cell_1732","MEAav_2",55
"MEAav","Cell_1862","MEAav_5",60
"MEAav","Cell_1878","MEAav_5",60
"MEAav","Cell_1885","MEAav_5",60
"MEAav","Cell_2442","MEAav_3",71
"MEAav","Cell_2450","MEAav_4",139
"MEAav","Cell_2531","MEAav_4",139
"MEAav","Cell_2556","MEAav_2",55
"MEAav","Cell_2767","MEAav_5",60
"MEAav","Cell_2831","MEAav_4",139
"MEAav","Cell_3042","MEAav_4",139
"MEAav","Cell_3464","MEAav_4",139
"MEAav","Cell_3619","MEAav_5",60
"MEAav","Cell_3772","MEAav_2",55
"MEAav","Cell_3921","MEAav_4",139
"MEAav","Cell_4433","MEAav_5",60
"MEAav","Cell_4574","MEAav_1",119
"MEAav","Cell_4758","MEAav_1",119
"MEAav","Cell_4951","MEAav_4",139
"MEAav","Cell_4979","MEAav_3",71
"MEAav","Cell_5101","MEAav_2",55
"MEAav","Cell_5127","MEAav_3",71
"MEAav","Cell_5191","MEAav_4",139
"MEAav","Cell_5319","MEAav_1",119
"MEAav","Cell_5447","MEAav_3",71
"MEAav","Cell_5811","MEAav_3",71
"MEAav","Cell_5828","MEAav_3",71
"MEAav","Cell_6101","MEAav_1",119
"MEAav","Cell_6348","MEAav_1",119
"MEAav","Cell_6585","MEAav_2",55
"MEAav","Cell_6794","MEAav_3",71
"MEAav","Cell_7148","MEAav_5",60
"MEAav","Cell_7182","MEAav_1",119
"MEAav","Cell_7259","MEAav_1",119
"MEAav","Cell_7471","MEAav_5",60
"MEAav","Cell_7576","MEAav_5",60
"MEAav","Cell_7741","MEAav_3",71
"MEAav","Cell_7813","MEAav_5",60
"MEAav","Cell_8204","MEAav_4",139
"MEAav","Cell_8571","MEAav_5",60
"MEAav","Cell_8764","MEAav_4",139
"MEAav","Cell_8771","MEAav_5",60
"MEAav","Cell_9234","MEAav_3",71
"MEAav","Cell_9467","MEAav_1",119
"MEAav","Cell_9737","MEAav_4",139
"MEAav","Cell_9870","MEAav_1",119
"MEAav","Cell_10352","MEAav_1",119
"MEAav","Cell_10400","MEAav_3",71
"MEAav","Cell_10687","MEAav_4",139
"MEAav","Cell_11075","MEAav_2",55
"MEAav","Cell_11333","MEAav_3",71
"MEAav","Cell_11569","MEAav_4",139
"MEAav","Cell_11655","MEAav_4",139
"MEAav","Cell_11774","MEAav_4",139
"MEAav","Cell_11814","MEAav_4",139
"MEAav","Cell_11997","MEAav_2",55
"MEAav","Cell_12627","MEAav_5",60
"MEAav","Cell_12737","MEAav_2",55
"MEAav","Cell_13047","MEAav_1",119
"MEAav","Cell_13255","MEAav_5",60
"MEAav","Cell_13613","MEAav_1",119
"MEAav","Cell_13800","MEAav_5",60
"MEAav","Cell_13831","MEAav_2",55
"MEAav","Cell_14066","MEAav_4",139
"MEAav","Cell_14097","MEAav_2",55
"MEAav","Cell_14327","MEAav_2",55
"MEAav","Cell_14329","MEAav_5",60
"MEAav","Cell_14533","MEAav_2",55
"MEAav","Cell_14616","MEAav_1",119
"MEAav","Cell_15062","MEAav_2",55
"MEAav","Cell_15113","MEAav_4",139
"MEAav","Cell_15796","MEAav_4",139
"MEAav","Cell_15834","MEAav_4",139
"MEAav","Cell_16247","MEAav_3",71
"MEAav","Cell_16251","MEAav_4",139
"MEAav","Cell_16635","MEAav_1",119
"MEAav","Cell_16745","MEAav_4",139
"MEAav","Cell_16925","MEAav_1",119
"MEAav","Cell_17368","MEAav_3",71
"MEAav","Cell_17380","MEAav_1",119
"MEAav","Cell_17401","MEAav_3",71
"MEAav","Cell_17661","MEAav_5",60
"MEAav","Cell_18771","MEAav_4",139
"MEAav","Cell_18806","MEAav_1",119
"MEAav","Cell_19020","MEAav_4",139
"MEAav","Cell_19155","MEAav_2",55
"MEAav","Cell_19166","MEAav_2",55
"MEAav","Cell_19222","MEAav_4",139
"MEAav","Cell_19720","MEAav_4",139
"MEAav","Cell_19796","MEAav_4",139
"MEAav","Cell_19866","MEAav_5",60
"MEAav","Cell_20200","MEAav_3",71
"MEAav","Cell_20371","MEAav_1",119
"MEAav","Cell_20738","MEAav_3",71
"MEAav","Cell_20884","MEAav_3",71
"MEAav","Cell_20900","MEAav_1",119
"MEAav","Cell_21172","MEAav_3",71
"MEAav","Cell_21431","MEAav_2",55
"MEAav","Cell_21493","MEAav_1",119
"MEAav","Cell_21494","MEAav_4",139
"MEAav","Cell_21858","MEAav_5",60
"MEAav","Cell_22033","MEAav_1",119
"MEAav","Cell_22059","MEAav_1",119
"MEAav","Cell_22141","MEAav_3",71
"MEAav","Cell_22265","MEAav_4",139
"MEAav","Cell_22758","MEAav_4",139
"MEAav","Cell_22791","MEAav_4",139
"MEAav","Cell_22822","MEAav_1",119
"MEAav","Cell_22902","MEAav_4",139
"MEAav","Cell_23091","MEAav_1",119
"MEAav","Cell_23148","MEAav_1",119
"MEAav","Cell_23601","MEAav_4",139
"MEAav","Cell_23665","MEAav_4",139
"MEAav","Cell_23744","MEAav_4",139
"MEAav","Cell_24016","MEAav_4",139
"MEAav","Cell_24187","MEAav_1",119
"MEAav","Cell_24221","MEAav_5",60
"MEAav","Cell_24232","MEAav_4",139
"MEAav","Cell_24445","MEAav_4",139
"MEAav","Cell_24602","MEAav_5",60
"MEAav","Cell_24849","MEAav_4",139
"MEAav","Cell_24984","MEAav_5",60
"MEAav","Cell_24997","MEAav_4",139
"MEAav","Cell_25112","MEAav_4",139
"MEAav","Cell_25123","MEAav_5",60
"MEAav","Cell_25344","MEAav_2",55
"MEAav","Cell_25888","MEAav_5",60
"MEAav","Cell_25981","MEAav_3",71
"MEAav","Cell_26200","MEAav_3",71
"MEAav","Cell_26236","MEAav_2",55
"MEAav","Cell_26281","MEAav_4",139
"MEAav","Cell_26332","MEAav_3",71
"MEAav","Cell_26348","MEAav_1",119
"MEAav","Cell_27722","MEAav_4",139
"MEAav","Cell_27732","MEAav_3",71
"MEAav","Cell_27781","MEAav_3",71
"MEAav","Cell_28085","MEAav_3",71
"MEAav","Cell_28191","MEAav_4",139
"MEAav","Cell_28206","MEAav_5",60
"MEAav","Cell_28254","MEAav_2",55
"MEAav","Cell_28313","MEAav_2",55
"MEAav","Cell_28570","MEAav_2",55
"MEAav","Cell_28611","MEAav_4",139
"MEAav","Cell_28914","MEAav_4",139
"MEAav","Cell_29342","MEAav_4",139
"MEAav","Cell_29571","MEAav_4",139
"MEAav","Cell_29913","MEAav_1",119
"MEAav","Cell_30104","MEAav_4",139
"MEAav","Cell_30234","MEAav_2",55
"MEAav","Cell_30281","MEAav_4",139
"MEAav","Cell_30297","MEAav_4",139
"MEAav","Cell_30404","MEAav_5",60
"MEAav","Cell_31120","MEAav_3",71
"MEAav","Cell_31130","MEAav_3",71
"MEAav","Cell_31157","MEAav_2",55
"MEAav","Cell_31620","MEAav_4",139
"MEAav","Cell_31917","MEAav_5",60
"MEAav","Cell_32222","MEAav_4",139
"MEAav","Cell_32298","MEAav_3",71
"MEAav","Cell_32476","MEAav_4",139
"MEAav","Cell_32838","MEAav_4",139
"MEAav","Cell_33231","MEAav_2",55
"MEAav","Cell_33304","MEAav_4",139
"MEAav","Cell_33601","MEAav_4",139
"MEAav","Cell_33808","MEAav_5",60
"MEAav","Cell_33976","MEAav_4",139
"MEAav","Cell_34042","MEAav_1",119
"MEAav","Cell_34062","MEAav_4",139
"MEAav","Cell_34961","MEAav_4",139
"MEAav","Cell_35224","MEAav_5",60
"MEAav","Cell_35930","MEAav_5",60
"MEAav","Cell_36621","MEAav_2",55
"MEAav","Cell_36705","MEAav_4",139
"MEAav","Cell_37027","MEAav_2",55
"MEAav","Cell_37055","MEAav_4",139
"MEAav","Cell_37242","MEAav_4",139
"MEAav","Cell_37417","MEAav_3",71
"MEAav","Cell_37723","MEAav_1",119
"MEAav","Cell_38043","MEAav_1",119
"MEAav","Cell_38051","MEAav_2",55
"MEAav","Cell_38058","MEAav_4",139
"MEAav","Cell_38067","MEAav_5",60
"MEAav","Cell_38213","MEAav_3",71
"MEAav","Cell_38491","MEAav_4",139
"MEAav","Cell_38566","MEAav_1",119
"MEAav","Cell_38613","MEAav_3",71
"MEAav","Cell_38620","MEAav_4",139
"MEAav","Cell_38624","MEAav_1",119
"MEAav","Cell_38814","MEAav_4",139
"MEAav","Cell_38891","MEAav_4",139
"MEAav","Cell_39191","MEAav_4",139
"MEAav","Cell_39270","MEAav_2",55
"MEAav","Cell_40122","MEAav_2",55
"MEAav","Cell_40385","MEAav_1",119
"MEAav","Cell_40462","MEAav_1",119
"MEAav","Cell_40501","MEAav_5",60
"MEAav","Cell_40645","MEAav_3",71
"MEAav","Cell_40841","MEAav_2",55
"MEAav","Cell_41296","MEAav_5",60
"MEAav","Cell_41979","MEAav_1",119
"MEAav","Cell_43597","MEAav_1",119
"MEAav","Cell_43630","MEAav_5",60
"MEAav","Cell_43796","MEAav_5",60
"MEAav","Cell_44144","MEAav_4",139
"MEAav","Cell_44565","MEAav_1",119
"MEAav","Cell_44683","MEAav_2",55
"MEAav","Cell_45078","MEAav_2",55
"MEAav","Cell_45220","MEAav_2",55
"MEAav","Cell_22062","MEAav_5",60
"MEAav","Cell_1219","MEAav_1",119
"MEAav","Cell_11115","MEAav_3",71
"MEAav","Cell_5663","MEAav_3",71
"MEAav","Cell_7338","MEAav_5",60
"MEAav","Cell_8960","MEAav_5",60
"MEAav","Cell_9107","MEAav_1",119
"MEAav","Cell_10093","MEAav_1",119
"MEAav","Cell_14606","MEAav_3",71
"MEAav","Cell_20151","MEAav_1",119
"MEAav","Cell_28713","MEAav_1",119
"MEAav","Cell_30568","MEAav_2",55
"MEAav","Cell_30926","MEAav_3",71
"MEAav","Cell_34810","MEAav_4",139
"MEAav","Cell_35979","MEAav_1",119
"MEAav","Cell_36317","MEAav_4",139
"MEAav","Cell_38111","MEAav_1",119
"MEAav","Cell_38555","MEAav_1",119
"MEAav","Cell_40672","MEAav_1",119
"MEAav","Cell_45027","MEAav_2",55
"MEAav","Cell_1285","MEAav_1",119
"MEAav","Cell_1417","MEAav_4",139
"MEAav","Cell_2626","MEAav_1",119
"MEAav","Cell_2796","MEAav_5",60
"MEAav","Cell_3265","MEAav_1",119
"MEAav","Cell_6391","MEAav_1",119
"MEAav","Cell_7055","MEAav_1",119
"MEAav","Cell_7493","MEAav_4",139
"MEAav","Cell_9458","MEAav_4",139
"MEAav","Cell_10592","MEAav_4",139
"MEAav","Cell_10907","MEAav_1",119
"MEAav","Cell_10973","MEAav_4",139
"MEAav","Cell_11298","MEAav_1",119
"MEAav","Cell_12106","MEAav_3",71
"MEAav","Cell_13709","MEAav_1",119
"MEAav","Cell_13745","MEAav_4",139
"MEAav","Cell_13977","MEAav_3",71
"MEAav","Cell_14989","MEAav_3",71
"MEAav","Cell_15693","MEAav_1",119
"MEAav","Cell_15860","MEAav_4",139
"MEAav","Cell_16743","MEAav_1",119
"MEAav","Cell_17187","MEAav_2",55
"MEAav","Cell_17285","MEAav_4",139
"MEAav","Cell_17969","MEAav_4",139
"MEAav","Cell_18633","MEAav_5",60
"MEAav","Cell_18767","MEAav_3",71
"MEAav","Cell_19431","MEAav_4",139
"MEAav","Cell_20043","MEAav_1",119
"MEAav","Cell_20132","MEAav_4",139
"MEAav","Cell_21283","MEAav_1",119
"MEAav","Cell_24525","MEAav_1",119
"MEAav","Cell_25345","MEAav_5",60
"MEAav","Cell_27244","MEAav_1",119
"MEAav","Cell_27544","MEAav_4",139
"MEAav","Cell_29786","MEAav_5",60
"MEAav","Cell_30971","MEAav_3",71
"MEAav","Cell_33889","MEAav_4",139
"MEAav","Cell_34293","MEAav_3",71
"MEAav","Cell_35780","MEAav_3",71
"MEAav","Cell_41581","MEAav_1",119
"MEAav","Cell_42371","MEAav_1",119
"MEAav","Cell_42447","MEAav_1",119
"MEAav","Cell_42463","MEAav_4",139
"MEAav","Cell_42891","MEAav_2",55
"MEAav","Cell_43919","MEAav_3",71
"MEAav","Cell_160","MEAav_1",119
"MEAav","Cell_486","MEAav_2",55
"MEAav","Cell_5143","MEAav_5",60
"MEAav","Cell_8810","MEAav_1",119
"MEAav","Cell_9008","MEAav_5",60
"MEAav","Cell_9821","MEAav_4",139
"MEAav","Cell_12168","MEAav_4",139
"MEAav","Cell_13405","MEAav_3",71
"MEAav","Cell_16779","MEAav_1",119
"MEAav","Cell_16921","MEAav_3",71
"MEAav","Cell_17124","MEAav_4",139
"MEAav","Cell_18628","MEAav_1",119
"MEAav","Cell_18915","MEAav_4",139
"MEAav","Cell_20262","MEAav_4",139
"MEAav","Cell_20325","MEAav_1",119
"MEAav","Cell_21573","MEAav_3",71
"MEAav","Cell_22583","MEAav_4",139
"MEAav","Cell_24099","MEAav_2",55
"MEAav","Cell_27963","MEAav_3",71
"MEAav","Cell_28552","MEAav_1",119
"MEAav","Cell_28719","MEAav_2",55
"MEAav","Cell_29315","MEAav_5",60
"MEAav","Cell_32002","MEAav_4",139
"MEAav","Cell_32863","MEAav_2",55
"MEAav","Cell_33661","MEAav_5",60
"MEAav","Cell_33988","MEAav_1",119
"MEAav","Cell_36069","MEAav_3",71
"MEAav","Cell_36666","MEAav_2",55
"MEAav","Cell_37822","MEAav_1",119
"MEAav","Cell_38031","MEAav_4",139
"MEAav","Cell_38658","MEAav_4",139
"MEAav","Cell_39170","MEAav_1",119
"MEAav","Cell_39266","MEAav_2",55
"MEAav","Cell_40051","MEAav_5",60
"MEAav","Cell_40181","MEAav_1",119
"MEAav","Cell_41328","MEAav_1",119
"MEAav","Cell_41644","MEAav_4",139
"MEAav","Cell_41736","MEAav_1",119
"MEAav","Cell_42563","MEAav_4",139
"MEAav","Cell_42750","MEAav_2",55
"MEAav","Cell_241","MEAav_2",55
"MEAav","Cell_9490","MEAav_3",71
"MEAav","Cell_32396","MEAav_1",119
"MEAav","Cell_3856","MEAav_1",119
"MEAav","Cell_15488","MEAav_1",119
"MEAav","Cell_15656","MEAav_4",139
"MEAav","Cell_21110","MEAav_1",119
"MEAav","Cell_21379","MEAav_3",71
"MEAav","Cell_36802","MEAav_4",139
"MEAav","Cell_37605","MEAav_5",60
"MEAav","Cell_41710","MEAav_1",119
"MEAav","Cell_42662","MEAav_4",139
"MEAav","Cell_43414","MEAav_4",139
"MEAav","Cell_39229","MEAav_1",119
"MEAav","Cell_7887","MEAav_1",119
"MEAav","Cell_11487","MEAav_4",139
"MEAav","Cell_15197","MEAav_4",139
"MEAav","Cell_2798","MEAav_1",119
"MH","Cell_5379","MH_1",100
"MH","Cell_8188","MH_1",100
"MH","Cell_13784","MH_1",100
"MH","Cell_14573","MH_1",100
"MH","Cell_22377","MH_1",100
"MH","Cell_23190","MH_1",100
"MH","Cell_27145","MH_2",73
"MH","Cell_31896","MH_1",100
"MH","Cell_35884","MH_1",100
"MH","Cell_43629","MH_1",100
"MH","Cell_43664","MH_2",73
"MH","Cell_44229","MH_1",100
"MH","Cell_44701","MH_3",91
"MH","Cell_5074","MH_4",73
"MH","Cell_13122","MH_1",100
"MH","Cell_16156","MH_1",100
"MH","Cell_27409","MH_3",91
"MH","Cell_27663","MH_1",100
"MH","Cell_31148","MH_4",73
"MH","Cell_43512","MH_3",91
"MH","Cell_6495","MH_2",73
"MH","Cell_6935","MH_4",73
"MH","Cell_8306","MH_3",91
"MH","Cell_9216","MH_4",73
"MH","Cell_11159","MH_4",73
"MH","Cell_13820","MH_3",91
"MH","Cell_21139","MH_3",91
"MH","Cell_28234","MH_2",73
"MH","Cell_32367","MH_2",73
"MH","Cell_32638","MH_2",73
"MH","Cell_37647","MH_1",100
"MH","Cell_44448","MH_4",73
"MH","Cell_5023","MH_1",100
"MH","Cell_350","MH_4",73
"MH","Cell_1474","MH_2",73
"MH","Cell_2251","MH_4",73
"MH","Cell_2618","MH_4",73
"MH","Cell_3626","MH_1",100
"MH","Cell_6947","MH_4",73
"MH","Cell_7363","MH_4",73
"MH","Cell_8106","MH_4",73
"MH","Cell_8877","MH_4",73
"MH","Cell_10992","MH_2",73
"MH","Cell_11570","MH_4",73
"MH","Cell_11696","MH_1",100
"MH","Cell_12242","MH_4",73
"MH","Cell_13451","MH_4",73
"MH","Cell_13559","MH_2",73
"MH","Cell_14046","MH_2",73
"MH","Cell_18902","MH_1",100
"MH","Cell_19336","MH_1",100
"MH","Cell_19402","MH_1",100
"MH","Cell_19641","MH_4",73
"MH","Cell_20307","MH_2",73
"MH","Cell_21209","MH_4",73
"MH","Cell_21410","MH_4",73
"MH","Cell_22282","MH_4",73
"MH","Cell_22299","MH_1",100
"MH","Cell_23646","MH_1",100
"MH","Cell_23863","MH_4",73
"MH","Cell_24078","MH_1",100
"MH","Cell_26147","MH_1",100
"MH","Cell_27101","MH_1",100
"MH","Cell_29304","MH_4",73
"MH","Cell_30539","MH_4",73
"MH","Cell_40116","MH_1",100
"MH","Cell_40361","MH_1",100
"MH","Cell_40670","MH_4",73
"MH","Cell_41011","MH_2",73
"MH","Cell_43905","MH_4",73
"MH","Cell_44409","MH_1",100
"MH","Cell_44564","MH_4",73
"MH","Cell_45246","MH_1",100
"MH","Cell_24019","MH_3",91
"MH","Cell_3186","MH_1",100
"MH","Cell_5727","MH_2",73
"MH","Cell_11029","MH_2",73
"MH","Cell_17873","MH_2",73
"MH","Cell_19100","MH_1",100
"MH","Cell_19877","MH_1",100
"MH","Cell_20046","MH_2",73
"MH","Cell_23205","MH_1",100
"MH","Cell_24215","MH_1",100
"MH","Cell_31038","MH_2",73
"MH","Cell_31888","MH_2",73
"MH","Cell_35873","MH_2",73
"MH","Cell_36148","MH_1",100
"MH","Cell_45126","MH_1",100
"MH","Cell_33592","MH_2",73
"MH","Cell_3000","MH_4",73
"MH","Cell_4117","MH_3",91
"MH","Cell_4805","MH_1",100
"MH","Cell_6140","MH_1",100
"MH","Cell_8573","MH_3",91
"MH","Cell_8957","MH_1",100
"MH","Cell_10397","MH_2",73
"MH","Cell_18815","MH_1",100
"MH","Cell_18989","MH_1",100
"MH","Cell_21563","MH_4",73
"MH","Cell_23228","MH_1",100
"MH","Cell_29179","MH_3",91
"MH","Cell_29532","MH_3",91
"MH","Cell_29976","MH_3",91
"MH","Cell_33917","MH_3",91
"MH","Cell_34807","MH_1",100
"MH","Cell_38455","MH_1",100
"MH","Cell_40196","MH_1",100
"MH","Cell_41789","MH_1",100
"MH","Cell_41791","MH_4",73
"MH","Cell_42070","MH_1",100
"MH","Cell_42290","MH_3",91
"MH","Cell_43270","MH_3",91
"MH","Cell_47","MH_2",73
"MH","Cell_252","MH_2",73
"MH","Cell_527","MH_2",73
"MH","Cell_668","MH_2",73
"MH","Cell_794","MH_1",100
"MH","Cell_855","MH_1",100
"MH","Cell_1082","MH_3",91
"MH","Cell_1223","MH_1",100
"MH","Cell_1270","MH_1",100
"MH","Cell_1460","MH_3",91
"MH","Cell_1471","MH_1",100
"MH","Cell_1955","MH_4",73
"MH","Cell_2123","MH_2",73
"MH","Cell_2335","MH_3",91
"MH","Cell_2570","MH_3",91
"MH","Cell_3149","MH_2",73
"MH","Cell_3358","MH_3",91
"MH","Cell_3460","MH_1",100
"MH","Cell_3722","MH_3",91
"MH","Cell_4895","MH_3",91
"MH","Cell_5171","MH_4",73
"MH","Cell_5304","MH_1",100
"MH","Cell_5475","MH_3",91
"MH","Cell_5581","MH_1",100
"MH","Cell_5739","MH_3",91
"MH","Cell_5859","MH_3",91
"MH","Cell_5928","MH_3",91
"MH","Cell_6674","MH_4",73
"MH","Cell_7189","MH_1",100
"MH","Cell_7851","MH_3",91
"MH","Cell_8491","MH_3",91
"MH","Cell_9125","MH_3",91
"MH","Cell_9265","MH_3",91
"MH","Cell_9462","MH_2",73
"MH","Cell_10927","MH_2",73
"MH","Cell_10998","MH_4",73
"MH","Cell_11095","MH_3",91
"MH","Cell_11712","MH_3",91
"MH","Cell_12076","MH_3",91
"MH","Cell_12471","MH_3",91
"MH","Cell_13199","MH_4",73
"MH","Cell_13206","MH_1",100
"MH","Cell_13854","MH_3",91
"MH","Cell_14260","MH_1",100
"MH","Cell_14472","MH_3",91
"MH","Cell_14812","MH_1",100
"MH","Cell_14847","MH_3",91
"MH","Cell_15511","MH_2",73
"MH","Cell_15531","MH_2",73
"MH","Cell_16337","MH_3",91
"MH","Cell_16465","MH_2",73
"MH","Cell_16540","MH_3",91
"MH","Cell_17558","MH_3",91
"MH","Cell_18593","MH_2",73
"MH","Cell_18793","MH_4",73
"MH","Cell_19175","MH_3",91
"MH","Cell_19706","MH_3",91
"MH","Cell_19812","MH_4",73
"MH","Cell_19958","MH_4",73
"MH","Cell_20143","MH_2",73
"MH","Cell_20592","MH_1",100
"MH","Cell_21179","MH_3",91
"MH","Cell_21784","MH_3",91
"MH","Cell_22501","MH_3",91
"MH","Cell_22554","MH_4",73
"MH","Cell_22663","MH_3",91
"MH","Cell_23764","MH_4",73
"MH","Cell_23781","MH_3",91
"MH","Cell_25220","MH_3",91
"MH","Cell_26020","MH_4",73
"MH","Cell_26435","MH_2",73
"MH","Cell_26841","MH_3",91
"MH","Cell_26873","MH_3",91
"MH","Cell_27071","MH_3",91
"MH","Cell_27291","MH_3",91
"MH","Cell_27376","MH_4",73
"MH","Cell_27673","MH_3",91
"MH","Cell_29149","MH_1",100
"MH","Cell_29230","MH_2",73
"MH","Cell_29333","MH_1",100
"MH","Cell_29568","MH_2",73
"MH","Cell_29717","MH_4",73
"MH","Cell_31207","MH_1",100
"MH","Cell_31775","MH_3",91
"MH","Cell_32116","MH_3",91
"MH","Cell_32308","MH_3",91
"MH","Cell_33108","MH_4",73
"MH","Cell_33364","MH_2",73
"MH","Cell_33488","MH_2",73
"MH","Cell_33671","MH_4",73
"MH","Cell_34080","MH_4",73
"MH","Cell_34336","MH_3",91
"MH","Cell_34387","MH_4",73
"MH","Cell_34772","MH_4",73
"MH","Cell_34922","MH_4",73
"MH","Cell_35322","MH_3",91
"MH","Cell_35841","MH_4",73
"MH","Cell_36231","MH_3",91
"MH","Cell_36333","MH_3",91
"MH","Cell_36668","MH_3",91
"MH","Cell_36840","MH_2",73
"MH","Cell_37263","MH_1",100
"MH","Cell_37472","MH_3",91
"MH","Cell_37646","MH_2",73
"MH","Cell_38256","MH_4",73
"MH","Cell_38855","MH_3",91
"MH","Cell_39123","MH_4",73
"MH","Cell_39321","MH_1",100
"MH","Cell_39436","MH_3",91
"MH","Cell_39553","MH_4",73
"MH","Cell_40091","MH_4",73
"MH","Cell_41139","MH_3",91
"MH","Cell_41739","MH_4",73
"MH","Cell_42138","MH_3",91
"MH","Cell_42401","MH_2",73
"MH","Cell_42420","MH_1",100
"MH","Cell_42428","MH_2",73
"MH","Cell_44508","MH_3",91
"MH","Cell_44559","MH_3",91
"MH","Cell_44608","MH_4",73
"MH","Cell_158","MH_3",91
"MH","Cell_1357","MH_1",100
"MH","Cell_1514","MH_3",91
"MH","Cell_2094","MH_2",73
"MH","Cell_2745","MH_3",91
"MH","Cell_3479","MH_1",100
"MH","Cell_5879","MH_4",73
"MH","Cell_6028","MH_3",91
"MH","Cell_6467","MH_1",100
"MH","Cell_7850","MH_4",73
"MH","Cell_8327","MH_2",73
"MH","Cell_9799","MH_3",91
"MH","Cell_11248","MH_2",73
"MH","Cell_11851","MH_3",91
"MH","Cell_13002","MH_1",100
"MH","Cell_13944","MH_3",91
"MH","Cell_15684","MH_2",73
"MH","Cell_16484","MH_3",91
"MH","Cell_16754","MH_3",91
"MH","Cell_18121","MH_1",100
"MH","Cell_18301","MH_3",91
"MH","Cell_18436","MH_4",73
"MH","Cell_20385","MH_2",73
"MH","Cell_21170","MH_1",100
"MH","Cell_21277","MH_4",73
"MH","Cell_23172","MH_1",100
"MH","Cell_23886","MH_3",91
"MH","Cell_23899","MH_3",91
"MH","Cell_24434","MH_1",100
"MH","Cell_26856","MH_3",91
"MH","Cell_28307","MH_1",100
"MH","Cell_28658","MH_3",91
"MH","Cell_29899","MH_3",91
"MH","Cell_30760","MH_3",91
"MH","Cell_31199","MH_3",91
"MH","Cell_32853","MH_2",73
"MH","Cell_33552","MH_3",91
"MH","Cell_34507","MH_2",73
"MH","Cell_36572","MH_3",91
"MH","Cell_36859","MH_4",73
"MH","Cell_37833","MH_3",91
"MH","Cell_40711","MH_2",73
"MH","Cell_41498","MH_1",100
"MH","Cell_43666","MH_4",73
"MH","Cell_19086","MH_1",100
"MH","Cell_271","MH_1",100
"MH","Cell_8948","MH_1",100
"MH","Cell_14605","MH_2",73
"MH","Cell_15172","MH_4",73
"MH","Cell_23356","MH_1",100
"MH","Cell_23547","MH_2",73
"MH","Cell_24052","MH_2",73
"MH","Cell_24491","MH_2",73
"MH","Cell_24569","MH_2",73
"MH","Cell_25239","MH_1",100
"MH","Cell_29072","MH_4",73
"MH","Cell_29112","MH_2",73
"MH","Cell_32337","MH_1",100
"MH","Cell_34514","MH_1",100
"MH","Cell_36029","MH_4",73
"MH","Cell_37240","MH_2",73
"MH","Cell_39536","MH_1",100
"MH","Cell_41900","MH_4",73
"MH","Cell_43260","MH_1",100
"MH","Cell_43775","MH_2",73
"MH","Cell_44163","MH_1",100
"MH","Cell_44780","MH_1",100
"MH","Cell_3371","MH_4",73
"MH","Cell_8841","MH_2",73
"MH","Cell_8980","MH_2",73
"MH","Cell_11117","MH_2",73
"MH","Cell_11188","MH_2",73
"MH","Cell_23617","MH_2",73
"MH","Cell_23622","MH_2",73
"MH","Cell_25083","MH_2",73
"MH","Cell_27432","MH_2",73
"MH","Cell_30011","MH_2",73
"MH","Cell_33688","MH_3",91
"MH","Cell_42360","MH_1",100
"MH","Cell_19091","MH_1",100
"MH","Cell_43427","MH_2",73
"MH","Cell_36585","MH_4",73
"MH","Cell_42792","MH_4",73
"MH","Cell_21145","MH_3",91
"MH","Cell_35607","MH_1",100
"MH","Cell_44774","MH_4",73
"MH","Cell_7375","MH_1",100
"MH","Cell_22105","MH_1",100
"MH","Cell_44595","MH_4",73
"MH","Cell_4991","MH_1",100
"MH","Cell_6362","MH_2",73
"MH","Cell_18152","MH_2",73
"MH","Cell_32951","MH_2",73
"MH","Cell_36890","MH_1",100
"MH","Cell_16496","MH_1",100
"MH","Cell_26728","MH_1",100
"MH","Cell_26885","MH_4",73
"MH","Cell_40522","MH_1",100
"MH","Cell_5850","MH_1",100
"MH","Cell_19997","MH_1",100
"MH","Cell_31057","MH_3",91
"MH","Cell_40694","MH_2",73
"MH","Cell_42742","MH_4",73
"MH","Cell_43202","MH_4",73
"MH","Cell_792","MH_1",100
"OLF","Cell_21","OLF_1",97
"OLF","Cell_61","OLF_1",97
"OLF","Cell_529","OLF_1",97
"OLF","Cell_925","OLF_2",175
"OLF","Cell_932","OLF_3",100
"OLF","Cell_1456","OLF_1",97
"OLF","Cell_1567","OLF_2",175
"OLF","Cell_1781","OLF_3",100
"OLF","Cell_1832","OLF_4",162
"OLF","Cell_1920","OLF_1",97
"OLF","Cell_1970","OLF_5",194
"OLF","Cell_3123","OLF_1",97
"OLF","Cell_3414","OLF_6",170
"OLF","Cell_3417","OLF_7",194
"OLF","Cell_3519","OLF_8",193
"OLF","Cell_3831","OLF_9",153
"OLF","Cell_3887","OLF_7",194
"OLF","Cell_3918","OLF_1",97
"OLF","Cell_4140","OLF_2",175
"OLF","Cell_4144","OLF_3",100
"OLF","Cell_4243","OLF_10",166
"OLF","Cell_4327","OLF_7",194
"OLF","Cell_4413","OLF_2",175
"OLF","Cell_4509","OLF_7",194
"OLF","Cell_4523","OLF_9",153
"OLF","Cell_4873","OLF_7",194
"OLF","Cell_4875","OLF_1",97
"OLF","Cell_5042","OLF_10",166
"OLF","Cell_5138","OLF_11",213
"OLF","Cell_5216","OLF_2",175
"OLF","Cell_5256","OLF_12",244
"OLF","Cell_5273","OLF_12",244
"OLF","Cell_5293","OLF_3",100
"OLF","Cell_5487","OLF_4",162
"OLF","Cell_5552","OLF_5",194
"OLF","Cell_5607","OLF_9",153
"OLF","Cell_5675","OLF_12",244
"OLF","Cell_5952","OLF_3",100
"OLF","Cell_6038","OLF_1",97
"OLF","Cell_6143","OLF_1",97
"OLF","Cell_6186","OLF_12",244
"OLF","Cell_6349","OLF_2",175
"OLF","Cell_6377","OLF_9",153
"OLF","Cell_6515","OLF_13",34
"OLF","Cell_6536","OLF_2",175
"OLF","Cell_6571","OLF_6",170
"OLF","Cell_6575","OLF_12",244
"OLF","Cell_6746","OLF_13",34
"OLF","Cell_6938","OLF_6",170
"OLF","Cell_7095","OLF_5",194
"OLF","Cell_7937","OLF_9",153
"OLF","Cell_8085","OLF_7",194
"OLF","Cell_8192","OLF_4",162
"OLF","Cell_8335","OLF_1",97
"OLF","Cell_8433","OLF_3",100
"OLF","Cell_8468","OLF_9",153
"OLF","Cell_8643","OLF_12",244
"OLF","Cell_8961","OLF_3",100
"OLF","Cell_8992","OLF_7",194
"OLF","Cell_8993","OLF_7",194
"OLF","Cell_9585","OLF_9",153
"OLF","Cell_9734","OLF_6",170
"OLF","Cell_9927","OLF_3",100
"OLF","Cell_10147","OLF_5",194
"OLF","Cell_10254","OLF_8",193
"OLF","Cell_10729","OLF_2",175
"OLF","Cell_10768","OLF_10",166
"OLF","Cell_10805","OLF_3",100
"OLF","Cell_10857","OLF_9",153
"OLF","Cell_10887","OLF_4",162
"OLF","Cell_10896","OLF_12",244
"OLF","Cell_10947","OLF_2",175
"OLF","Cell_11216","OLF_2",175
"OLF","Cell_11422","OLF_12",244
"OLF","Cell_11446","OLF_3",100
"OLF","Cell_11486","OLF_5",194
"OLF","Cell_11634","OLF_7",194
"OLF","Cell_11816","OLF_4",162
"OLF","Cell_12181","OLF_1",97
"OLF","Cell_12311","OLF_11",213
"OLF","Cell_12440","OLF_1",97
"OLF","Cell_12548","OLF_5",194
"OLF","Cell_12707","OLF_13",34
"OLF","Cell_13055","OLF_11",213
"OLF","Cell_13115","OLF_6",170
"OLF","Cell_13228","OLF_7",194
"OLF","Cell_13270","OLF_7",194
"OLF","Cell_13287","OLF_3",100
"OLF","Cell_13311","OLF_7",194
"OLF","Cell_13481","OLF_6",170
"OLF","Cell_13624","OLF_8",193
"OLF","Cell_13762","OLF_1",97
"OLF","Cell_13853","OLF_3",100
"OLF","Cell_14139","OLF_12",244
"OLF","Cell_14177","OLF_12",244
"OLF","Cell_14187","OLF_5",194
"OLF","Cell_14213","OLF_2",175
"OLF","Cell_14846","OLF_1",97
"OLF","Cell_14903","OLF_6",170
"OLF","Cell_14906","OLF_12",244
"OLF","Cell_15036","OLF_12",244
"OLF","Cell_15255","OLF_12",244
"OLF","Cell_15560","OLF_2",175
"OLF","Cell_15686","OLF_12",244
"OLF","Cell_15711","OLF_5",194
"OLF","Cell_15725","OLF_7",194
"OLF","Cell_15948","OLF_1",97
"OLF","Cell_16144","OLF_2",175
"OLF","Cell_16160","OLF_3",100
"OLF","Cell_16397","OLF_2",175
"OLF","Cell_16508","OLF_2",175
"OLF","Cell_16554","OLF_13",34
"OLF","Cell_16937","OLF_2",175
"OLF","Cell_17203","OLF_3",100
"OLF","Cell_17290","OLF_6",170
"OLF","Cell_17328","OLF_9",153
"OLF","Cell_17388","OLF_1",97
"OLF","Cell_17436","OLF_4",162
"OLF","Cell_17779","OLF_1",97
"OLF","Cell_17927","OLF_11",213
"OLF","Cell_17986","OLF_3",100
"OLF","Cell_17989","OLF_12",244
"OLF","Cell_18279","OLF_4",162
"OLF","Cell_18462","OLF_4",162
"OLF","Cell_18659","OLF_12",244
"OLF","Cell_19058","OLF_5",194
"OLF","Cell_19291","OLF_10",166
"OLF","Cell_19456","OLF_4",162
"OLF","Cell_19575","OLF_1",97
"OLF","Cell_20070","OLF_1",97
"OLF","Cell_20303","OLF_2",175
"OLF","Cell_20329","OLF_1",97
"OLF","Cell_20436","OLF_2",175
"OLF","Cell_20928","OLF_1",97
"OLF","Cell_20938","OLF_11",213
"OLF","Cell_21416","OLF_10",166
"OLF","Cell_21444","OLF_3",100
"OLF","Cell_21475","OLF_3",100
"OLF","Cell_21719","OLF_10",166
"OLF","Cell_22401","OLF_3",100
"OLF","Cell_22402","OLF_3",100
"OLF","Cell_22467","OLF_7",194
"OLF","Cell_22505","OLF_12",244
"OLF","Cell_22621","OLF_3",100
"OLF","Cell_22653","OLF_5",194
"OLF","Cell_22727","OLF_11",213
"OLF","Cell_22829","OLF_2",175
"OLF","Cell_23283","OLF_1",97
"OLF","Cell_23292","OLF_12",244
"OLF","Cell_23302","OLF_7",194
"OLF","Cell_23308","OLF_9",153
"OLF","Cell_23811","OLF_12",244
"OLF","Cell_23837","OLF_7",194
"OLF","Cell_23950","OLF_4",162
"OLF","Cell_24002","OLF_5",194
"OLF","Cell_24100","OLF_5",194
"OLF","Cell_24272","OLF_4",162
"OLF","Cell_24314","OLF_8",193
"OLF","Cell_24495","OLF_2",175
"OLF","Cell_24581","OLF_7",194
"OLF","Cell_24669","OLF_7",194
"OLF","Cell_24705","OLF_7",194
"OLF","Cell_24747","OLF_6",170
"OLF","Cell_24810","OLF_6",170
"OLF","Cell_25006","OLF_12",244
"OLF","Cell_25284","OLF_3",100
"OLF","Cell_25654","OLF_4",162
"OLF","Cell_25662","OLF_12",244
"OLF","Cell_25731","OLF_4",162
"OLF","Cell_25922","OLF_12",244
"OLF","Cell_26721","OLF_9",153
"OLF","Cell_27009","OLF_1",97
"OLF","Cell_27137","OLF_4",162
"OLF","Cell_27884","OLF_4",162
"OLF","Cell_27910","OLF_7",194
"OLF","Cell_27912","OLF_5",194
"OLF","Cell_27929","OLF_12",244
"OLF","Cell_28058","OLF_4",162
"OLF","Cell_28456","OLF_13",34
"OLF","Cell_28731","OLF_4",162
"OLF","Cell_28956","OLF_1",97
"OLF","Cell_29012","OLF_12",244
"OLF","Cell_29063","OLF_12",244
"OLF","Cell_29124","OLF_1",97
"OLF","Cell_29218","OLF_6",170
"OLF","Cell_29344","OLF_12",244
"OLF","Cell_29452","OLF_1",97
"OLF","Cell_29485","OLF_1",97
"OLF","Cell_29499","OLF_5",194
"OLF","Cell_29578","OLF_3",100
"OLF","Cell_29596","OLF_2",175
"OLF","Cell_29612","OLF_8",193
"OLF","Cell_29642","OLF_5",194
"OLF","Cell_29723","OLF_1",97
"OLF","Cell_29862","OLF_6",170
"OLF","Cell_29994","OLF_4",162
"OLF","Cell_30079","OLF_1",97
"OLF","Cell_30262","OLF_3",100
"OLF","Cell_30289","OLF_8",193
"OLF","Cell_30341","OLF_8",193
"OLF","Cell_30451","OLF_10",166
"OLF","Cell_30921","OLF_1",97
"OLF","Cell_30998","OLF_9",153
"OLF","Cell_31025","OLF_1",97
"OLF","Cell_31042","OLF_1",97
"OLF","Cell_31249","OLF_8",193
"OLF","Cell_31302","OLF_4",162
"OLF","Cell_31695","OLF_7",194
"OLF","Cell_31833","OLF_1",97
"OLF","Cell_32024","OLF_12",244
"OLF","Cell_32025","OLF_3",100
"OLF","Cell_32035","OLF_12",244
"OLF","Cell_32119","OLF_2",175
"OLF","Cell_32145","OLF_11",213
"OLF","Cell_32171","OLF_6",170
"OLF","Cell_32240","OLF_1",97
"OLF","Cell_32281","OLF_10",166
"OLF","Cell_32387","OLF_3",100
"OLF","Cell_32395","OLF_1",97
"OLF","Cell_32418","OLF_3",100
"OLF","Cell_32421","OLF_4",162
"OLF","Cell_32494","OLF_3",100
"OLF","Cell_32774","OLF_7",194
"OLF","Cell_32875","OLF_11",213
"OLF","Cell_32962","OLF_12",244
"OLF","Cell_33243","OLF_2",175
"OLF","Cell_33736","OLF_2",175
"OLF","Cell_33953","OLF_6",170
"OLF","Cell_34297","OLF_2",175
"OLF","Cell_34337","OLF_10",166
"OLF","Cell_34541","OLF_6",170
"OLF","Cell_34565","OLF_9",153
"OLF","Cell_34632","OLF_5",194
"OLF","Cell_34784","OLF_3",100
"OLF","Cell_34986","OLF_1",97
"OLF","Cell_35143","OLF_12",244
"OLF","Cell_35272","OLF_4",162
"OLF","Cell_35399","OLF_10",166
"OLF","Cell_35459","OLF_6",170
"OLF","Cell_35643","OLF_7",194
"OLF","Cell_35901","OLF_10",166
"OLF","Cell_36167","OLF_4",162
"OLF","Cell_36737","OLF_7",194
"OLF","Cell_36845","OLF_9",153
"OLF","Cell_36883","OLF_7",194
"OLF","Cell_36967","OLF_3",100
"OLF","Cell_37017","OLF_11",213
"OLF","Cell_37083","OLF_8",193
"OLF","Cell_37115","OLF_8",193
"OLF","Cell_37359","OLF_12",244
"OLF","Cell_37382","OLF_12",244
"OLF","Cell_37410","OLF_7",194
"OLF","Cell_37431","OLF_1",97
"OLF","Cell_37481","OLF_8",193
"OLF","Cell_37485","OLF_8",193
"OLF","Cell_37622","OLF_3",100
"OLF","Cell_37624","OLF_6",170
"OLF","Cell_37665","OLF_10",166
"OLF","Cell_37842","OLF_10",166
"OLF","Cell_38131","OLF_12",244
"OLF","Cell_38165","OLF_8",193
"OLF","Cell_38414","OLF_3",100
"OLF","Cell_38487","OLF_8",193
"OLF","Cell_38762","OLF_3",100
"OLF","Cell_38788","OLF_5",194
"OLF","Cell_38873","OLF_9",153
"OLF","Cell_38877","OLF_7",194
"OLF","Cell_39106","OLF_9",153
"OLF","Cell_39370","OLF_2",175
"OLF","Cell_39695","OLF_11",213
"OLF","Cell_39787","OLF_9",153
"OLF","Cell_39998","OLF_1",97
"OLF","Cell_40026","OLF_5",194
"OLF","Cell_40560","OLF_2",175
"OLF","Cell_40569","OLF_9",153
"OLF","Cell_40592","OLF_1",97
"OLF","Cell_40950","OLF_2",175
"OLF","Cell_41140","OLF_1",97
"OLF","Cell_41185","OLF_11",213
"OLF","Cell_41267","OLF_8",193
"OLF","Cell_41356","OLF_2",175
"OLF","Cell_41813","OLF_1",97
"OLF","Cell_41972","OLF_8",193
"OLF","Cell_41981","OLF_12",244
"OLF","Cell_42009","OLF_8",193
"OLF","Cell_42329","OLF_3",100
"OLF","Cell_42347","OLF_3",100
"OLF","Cell_42665","OLF_1",97
"OLF","Cell_42770","OLF_5",194
"OLF","Cell_42926","OLF_2",175
"OLF","Cell_43199","OLF_6",170
"OLF","Cell_43430","OLF_11",213
"OLF","Cell_43716","OLF_3",100
"OLF","Cell_43814","OLF_3",100
"OLF","Cell_44152","OLF_7",194
"OLF","Cell_44374","OLF_1",97
"OLF","Cell_44544","OLF_8",193
"OLF","Cell_44556","OLF_11",213
"OLF","Cell_44558","OLF_4",162
"OLF","Cell_44852","OLF_4",162
"OLF","Cell_44946","OLF_9",153
"OLF","Cell_45049","OLF_9",153
"OLF","Cell_3336","OLF_12",244
"OLF","Cell_6096","OLF_12",244
"OLF","Cell_16906","OLF_7",194
"OLF","Cell_18813","OLF_7",194
"OLF","Cell_18844","OLF_8",193
"OLF","Cell_20034","OLF_4",162
"OLF","Cell_20954","OLF_6",170
"OLF","Cell_25567","OLF_6",170
"OLF","Cell_33112","OLF_8",193
"OLF","Cell_39586","OLF_13",34
"OLF","Cell_42213","OLF_3",100
"OLF","Cell_378","OLF_5",194
"OLF","Cell_510","OLF_1",97
"OLF","Cell_691","OLF_7",194
"OLF","Cell_929","OLF_11",213
"OLF","Cell_1100","OLF_12",244
"OLF","Cell_1106","OLF_4",162
"OLF","Cell_1453","OLF_10",166
"OLF","Cell_1554","OLF_8",193
"OLF","Cell_1628","OLF_11",213
"OLF","Cell_2186","OLF_4",162
"OLF","Cell_2351","OLF_4",162
"OLF","Cell_2472","OLF_12",244
"OLF","Cell_2652","OLF_3",100
"OLF","Cell_2826","OLF_9",153
"OLF","Cell_2829","OLF_6",170
"OLF","Cell_3045","OLF_3",100
"OLF","Cell_3307","OLF_10",166
"OLF","Cell_3418","OLF_3",100
"OLF","Cell_3664","OLF_4",162
"OLF","Cell_3860","OLF_11",213
"OLF","Cell_3874","OLF_12",244
"OLF","Cell_4114","OLF_13",34
"OLF","Cell_4660","OLF_2",175
"OLF","Cell_5784","OLF_3",100
"OLF","Cell_6457","OLF_6",170
"OLF","Cell_6584","OLF_3",100
"OLF","Cell_6684","OLF_7",194
"OLF","Cell_6724","OLF_11",213
"OLF","Cell_7179","OLF_11",213
"OLF","Cell_7270","OLF_6",170
"OLF","Cell_7358","OLF_1",97
"OLF","Cell_7598","OLF_3",100
"OLF","Cell_7634","OLF_3",100
"OLF","Cell_7752","OLF_12",244
"OLF","Cell_8075","OLF_12",244
"OLF","Cell_8357","OLF_7",194
"OLF","Cell_8536","OLF_9",153
"OLF","Cell_8919","OLF_13",34
"OLF","Cell_9005","OLF_13",34
"OLF","Cell_9210","OLF_9",153
"OLF","Cell_9665","OLF_8",193
"OLF","Cell_9959","OLF_1",97
"OLF","Cell_10126","OLF_7",194
"OLF","Cell_10368","OLF_2",175
"OLF","Cell_10792","OLF_3",100
"OLF","Cell_10826","OLF_12",244
"OLF","Cell_10841","OLF_9",153
"OLF","Cell_10874","OLF_12",244
"OLF","Cell_11004","OLF_4",162
"OLF","Cell_11170","OLF_12",244
"OLF","Cell_11283","OLF_12",244
"OLF","Cell_11728","OLF_1",97
"OLF","Cell_12078","OLF_12",244
"OLF","Cell_12365","OLF_1",97
"OLF","Cell_12538","OLF_2",175
"OLF","Cell_12661","OLF_1",97
"OLF","Cell_13236","OLF_1",97
"OLF","Cell_13391","OLF_10",166
"OLF","Cell_13607","OLF_12",244
"OLF","Cell_13924","OLF_12",244
"OLF","Cell_13980","OLF_5",194
"OLF","Cell_14334","OLF_2",175
"OLF","Cell_14343","OLF_3",100
"OLF","Cell_14345","OLF_12",244
"OLF","Cell_14429","OLF_12",244
"OLF","Cell_14491","OLF_12",244
"OLF","Cell_14544","OLF_5",194
"OLF","Cell_14725","OLF_12",244
"OLF","Cell_15047","OLF_4",162
"OLF","Cell_15067","OLF_7",194
"OLF","Cell_15165","OLF_1",97
"OLF","Cell_15857","OLF_4",162
"OLF","Cell_16133","OLF_8",193
"OLF","Cell_16261","OLF_13",34
"OLF","Cell_16274","OLF_7",194
"OLF","Cell_16671","OLF_1",97
"OLF","Cell_17210","OLF_12",244
"OLF","Cell_17237","OLF_1",97
"OLF","Cell_17322","OLF_12",244
"OLF","Cell_17550","OLF_6",170
"OLF","Cell_17593","OLF_5",194
"OLF","Cell_17957","OLF_1",97
"OLF","Cell_17977","OLF_2",175
"OLF","Cell_18070","OLF_11",213
"OLF","Cell_18289","OLF_2",175
"OLF","Cell_18426","OLF_10",166
"OLF","Cell_18427","OLF_12",244
"OLF","Cell_18444","OLF_9",153
"OLF","Cell_18488","OLF_11",213
"OLF","Cell_18531","OLF_5",194
"OLF","Cell_18854","OLF_3",100
"OLF","Cell_18955","OLF_2",175
"OLF","Cell_19033","OLF_10",166
"OLF","Cell_19202","OLF_11",213
"OLF","Cell_19385","OLF_7",194
"OLF","Cell_19437","OLF_13",34
"OLF","Cell_19473","OLF_3",100
"OLF","Cell_19491","OLF_9",153
"OLF","Cell_19692","OLF_13",34
"OLF","Cell_20011","OLF_5",194
"OLF","Cell_20025","OLF_2",175
"OLF","Cell_20152","OLF_10",166
"OLF","Cell_20201","OLF_10",166
"OLF","Cell_20468","OLF_6",170
"OLF","Cell_21025","OLF_5",194
"OLF","Cell_21295","OLF_6",170
"OLF","Cell_21449","OLF_2",175
"OLF","Cell_21986","OLF_3",100
"OLF","Cell_22053","OLF_9",153
"OLF","Cell_22098","OLF_4",162
"OLF","Cell_22258","OLF_13",34
"OLF","Cell_22622","OLF_5",194
"OLF","Cell_22679","OLF_13",34
"OLF","Cell_22703","OLF_8",193
"OLF","Cell_22888","OLF_6",170
"OLF","Cell_22936","OLF_3",100
"OLF","Cell_23149","OLF_12",244
"OLF","Cell_23332","OLF_3",100
"OLF","Cell_23354","OLF_11",213
"OLF","Cell_24444","OLF_9",153
"OLF","Cell_24942","OLF_12",244
"OLF","Cell_25254","OLF_11",213
"OLF","Cell_25492","OLF_3",100
"OLF","Cell_25609","OLF_12",244
"OLF","Cell_25937","OLF_13",34
"OLF","Cell_26001","OLF_3",100
"OLF","Cell_26226","OLF_6",170
"OLF","Cell_26453","OLF_10",166
"OLF","Cell_26917","OLF_3",100
"OLF","Cell_27230","OLF_9",153
"OLF","Cell_27275","OLF_7",194
"OLF","Cell_27383","OLF_7",194
"OLF","Cell_27637","OLF_1",97
"OLF","Cell_27642","OLF_6",170
"OLF","Cell_27976","OLF_3",100
"OLF","Cell_28048","OLF_10",166
"OLF","Cell_28186","OLF_1",97
"OLF","Cell_28567","OLF_6",170
"OLF","Cell_29634","OLF_1",97
"OLF","Cell_29655","OLF_12",244
"OLF","Cell_30008","OLF_4",162
"OLF","Cell_30855","OLF_13",34
"OLF","Cell_31112","OLF_12",244
"OLF","Cell_31172","OLF_3",100
"OLF","Cell_31311","OLF_8",193
"OLF","Cell_31428","OLF_1",97
"OLF","Cell_31472","OLF_11",213
"OLF","Cell_31546","OLF_7",194
"OLF","Cell_32008","OLF_1",97
"OLF","Cell_32056","OLF_6",170
"OLF","Cell_32081","OLF_4",162
"OLF","Cell_32161","OLF_7",194
"OLF","Cell_32370","OLF_11",213
"OLF","Cell_32755","OLF_1",97
"OLF","Cell_32869","OLF_9",153
"OLF","Cell_32894","OLF_12",244
"OLF","Cell_33368","OLF_3",100
"OLF","Cell_33500","OLF_3",100
"OLF","Cell_33532","OLF_9",153
"OLF","Cell_33559","OLF_1",97
"OLF","Cell_33595","OLF_5",194
"OLF","Cell_33960","OLF_9",153
"OLF","Cell_34260","OLF_2",175
"OLF","Cell_34755","OLF_6",170
"OLF","Cell_34811","OLF_6",170
"OLF","Cell_34837","OLF_1",97
"OLF","Cell_35772","OLF_9",153
"OLF","Cell_35823","OLF_6",170
"OLF","Cell_35919","OLF_2",175
"OLF","Cell_36063","OLF_4",162
"OLF","Cell_36178","OLF_1",97
"OLF","Cell_36240","OLF_9",153
"OLF","Cell_36289","OLF_3",100
"OLF","Cell_36312","OLF_7",194
"OLF","Cell_36485","OLF_11",213
"OLF","Cell_36829","OLF_6",170
"OLF","Cell_36861","OLF_5",194
"OLF","Cell_37084","OLF_7",194
"OLF","Cell_38065","OLF_7",194
"OLF","Cell_38263","OLF_11",213
"OLF","Cell_38468","OLF_10",166
"OLF","Cell_38516","OLF_3",100
"OLF","Cell_38610","OLF_12",244
"OLF","Cell_38675","OLF_3",100
"OLF","Cell_39178","OLF_12",244
"OLF","Cell_39226","OLF_13",34
"OLF","Cell_39578","OLF_12",244
"OLF","Cell_40071","OLF_8",193
"OLF","Cell_40118","OLF_1",97
"OLF","Cell_40693","OLF_2",175
"OLF","Cell_40872","OLF_4",162
"OLF","Cell_41147","OLF_7",194
"OLF","Cell_41338","OLF_3",100
"OLF","Cell_41445","OLF_6",170
"OLF","Cell_41502","OLF_13",34
"OLF","Cell_41634","OLF_13",34
"OLF","Cell_41849","OLF_3",100
"OLF","Cell_42021","OLF_6",170
"OLF","Cell_42618","OLF_12",244
"OLF","Cell_42759","OLF_1",97
"OLF","Cell_42906","OLF_9",153
"OLF","Cell_42924","OLF_12",244
"OLF","Cell_42966","OLF_7",194
"OLF","Cell_42979","OLF_11",213
"OLF","Cell_43224","OLF_3",100
"OLF","Cell_43244","OLF_10",166
"OLF","Cell_43281","OLF_13",34
"OLF","Cell_43385","OLF_13",34
"OLF","Cell_43388","OLF_13",34
"OLF","Cell_43400","OLF_1",97
"OLF","Cell_43432","OLF_2",175
"OLF","Cell_43598","OLF_8",193
"OLF","Cell_43773","OLF_11",213
"OLF","Cell_44259","OLF_7",194
"OLF","Cell_44877","OLF_4",162
"OLF","Cell_1637","OLF_1",97
"OLF","Cell_3569","OLF_6",170
"OLF","Cell_4490","OLF_6",170
"OLF","Cell_5391","OLF_1",97
"OLF","Cell_6270","OLF_1",97
"OLF","Cell_10553","OLF_3",100
"OLF","Cell_14895","OLF_3",100
"OLF","Cell_24725","OLF_8",193
"OLF","Cell_25480","OLF_2",175
"OLF","Cell_26098","OLF_1",97
"OLF","Cell_27681","OLF_6",170
"OLF","Cell_29274","OLF_1",97
"OLF","Cell_31626","OLF_6",170
"OLF","Cell_33144","OLF_3",100
"OLF","Cell_36544","OLF_9",153
"OLF","Cell_42932","OLF_1",97
"OLF","Cell_44539","OLF_3",100
"OLF","Cell_45050","OLF_1",97
"OLF","Cell_556","OLF_2",175
"OLF","Cell_1482","OLF_12",244
"OLF","Cell_1597","OLF_10",166
"OLF","Cell_2299","OLF_8",193
"OLF","Cell_2340","OLF_7",194
"OLF","Cell_2552","OLF_8",193
"OLF","Cell_3121","OLF_7",194
"OLF","Cell_3411","OLF_12",244
"OLF","Cell_4231","OLF_12",244
"OLF","Cell_5426","OLF_2",175
"OLF","Cell_6650","OLF_8",193
"OLF","Cell_8481","OLF_11",213
"OLF","Cell_9677","OLF_11",213
"OLF","Cell_9884","OLF_2",175
"OLF","Cell_9949","OLF_12",244
"OLF","Cell_10327","OLF_2",175
"OLF","Cell_10707","OLF_2",175
"OLF","Cell_10872","OLF_7",194
"OLF","Cell_11008","OLF_10",166
"OLF","Cell_11760","OLF_2",175
"OLF","Cell_12525","OLF_7",194
"OLF","Cell_12679","OLF_8",193
"OLF","Cell_13398","OLF_2",175
"OLF","Cell_14017","OLF_2",175
"OLF","Cell_14307","OLF_4",162
"OLF","Cell_14570","OLF_4",162
"OLF","Cell_14727","OLF_6",170
"OLF","Cell_14960","OLF_12",244
"OLF","Cell_15432","OLF_6",170
"OLF","Cell_16100","OLF_10",166
"OLF","Cell_16129","OLF_12",244
"OLF","Cell_16143","OLF_5",194
"OLF","Cell_16414","OLF_9",153
"OLF","Cell_16506","OLF_12",244
"OLF","Cell_16580","OLF_4",162
"OLF","Cell_16617","OLF_8",193
"OLF","Cell_16645","OLF_11",213
"OLF","Cell_16684","OLF_6",170
"OLF","Cell_16724","OLF_2",175
"OLF","Cell_16845","OLF_6",170
"OLF","Cell_17180","OLF_6",170
"OLF","Cell_18148","OLF_8",193
"OLF","Cell_18195","OLF_5",194
"OLF","Cell_18263","OLF_8",193
"OLF","Cell_18316","OLF_4",162
"OLF","Cell_19078","OLF_12",244
"OLF","Cell_19667","OLF_8",193
"OLF","Cell_19710","OLF_10",166
"OLF","Cell_19736","OLF_11",213
"OLF","Cell_20095","OLF_8",193
"OLF","Cell_20270","OLF_12",244
"OLF","Cell_21079","OLF_7",194
"OLF","Cell_22475","OLF_10",166
"OLF","Cell_23309","OLF_12",244
"OLF","Cell_23943","OLF_10",166
"OLF","Cell_24410","OLF_6",170
"OLF","Cell_24470","OLF_11",213
"OLF","Cell_24541","OLF_8",193
"OLF","Cell_24971","OLF_4",162
"OLF","Cell_25424","OLF_2",175
"OLF","Cell_25486","OLF_10",166
"OLF","Cell_25550","OLF_10",166
"OLF","Cell_25998","OLF_6",170
"OLF","Cell_26251","OLF_10",166
"OLF","Cell_26399","OLF_4",162
"OLF","Cell_26442","OLF_4",162
"OLF","Cell_26691","OLF_7",194
"OLF","Cell_26792","OLF_10",166
"OLF","Cell_27686","OLF_7",194
"OLF","Cell_28376","OLF_11",213
"OLF","Cell_28808","OLF_11",213
"OLF","Cell_29226","OLF_10",166
"OLF","Cell_29677","OLF_6",170
"OLF","Cell_29739","OLF_12",244
"OLF","Cell_30522","OLF_12",244
"OLF","Cell_30649","OLF_7",194
"OLF","Cell_30963","OLF_5",194
"OLF","Cell_31133","OLF_10",166
"OLF","Cell_31904","OLF_8",193
"OLF","Cell_31923","OLF_12",244
"OLF","Cell_31946","OLF_11",213
"OLF","Cell_32459","OLF_11",213
"OLF","Cell_32634","OLF_11",213
"OLF","Cell_32799","OLF_2",175
"OLF","Cell_33184","OLF_5",194
"OLF","Cell_33271","OLF_4",162
"OLF","Cell_34385","OLF_2",175
"OLF","Cell_34423","OLF_10",166
"OLF","Cell_34515","OLF_4",162
"OLF","Cell_34733","OLF_9",153
"OLF","Cell_34778","OLF_7",194
"OLF","Cell_34803","OLF_10",166
"OLF","Cell_36323","OLF_11",213
"OLF","Cell_37184","OLF_9",153
"OLF","Cell_37290","OLF_2",175
"OLF","Cell_38036","OLF_12",244
"OLF","Cell_38775","OLF_4",162
"OLF","Cell_38931","OLF_4",162
"OLF","Cell_39109","OLF_10",166
"OLF","Cell_39158","OLF_10",166
"OLF","Cell_39477","OLF_8",193
"OLF","Cell_39649","OLF_2",175
"OLF","Cell_39875","OLF_6",170
"OLF","Cell_39980","OLF_5",194
"OLF","Cell_40011","OLF_11",213
"OLF","Cell_40048","OLF_12",244
"OLF","Cell_40348","OLF_6",170
"OLF","Cell_40699","OLF_11",213
"OLF","Cell_40786","OLF_10",166
"OLF","Cell_40994","OLF_10",166
"OLF","Cell_41317","OLF_11",213
"OLF","Cell_41908","OLF_7",194
"OLF","Cell_43708","OLF_2",175
"OLF","Cell_43825","OLF_12",244
"OLF","Cell_44466","OLF_6",170
"OLF","Cell_44748","OLF_7",194
"OLF","Cell_44769","OLF_2",175
"OLF","Cell_45004","OLF_10",166
"OLF","Cell_1256","OLF_9",153
"OLF","Cell_6301","OLF_5",194
"OLF","Cell_9408","OLF_10",166
"OLF","Cell_10529","OLF_1",97
"OLF","Cell_16890","OLF_9",153
"OLF","Cell_18723","OLF_11",213
"OLF","Cell_23949","OLF_11",213
"OLF","Cell_33102","OLF_5",194
"OLF","Cell_34029","OLF_11",213
"OLF","Cell_35203","OLF_11",213
"OLF","Cell_37251","OLF_2",175
"OLF","Cell_39780","OLF_12",244
"OLF","Cell_39955","OLF_10",166
"OLF","Cell_40421","OLF_2",175
"OLF","Cell_6300","OLF_8",193
"OLF","Cell_9032","OLF_11",213
"OLF","Cell_10360","OLF_4",162
"OLF","Cell_13258","OLF_12",244
"OLF","Cell_16678","OLF_2",175
"OLF","Cell_23750","OLF_2",175
"OLF","Cell_35261","OLF_8",193
"OLF","Cell_35833","OLF_2",175
"OLF","Cell_42960","OLF_2",175
"OLF","Cell_1658","OLF_6",170
"OLF","Cell_4668","OLF_2",175
"OLF","Cell_25871","OLF_5",194
"OLF","Cell_2219","OLF_13",34
"OLF","Cell_2749","OLF_1",97
"OLF","Cell_3836","OLF_6",170
"OLF","Cell_4356","OLF_5",194
"OLF","Cell_5259","OLF_2",175
"OLF","Cell_5348","OLF_3",100
"OLF","Cell_5351","OLF_5",194
"OLF","Cell_7341","OLF_2",175
"OLF","Cell_7473","OLF_3",100
"OLF","Cell_7848","OLF_8",193
"OLF","Cell_10112","OLF_6",170
"OLF","Cell_10209","OLF_5",194
"OLF","Cell_10351","OLF_5",194
"OLF","Cell_10994","OLF_12",244
"OLF","Cell_11531","OLF_7",194
"OLF","Cell_12088","OLF_6",170
"OLF","Cell_12478","OLF_10",166
"OLF","Cell_13645","OLF_7",194
"OLF","Cell_14762","OLF_12",244
"OLF","Cell_14972","OLF_1",97
"OLF","Cell_15354","OLF_4",162
"OLF","Cell_16279","OLF_11",213
"OLF","Cell_16809","OLF_11",213
"OLF","Cell_17227","OLF_13",34
"OLF","Cell_18146","OLF_2",175
"OLF","Cell_18298","OLF_11",213
"OLF","Cell_19095","OLF_3",100
"OLF","Cell_19801","OLF_11",213
"OLF","Cell_19874","OLF_5",194
"OLF","Cell_20265","OLF_7",194
"OLF","Cell_21291","OLF_3",100
"OLF","Cell_22116","OLF_1",97
"OLF","Cell_23338","OLF_9",153
"OLF","Cell_24755","OLF_6",170
"OLF","Cell_25299","OLF_8",193
"OLF","Cell_25620","OLF_7",194
"OLF","Cell_26124","OLF_12",244
"OLF","Cell_26412","OLF_1",97
"OLF","Cell_27040","OLF_12",244
"OLF","Cell_27711","OLF_5",194
"OLF","Cell_28022","OLF_2",175
"OLF","Cell_28116","OLF_11",213
"OLF","Cell_28171","OLF_12",244
"OLF","Cell_28343","OLF_12",244
"OLF","Cell_29029","OLF_4",162
"OLF","Cell_30867","OLF_3",100
"OLF","Cell_31115","OLF_2",175
"OLF","Cell_31396","OLF_1",97
"OLF","Cell_31526","OLF_6",170
"OLF","Cell_31551","OLF_3",100
"OLF","Cell_32587","OLF_5",194
"OLF","Cell_32686","OLF_12",244
"OLF","Cell_33026","OLF_1",97
"OLF","Cell_33292","OLF_12",244
"OLF","Cell_34748","OLF_6",170
"OLF","Cell_35252","OLF_4",162
"OLF","Cell_35616","OLF_1",97
"OLF","Cell_37335","OLF_7",194
"OLF","Cell_37602","OLF_11",213
"OLF","Cell_38978","OLF_12",244
"OLF","Cell_40012","OLF_1",97
"OLF","Cell_40141","OLF_3",100
"OLF","Cell_40251","OLF_2",175
"OLF","Cell_41609","OLF_10",166
"OLF","Cell_41633","OLF_8",193
"OLF","Cell_42100","OLF_2",175
"OLF","Cell_42309","OLF_11",213
"OLF","Cell_42990","OLF_10",166
"OLF","Cell_43481","OLF_4",162
"OLF","Cell_44472","OLF_2",175
"OLF","Cell_18","OLF_12",244
"OLF","Cell_205","OLF_10",166
"OLF","Cell_283","OLF_2",175
"OLF","Cell_441","OLF_4",162
"OLF","Cell_449","OLF_2",175
"OLF","Cell_476","OLF_10",166
"OLF","Cell_516","OLF_1",97
"OLF","Cell_604","OLF_9",153
"OLF","Cell_651","OLF_10",166
"OLF","Cell_719","OLF_5",194
"OLF","Cell_764","OLF_6",170
"OLF","Cell_1090","OLF_5",194
"OLF","Cell_1179","OLF_12",244
"OLF","Cell_1182","OLF_6",170
"OLF","Cell_1282","OLF_4",162
"OLF","Cell_1361","OLF_2",175
"OLF","Cell_1436","OLF_4",162
"OLF","Cell_1438","OLF_12",244
"OLF","Cell_1484","OLF_7",194
"OLF","Cell_1625","OLF_9",153
"OLF","Cell_1713","OLF_5",194
"OLF","Cell_1795","OLF_7",194
"OLF","Cell_1806","OLF_11",213
"OLF","Cell_1974","OLF_12",244
"OLF","Cell_1988","OLF_12",244
"OLF","Cell_2004","OLF_7",194
"OLF","Cell_2008","OLF_7",194
"OLF","Cell_2042","OLF_7",194
"OLF","Cell_2047","OLF_9",153
"OLF","Cell_2084","OLF_10",166
"OLF","Cell_2220","OLF_4",162
"OLF","Cell_2322","OLF_5",194
"OLF","Cell_2376","OLF_12",244
"OLF","Cell_2441","OLF_2",175
"OLF","Cell_2504","OLF_10",166
"OLF","Cell_2514","OLF_5",194
"OLF","Cell_2566","OLF_5",194
"OLF","Cell_2597","OLF_12",244
"OLF","Cell_2611","OLF_8",193
"OLF","Cell_2693","OLF_4",162
"OLF","Cell_2820","OLF_4",162
"OLF","Cell_2834","OLF_4",162
"OLF","Cell_2950","OLF_12",244
"OLF","Cell_3134","OLF_10",166
"OLF","Cell_3203","OLF_9",153
"OLF","Cell_3428","OLF_13",34
"OLF","Cell_3453","OLF_7",194
"OLF","Cell_3590","OLF_12",244
"OLF","Cell_3696","OLF_5",194
"OLF","Cell_3714","OLF_12",244
"OLF","Cell_3779","OLF_2",175
"OLF","Cell_3812","OLF_4",162
"OLF","Cell_3891","OLF_2",175
"OLF","Cell_3966","OLF_11",213
"OLF","Cell_4006","OLF_4",162
"OLF","Cell_4118","OLF_6",170
"OLF","Cell_4177","OLF_12",244
"OLF","Cell_4303","OLF_9",153
"OLF","Cell_4329","OLF_8",193
"OLF","Cell_4406","OLF_2",175
"OLF","Cell_4452","OLF_9",153
"OLF","Cell_4493","OLF_10",166
"OLF","Cell_4546","OLF_7",194
"OLF","Cell_4683","OLF_11",213
"OLF","Cell_4995","OLF_11",213
"OLF","Cell_5062","OLF_12",244
"OLF","Cell_5157","OLF_9",153
"OLF","Cell_5281","OLF_11",213
"OLF","Cell_5303","OLF_9",153
"OLF","Cell_5367","OLF_4",162
"OLF","Cell_5398","OLF_9",153
"OLF","Cell_5409","OLF_8",193
"OLF","Cell_5438","OLF_8",193
"OLF","Cell_5457","OLF_5",194
"OLF","Cell_5519","OLF_12",244
"OLF","Cell_5523","OLF_7",194
"OLF","Cell_5696","OLF_2",175
"OLF","Cell_5763","OLF_2",175
"OLF","Cell_5883","OLF_12",244
"OLF","Cell_5899","OLF_11",213
"OLF","Cell_5951","OLF_7",194
"OLF","Cell_6001","OLF_11",213
"OLF","Cell_6119","OLF_3",100
"OLF","Cell_6167","OLF_11",213
"OLF","Cell_6241","OLF_9",153
"OLF","Cell_6265","OLF_9",153
"OLF","Cell_6480","OLF_12",244
"OLF","Cell_6497","OLF_9",153
"OLF","Cell_6562","OLF_1",97
"OLF","Cell_6563","OLF_8",193
"OLF","Cell_6592","OLF_6",170
"OLF","Cell_6777","OLF_12",244
"OLF","Cell_6787","OLF_10",166
"OLF","Cell_6788","OLF_10",166
"OLF","Cell_6913","OLF_6",170
"OLF","Cell_6926","OLF_11",213
"OLF","Cell_7037","OLF_5",194
"OLF","Cell_7065","OLF_9",153
"OLF","Cell_7077","OLF_9",153
"OLF","Cell_7079","OLF_1",97
"OLF","Cell_7404","OLF_11",213
"OLF","Cell_7483","OLF_10",166
"OLF","Cell_7613","OLF_13",34
"OLF","Cell_7643","OLF_3",100
"OLF","Cell_7792","OLF_5",194
"OLF","Cell_7930","OLF_2",175
"OLF","Cell_8140","OLF_9",153
"OLF","Cell_8183","OLF_12",244
"OLF","Cell_8210","OLF_8",193
"OLF","Cell_8345","OLF_11",213
"OLF","Cell_8352","OLF_10",166
"OLF","Cell_8378","OLF_6",170
"OLF","Cell_8397","OLF_12",244
"OLF","Cell_8524","OLF_7",194
"OLF","Cell_8565","OLF_4",162
"OLF","Cell_8649","OLF_10",166
"OLF","Cell_8688","OLF_7",194
"OLF","Cell_8768","OLF_9",153
"OLF","Cell_8928","OLF_3",100
"OLF","Cell_9022","OLF_8",193
"OLF","Cell_9251","OLF_7",194
"OLF","Cell_9328","OLF_12",244
"OLF","Cell_9345","OLF_9",153
"OLF","Cell_9362","OLF_4",162
"OLF","Cell_9938","OLF_5",194
"OLF","Cell_10025","OLF_2",175
"OLF","Cell_10081","OLF_4",162
"OLF","Cell_10154","OLF_4",162
"OLF","Cell_10199","OLF_5",194
"OLF","Cell_10227","OLF_2",175
"OLF","Cell_10245","OLF_11",213
"OLF","Cell_10299","OLF_5",194
"OLF","Cell_10469","OLF_5",194
"OLF","Cell_10491","OLF_2",175
"OLF","Cell_10574","OLF_12",244
"OLF","Cell_10694","OLF_11",213
"OLF","Cell_10735","OLF_10",166
"OLF","Cell_10759","OLF_11",213
"OLF","Cell_11031","OLF_11",213
"OLF","Cell_11214","OLF_13",34
"OLF","Cell_11219","OLF_7",194
"OLF","Cell_11341","OLF_2",175
"OLF","Cell_11435","OLF_4",162
"OLF","Cell_11514","OLF_7",194
"OLF","Cell_11525","OLF_4",162
"OLF","Cell_11564","OLF_4",162
"OLF","Cell_11586","OLF_10",166
"OLF","Cell_11691","OLF_11",213
"OLF","Cell_11767","OLF_6",170
"OLF","Cell_11791","OLF_5",194
"OLF","Cell_11949","OLF_5",194
"OLF","Cell_11967","OLF_11",213
"OLF","Cell_11970","OLF_9",153
"OLF","Cell_12108","OLF_4",162
"OLF","Cell_12387","OLF_4",162
"OLF","Cell_12427","OLF_2",175
"OLF","Cell_12485","OLF_3",100
"OLF","Cell_12497","OLF_12",244
"OLF","Cell_12546","OLF_8",193
"OLF","Cell_12577","OLF_9",153
"OLF","Cell_12595","OLF_12",244
"OLF","Cell_12991","OLF_5",194
"OLF","Cell_13113","OLF_12",244
"OLF","Cell_13197","OLF_5",194
"OLF","Cell_13245","OLF_6",170
"OLF","Cell_13291","OLF_10",166
"OLF","Cell_13333","OLF_2",175
"OLF","Cell_13353","OLF_1",97
"OLF","Cell_13452","OLF_5",194
"OLF","Cell_13475","OLF_2",175
"OLF","Cell_13515","OLF_4",162
"OLF","Cell_13524","OLF_10",166
"OLF","Cell_13539","OLF_6",170
"OLF","Cell_13595","OLF_4",162
"OLF","Cell_13648","OLF_10",166
"OLF","Cell_13663","OLF_5",194
"OLF","Cell_13677","OLF_5",194
"OLF","Cell_13717","OLF_2",175
"OLF","Cell_13803","OLF_10",166
"OLF","Cell_13931","OLF_7",194
"OLF","Cell_13947","OLF_9",153
"OLF","Cell_14181","OLF_11",213
"OLF","Cell_14212","OLF_7",194
"OLF","Cell_14285","OLF_5",194
"OLF","Cell_14306","OLF_11",213
"OLF","Cell_14352","OLF_8",193
"OLF","Cell_14366","OLF_9",153
"OLF","Cell_14538","OLF_12",244
"OLF","Cell_14630","OLF_5",194
"OLF","Cell_14741","OLF_5",194
"OLF","Cell_14753","OLF_4",162
"OLF","Cell_14848","OLF_10",166
"OLF","Cell_14884","OLF_6",170
"OLF","Cell_14891","OLF_9",153
"OLF","Cell_14911","OLF_12",244
"OLF","Cell_15065","OLF_10",166
"OLF","Cell_15096","OLF_6",170
"OLF","Cell_15157","OLF_5",194
"OLF","Cell_15261","OLF_8",193
"OLF","Cell_15287","OLF_12",244
"OLF","Cell_15393","OLF_11",213
"OLF","Cell_15427","OLF_9",153
"OLF","Cell_15478","OLF_7",194
"OLF","Cell_15490","OLF_5",194
"OLF","Cell_15709","OLF_5",194
"OLF","Cell_15724","OLF_12",244
"OLF","Cell_15819","OLF_6",170
"OLF","Cell_15839","OLF_4",162
"OLF","Cell_16057","OLF_4",162
"OLF","Cell_16096","OLF_11",213
"OLF","Cell_16396","OLF_7",194
"OLF","Cell_16515","OLF_4",162
"OLF","Cell_16535","OLF_5",194
"OLF","Cell_16572","OLF_5",194
"OLF","Cell_16746","OLF_4",162
"OLF","Cell_16766","OLF_8",193
"OLF","Cell_16856","OLF_11",213
"OLF","Cell_16912","OLF_7",194
"OLF","Cell_16947","OLF_12",244
"OLF","Cell_16990","OLF_5",194
"OLF","Cell_17038","OLF_11",213
"OLF","Cell_17077","OLF_5",194
"OLF","Cell_17216","OLF_12",244
"OLF","Cell_17218","OLF_3",100
"OLF","Cell_17241","OLF_4",162
"OLF","Cell_17409","OLF_4",162
"OLF","Cell_17578","OLF_12",244
"OLF","Cell_17728","OLF_11",213
"OLF","Cell_17730","OLF_2",175
"OLF","Cell_17788","OLF_5",194
"OLF","Cell_17863","OLF_12",244
"OLF","Cell_17944","OLF_5",194
"OLF","Cell_17949","OLF_4",162
"OLF","Cell_18288","OLF_4",162
"OLF","Cell_18501","OLF_5",194
"OLF","Cell_18538","OLF_4",162
"OLF","Cell_18693","OLF_5",194
"OLF","Cell_18761","OLF_9",153
"OLF","Cell_18808","OLF_11",213
"OLF","Cell_18858","OLF_2",175
"OLF","Cell_19067","OLF_10",166
"OLF","Cell_19109","OLF_2",175
"OLF","Cell_19369","OLF_8",193
"OLF","Cell_19376","OLF_12",244
"OLF","Cell_19396","OLF_5",194
"OLF","Cell_19449","OLF_8",193
"OLF","Cell_19475","OLF_12",244
"OLF","Cell_19618","OLF_10",166
"OLF","Cell_19636","OLF_9",153
"OLF","Cell_19770","OLF_6",170
"OLF","Cell_19910","OLF_5",194
"OLF","Cell_19948","OLF_5",194
"OLF","Cell_19991","OLF_10",166
"OLF","Cell_20019","OLF_10",166
"OLF","Cell_20037","OLF_11",213
"OLF","Cell_20045","OLF_2",175
"OLF","Cell_20464","OLF_7",194
"OLF","Cell_20780","OLF_9",153
"OLF","Cell_20801","OLF_10",166
"OLF","Cell_20840","OLF_12",244
"OLF","Cell_20867","OLF_7",194
"OLF","Cell_21014","OLF_4",162
"OLF","Cell_21157","OLF_12",244
"OLF","Cell_21177","OLF_4",162
"OLF","Cell_21202","OLF_5",194
"OLF","Cell_21246","OLF_2",175
"OLF","Cell_21252","OLF_4",162
"OLF","Cell_21287","OLF_4",162
"OLF","Cell_21288","OLF_7",194
"OLF","Cell_21342","OLF_6",170
"OLF","Cell_21368","OLF_12",244
"OLF","Cell_21430","OLF_11",213
"OLF","Cell_21797","OLF_5",194
"OLF","Cell_22008","OLF_4",162
"OLF","Cell_22063","OLF_2",175
"OLF","Cell_22128","OLF_12",244
"OLF","Cell_22165","OLF_11",213
"OLF","Cell_22174","OLF_11",213
"OLF","Cell_22199","OLF_5",194
"OLF","Cell_22232","OLF_5",194
"OLF","Cell_22293","OLF_7",194
"OLF","Cell_22374","OLF_9",153
"OLF","Cell_22407","OLF_10",166
"OLF","Cell_22422","OLF_11",213
"OLF","Cell_22748","OLF_11",213
"OLF","Cell_22796","OLF_9",153
"OLF","Cell_23002","OLF_8",193
"OLF","Cell_23053","OLF_4",162
"OLF","Cell_23074","OLF_10",166
"OLF","Cell_23075","OLF_2",175
"OLF","Cell_23174","OLF_10",166
"OLF","Cell_23286","OLF_8",193
"OLF","Cell_23295","OLF_11",213
"OLF","Cell_23399","OLF_4",162
"OLF","Cell_23685","OLF_4",162
"OLF","Cell_23731","OLF_4",162
"OLF","Cell_23734","OLF_7",194
"OLF","Cell_23826","OLF_4",162
"OLF","Cell_23864","OLF_2",175
"OLF","Cell_23924","OLF_3",100
"OLF","Cell_23946","OLF_12",244
"OLF","Cell_23966","OLF_11",213
"OLF","Cell_24013","OLF_8",193
"OLF","Cell_24038","OLF_8",193
"OLF","Cell_24118","OLF_7",194
"OLF","Cell_24134","OLF_10",166
"OLF","Cell_24139","OLF_8",193
"OLF","Cell_24240","OLF_5",194
"OLF","Cell_24266","OLF_5",194
"OLF","Cell_24522","OLF_4",162
"OLF","Cell_24583","OLF_9",153
"OLF","Cell_24600","OLF_11",213
"OLF","Cell_24636","OLF_12",244
"OLF","Cell_24802","OLF_11",213
"OLF","Cell_24905","OLF_7",194
"OLF","Cell_25033","OLF_8",193
"OLF","Cell_25188","OLF_12",244
"OLF","Cell_25192","OLF_10",166
"OLF","Cell_25282","OLF_3",100
"OLF","Cell_25385","OLF_12",244
"OLF","Cell_25430","OLF_12",244
"OLF","Cell_25447","OLF_9",153
"OLF","Cell_25485","OLF_6",170
"OLF","Cell_25537","OLF_7",194
"OLF","Cell_25874","OLF_12",244
"OLF","Cell_25897","OLF_4",162
"OLF","Cell_25907","OLF_12",244
"OLF","Cell_25914","OLF_12",244
"OLF","Cell_25923","OLF_5",194
"OLF","Cell_25960","OLF_5",194
"OLF","Cell_25961","OLF_10",166
"OLF","Cell_26115","OLF_11",213
"OLF","Cell_26214","OLF_8",193
"OLF","Cell_26300","OLF_6",170
"OLF","Cell_26401","OLF_11",213
"OLF","Cell_26474","OLF_12",244
"OLF","Cell_26529","OLF_4",162
"OLF","Cell_26816","OLF_6",170
"OLF","Cell_27076","OLF_2",175
"OLF","Cell_27176","OLF_2",175
"OLF","Cell_27349","OLF_11",213
"OLF","Cell_27359","OLF_7",194
"OLF","Cell_27515","OLF_10",166
"OLF","Cell_27679","OLF_5",194
"OLF","Cell_27712","OLF_9",153
"OLF","Cell_27731","OLF_11",213
"OLF","Cell_27892","OLF_8",193
"OLF","Cell_27965","OLF_12",244
"OLF","Cell_27969","OLF_2",175
"OLF","Cell_28086","OLF_1",97
"OLF","Cell_28099","OLF_10",166
"OLF","Cell_28371","OLF_12",244
"OLF","Cell_28429","OLF_10",166
"OLF","Cell_28440","OLF_7",194
"OLF","Cell_28616","OLF_12",244
"OLF","Cell_28688","OLF_11",213
"OLF","Cell_28712","OLF_11",213
"OLF","Cell_28997","OLF_9",153
"OLF","Cell_29070","OLF_9",153
"OLF","Cell_29083","OLF_5",194
"OLF","Cell_29157","OLF_4",162
"OLF","Cell_29203","OLF_2",175
"OLF","Cell_29286","OLF_11",213
"OLF","Cell_29292","OLF_10",166
"OLF","Cell_29357","OLF_4",162
"OLF","Cell_29517","OLF_3",100
"OLF","Cell_29676","OLF_2",175
"OLF","Cell_29801","OLF_12",244
"OLF","Cell_29809","OLF_11",213
"OLF","Cell_29989","OLF_5",194
"OLF","Cell_29996","OLF_2",175
"OLF","Cell_30081","OLF_11",213
"OLF","Cell_30102","OLF_4",162
"OLF","Cell_30122","OLF_10",166
"OLF","Cell_30320","OLF_12",244
"OLF","Cell_30329","OLF_5",194
"OLF","Cell_30424","OLF_4",162
"OLF","Cell_30518","OLF_4",162
"OLF","Cell_30622","OLF_4",162
"OLF","Cell_30749","OLF_9",153
"OLF","Cell_30761","OLF_2",175
"OLF","Cell_30780","OLF_9",153
"OLF","Cell_30820","OLF_11",213
"OLF","Cell_30828","OLF_6",170
"OLF","Cell_31068","OLF_12",244
"OLF","Cell_31181","OLF_9",153
"OLF","Cell_31426","OLF_5",194
"OLF","Cell_31565","OLF_12",244
"OLF","Cell_31671","OLF_12",244
"OLF","Cell_31999","OLF_12",244
"OLF","Cell_32084","OLF_11",213
"OLF","Cell_32111","OLF_6",170
"OLF","Cell_32157","OLF_7",194
"OLF","Cell_32450","OLF_12",244
"OLF","Cell_32580","OLF_7",194
"OLF","Cell_32597","OLF_10",166
"OLF","Cell_32665","OLF_1",97
"OLF","Cell_32765","OLF_4",162
"OLF","Cell_32802","OLF_9",153
"OLF","Cell_32877","OLF_10",166
"OLF","Cell_32889","OLF_5",194
"OLF","Cell_32903","OLF_12",244
"OLF","Cell_32934","OLF_7",194
"OLF","Cell_33228","OLF_12",244
"OLF","Cell_33322","OLF_2",175
"OLF","Cell_33350","OLF_8",193
"OLF","Cell_33354","OLF_7",194
"OLF","Cell_33363","OLF_2",175
"OLF","Cell_33433","OLF_5",194
"OLF","Cell_33565","OLF_12",244
"OLF","Cell_33598","OLF_4",162
"OLF","Cell_33609","OLF_10",166
"OLF","Cell_33660","OLF_12",244
"OLF","Cell_33693","OLF_7",194
"OLF","Cell_33694","OLF_10",166
"OLF","Cell_33727","OLF_9",153
"OLF","Cell_33868","OLF_2",175
"OLF","Cell_33937","OLF_8",193
"OLF","Cell_33948","OLF_6",170
"OLF","Cell_34100","OLF_5",194
"OLF","Cell_34121","OLF_9",153
"OLF","Cell_34304","OLF_7",194
"OLF","Cell_34314","OLF_9",153
"OLF","Cell_34426","OLF_7",194
"OLF","Cell_34477","OLF_2",175
"OLF","Cell_34564","OLF_1",97
"OLF","Cell_34639","OLF_12",244
"OLF","Cell_34651","OLF_12",244
"OLF","Cell_34704","OLF_9",153
"OLF","Cell_34725","OLF_7",194
"OLF","Cell_34789","OLF_10",166
"OLF","Cell_34994","OLF_7",194
"OLF","Cell_35168","OLF_4",162
"OLF","Cell_35219","OLF_12",244
"OLF","Cell_35266","OLF_7",194
"OLF","Cell_35316","OLF_4",162
"OLF","Cell_35450","OLF_4",162
"OLF","Cell_35639","OLF_1",97
"OLF","Cell_35659","OLF_10",166
"OLF","Cell_35668","OLF_4",162
"OLF","Cell_35676","OLF_11",213
"OLF","Cell_35735","OLF_12",244
"OLF","Cell_35754","OLF_11",213
"OLF","Cell_35951","OLF_9",153
"OLF","Cell_36168","OLF_8",193
"OLF","Cell_36174","OLF_11",213
"OLF","Cell_36225","OLF_11",213
"OLF","Cell_36248","OLF_7",194
"OLF","Cell_36292","OLF_9",153
"OLF","Cell_36347","OLF_7",194
"OLF","Cell_36468","OLF_4",162
"OLF","Cell_36472","OLF_5",194
"OLF","Cell_36506","OLF_11",213
"OLF","Cell_36707","OLF_11",213
"OLF","Cell_36771","OLF_4",162
"OLF","Cell_36791","OLF_2",175
"OLF","Cell_36844","OLF_12",244
"OLF","Cell_37009","OLF_11",213
"OLF","Cell_37018","OLF_7",194
"OLF","Cell_37089","OLF_8",193
"OLF","Cell_37124","OLF_8",193
"OLF","Cell_37132","OLF_10",166
"OLF","Cell_37438","OLF_7",194
"OLF","Cell_37454","OLF_3",100
"OLF","Cell_37535","OLF_1",97
"OLF","Cell_37565","OLF_11",213
"OLF","Cell_37585","OLF_12",244
"OLF","Cell_37687","OLF_11",213
"OLF","Cell_37696","OLF_13",34
"OLF","Cell_37809","OLF_12",244
"OLF","Cell_38034","OLF_10",166
"OLF","Cell_38127","OLF_2",175
"OLF","Cell_38141","OLF_9",153
"OLF","Cell_38154","OLF_5",194
"OLF","Cell_38155","OLF_7",194
"OLF","Cell_38262","OLF_5",194
"OLF","Cell_38276","OLF_4",162
"OLF","Cell_38281","OLF_4",162
"OLF","Cell_38355","OLF_11",213
"OLF","Cell_38363","OLF_5",194
"OLF","Cell_38375","OLF_12",244
"OLF","Cell_38419","OLF_9",153
"OLF","Cell_38537","OLF_11",213
"OLF","Cell_38724","OLF_12",244
"OLF","Cell_38734","OLF_3",100
"OLF","Cell_38771","OLF_11",213
"OLF","Cell_38817","OLF_7",194
"OLF","Cell_38883","OLF_11",213
"OLF","Cell_38911","OLF_4",162
"OLF","Cell_38959","OLF_10",166
"OLF","Cell_39003","OLF_9",153
"OLF","Cell_39021","OLF_9",153
"OLF","Cell_39168","OLF_8",193
"OLF","Cell_39231","OLF_8",193
"OLF","Cell_39289","OLF_9",153
"OLF","Cell_39331","OLF_12",244
"OLF","Cell_39435","OLF_11",213
"OLF","Cell_39643","OLF_5",194
"OLF","Cell_39662","OLF_10",166
"OLF","Cell_39908","OLF_5",194
"OLF","Cell_39910","OLF_5",194
"OLF","Cell_40115","OLF_7",194
"OLF","Cell_40345","OLF_12",244
"OLF","Cell_40405","OLF_2",175
"OLF","Cell_40448","OLF_11",213
"OLF","Cell_40466","OLF_4",162
"OLF","Cell_40548","OLF_13",34
"OLF","Cell_40722","OLF_11",213
"OLF","Cell_40754","OLF_9",153
"OLF","Cell_40777","OLF_10",166
"OLF","Cell_41085","OLF_12",244
"OLF","Cell_41099","OLF_6",170
"OLF","Cell_41308","OLF_11",213
"OLF","Cell_41324","OLF_7",194
"OLF","Cell_41380","OLF_10",166
"OLF","Cell_41473","OLF_4",162
"OLF","Cell_41547","OLF_7",194
"OLF","Cell_41671","OLF_1",97
"OLF","Cell_41725","OLF_2",175
"OLF","Cell_41738","OLF_3",100
"OLF","Cell_41741","OLF_11",213
"OLF","Cell_41802","OLF_4",162
"OLF","Cell_41864","OLF_12",244
"OLF","Cell_41913","OLF_7",194
"OLF","Cell_41923","OLF_10",166
"OLF","Cell_42002","OLF_7",194
"OLF","Cell_42118","OLF_6",170
"OLF","Cell_42310","OLF_6",170
"OLF","Cell_42431","OLF_6",170
"OLF","Cell_42527","OLF_4",162
"OLF","Cell_42616","OLF_11",213
"OLF","Cell_42712","OLF_12",244
"OLF","Cell_42804","OLF_10",166
"OLF","Cell_42839","OLF_9",153
"OLF","Cell_42877","OLF_5",194
"OLF","Cell_42885","OLF_12",244
"OLF","Cell_43191","OLF_7",194
"OLF","Cell_43292","OLF_12",244
"OLF","Cell_43307","OLF_2",175
"OLF","Cell_43537","OLF_9",153
"OLF","Cell_43546","OLF_2",175
"OLF","Cell_43605","OLF_1",97
"OLF","Cell_43813","OLF_10",166
"OLF","Cell_43863","OLF_9",153
"OLF","Cell_43948","OLF_5",194
"OLF","Cell_44042","OLF_5",194
"OLF","Cell_44355","OLF_12",244
"OLF","Cell_44425","OLF_6",170
"OLF","Cell_44515","OLF_12",244
"OLF","Cell_44628","OLF_8",193
"OLF","Cell_44632","OLF_8",193
"OLF","Cell_44635","OLF_3",100
"OLF","Cell_44691","OLF_12",244
"OLF","Cell_44805","OLF_1",97
"OLF","Cell_44911","OLF_11",213
"OLF","Cell_45129","OLF_2",175
"OLF","Cell_76","OLF_10",166
"OLF","Cell_132","OLF_2",175
"OLF","Cell_230","OLF_2",175
"OLF","Cell_298","OLF_7",194
"OLF","Cell_442","OLF_5",194
"OLF","Cell_463","OLF_9",153
"OLF","Cell_468","OLF_5",194
"OLF","Cell_557","OLF_5",194
"OLF","Cell_712","OLF_7",194
"OLF","Cell_722","OLF_2",175
"OLF","Cell_1084","OLF_5",194
"OLF","Cell_1123","OLF_8",193
"OLF","Cell_1145","OLF_1",97
"OLF","Cell_1501","OLF_5",194
"OLF","Cell_1502","OLF_2",175
"OLF","Cell_1516","OLF_11",213
"OLF","Cell_1526","OLF_6",170
"OLF","Cell_1576","OLF_4",162
"OLF","Cell_1591","OLF_3",100
"OLF","Cell_1651","OLF_12",244
"OLF","Cell_1741","OLF_2",175
"OLF","Cell_1803","OLF_4",162
"OLF","Cell_1913","OLF_8",193
"OLF","Cell_1937","OLF_10",166
"OLF","Cell_1965","OLF_4",162
"OLF","Cell_2060","OLF_5",194
"OLF","Cell_2081","OLF_12",244
"OLF","Cell_2306","OLF_4",162
"OLF","Cell_2318","OLF_11",213
"OLF","Cell_2587","OLF_5",194
"OLF","Cell_2658","OLF_4",162
"OLF","Cell_2909","OLF_10",166
"OLF","Cell_2932","OLF_4",162
"OLF","Cell_3117","OLF_7",194
"OLF","Cell_3436","OLF_7",194
"OLF","Cell_3506","OLF_8",193
"OLF","Cell_3652","OLF_2",175
"OLF","Cell_3781","OLF_10",166
"OLF","Cell_3862","OLF_8",193
"OLF","Cell_3969","OLF_8",193
"OLF","Cell_4008","OLF_5",194
"OLF","Cell_4035","OLF_10",166
"OLF","Cell_4193","OLF_7",194
"OLF","Cell_4702","OLF_10",166
"OLF","Cell_4799","OLF_9",153
"OLF","Cell_5016","OLF_5",194
"OLF","Cell_5093","OLF_12",244
"OLF","Cell_5103","OLF_11",213
"OLF","Cell_5197","OLF_2",175
"OLF","Cell_5332","OLF_8",193
"OLF","Cell_5518","OLF_7",194
"OLF","Cell_5599","OLF_11",213
"OLF","Cell_5671","OLF_5",194
"OLF","Cell_5805","OLF_5",194
"OLF","Cell_5870","OLF_3",100
"OLF","Cell_5904","OLF_6",170
"OLF","Cell_5923","OLF_4",162
"OLF","Cell_5978","OLF_6",170
"OLF","Cell_6124","OLF_12",244
"OLF","Cell_6318","OLF_6",170
"OLF","Cell_6618","OLF_12",244
"OLF","Cell_6691","OLF_11",213
"OLF","Cell_6693","OLF_3",100
"OLF","Cell_6957","OLF_11",213
"OLF","Cell_7294","OLF_7",194
"OLF","Cell_7302","OLF_7",194
"OLF","Cell_7465","OLF_5",194
"OLF","Cell_7589","OLF_7",194
"OLF","Cell_7606","OLF_8",193
"OLF","Cell_7719","OLF_5",194
"OLF","Cell_7805","OLF_9",153
"OLF","Cell_7889","OLF_11",213
"OLF","Cell_7984","OLF_11",213
"OLF","Cell_8452","OLF_7",194
"OLF","Cell_8502","OLF_11",213
"OLF","Cell_8724","OLF_5",194
"OLF","Cell_8762","OLF_8",193
"OLF","Cell_9119","OLF_7",194
"OLF","Cell_9143","OLF_8",193
"OLF","Cell_9390","OLF_7",194
"OLF","Cell_9501","OLF_8",193
"OLF","Cell_9550","OLF_10",166
"OLF","Cell_9708","OLF_7",194
"OLF","Cell_9746","OLF_10",166
"OLF","Cell_9759","OLF_6",170
"OLF","Cell_9795","OLF_5",194
"OLF","Cell_9868","OLF_6",170
"OLF","Cell_10241","OLF_7",194
"OLF","Cell_10372","OLF_7",194
"OLF","Cell_10374","OLF_4",162
"OLF","Cell_10719","OLF_8",193
"OLF","Cell_10815","OLF_12",244
"OLF","Cell_10906","OLF_7",194
"OLF","Cell_11380","OLF_5",194
"OLF","Cell_11542","OLF_9",153
"OLF","Cell_11614","OLF_6",170
"OLF","Cell_11665","OLF_8",193
"OLF","Cell_12124","OLF_10",166
"OLF","Cell_12144","OLF_9",153
"OLF","Cell_12271","OLF_1",97
"OLF","Cell_12289","OLF_7",194
"OLF","Cell_12435","OLF_5",194
"OLF","Cell_12624","OLF_4",162
"OLF","Cell_12639","OLF_5",194
"OLF","Cell_12657","OLF_11",213
"OLF","Cell_12959","OLF_9",153
"OLF","Cell_13029","OLF_8",193
"OLF","Cell_13121","OLF_8",193
"OLF","Cell_13393","OLF_11",213
"OLF","Cell_13406","OLF_5",194
"OLF","Cell_13433","OLF_5",194
"OLF","Cell_13633","OLF_11",213
"OLF","Cell_13723","OLF_6",170
"OLF","Cell_13766","OLF_6",170
"OLF","Cell_13802","OLF_5",194
"OLF","Cell_13817","OLF_10",166
"OLF","Cell_13875","OLF_12",244
"OLF","Cell_14140","OLF_9",153
"OLF","Cell_14317","OLF_7",194
"OLF","Cell_14449","OLF_12",244
"OLF","Cell_14469","OLF_2",175
"OLF","Cell_14596","OLF_6",170
"OLF","Cell_14729","OLF_2",175
"OLF","Cell_14886","OLF_11",213
"OLF","Cell_14993","OLF_2",175
"OLF","Cell_15222","OLF_9",153
"OLF","Cell_15479","OLF_9",153
"OLF","Cell_15519","OLF_6",170
"OLF","Cell_15603","OLF_2",175
"OLF","Cell_15851","OLF_8",193
"OLF","Cell_16054","OLF_9",153
"OLF","Cell_16077","OLF_10",166
"OLF","Cell_16440","OLF_13",34
"OLF","Cell_16447","OLF_12",244
"OLF","Cell_16604","OLF_10",166
"OLF","Cell_17069","OLF_7",194
"OLF","Cell_17099","OLF_8",193
"OLF","Cell_17113","OLF_9",153
"OLF","Cell_17133","OLF_7",194
"OLF","Cell_17257","OLF_12",244
"OLF","Cell_17258","OLF_7",194
"OLF","Cell_17513","OLF_8",193
"OLF","Cell_17529","OLF_3",100
"OLF","Cell_17571","OLF_12",244
"OLF","Cell_17768","OLF_12",244
"OLF","Cell_17891","OLF_7",194
"OLF","Cell_18260","OLF_6",170
"OLF","Cell_18634","OLF_12",244
"OLF","Cell_18836","OLF_9",153
"OLF","Cell_19238","OLF_10",166
"OLF","Cell_19244","OLF_7",194
"OLF","Cell_19263","OLF_2",175
"OLF","Cell_19294","OLF_6",170
"OLF","Cell_19662","OLF_13",34
"OLF","Cell_19671","OLF_2",175
"OLF","Cell_19719","OLF_4",162
"OLF","Cell_19941","OLF_7",194
"OLF","Cell_20009","OLF_8",193
"OLF","Cell_20056","OLF_9",153
"OLF","Cell_20174","OLF_6",170
"OLF","Cell_20192","OLF_5",194
"OLF","Cell_20417","OLF_9",153
"OLF","Cell_21034","OLF_5",194
"OLF","Cell_21564","OLF_8",193
"OLF","Cell_21674","OLF_10",166
"OLF","Cell_22000","OLF_10",166
"OLF","Cell_22014","OLF_5",194
"OLF","Cell_22179","OLF_11",213
"OLF","Cell_22326","OLF_5",194
"OLF","Cell_22581","OLF_9",153
"OLF","Cell_22964","OLF_5",194
"OLF","Cell_22998","OLF_5",194
"OLF","Cell_23168","OLF_2",175
"OLF","Cell_23240","OLF_6",170
"OLF","Cell_23366","OLF_7",194
"OLF","Cell_23545","OLF_2",175
"OLF","Cell_23660","OLF_10",166
"OLF","Cell_23664","OLF_8",193
"OLF","Cell_23728","OLF_2",175
"OLF","Cell_23883","OLF_2",175
"OLF","Cell_23985","OLF_2",175
"OLF","Cell_24127","OLF_4",162
"OLF","Cell_24343","OLF_12",244
"OLF","Cell_24531","OLF_4",162
"OLF","Cell_24660","OLF_8",193
"OLF","Cell_24820","OLF_12",244
"OLF","Cell_24823","OLF_12",244
"OLF","Cell_24950","OLF_9",153
"OLF","Cell_25078","OLF_12",244
"OLF","Cell_25216","OLF_12",244
"OLF","Cell_25474","OLF_12",244
"OLF","Cell_25484","OLF_7",194
"OLF","Cell_25589","OLF_2",175
"OLF","Cell_25804","OLF_9",153
"OLF","Cell_25877","OLF_6",170
"OLF","Cell_25878","OLF_4",162
"OLF","Cell_25979","OLF_10",166
"OLF","Cell_26068","OLF_12",244
"OLF","Cell_26188","OLF_4",162
"OLF","Cell_26415","OLF_2",175
"OLF","Cell_26451","OLF_11",213
"OLF","Cell_26472","OLF_8",193
"OLF","Cell_27304","OLF_10",166
"OLF","Cell_27314","OLF_13",34
"OLF","Cell_27861","OLF_2",175
"OLF","Cell_27951","OLF_9",153
"OLF","Cell_27959","OLF_9",153
"OLF","Cell_28075","OLF_8",193
"OLF","Cell_28204","OLF_4",162
"OLF","Cell_28402","OLF_11",213
"OLF","Cell_28488","OLF_2",175
"OLF","Cell_28590","OLF_5",194
"OLF","Cell_28604","OLF_10",166
"OLF","Cell_28847","OLF_6",170
"OLF","Cell_28875","OLF_2",175
"OLF","Cell_29127","OLF_4",162
"OLF","Cell_29233","OLF_12",244
"OLF","Cell_29279","OLF_9",153
"OLF","Cell_29408","OLF_10",166
"OLF","Cell_29470","OLF_4",162
"OLF","Cell_29690","OLF_9",153
"OLF","Cell_29789","OLF_10",166
"OLF","Cell_29794","OLF_10",166
"OLF","Cell_29833","OLF_5",194
"OLF","Cell_29968","OLF_6",170
"OLF","Cell_30119","OLF_8",193
"OLF","Cell_30156","OLF_5",194
"OLF","Cell_30164","OLF_7",194
"OLF","Cell_30179","OLF_8",193
"OLF","Cell_30207","OLF_5",194
"OLF","Cell_30435","OLF_7",194
"OLF","Cell_30710","OLF_10",166
"OLF","Cell_30747","OLF_7",194
"OLF","Cell_30892","OLF_11",213
"OLF","Cell_31077","OLF_7",194
"OLF","Cell_31368","OLF_11",213
"OLF","Cell_31389","OLF_7",194
"OLF","Cell_31405","OLF_6",170
"OLF","Cell_31674","OLF_6",170
"OLF","Cell_31790","OLF_5",194
"OLF","Cell_31882","OLF_8",193
"OLF","Cell_31924","OLF_4",162
"OLF","Cell_31952","OLF_12",244
"OLF","Cell_32228","OLF_12",244
"OLF","Cell_32233","OLF_12",244
"OLF","Cell_32482","OLF_6",170
"OLF","Cell_32591","OLF_9",153
"OLF","Cell_32789","OLF_7",194
"OLF","Cell_33020","OLF_5",194
"OLF","Cell_33045","OLF_4",162
"OLF","Cell_33206","OLF_6",170
"OLF","Cell_33398","OLF_12",244
"OLF","Cell_33723","OLF_5",194
"OLF","Cell_33724","OLF_10",166
"OLF","Cell_33740","OLF_7",194
"OLF","Cell_34205","OLF_5",194
"OLF","Cell_34555","OLF_7",194
"OLF","Cell_34582","OLF_8",193
"OLF","Cell_34715","OLF_10",166
"OLF","Cell_35074","OLF_7",194
"OLF","Cell_35218","OLF_7",194
"OLF","Cell_35375","OLF_5",194
"OLF","Cell_35502","OLF_8",193
"OLF","Cell_35657","OLF_12",244
"OLF","Cell_35693","OLF_11",213
"OLF","Cell_35904","OLF_6",170
"OLF","Cell_35931","OLF_12",244
"OLF","Cell_35983","OLF_12",244
"OLF","Cell_36023","OLF_7",194
"OLF","Cell_36051","OLF_5",194
"OLF","Cell_36077","OLF_12",244
"OLF","Cell_36158","OLF_10",166
"OLF","Cell_36351","OLF_2",175
"OLF","Cell_36619","OLF_3",100
"OLF","Cell_36682","OLF_10",166
"OLF","Cell_36836","OLF_9",153
"OLF","Cell_36990","OLF_8",193
"OLF","Cell_37010","OLF_6",170
"OLF","Cell_37207","OLF_10",166
"OLF","Cell_37270","OLF_12",244
"OLF","Cell_37518","OLF_8",193
"OLF","Cell_37566","OLF_7",194
"OLF","Cell_37674","OLF_12",244
"OLF","Cell_37906","OLF_11",213
"OLF","Cell_38233","OLF_8",193
"OLF","Cell_38768","OLF_5",194
"OLF","Cell_38894","OLF_10",166
"OLF","Cell_38936","OLF_2",175
"OLF","Cell_38981","OLF_12",244
"OLF","Cell_39011","OLF_11",213
"OLF","Cell_39045","OLF_6",170
"OLF","Cell_39052","OLF_6",170
"OLF","Cell_39115","OLF_4",162
"OLF","Cell_39210","OLF_8",193
"OLF","Cell_39360","OLF_2",175
"OLF","Cell_39368","OLF_2",175
"OLF","Cell_39373","OLF_2",175
"OLF","Cell_39381","OLF_11",213
"OLF","Cell_39427","OLF_5",194
"OLF","Cell_39485","OLF_9",153
"OLF","Cell_39606","OLF_8",193
"OLF","Cell_40499","OLF_12",244
"OLF","Cell_40533","OLF_10",166
"OLF","Cell_40578","OLF_8",193
"OLF","Cell_40609","OLF_11",213
"OLF","Cell_40708","OLF_11",213
"OLF","Cell_40886","OLF_13",34
"OLF","Cell_40897","OLF_8",193
"OLF","Cell_40967","OLF_5",194
"OLF","Cell_40973","OLF_9",153
"OLF","Cell_40976","OLF_5",194
"OLF","Cell_41002","OLF_8",193
"OLF","Cell_41035","OLF_5",194
"OLF","Cell_41195","OLF_9",153
"OLF","Cell_41278","OLF_8",193
"OLF","Cell_41458","OLF_2",175
"OLF","Cell_41492","OLF_8",193
"OLF","Cell_41546","OLF_5",194
"OLF","Cell_41573","OLF_8",193
"OLF","Cell_41590","OLF_5",194
"OLF","Cell_41749","OLF_11",213
"OLF","Cell_41887","OLF_8",193
"OLF","Cell_41945","OLF_8",193
"OLF","Cell_42362","OLF_2",175
"OLF","Cell_42389","OLF_12",244
"OLF","Cell_42390","OLF_5",194
"OLF","Cell_42476","OLF_11",213
"OLF","Cell_42760","OLF_7",194
"OLF","Cell_42854","OLF_4",162
"OLF","Cell_42914","OLF_12",244
"OLF","Cell_42963","OLF_5",194
"OLF","Cell_43089","OLF_5",194
"OLF","Cell_43303","OLF_7",194
"OLF","Cell_43355","OLF_2",175
"OLF","Cell_43445","OLF_12",244
"OLF","Cell_43593","OLF_12",244
"OLF","Cell_43671","OLF_11",213
"OLF","Cell_43681","OLF_10",166
"OLF","Cell_43781","OLF_9",153
"OLF","Cell_44234","OLF_5",194
"OLF","Cell_44272","OLF_11",213
"OLF","Cell_44328","OLF_8",193
"OLF","Cell_44504","OLF_12",244
"OLF","Cell_44512","OLF_6",170
"OLF","Cell_45019","OLF_5",194
"OLF","Cell_45199","OLF_5",194
"OLF","Cell_45244","OLF_10",166
"OLF","Cell_39708","OLF_6",170
"OLF","Cell_96","OLF_10",166
"OLF","Cell_139","OLF_5",194
"OLF","Cell_154","OLF_7",194
"OLF","Cell_1423","OLF_2",175
"OLF","Cell_1434","OLF_4",162
"OLF","Cell_1783","OLF_11",213
"OLF","Cell_2176","OLF_8",193
"OLF","Cell_3516","OLF_7",194
"OLF","Cell_4223","OLF_8",193
"OLF","Cell_5788","OLF_12",244
"OLF","Cell_6493","OLF_4",162
"OLF","Cell_6920","OLF_9",153
"OLF","Cell_7390","OLF_7",194
"OLF","Cell_8576","OLF_6",170
"OLF","Cell_8696","OLF_9",153
"OLF","Cell_9261","OLF_8",193
"OLF","Cell_9420","OLF_8",193
"OLF","Cell_9563","OLF_10",166
"OLF","Cell_9602","OLF_11",213
"OLF","Cell_9989","OLF_12",244
"OLF","Cell_10942","OLF_11",213
"OLF","Cell_11281","OLF_6",170
"OLF","Cell_11375","OLF_11",213
"OLF","Cell_11633","OLF_11",213
"OLF","Cell_11667","OLF_5",194
"OLF","Cell_11842","OLF_5",194
"OLF","Cell_11946","OLF_7",194
"OLF","Cell_11989","OLF_7",194
"OLF","Cell_12288","OLF_10",166
"OLF","Cell_12323","OLF_10",166
"OLF","Cell_12711","OLF_8",193
"OLF","Cell_13203","OLF_11",213
"OLF","Cell_13238","OLF_5",194
"OLF","Cell_13307","OLF_8",193
"OLF","Cell_13558","OLF_11",213
"OLF","Cell_13655","OLF_6",170
"OLF","Cell_13918","OLF_9",153
"OLF","Cell_14365","OLF_6",170
"OLF","Cell_14404","OLF_10",166
"OLF","Cell_14983","OLF_2",175
"OLF","Cell_15345","OLF_5",194
"OLF","Cell_16185","OLF_11",213
"OLF","Cell_16613","OLF_4",162
"OLF","Cell_17024","OLF_10",166
"OLF","Cell_17039","OLF_7",194
"OLF","Cell_17169","OLF_12",244
"OLF","Cell_17840","OLF_11",213
"OLF","Cell_19515","OLF_9",153
"OLF","Cell_19696","OLF_7",194
"OLF","Cell_19730","OLF_5",194
"OLF","Cell_19906","OLF_5",194
"OLF","Cell_20369","OLF_7",194
"OLF","Cell_20945","OLF_7",194
"OLF","Cell_21646","OLF_6",170
"OLF","Cell_21755","OLF_5",194
"OLF","Cell_22064","OLF_2",175
"OLF","Cell_22292","OLF_12",244
"OLF","Cell_22683","OLF_11",213
"OLF","Cell_22878","OLF_11",213
"OLF","Cell_23677","OLF_11",213
"OLF","Cell_24565","OLF_6",170
"OLF","Cell_24707","OLF_6",170
"OLF","Cell_25658","OLF_4",162
"OLF","Cell_25751","OLF_7",194
"OLF","Cell_25948","OLF_10",166
"OLF","Cell_26603","OLF_2",175
"OLF","Cell_27464","OLF_3",100
"OLF","Cell_27982","OLF_8",193
"OLF","Cell_29074","OLF_5",194
"OLF","Cell_29182","OLF_7",194
"OLF","Cell_29513","OLF_5",194
"OLF","Cell_29582","OLF_6",170
"OLF","Cell_30856","OLF_10",166
"OLF","Cell_31135","OLF_5",194
"OLF","Cell_31271","OLF_3",100
"OLF","Cell_31825","OLF_4",162
"OLF","Cell_31939","OLF_8",193
"OLF","Cell_31993","OLF_11",213
"OLF","Cell_32169","OLF_11",213
"OLF","Cell_32474","OLF_5",194
"OLF","Cell_32899","OLF_2",175
"OLF","Cell_33470","OLF_6",170
"OLF","Cell_33508","OLF_5",194
"OLF","Cell_33923","OLF_7",194
"OLF","Cell_34276","OLF_2",175
"OLF","Cell_34285","OLF_9",153
"OLF","Cell_34303","OLF_11",213
"OLF","Cell_34747","OLF_11",213
"OLF","Cell_34952","OLF_12",244
"OLF","Cell_35023","OLF_4",162
"OLF","Cell_35160","OLF_11",213
"OLF","Cell_35505","OLF_12",244
"OLF","Cell_35575","OLF_4",162
"OLF","Cell_35753","OLF_8",193
"OLF","Cell_36228","OLF_9",153
"OLF","Cell_37107","OLF_11",213
"OLF","Cell_37898","OLF_5",194
"OLF","Cell_38029","OLF_9",153
"OLF","Cell_38227","OLF_4",162
"OLF","Cell_39380","OLF_11",213
"OLF","Cell_39602","OLF_7",194
"OLF","Cell_40023","OLF_7",194
"OLF","Cell_40460","OLF_2",175
"OLF","Cell_40986","OLF_10",166
"OLF","Cell_41318","OLF_4",162
"OLF","Cell_41361","OLF_10",166
"OLF","Cell_41868","OLF_11",213
"OLF","Cell_42126","OLF_11",213
"OLF","Cell_42193","OLF_8",193
"OLF","Cell_42244","OLF_2",175
"OLF","Cell_42303","OLF_8",193
"OLF","Cell_42326","OLF_10",166
"OLF","Cell_42491","OLF_11",213
"OLF","Cell_43158","OLF_10",166
"OLF","Cell_43661","OLF_5",194
"OLF","Cell_44016","OLF_7",194
"OLF","Cell_44912","OLF_8",193
"OLF","Cell_1207","OLF_9",153
"OLF","Cell_1326","OLF_11",213
"OLF","Cell_1391","OLF_2",175
"OLF","Cell_1542","OLF_3",100
"OLF","Cell_1789","OLF_11",213
"OLF","Cell_1945","OLF_10",166
"OLF","Cell_2205","OLF_11",213
"OLF","Cell_2230","OLF_2",175
"OLF","Cell_2331","OLF_4",162
"OLF","Cell_2336","OLF_9",153
"OLF","Cell_2411","OLF_11",213
"OLF","Cell_2464","OLF_12",244
"OLF","Cell_2468","OLF_9",153
"OLF","Cell_2569","OLF_6",170
"OLF","Cell_2835","OLF_2",175
"OLF","Cell_2872","OLF_11",213
"OLF","Cell_3061","OLF_4",162
"OLF","Cell_3068","OLF_9",153
"OLF","Cell_3142","OLF_8",193
"OLF","Cell_3609","OLF_8",193
"OLF","Cell_3827","OLF_10",166
"OLF","Cell_3842","OLF_7",194
"OLF","Cell_3896","OLF_6",170
"OLF","Cell_3980","OLF_10",166
"OLF","Cell_4254","OLF_8",193
"OLF","Cell_4466","OLF_9",153
"OLF","Cell_4559","OLF_2",175
"OLF","Cell_4648","OLF_11",213
"OLF","Cell_4856","OLF_6",170
"OLF","Cell_5694","OLF_8",193
"OLF","Cell_5707","OLF_6",170
"OLF","Cell_5911","OLF_12",244
"OLF","Cell_6248","OLF_7",194
"OLF","Cell_6484","OLF_8",193
"OLF","Cell_6510","OLF_2",175
"OLF","Cell_6776","OLF_8",193
"OLF","Cell_6802","OLF_12",244
"OLF","Cell_7394","OLF_11",213
"OLF","Cell_7513","OLF_6",170
"OLF","Cell_8145","OLF_11",213
"OLF","Cell_8251","OLF_5",194
"OLF","Cell_8374","OLF_9",153
"OLF","Cell_8612","OLF_11",213
"OLF","Cell_8702","OLF_6",170
"OLF","Cell_9061","OLF_9",153
"OLF","Cell_9163","OLF_12",244
"OLF","Cell_9240","OLF_10",166
"OLF","Cell_9524","OLF_8",193
"OLF","Cell_9878","OLF_12",244
"OLF","Cell_9944","OLF_5",194
"OLF","Cell_10046","OLF_11",213
"OLF","Cell_10219","OLF_8",193
"OLF","Cell_10403","OLF_10",166
"OLF","Cell_10479","OLF_6",170
"OLF","Cell_10536","OLF_11",213
"OLF","Cell_10600","OLF_11",213
"OLF","Cell_10915","OLF_6",170
"OLF","Cell_10997","OLF_4",162
"OLF","Cell_11181","OLF_12",244
"OLF","Cell_11183","OLF_9",153
"OLF","Cell_11535","OLF_6",170
"OLF","Cell_11544","OLF_5",194
"OLF","Cell_11554","OLF_9",153
"OLF","Cell_11574","OLF_7",194
"OLF","Cell_11742","OLF_10",166
"OLF","Cell_11930","OLF_6",170
"OLF","Cell_12069","OLF_8",193
"OLF","Cell_12097","OLF_12",244
"OLF","Cell_12259","OLF_12",244
"OLF","Cell_12854","OLF_8",193
"OLF","Cell_12952","OLF_8",193
"OLF","Cell_12971","OLF_12",244
"OLF","Cell_12988","OLF_8",193
"OLF","Cell_13614","OLF_8",193
"OLF","Cell_13641","OLF_8",193
"OLF","Cell_13755","OLF_10",166
"OLF","Cell_13796","OLF_2",175
"OLF","Cell_13801","OLF_4",162
"OLF","Cell_14190","OLF_7",194
"OLF","Cell_14637","OLF_12",244
"OLF","Cell_14834","OLF_5",194
"OLF","Cell_14917","OLF_6",170
"OLF","Cell_14928","OLF_10",166
"OLF","Cell_15226","OLF_7",194
"OLF","Cell_15525","OLF_7",194
"OLF","Cell_16183","OLF_4",162
"OLF","Cell_16725","OLF_7",194
"OLF","Cell_16782","OLF_9",153
"OLF","Cell_16882","OLF_3",100
"OLF","Cell_16978","OLF_12",244
"OLF","Cell_17208","OLF_10",166
"OLF","Cell_17244","OLF_6",170
"OLF","Cell_17454","OLF_8",193
"OLF","Cell_18004","OLF_11",213
"OLF","Cell_18079","OLF_11",213
"OLF","Cell_18197","OLF_10",166
"OLF","Cell_18435","OLF_7",194
"OLF","Cell_18678","OLF_11",213
"OLF","Cell_18845","OLF_8",193
"OLF","Cell_19204","OLF_5",194
"OLF","Cell_19365","OLF_6",170
"OLF","Cell_19548","OLF_5",194
"OLF","Cell_19923","OLF_8",193
"OLF","Cell_19937","OLF_4",162
"OLF","Cell_19972","OLF_11",213
"OLF","Cell_20005","OLF_6",170
"OLF","Cell_20407","OLF_8",193
"OLF","Cell_20832","OLF_6",170
"OLF","Cell_21005","OLF_8",193
"OLF","Cell_21285","OLF_10",166
"OLF","Cell_21293","OLF_6",170
"OLF","Cell_21337","OLF_10",166
"OLF","Cell_21338","OLF_2",175
"OLF","Cell_21339","OLF_2",175
"OLF","Cell_21465","OLF_8",193
"OLF","Cell_21620","OLF_5",194
"OLF","Cell_21769","OLF_10",166
"OLF","Cell_21951","OLF_6",170
"OLF","Cell_21973","OLF_2",175
"OLF","Cell_22072","OLF_11",213
"OLF","Cell_22088","OLF_11",213
"OLF","Cell_22143","OLF_8",193
"OLF","Cell_22333","OLF_8",193
"OLF","Cell_22699","OLF_6",170
"OLF","Cell_22775","OLF_6",170
"OLF","Cell_23005","OLF_5",194
"OLF","Cell_23487","OLF_5",194
"OLF","Cell_23526","OLF_10",166
"OLF","Cell_23789","OLF_7",194
"OLF","Cell_23830","OLF_2",175
"OLF","Cell_23872","OLF_6",170
"OLF","Cell_24163","OLF_12",244
"OLF","Cell_24186","OLF_11",213
"OLF","Cell_24231","OLF_7",194
"OLF","Cell_24640","OLF_7",194
"OLF","Cell_24693","OLF_11",213
"OLF","Cell_24993","OLF_11",213
"OLF","Cell_25018","OLF_6",170
"OLF","Cell_25291","OLF_8",193
"OLF","Cell_25722","OLF_6",170
"OLF","Cell_25738","OLF_8",193
"OLF","Cell_25952","OLF_9",153
"OLF","Cell_26071","OLF_12",244
"OLF","Cell_26184","OLF_11",213
"OLF","Cell_26213","OLF_5",194
"OLF","Cell_27252","OLF_11",213
"OLF","Cell_27891","OLF_9",153
"OLF","Cell_27986","OLF_8",193
"OLF","Cell_28046","OLF_9",153
"OLF","Cell_28120","OLF_5",194
"OLF","Cell_28152","OLF_11",213
"OLF","Cell_28365","OLF_4",162
"OLF","Cell_28459","OLF_5",194
"OLF","Cell_28763","OLF_6",170
"OLF","Cell_29108","OLF_6",170
"OLF","Cell_29432","OLF_6",170
"OLF","Cell_29555","OLF_7",194
"OLF","Cell_29941","OLF_8",193
"OLF","Cell_30288","OLF_11",213
"OLF","Cell_30313","OLF_2",175
"OLF","Cell_30808","OLF_9",153
"OLF","Cell_31162","OLF_3",100
"OLF","Cell_31306","OLF_12",244
"OLF","Cell_31328","OLF_6",170
"OLF","Cell_31673","OLF_5",194
"OLF","Cell_31707","OLF_7",194
"OLF","Cell_31870","OLF_8",193
"OLF","Cell_32335","OLF_8",193
"OLF","Cell_32562","OLF_4",162
"OLF","Cell_32675","OLF_8",193
"OLF","Cell_33503","OLF_11",213
"OLF","Cell_33748","OLF_6",170
"OLF","Cell_33785","OLF_11",213
"OLF","Cell_34003","OLF_12",244
"OLF","Cell_34126","OLF_8",193
"OLF","Cell_34272","OLF_8",193
"OLF","Cell_34279","OLF_11",213
"OLF","Cell_34551","OLF_8",193
"OLF","Cell_34713","OLF_6",170
"OLF","Cell_34792","OLF_8",193
"OLF","Cell_34833","OLF_10",166
"OLF","Cell_34875","OLF_2",175
"OLF","Cell_35172","OLF_5",194
"OLF","Cell_35551","OLF_11",213
"OLF","Cell_35595","OLF_4",162
"OLF","Cell_35654","OLF_5",194
"OLF","Cell_35909","OLF_6",170
"OLF","Cell_36037","OLF_2",175
"OLF","Cell_36379","OLF_4",162
"OLF","Cell_36580","OLF_4",162
"OLF","Cell_36839","OLF_8",193
"OLF","Cell_36851","OLF_8",193
"OLF","Cell_36932","OLF_7",194
"OLF","Cell_37538","OLF_7",194
"OLF","Cell_38125","OLF_8",193
"OLF","Cell_38241","OLF_7",194
"OLF","Cell_38288","OLF_11",213
"OLF","Cell_38397","OLF_11",213
"OLF","Cell_38600","OLF_6",170
"OLF","Cell_38619","OLF_6",170
"OLF","Cell_38665","OLF_8",193
"OLF","Cell_38793","OLF_12",244
"OLF","Cell_38924","OLF_10",166
"OLF","Cell_39060","OLF_5",194
"OLF","Cell_39138","OLF_4",162
"OLF","Cell_39511","OLF_11",213
"OLF","Cell_39757","OLF_9",153
"OLF","Cell_39832","OLF_9",153
"OLF","Cell_40073","OLF_8",193
"OLF","Cell_40925","OLF_6",170
"OLF","Cell_41094","OLF_8",193
"OLF","Cell_41568","OLF_9",153
"OLF","Cell_41622","OLF_9",153
"OLF","Cell_41756","OLF_8",193
"OLF","Cell_41840","OLF_8",193
"OLF","Cell_41906","OLF_6",170
"OLF","Cell_42417","OLF_9",153
"OLF","Cell_42528","OLF_8",193
"OLF","Cell_42666","OLF_7",194
"OLF","Cell_42680","OLF_11",213
"OLF","Cell_42941","OLF_12",244
"OLF","Cell_43358","OLF_5",194
"OLF","Cell_43458","OLF_11",213
"OLF","Cell_43568","OLF_8",193
"OLF","Cell_43642","OLF_12",244
"OLF","Cell_43766","OLF_11",213
"OLF","Cell_43802","OLF_7",194
"OLF","Cell_43959","OLF_2",175
"OLF","Cell_43981","OLF_8",193
"OLF","Cell_44637","OLF_6",170
"OLF","Cell_44667","OLF_8",193
"OLF","Cell_44679","OLF_12",244
"OLF","Cell_45150","OLF_8",193
"OLF","Cell_45162","OLF_8",193
"OLF","Cell_3051","OLF_12",244
"OLF","Cell_16088","OLF_8",193
"OLF","Cell_20359","OLF_5",194
"OLF","Cell_22708","OLF_10",166
"OLF","Cell_28884","OLF_11",213
"OLF","Cell_29528","OLF_6",170
"OLF","Cell_31843","OLF_6",170
"OLF","Cell_32617","OLF_6",170
"OLF","Cell_6477","OLF_12",244
"OLF","Cell_34944","OLF_13",34
"OLF","Cell_1121","OLF_6",170
"OLF","Cell_12555","OLF_9",153
"OLF","Cell_439","OLF_7",194
"OLF","Cell_6418","OLF_6",170
"OLF","Cell_9994","OLF_10",166
"OLF","Cell_12874","OLF_8",193
"OLF","Cell_13363","OLF_8",193
"OLF","Cell_16991","OLF_3",100
"OLF","Cell_31967","OLF_8",193
"OLF","Cell_33238","OLF_8",193
"OLF","Cell_34481","OLF_8",193
"OLF","Cell_35421","OLF_8",193
"OLF","Cell_41392","OLF_6",170
"OLF","Cell_43463","OLF_10",166
"OLF","Cell_12177","OLF_8",193
"OLF","Cell_13125","OLF_3",100
"OLF","Cell_20053","OLF_6",170
"OLF","Cell_21867","OLF_8",193
"OLF","Cell_22593","OLF_6",170
"OLF","Cell_24694","OLF_6",170
"OLF","Cell_24865","OLF_2",175
"OLF","Cell_34053","OLF_8",193
"OLF","Cell_44410","OLF_12",244
"OLF","Cell_15958","OLF_11",213
"OLF","Cell_19390","OLF_3",100
"OLF","Cell_5786","OLF_12",244
"OLF","Cell_12840","OLF_5",194
"OLF","Cell_16388","OLF_10",166
"OLF","Cell_27445","OLF_7",194
"OLF","Cell_34155","OLF_12",244
"OLF","Cell_39282","OLF_11",213
"OLF","Cell_215","OLF_11",213
"OLF","Cell_2645","OLF_11",213
"OLF","Cell_3993","OLF_8",193
"OLF","Cell_6550","OLF_10",166
"OLF","Cell_7452","OLF_11",213
"OLF","Cell_7484","OLF_9",153
"OLF","Cell_9912","OLF_10",166
"OLF","Cell_16591","OLF_6",170
"OLF","Cell_23629","OLF_11",213
"OLF","Cell_28019","OLF_12",244
"OLF","Cell_30729","OLF_8",193
"OLF","Cell_35885","OLF_8",193
"OLF","Cell_37354","OLF_7",194
"OLF","Cell_39473","OLF_8",193
"OLF","Cell_40527","OLF_6",170
"OLF","Cell_40647","OLF_8",193
"OLF","Cell_43824","OLF_6",170
"OLF","Cell_22792","OLF_2",175
"OLF","Cell_1399","OLF_12",244
"OLF","Cell_3910","OLF_6",170
"OLF","Cell_13152","OLF_12",244
"OLF","Cell_23033","OLF_5",194
"OLF","Cell_23762","OLF_6",170
"OLF","Cell_38559","OLF_7",194
"OLF","Cell_11330","OLF_9",153
"OLF","Cell_11502","OLF_7",194
"OLF","Cell_15864","OLF_2",175
"OLF","Cell_16131","OLF_9",153
"OLF","Cell_21667","OLF_9",153
"OLF","Cell_24395","OLF_8",193
"OLF","Cell_30595","OLF_9",153
"OLF","Cell_30755","OLF_7",194
"OLF","Cell_42200","OLF_7",194
"OLF","Cell_44254","OLF_4",162
"OLF","Cell_44260","OLF_6",170
"OLF","Cell_13888","OLF_10",166
"OLF","Cell_21345","OLF_5",194
"OLF","Cell_25931","OLF_8",193
"OLF","Cell_19179","OLF_12",244
"PCN","Cell_20551","PCN_1",31
"PCN","Cell_35389","PCN_1",31
"PCN","Cell_6631","PCN_2",26
"PCN","Cell_8031","PCN_3",17
"PCN","Cell_26513","PCN_3",17
"PCN","Cell_294","PCN_3",17
"PCN","Cell_12650","PCN_2",26
"PCN","Cell_13154","PCN_4",16
"PCN","Cell_32498","PCN_2",26
"PCN","Cell_17648","PCN_3",17
"PCN","Cell_44462","PCN_2",26
"PCN","Cell_6092","PCN_1",31
"PCN","Cell_10078","PCN_5",24
"PCN","Cell_25946","PCN_2",26
"PCN","Cell_29166","PCN_5",24
"PCN","Cell_29250","PCN_2",26
"PCN","Cell_35355","PCN_1",31
"PCN","Cell_262","PCN_1",31
"PCN","Cell_921","PCN_4",16
"PCN","Cell_4239","PCN_1",31
"PCN","Cell_5209","PCN_2",26
"PCN","Cell_7894","PCN_2",26
"PCN","Cell_8680","PCN_2",26
"PCN","Cell_9645","PCN_5",24
"PCN","Cell_11317","PCN_1",31
"PCN","Cell_11437","PCN_2",26
"PCN","Cell_13105","PCN_2",26
"PCN","Cell_14176","PCN_3",17
"PCN","Cell_15082","PCN_1",31
"PCN","Cell_15089","PCN_2",26
"PCN","Cell_17765","PCN_2",26
"PCN","Cell_18937","PCN_2",26
"PCN","Cell_19647","PCN_2",26
"PCN","Cell_19711","PCN_1",31
"PCN","Cell_19791","PCN_2",26
"PCN","Cell_21838","PCN_1",31
"PCN","Cell_22204","PCN_1",31
"PCN","Cell_22920","PCN_3",17
"PCN","Cell_25094","PCN_1",31
"PCN","Cell_26824","PCN_2",26
"PCN","Cell_29039","PCN_3",17
"PCN","Cell_29468","PCN_5",24
"PCN","Cell_31098","PCN_1",31
"PCN","Cell_31541","PCN_3",17
"PCN","Cell_33754","PCN_3",17
"PCN","Cell_35188","PCN_1",31
"PCN","Cell_36965","PCN_1",31
"PCN","Cell_37182","PCN_2",26
"PCN","Cell_38664","PCN_2",26
"PCN","Cell_38673","PCN_1",31
"PCN","Cell_38909","PCN_1",31
"PCN","Cell_40093","PCN_3",17
"PCN","Cell_44276","PCN_4",16
"PCN","Cell_21435","PCN_5",24
"PCN","Cell_15235","PCN_5",24
"PCN","Cell_18429","PCN_5",24
"PCN","Cell_27156","PCN_1",31
"PCN","Cell_32201","PCN_3",17
"PCN","Cell_4289","PCN_1",31
"PCN","Cell_11202","PCN_5",24
"PCN","Cell_18775","PCN_4",16
"PCN","Cell_19619","PCN_5",24
"PCN","Cell_22036","PCN_3",17
"PCN","Cell_37852","PCN_2",26
"PCN","Cell_42345","PCN_5",24
"PCN","Cell_10055","PCN_1",31
"PCN","Cell_17875","PCN_1",31
"PCN","Cell_44810","PCN_2",26
"PCN","Cell_16868","PCN_4",16
"PCN","Cell_4200","PCN_3",17
"PCN","Cell_19744","PCN_2",26
"PCN","Cell_1847","PCN_2",26
"PCN","Cell_4194","PCN_1",31
"PCN","Cell_11694","PCN_2",26
"PCN","Cell_19689","PCN_4",16
"PCN","Cell_20911","PCN_5",24
"PCN","Cell_24228","PCN_5",24
"PCN","Cell_26553","PCN_5",24
"PCN","Cell_27334","PCN_3",17
"PCN","Cell_28006","PCN_4",16
"PCN","Cell_29030","PCN_5",24
"PCN","Cell_31364","PCN_4",16
"PCN","Cell_31781","PCN_1",31
"PCN","Cell_45215","PCN_3",17
"PCN","Cell_8569","PCN_1",31
"PCN","Cell_20340","PCN_4",16
"PCN","Cell_24311","PCN_1",31
"PCN","Cell_28751","PCN_5",24
"PCN","Cell_35231","PCN_1",31
"PCN","Cell_820","PCN_1",31
"PCN","Cell_11513","PCN_5",24
"PCN","Cell_12103","PCN_2",26
"PCN","Cell_21213","PCN_4",16
"PCN","Cell_24113","PCN_5",24
"PCN","Cell_34745","PCN_3",17
"PCN","Cell_42937","PCN_5",24
"PCN","Cell_5049","PCN_5",24
"PCN","Cell_3089","PCN_1",31
"PCN","Cell_3025","PCN_3",17
"PCN","Cell_14732","PCN_4",16
"PCN","Cell_21059","PCN_4",16
"PCN","Cell_23003","PCN_4",16
"PCN","Cell_24938","PCN_5",24
"PCN","Cell_30490","PCN_1",31
"PCN","Cell_34236","PCN_4",16
"PCN","Cell_36249","PCN_5",24
"PCN","Cell_39319","PCN_1",31
"PCN","Cell_5086","PCN_2",26
"PCN","Cell_5486","PCN_5",24
"PCN","Cell_20838","PCN_5",24
"PCN","Cell_13578","PCN_1",31
"PCN","Cell_24375","PCN_4",16
"PCN","Cell_29144","PCN_5",24
"PCN","Cell_39502","PCN_4",16
"PO","Cell_12772","PO_1",35
"PO","Cell_13500","PO_2",27
"PO","Cell_18382","PO_3",16
"PO","Cell_6328","PO_1",35
"PO","Cell_10587","PO_3",16
"PO","Cell_40189","PO_1",35
"PO","Cell_8041","PO_1",35
"PO","Cell_10807","PO_2",27
"PO","Cell_16275","PO_1",35
"PO","Cell_19488","PO_2",27
"PO","Cell_45087","PO_3",16
"PO","Cell_1063","PO_1",35
"PO","Cell_4962","PO_1",35
"PO","Cell_6667","PO_3",16
"PO","Cell_9331","PO_3",16
"PO","Cell_12767","PO_1",35
"PO","Cell_13317","PO_2",27
"PO","Cell_14549","PO_1",35
"PO","Cell_16670","PO_2",27
"PO","Cell_27555","PO_1",35
"PO","Cell_28883","PO_2",27
"PO","Cell_30612","PO_3",16
"PO","Cell_30711","PO_3",16
"PO","Cell_36831","PO_1",35
"PO","Cell_38310","PO_3",16
"PO","Cell_42599","PO_2",27
"PO","Cell_42870","PO_1",35
"PO","Cell_44334","PO_2",27
"PO","Cell_23898","PO_3",16
"PO","Cell_44","PO_2",27
"PO","Cell_10483","PO_2",27
"PO","Cell_18889","PO_1",35
"PO","Cell_26406","PO_1",35
"PO","Cell_28354","PO_2",27
"PO","Cell_35822","PO_3",16
"PO","Cell_42260","PO_2",27
"PO","Cell_44283","PO_3",16
"PO","Cell_2238","PO_3",16
"PO","Cell_9346","PO_1",35
"PO","Cell_29942","PO_1",35
"PO","Cell_29961","PO_2",27
"PO","Cell_17968","PO_3",16
"PO","Cell_15747","PO_2",27
"PO","Cell_6464","PO_2",27
"PO","Cell_15350","PO_1",35
"PO","Cell_18849","PO_1",35
"PO","Cell_26964","PO_1",35
"PO","Cell_42798","PO_2",27
"PO","Cell_304","PO_1",35
"PO","Cell_31881","PO_2",27
"PO","Cell_31936","PO_3",16
"PO","Cell_43246","PO_2",27
"PO","Cell_15589","PO_1",35
"PO","Cell_17599","PO_2",27
"PO","Cell_29843","PO_1",35
"PO","Cell_32045","PO_1",35
"PO","Cell_33861","PO_1",35
"PO","Cell_35465","PO_1",35
"PO","Cell_39437","PO_1",35
"PO","Cell_15026","PO_2",27
"PO","Cell_29539","PO_2",27
"PO","Cell_43230","PO_2",27
"PO","Cell_10965","PO_1",35
"PO","Cell_19361","PO_2",27
"PO","Cell_14756","PO_1",35
"PO","Cell_43148","PO_1",35
"PO","Cell_12245","PO_2",27
"PO","Cell_12283","PO_2",27
"PO","Cell_25881","PO_1",35
"PO","Cell_28083","PO_1",35
"PO","Cell_39607","PO_1",35
"PO","Cell_536","PO_1",35
"PO","Cell_34059","PO_2",27
"PO","Cell_36297","PO_1",35
"PO","Cell_36478","PO_1",35
"PO","Cell_41676","PO_3",16
"PO","Cell_8712","PO_3",16
"PO","Cell_3092","PO_2",27
"PVT","Cell_15228","PVT_1",46
"PVT","Cell_30364","PVT_2",29
"PVT","Cell_31703","PVT_2",29
"PVT","Cell_171","PVT_1",46
"PVT","Cell_22960","PVT_1",46
"PVT","Cell_44378","PVT_1",46
"PVT","Cell_45267","PVT_1",46
"PVT","Cell_16656","PVT_1",46
"PVT","Cell_27538","PVT_1",46
"PVT","Cell_43302","PVT_1",46
"PVT","Cell_9111","PVT_2",29
"PVT","Cell_3403","PVT_1",46
"PVT","Cell_23638","PVT_1",46
"PVT","Cell_28831","PVT_1",46
"PVT","Cell_30087","PVT_1",46
"PVT","Cell_31853","PVT_1",46
"PVT","Cell_40341","PVT_2",29
"PVT","Cell_4764","PVT_2",29
"PVT","Cell_6636","PVT_2",29
"PVT","Cell_23847","PVT_2",29
"PVT","Cell_33493","PVT_2",29
"PVT","Cell_36626","PVT_2",29
"PVT","Cell_33972","PVT_1",46
"PVT","Cell_35008","PVT_2",29
"PVT","Cell_43247","PVT_1",46
"PVT","Cell_1886","PVT_1",46
"PVT","Cell_7439","PVT_2",29
"PVT","Cell_8658","PVT_1",46
"PVT","Cell_17539","PVT_1",46
"PVT","Cell_18019","PVT_1",46
"PVT","Cell_18130","PVT_1",46
"PVT","Cell_18925","PVT_2",29
"PVT","Cell_22068","PVT_2",29
"PVT","Cell_22804","PVT_2",29
"PVT","Cell_26990","PVT_2",29
"PVT","Cell_28776","PVT_1",46
"PVT","Cell_34390","PVT_1",46
"PVT","Cell_36609","PVT_1",46
"PVT","Cell_37062","PVT_2",29
"PVT","Cell_37074","PVT_1",46
"PVT","Cell_41994","PVT_1",46
"PVT","Cell_43756","PVT_1",46
"PVT","Cell_3655","PVT_1",46
"PVT","Cell_4284","PVT_2",29
"PVT","Cell_4800","PVT_1",46
"PVT","Cell_5133","PVT_1",46
"PVT","Cell_5204","PVT_1",46
"PVT","Cell_5564","PVT_1",46
"PVT","Cell_7161","PVT_1",46
"PVT","Cell_15306","PVT_1",46
"PVT","Cell_17669","PVT_1",46
"PVT","Cell_18865","PVT_2",29
"PVT","Cell_19679","PVT_1",46
"PVT","Cell_20211","PVT_1",46
"PVT","Cell_20405","PVT_1",46
"PVT","Cell_20450","PVT_1",46
"PVT","Cell_29116","PVT_1",46
"PVT","Cell_39549","PVT_1",46
"PVT","Cell_45224","PVT_1",46
"PVT","Cell_20400","PVT_2",29
"PVT","Cell_37797","PVT_2",29
"PVT","Cell_38300","PVT_2",29
"PVT","Cell_42882","PVT_2",29
"PVT","Cell_42888","PVT_2",29
"PVT","Cell_2063","PVT_1",46
"PVT","Cell_9223","PVT_1",46
"PVT","Cell_1536","PVT_2",29
"PVT","Cell_8307","PVT_1",46
"PVT","Cell_37125","PVT_2",29
"PVT","Cell_19239","PVT_2",29
"PVT","Cell_30605","PVT_1",46
"PVT","Cell_493","PVT_2",29
"PVT","Cell_2526","PVT_2",29
"PVT","Cell_3674","PVT_1",46
"PVT","Cell_27287","PVT_2",29
"RE","Cell_4719","RE_1",28
"RE","Cell_4752","RE_1",28
"RE","Cell_9437","RE_2",34
"RE","Cell_19876","RE_2",34
"RE","Cell_23032","RE_2",34
"RE","Cell_41604","RE_2",34
"RE","Cell_5970","RE_1",28
"RE","Cell_24873","RE_1",28
"RE","Cell_25194","RE_1",28
"RE","Cell_43240","RE_2",34
"RE","Cell_43821","RE_1",28
"RE","Cell_170","RE_1",28
"RE","Cell_4516","RE_1",28
"RE","Cell_23565","RE_1",28
"RE","Cell_34268","RE_2",34
"RE","Cell_11635","RE_1",28
"RE","Cell_507","RE_1",28
"RE","Cell_5688","RE_1",28
"RE","Cell_8442","RE_1",28
"RE","Cell_32860","RE_1",28
"RE","Cell_33284","RE_1",28
"RE","Cell_15668","RE_2",34
"RE","Cell_27573","RE_2",34
"RE","Cell_38047","RE_2",34
"RE","Cell_3794","RE_2",34
"RE","Cell_4268","RE_2",34
"RE","Cell_5034","RE_2",34
"RE","Cell_9071","RE_2",34
"RE","Cell_9920","RE_2",34
"RE","Cell_17198","RE_2",34
"RE","Cell_19891","RE_2",34
"RE","Cell_21527","RE_2",34
"RE","Cell_27268","RE_1",28
"RE","Cell_31258","RE_1",28
"RE","Cell_33682","RE_1",28
"RE","Cell_34135","RE_2",34
"RE","Cell_35626","RE_1",28
"RE","Cell_41685","RE_2",34
"RE","Cell_43791","RE_2",34
"RE","Cell_4967","RE_2",34
"RE","Cell_9088","RE_2",34
"RE","Cell_9337","RE_1",28
"RE","Cell_12112","RE_2",34
"RE","Cell_14154","RE_1",28
"RE","Cell_16663","RE_2",34
"RE","Cell_17126","RE_1",28
"RE","Cell_17223","RE_1",28
"RE","Cell_23141","RE_1",28
"RE","Cell_23624","RE_2",34
"RE","Cell_28976","RE_2",34
"RE","Cell_29893","RE_2",34
"RE","Cell_33165","RE_2",34
"RE","Cell_36622","RE_2",34
"RE","Cell_38402","RE_2",34
"RE","Cell_39257","RE_1",28
"RE","Cell_39820","RE_2",34
"RE","Cell_42225","RE_1",28
"RE","Cell_43680","RE_2",34
"RE","Cell_40283","RE_2",34
"RE","Cell_36688","RE_2",34
"RE","Cell_13849","RE_1",28
"RE","Cell_30061","RE_1",28
"RHP","Cell_2632","RHP_1",44
"RHP","Cell_5335","RHP_2",30
"RHP","Cell_5867","RHP_2",30
"RHP","Cell_27032","RHP_1",44
"RHP","Cell_39924","RHP_1",44
"RHP","Cell_40315","RHP_1",44
"RHP","Cell_6961","RHP_1",44
"RHP","Cell_42694","RHP_1",44
"RHP","Cell_4079","RHP_1",44
"RHP","Cell_10888","RHP_1",44
"RHP","Cell_36513","RHP_1",44
"RHP","Cell_25148","RHP_1",44
"RHP","Cell_30771","RHP_1",44
"RHP","Cell_2113","RHP_1",44
"RHP","Cell_15409","RHP_1",44
"RHP","Cell_15470","RHP_1",44
"RHP","Cell_15632","RHP_2",30
"RHP","Cell_18104","RHP_2",30
"RHP","Cell_23057","RHP_1",44
"RHP","Cell_23406","RHP_1",44
"RHP","Cell_26186","RHP_1",44
"RHP","Cell_26428","RHP_1",44
"RHP","Cell_28706","RHP_1",44
"RHP","Cell_34903","RHP_1",44
"RHP","Cell_36035","RHP_1",44
"RHP","Cell_44872","RHP_2",30
"RHP","Cell_19262","RHP_1",44
"RHP","Cell_19863","RHP_1",44
"RHP","Cell_26521","RHP_1",44
"RHP","Cell_31363","RHP_1",44
"RHP","Cell_36793","RHP_2",30
"RHP","Cell_36994","RHP_1",44
"RHP","Cell_18987","RHP_2",30
"RHP","Cell_12424","RHP_1",44
"RHP","Cell_200","RHP_2",30
"RHP","Cell_2048","RHP_1",44
"RHP","Cell_2881","RHP_1",44
"RHP","Cell_12863","RHP_1",44
"RHP","Cell_33397","RHP_1",44
"RHP","Cell_34156","RHP_2",30
"RHP","Cell_42162","RHP_2",30
"RHP","Cell_1527","RHP_1",44
"RHP","Cell_30118","RHP_1",44
"RHP","Cell_31201","RHP_1",44
"RHP","Cell_9531","RHP_2",30
"RHP","Cell_13014","RHP_2",30
"RHP","Cell_30416","RHP_2",30
"RHP","Cell_35049","RHP_2",30
"RHP","Cell_10330","RHP_1",44
"RHP","Cell_36236","RHP_2",30
"RHP","Cell_6154","RHP_1",44
"RHP","Cell_23796","RHP_1",44
"RHP","Cell_3423","RHP_3",22
"RHP","Cell_3916","RHP_4",32
"RHP","Cell_9439","RHP_4",32
"RHP","Cell_12233","RHP_2",30
"RHP","Cell_14063","RHP_3",22
"RHP","Cell_16373","RHP_4",32
"RHP","Cell_16851","RHP_4",32
"RHP","Cell_17412","RHP_3",22
"RHP","Cell_31545","RHP_4",32
"RHP","Cell_32469","RHP_3",22
"RHP","Cell_12231","RHP_3",22
"RHP","Cell_19820","RHP_4",32
"RHP","Cell_20028","RHP_2",30
"RHP","Cell_29132","RHP_3",22
"RHP","Cell_32352","RHP_2",30
"RHP","Cell_35400","RHP_3",22
"RHP","Cell_35471","RHP_2",30
"RHP","Cell_37515","RHP_4",32
"RHP","Cell_40245","RHP_4",32
"RHP","Cell_7336","RHP_4",32
"RHP","Cell_15063","RHP_2",30
"RHP","Cell_25380","RHP_2",30
"RHP","Cell_128","RHP_4",32
"RHP","Cell_1828","RHP_3",22
"RHP","Cell_5665","RHP_3",22
"RHP","Cell_7669","RHP_3",22
"RHP","Cell_10018","RHP_4",32
"RHP","Cell_12946","RHP_4",32
"RHP","Cell_19905","RHP_4",32
"RHP","Cell_27481","RHP_4",32
"RHP","Cell_30023","RHP_4",32
"RHP","Cell_31499","RHP_3",22
"RHP","Cell_31796","RHP_3",22
"RHP","Cell_36199","RHP_4",32
"RHP","Cell_37745","RHP_4",32
"RHP","Cell_41329","RHP_4",32
"RHP","Cell_43337","RHP_3",22
"RHP","Cell_45060","RHP_4",32
"RHP","Cell_1756","RHP_3",22
"RHP","Cell_8816","RHP_3",22
"RHP","Cell_11567","RHP_3",22
"RHP","Cell_12515","RHP_4",32
"RHP","Cell_15073","RHP_3",22
"RHP","Cell_16402","RHP_2",30
"RHP","Cell_19042","RHP_2",30
"RHP","Cell_20317","RHP_4",32
"RHP","Cell_23209","RHP_2",30
"RHP","Cell_26364","RHP_2",30
"RHP","Cell_29331","RHP_4",32
"RHP","Cell_30931","RHP_4",32
"RHP","Cell_32813","RHP_4",32
"RHP","Cell_38864","RHP_2",30
"RHP","Cell_39323","RHP_4",32
"RHP","Cell_40307","RHP_2",30
"RHP","Cell_28629","RHP_4",32
"RHP","Cell_36108","RHP_4",32
"RHP","Cell_44563","RHP_4",32
"RHP","Cell_6206","RHP_4",32
"RHP","Cell_13993","RHP_3",22
"RHP","Cell_30255","RHP_4",32
"RHP","Cell_31743","RHP_3",22
"RHP","Cell_38179","RHP_2",30
"RHP","Cell_41127","RHP_3",22
"RHP","Cell_18543","RHP_4",32
"RHP","Cell_22060","RHP_3",22
"RHP","Cell_28067","RHP_2",30
"RHP","Cell_38396","RHP_2",30
"RHP","Cell_19083","RHP_3",22
"RHP","Cell_37398","RHP_4",32
"RHP","Cell_7641","RHP_6",39
"RHP","Cell_10802","RHP_1",44
"RHP","Cell_7087","RHP_1",44
"RHP","Cell_11121","RHP_1",44
"RHP","Cell_18750","RHP_1",44
"RHP","Cell_42648","RHP_1",44
"RHP","Cell_11403","RHP_6",39
"RHP","Cell_17564","RHP_6",39
"RHP","Cell_1699","RHP_6",39
"RHP","Cell_5789","RHP_1",44
"RHP","Cell_14116","RHP_6",39
"RHP","Cell_15659","RHP_1",44
"RHP","Cell_28335","RHP_6",39
"RHP","Cell_40557","RHP_6",39
"RHP","Cell_45266","RHP_6",39
"RHP","Cell_29506","RHP_6",39
"RHP","Cell_40539","RHP_6",39
"RHP","Cell_26009","RHP_6",39
"RHP","Cell_38865","RHP_6",39
"RHP","Cell_40142","RHP_6",39
"RHP","Cell_4191","RHP_6",39
"RHP","Cell_35798","RHP_6",39
"RHP","Cell_9321","RHP_6",39
"RHP","Cell_24457","RHP_6",39
"RHP","Cell_43538","RHP_6",39
"RHP","Cell_14314","RHP_6",39
"RHP","Cell_2086","RHP_6",39
"RHP","Cell_2684","RHP_6",39
"RHP","Cell_22245","RHP_6",39
"RHP","Cell_26710","RHP_6",39
"RHP","Cell_35304","RHP_6",39
"RHP","Cell_3442","RHP_6",39
"RHP","Cell_3849","RHP_6",39
"RHP","Cell_6931","RHP_6",39
"RHP","Cell_7183","RHP_6",39
"RHP","Cell_8835","RHP_6",39
"RHP","Cell_26385","RHP_6",39
"RHP","Cell_32200","RHP_6",39
"RHP","Cell_42458","RHP_6",39
"RHP","Cell_7728","RHP_6",39
"RHP","Cell_25910","RHP_6",39
"RHP","Cell_38279","RHP_6",39
"RHP","Cell_42930","RHP_6",39
"RHP","Cell_13681","RHP_6",39
"RHP","Cell_15619","RHP_6",39
"RHP","Cell_18616","RHP_6",39
"RT","Cell_5196","RT_1",73
"RT","Cell_8995","RT_2",71
"RT","Cell_12038","RT_3",40
"RT","Cell_12545","RT_4",60
"RT","Cell_19990","RT_4",60
"RT","Cell_21883","RT_5",37
"RT","Cell_24930","RT_1",73
"RT","Cell_36884","RT_3",40
"RT","Cell_37600","RT_6",80
"RT","Cell_37910","RT_7",76
"RT","Cell_40918","RT_6",80
"RT","Cell_43936","RT_8",67
"RT","Cell_11638","RT_5",37
"RT","Cell_18846","RT_1",73
"RT","Cell_22458","RT_2",71
"RT","Cell_28866","RT_1",73
"RT","Cell_34122","RT_3",40
"RT","Cell_35035","RT_5",37
"RT","Cell_38385","RT_6",80
"RT","Cell_4308","RT_1",73
"RT","Cell_8510","RT_6",80
"RT","Cell_11154","RT_6",80
"RT","Cell_13039","RT_4",60
"RT","Cell_13474","RT_6",80
"RT","Cell_14969","RT_3",40
"RT","Cell_18839","RT_1",73
"RT","Cell_20416","RT_8",67
"RT","Cell_21186","RT_1",73
"RT","Cell_21204","RT_2",71
"RT","Cell_23568","RT_6",80
"RT","Cell_26658","RT_8",67
"RT","Cell_30292","RT_6",80
"RT","Cell_31514","RT_8",67
"RT","Cell_31767","RT_9",37
"RT","Cell_33576","RT_8",67
"RT","Cell_34323","RT_6",80
"RT","Cell_34329","RT_7",76
"RT","Cell_35597","RT_8",67
"RT","Cell_35708","RT_5",37
"RT","Cell_36165","RT_6",80
"RT","Cell_37374","RT_6",80
"RT","Cell_43513","RT_2",71
"RT","Cell_45094","RT_6",80
"RT","Cell_2239","RT_2",71
"RT","Cell_2770","RT_1",73
"RT","Cell_16557","RT_1",73
"RT","Cell_22181","RT_4",60
"RT","Cell_26889","RT_2",71
"RT","Cell_27702","RT_4",60
"RT","Cell_37501","RT_2",71
"RT","Cell_40782","RT_2",71
"RT","Cell_41401","RT_4",60
"RT","Cell_43288","RT_4",60
"RT","Cell_281","RT_8",67
"RT","Cell_1480","RT_7",76
"RT","Cell_1782","RT_8",67
"RT","Cell_25676","RT_1",73
"RT","Cell_36701","RT_4",60
"RT","Cell_41018","RT_4",60
"RT","Cell_41487","RT_1",73
"RT","Cell_41775","RT_8",67
"RT","Cell_44687","RT_8",67
"RT","Cell_3","RT_4",60
"RT","Cell_396","RT_1",73
"RT","Cell_525","RT_1",73
"RT","Cell_1488","RT_7",76
"RT","Cell_1590","RT_1",73
"RT","Cell_2443","RT_6",80
"RT","Cell_3589","RT_3",40
"RT","Cell_3630","RT_9",37
"RT","Cell_4701","RT_8",67
"RT","Cell_6619","RT_7",76
"RT","Cell_6884","RT_8",67
"RT","Cell_7050","RT_1",73
"RT","Cell_10149","RT_3",40
"RT","Cell_12686","RT_9",37
"RT","Cell_15074","RT_4",60
"RT","Cell_15614","RT_1",73
"RT","Cell_17677","RT_6",80
"RT","Cell_19775","RT_8",67
"RT","Cell_19947","RT_3",40
"RT","Cell_25125","RT_6",80
"RT","Cell_25594","RT_1",73
"RT","Cell_26771","RT_1",73
"RT","Cell_29168","RT_6",80
"RT","Cell_29867","RT_7",76
"RT","Cell_30099","RT_7",76
"RT","Cell_31348","RT_7",76
"RT","Cell_32136","RT_6",80
"RT","Cell_34848","RT_8",67
"RT","Cell_34902","RT_5",37
"RT","Cell_34968","RT_6",80
"RT","Cell_37508","RT_9",37
"RT","Cell_37734","RT_1",73
"RT","Cell_39583","RT_6",80
"RT","Cell_40546","RT_1",73
"RT","Cell_41779","RT_9",37
"RT","Cell_41958","RT_7",76
"RT","Cell_44357","RT_8",67
"RT","Cell_328","RT_9",37
"RT","Cell_391","RT_2",71
"RT","Cell_530","RT_5",37
"RT","Cell_534","RT_1",73
"RT","Cell_928","RT_2",71
"RT","Cell_1675","RT_3",40
"RT","Cell_1959","RT_5",37
"RT","Cell_2142","RT_1",73
"RT","Cell_2402","RT_7",76
"RT","Cell_2457","RT_1",73
"RT","Cell_2630","RT_8",67
"RT","Cell_2949","RT_7",76
"RT","Cell_2986","RT_6",80
"RT","Cell_3023","RT_5",37
"RT","Cell_3331","RT_7",76
"RT","Cell_3441","RT_7",76
"RT","Cell_3761","RT_8",67
"RT","Cell_3881","RT_3",40
"RT","Cell_4230","RT_4",60
"RT","Cell_4420","RT_2",71
"RT","Cell_4506","RT_1",73
"RT","Cell_4585","RT_9",37
"RT","Cell_4793","RT_9",37
"RT","Cell_4907","RT_6",80
"RT","Cell_5255","RT_8",67
"RT","Cell_5508","RT_6",80
"RT","Cell_5524","RT_6",80
"RT","Cell_5995","RT_2",71
"RT","Cell_6227","RT_9",37
"RT","Cell_6231","RT_9",37
"RT","Cell_6264","RT_5",37
"RT","Cell_6304","RT_4",60
"RT","Cell_6311","RT_2",71
"RT","Cell_6538","RT_9",37
"RT","Cell_6737","RT_5",37
"RT","Cell_6760","RT_8",67
"RT","Cell_6765","RT_6",80
"RT","Cell_7627","RT_8",67
"RT","Cell_8250","RT_3",40
"RT","Cell_8752","RT_8",67
"RT","Cell_9067","RT_6",80
"RT","Cell_9174","RT_3",40
"RT","Cell_9183","RT_2",71
"RT","Cell_9253","RT_4",60
"RT","Cell_9471","RT_7",76
"RT","Cell_9806","RT_2",71
"RT","Cell_9979","RT_8",67
"RT","Cell_10240","RT_9",37
"RT","Cell_10298","RT_2",71
"RT","Cell_10353","RT_7",76
"RT","Cell_10445","RT_3",40
"RT","Cell_10457","RT_6",80
"RT","Cell_10914","RT_5",37
"RT","Cell_11127","RT_4",60
"RT","Cell_11417","RT_1",73
"RT","Cell_11680","RT_7",76
"RT","Cell_11718","RT_5",37
"RT","Cell_12321","RT_3",40
"RT","Cell_12396","RT_3",40
"RT","Cell_12690","RT_4",60
"RT","Cell_12813","RT_7",76
"RT","Cell_12828","RT_2",71
"RT","Cell_13038","RT_2",71
"RT","Cell_13155","RT_1",73
"RT","Cell_13170","RT_9",37
"RT","Cell_13329","RT_2",71
"RT","Cell_14048","RT_6",80
"RT","Cell_14143","RT_2",71
"RT","Cell_14184","RT_3",40
"RT","Cell_14217","RT_7",76
"RT","Cell_14434","RT_8",67
"RT","Cell_14861","RT_4",60
"RT","Cell_15004","RT_6",80
"RT","Cell_15081","RT_1",73
"RT","Cell_15863","RT_2",71
"RT","Cell_15903","RT_4",60
"RT","Cell_15974","RT_2",71
"RT","Cell_16018","RT_6",80
"RT","Cell_16052","RT_9",37
"RT","Cell_16266","RT_8",67
"RT","Cell_16433","RT_6",80
"RT","Cell_16728","RT_9",37
"RT","Cell_16900","RT_7",76
"RT","Cell_17432","RT_2",71
"RT","Cell_18112","RT_6",80
"RT","Cell_18392","RT_6",80
"RT","Cell_18590","RT_1",73
"RT","Cell_18600","RT_2",71
"RT","Cell_18754","RT_6",80
"RT","Cell_19024","RT_8",67
"RT","Cell_19397","RT_7",76
"RT","Cell_19631","RT_5",37
"RT","Cell_19934","RT_5",37
"RT","Cell_20458","RT_7",76
"RT","Cell_20588","RT_7",76
"RT","Cell_21011","RT_4",60
"RT","Cell_21366","RT_8",67
"RT","Cell_21518","RT_1",73
"RT","Cell_21601","RT_7",76
"RT","Cell_21963","RT_5",37
"RT","Cell_21996","RT_1",73
"RT","Cell_22094","RT_3",40
"RT","Cell_22343","RT_6",80
"RT","Cell_22713","RT_7",76
"RT","Cell_22959","RT_3",40
"RT","Cell_23095","RT_1",73
"RT","Cell_23297","RT_4",60
"RT","Cell_23353","RT_7",76
"RT","Cell_23562","RT_6",80
"RT","Cell_23643","RT_1",73
"RT","Cell_24245","RT_5",37
"RT","Cell_24698","RT_2",71
"RT","Cell_24723","RT_1",73
"RT","Cell_24799","RT_7",76
"RT","Cell_24946","RT_1",73
"RT","Cell_25021","RT_8",67
"RT","Cell_25114","RT_8",67
"RT","Cell_25221","RT_8",67
"RT","Cell_25242","RT_1",73
"RT","Cell_25326","RT_7",76
"RT","Cell_25370","RT_1",73
"RT","Cell_25439","RT_7",76
"RT","Cell_25624","RT_8",67
"RT","Cell_25703","RT_3",40
"RT","Cell_26083","RT_6",80
"RT","Cell_26551","RT_4",60
"RT","Cell_26650","RT_3",40
"RT","Cell_26665","RT_2",71
"RT","Cell_26727","RT_2",71
"RT","Cell_26825","RT_5",37
"RT","Cell_27181","RT_6",80
"RT","Cell_27648","RT_8",67
"RT","Cell_27652","RT_8",67
"RT","Cell_27852","RT_3",40
"RT","Cell_28362","RT_7",76
"RT","Cell_28690","RT_8",67
"RT","Cell_28929","RT_2",71
"RT","Cell_29137","RT_2",71
"RT","Cell_29362","RT_2",71
"RT","Cell_29570","RT_4",60
"RT","Cell_29619","RT_4",60
"RT","Cell_29835","RT_6",80
"RT","Cell_29896","RT_8",67
"RT","Cell_30143","RT_7",76
"RT","Cell_30161","RT_8",67
"RT","Cell_30523","RT_1",73
"RT","Cell_30547","RT_2",71
"RT","Cell_30659","RT_6",80
"RT","Cell_30728","RT_7",76
"RT","Cell_31347","RT_7",76
"RT","Cell_31828","RT_8",67
"RT","Cell_31945","RT_5",37
"RT","Cell_32040","RT_8",67
"RT","Cell_32360","RT_1",73
"RT","Cell_32440","RT_1",73
"RT","Cell_32455","RT_9",37
"RT","Cell_32566","RT_2",71
"RT","Cell_32671","RT_5",37
"RT","Cell_33114","RT_9",37
"RT","Cell_33172","RT_4",60
"RT","Cell_33253","RT_2",71
"RT","Cell_33270","RT_9",37
"RT","Cell_33287","RT_6",80
"RT","Cell_33299","RT_7",76
"RT","Cell_33558","RT_3",40
"RT","Cell_33627","RT_4",60
"RT","Cell_33939","RT_7",76
"RT","Cell_34077","RT_6",80
"RT","Cell_34231","RT_4",60
"RT","Cell_34301","RT_2",71
"RT","Cell_34306","RT_6",80
"RT","Cell_34391","RT_8",67
"RT","Cell_34459","RT_7",76
"RT","Cell_34461","RT_4",60
"RT","Cell_34497","RT_6",80
"RT","Cell_34594","RT_8",67
"RT","Cell_34812","RT_3",40
"RT","Cell_34915","RT_4",60
"RT","Cell_35029","RT_7",76
"RT","Cell_35171","RT_4",60
"RT","Cell_35509","RT_9",37
"RT","Cell_35584","RT_6",80
"RT","Cell_35935","RT_6",80
"RT","Cell_36176","RT_4",60
"RT","Cell_36316","RT_7",76
"RT","Cell_36349","RT_1",73
"RT","Cell_36471","RT_4",60
"RT","Cell_36754","RT_1",73
"RT","Cell_37088","RT_1",73
"RT","Cell_37130","RT_1",73
"RT","Cell_37151","RT_2",71
"RT","Cell_37329","RT_4",60
"RT","Cell_37672","RT_5",37
"RT","Cell_37689","RT_7",76
"RT","Cell_37762","RT_3",40
"RT","Cell_37907","RT_2",71
"RT","Cell_37959","RT_2",71
"RT","Cell_38121","RT_6",80
"RT","Cell_38188","RT_2",71
"RT","Cell_38340","RT_8",67
"RT","Cell_38360","RT_1",73
"RT","Cell_38425","RT_6",80
"RT","Cell_38581","RT_2",71
"RT","Cell_38621","RT_6",80
"RT","Cell_38800","RT_5",37
"RT","Cell_39167","RT_7",76
"RT","Cell_39236","RT_8",67
"RT","Cell_39438","RT_3",40
"RT","Cell_39630","RT_9",37
"RT","Cell_39764","RT_7",76
"RT","Cell_40006","RT_9",37
"RT","Cell_40100","RT_6",80
"RT","Cell_40178","RT_1",73
"RT","Cell_40376","RT_3",40
"RT","Cell_40573","RT_5",37
"RT","Cell_40758","RT_8",67
"RT","Cell_40858","RT_7",76
"RT","Cell_40887","RT_7",76
"RT","Cell_41004","RT_2",71
"RT","Cell_41449","RT_4",60
"RT","Cell_41515","RT_4",60
"RT","Cell_41684","RT_2",71
"RT","Cell_42725","RT_9",37
"RT","Cell_42751","RT_2",71
"RT","Cell_43198","RT_7",76
"RT","Cell_43205","RT_7",76
"RT","Cell_43485","RT_7",76
"RT","Cell_43567","RT_6",80
"RT","Cell_43907","RT_1",73
"RT","Cell_43985","RT_3",40
"RT","Cell_44057","RT_6",80
"RT","Cell_44169","RT_7",76
"RT","Cell_44292","RT_8",67
"RT","Cell_44381","RT_5",37
"RT","Cell_44386","RT_6",80
"RT","Cell_44505","RT_1",73
"RT","Cell_45017","RT_2",71
"RT","Cell_45101","RT_2",71
"RT","Cell_5122","RT_8",67
"RT","Cell_20846","RT_3",40
"RT","Cell_44528","RT_8",67
"RT","Cell_3335","RT_7",76
"RT","Cell_6455","RT_9",37
"RT","Cell_10921","RT_1",73
"RT","Cell_12191","RT_8",67
"RT","Cell_12481","RT_7",76
"RT","Cell_14548","RT_1",73
"RT","Cell_19419","RT_8",67
"RT","Cell_23296","RT_6",80
"RT","Cell_23838","RT_7",76
"RT","Cell_24574","RT_5",37
"RT","Cell_34258","RT_1",73
"RT","Cell_34783","RT_1",73
"RT","Cell_40167","RT_6",80
"RT","Cell_40731","RT_8",67
"RT","Cell_43465","RT_6",80
"RT","Cell_43853","RT_1",73
"RT","Cell_44862","RT_4",60
"RT","Cell_3179","RT_8",67
"RT","Cell_14251","RT_1",73
"RT","Cell_1377","RT_5",37
"RT","Cell_6861","RT_2",71
"RT","Cell_34521","RT_2",71
"RT","Cell_44336","RT_2",71
"RT","Cell_11276","RT_1",73
"RT","Cell_11518","RT_4",60
"RT","Cell_19593","RT_4",60
"RT","Cell_25570","RT_5",37
"RT","Cell_39192","RT_4",60
"RT","Cell_42539","RT_4",60
"RT","Cell_2991","RT_9",37
"RT","Cell_3622","RT_8",67
"RT","Cell_4281","RT_6",80
"RT","Cell_4365","RT_5",37
"RT","Cell_6474","RT_8",67
"RT","Cell_8531","RT_6",80
"RT","Cell_9280","RT_2",71
"RT","Cell_10142","RT_6",80
"RT","Cell_10962","RT_1",73
"RT","Cell_11673","RT_3",40
"RT","Cell_12359","RT_6",80
"RT","Cell_13218","RT_6",80
"RT","Cell_15557","RT_7",76
"RT","Cell_16176","RT_4",60
"RT","Cell_16571","RT_3",40
"RT","Cell_19017","RT_5",37
"RT","Cell_20953","RT_1",73
"RT","Cell_21272","RT_6",80
"RT","Cell_22994","RT_8",67
"RT","Cell_23495","RT_8",67
"RT","Cell_27761","RT_7",76
"RT","Cell_28496","RT_4",60
"RT","Cell_29110","RT_4",60
"RT","Cell_29153","RT_7",76
"RT","Cell_31264","RT_8",67
"RT","Cell_34513","RT_3",40
"RT","Cell_40326","RT_6",80
"RT","Cell_43370","RT_7",76
"RT","Cell_550","RT_9",37
"RT","Cell_1208","RT_7",76
"RT","Cell_1767","RT_8",67
"RT","Cell_3170","RT_4",60
"RT","Cell_5684","RT_3",40
"RT","Cell_6195","RT_6",80
"RT","Cell_6210","RT_5",37
"RT","Cell_6747","RT_6",80
"RT","Cell_10104","RT_6",80
"RT","Cell_11831","RT_7",76
"RT","Cell_12670","RT_4",60
"RT","Cell_13075","RT_1",73
"RT","Cell_15227","RT_9",37
"RT","Cell_16507","RT_1",73
"RT","Cell_19584","RT_7",76
"RT","Cell_21303","RT_9",37
"RT","Cell_22413","RT_9",37
"RT","Cell_23054","RT_8",67
"RT","Cell_25733","RT_7",76
"RT","Cell_26242","RT_1",73
"RT","Cell_28149","RT_1",73
"RT","Cell_28877","RT_1",73
"RT","Cell_29498","RT_7",76
"RT","Cell_31795","RT_1",73
"RT","Cell_32602","RT_5",37
"RT","Cell_32819","RT_8",67
"RT","Cell_32833","RT_6",80
"RT","Cell_33587","RT_7",76
"RT","Cell_34129","RT_7",76
"RT","Cell_35710","RT_1",73
"RT","Cell_35791","RT_3",40
"RT","Cell_38359","RT_4",60
"RT","Cell_38666","RT_7",76
"RT","Cell_40033","RT_1",73
"RT","Cell_40212","RT_6",80
"RT","Cell_41794","RT_1",73
"RT","Cell_41891","RT_9",37
"RT","Cell_42928","RT_2",71
"RT","Cell_45095","RT_8",67
"RT","Cell_14316","RT_6",80
"RT","Cell_21292","RT_2",71
"RT","Cell_42788","RT_7",76
"RT","Cell_44463","RT_1",73
"RT","Cell_383","RT_7",76
"RT","Cell_1799","RT_8",67
"RT","Cell_2231","RT_6",80
"RT","Cell_2259","RT_4",60
"RT","Cell_3267","RT_3",40
"RT","Cell_3867","RT_8",67
"RT","Cell_4480","RT_9",37
"RT","Cell_4827","RT_7",76
"RT","Cell_4921","RT_4",60
"RT","Cell_5280","RT_2",71
"RT","Cell_5655","RT_7",76
"RT","Cell_6642","RT_9",37
"RT","Cell_8632","RT_3",40
"RT","Cell_10630","RT_3",40
"RT","Cell_12524","RT_5",37
"RT","Cell_13492","RT_3",40
"RT","Cell_14261","RT_5",37
"RT","Cell_14820","RT_2",71
"RT","Cell_15494","RT_5",37
"RT","Cell_16218","RT_2",71
"RT","Cell_16412","RT_8",67
"RT","Cell_16439","RT_9",37
"RT","Cell_17696","RT_7",76
"RT","Cell_18632","RT_6",80
"RT","Cell_19640","RT_2",71
"RT","Cell_20331","RT_4",60
"RT","Cell_20586","RT_4",60
"RT","Cell_20765","RT_5",37
"RT","Cell_22021","RT_6",80
"RT","Cell_22344","RT_4",60
"RT","Cell_24453","RT_8",67
"RT","Cell_24580","RT_4",60
"RT","Cell_25852","RT_2",71
"RT","Cell_26423","RT_4",60
"RT","Cell_26675","RT_2",71
"RT","Cell_27809","RT_5",37
"RT","Cell_28092","RT_2",71
"RT","Cell_28854","RT_7",76
"RT","Cell_29654","RT_4",60
"RT","Cell_29914","RT_6",80
"RT","Cell_30330","RT_3",40
"RT","Cell_31493","RT_5",37
"RT","Cell_31745","RT_2",71
"RT","Cell_32543","RT_3",40
"RT","Cell_32693","RT_8",67
"RT","Cell_32937","RT_2",71
"RT","Cell_33673","RT_2",71
"RT","Cell_34505","RT_2",71
"RT","Cell_34559","RT_7",76
"RT","Cell_34654","RT_6",80
"RT","Cell_34693","RT_9",37
"RT","Cell_35124","RT_4",60
"RT","Cell_35234","RT_6",80
"RT","Cell_35275","RT_7",76
"RT","Cell_36430","RT_8",67
"RT","Cell_36846","RT_5",37
"RT","Cell_37321","RT_2",71
"RT","Cell_37473","RT_7",76
"RT","Cell_37903","RT_4",60
"RT","Cell_38011","RT_7",76
"RT","Cell_38505","RT_6",80
"RT","Cell_38647","RT_4",60
"RT","Cell_39337","RT_3",40
"RT","Cell_40135","RT_7",76
"RT","Cell_42835","RT_2",71
"RT","Cell_44121","RT_2",71
"RT","Cell_44394","RT_2",71
"RT","Cell_5310","RT_6",80
"RT","Cell_7052","RT_7",76
"RT","Cell_996","RT_4",60
"RT","Cell_3482","RT_8",67
"RT","Cell_4530","RT_7",76
"RT","Cell_6307","RT_2",71
"RT","Cell_9190","RT_7",76
"RT","Cell_9749","RT_6",80
"RT","Cell_19170","RT_4",60
"RT","Cell_23170","RT_1",73
"RT","Cell_27079","RT_2",71
"RT","Cell_34589","RT_1",73
"RT","Cell_36941","RT_6",80
"RT","Cell_40637","RT_9",37
"RT","Cell_43241","RT_2",71
"RT","Cell_43266","RT_1",73
"RT","Cell_14527","RT_4",60
"RT","Cell_37728","RT_1",73
"RT","Cell_42955","RT_9",37
"RT","Cell_39963","RT_3",40
"RT","Cell_24717","RT_1",73
"RT","Cell_33788","RT_6",80
"RT","Cell_15088","RT_9",37
"RT","Cell_21915","RT_2",71
"RT","Cell_22360","RT_8",67
"RT","Cell_23632","RT_9",37
"RT","Cell_43479","RT_1",73
"RT","Cell_38699","RT_1",73
"RT","Cell_5501","RT_4",60
"RT","Cell_29620","RT_2",71
"RT","Cell_31283","RT_7",76
"RT","Cell_36909","RT_2",71
"RT","Cell_13767","RT_8",67
"RT","Cell_41816","RT_6",80
"SI","Cell_3377","SI_1",19
"SI","Cell_8073","SI_2",18
"SI","Cell_20576","SI_2",18
"SI","Cell_23465","SI_3",21
"SI","Cell_29759","SI_3",21
"SI","Cell_39125","SI_3",21
"SI","Cell_19508","SI_3",21
"SI","Cell_3324","SI_1",19
"SI","Cell_28239","SI_1",19
"SI","Cell_30946","SI_3",21
"SI","Cell_32827","SI_3",21
"SI","Cell_34441","SI_1",19
"SI","Cell_41013","SI_3",21
"SI","Cell_4038","SI_2",18
"SI","Cell_5945","SI_3",21
"SI","Cell_6897","SI_1",19
"SI","Cell_7021","SI_3",21
"SI","Cell_9727","SI_3",21
"SI","Cell_12126","SI_3",21
"SI","Cell_13798","SI_3",21
"SI","Cell_19162","SI_3",21
"SI","Cell_24349","SI_2",18
"SI","Cell_26913","SI_3",21
"SI","Cell_27106","SI_3",21
"SI","Cell_31119","SI_1",19
"SI","Cell_36085","SI_2",18
"SI","Cell_40229","SI_1",19
"SI","Cell_40695","SI_2",18
"SI","Cell_44363","SI_2",18
"SI","Cell_5282","SI_2",18
"SI","Cell_7317","SI_2",18
"SI","Cell_15882","SI_1",19
"SI","Cell_17016","SI_1",19
"SI","Cell_17103","SI_3",21
"SI","Cell_18041","SI_3",21
"SI","Cell_19284","SI_2",18
"SI","Cell_19813","SI_2",18
"SI","Cell_21712","SI_3",21
"SI","Cell_21846","SI_2",18
"SI","Cell_25748","SI_3",21
"SI","Cell_31282","SI_3",21
"SI","Cell_35435","SI_1",19
"SI","Cell_37129","SI_1",19
"SI","Cell_39418","SI_1",19
"SI","Cell_41776","SI_2",18
"SI","Cell_17784","SI_1",19
"SI","Cell_20379","SI_3",21
"SI","Cell_22605","SI_1",19
"SI","Cell_24384","SI_2",18
"SI","Cell_24771","SI_1",19
"SI","Cell_34511","SI_1",19
"SI","Cell_38697","SI_1",19
"SI","Cell_40807","SI_1",19
"SI","Cell_44178","SI_2",18
"SI","Cell_38206","SI_2",18
"SI","Cell_25459","SI_2",18
"SI","Cell_39517","SI_1",19
"SI","Cell_3800","SI_2",18
"SMT","Cell_669","SMT_1",41
"SMT","Cell_11030","SMT_2",43
"SMT","Cell_19900","SMT_1",41
"SMT","Cell_20537","SMT_2",43
"SMT","Cell_28228","SMT_2",43
"SMT","Cell_31886","SMT_2",43
"SMT","Cell_32188","SMT_3",45
"SMT","Cell_33525","SMT_4",53
"SMT","Cell_38152","SMT_2",43
"SMT","Cell_39246","SMT_1",41
"SMT","Cell_44798","SMT_1",41
"SMT","Cell_5500","SMT_1",41
"SMT","Cell_35320","SMT_1",41
"SMT","Cell_35628","SMT_1",41
"SMT","Cell_1808","SMT_3",45
"SMT","Cell_2723","SMT_2",43
"SMT","Cell_5396","SMT_2",43
"SMT","Cell_6357","SMT_4",53
"SMT","Cell_10281","SMT_4",53
"SMT","Cell_13065","SMT_1",41
"SMT","Cell_15472","SMT_2",43
"SMT","Cell_17462","SMT_4",53
"SMT","Cell_24149","SMT_1",41
"SMT","Cell_29592","SMT_1",41
"SMT","Cell_40226","SMT_2",43
"SMT","Cell_41377","SMT_4",53
"SMT","Cell_1534","SMT_3",45
"SMT","Cell_16153","SMT_3",45
"SMT","Cell_17527","SMT_4",53
"SMT","Cell_29834","SMT_1",41
"SMT","Cell_2571","SMT_1",41
"SMT","Cell_10599","SMT_2",43
"SMT","Cell_15504","SMT_1",41
"SMT","Cell_18568","SMT_2",43
"SMT","Cell_18963","SMT_2",43
"SMT","Cell_3566","SMT_3",45
"SMT","Cell_4629","SMT_1",41
"SMT","Cell_30977","SMT_4",53
"SMT","Cell_34822","SMT_4",53
"SMT","Cell_37390","SMT_4",53
"SMT","Cell_42667","SMT_1",41
"SMT","Cell_2432","SMT_2",43
"SMT","Cell_4469","SMT_3",45
"SMT","Cell_5809","SMT_2",43
"SMT","Cell_6316","SMT_4",53
"SMT","Cell_8380","SMT_2",43
"SMT","Cell_9164","SMT_3",45
"SMT","Cell_10230","SMT_2",43
"SMT","Cell_10761","SMT_2",43
"SMT","Cell_10897","SMT_1",41
"SMT","Cell_11534","SMT_2",43
"SMT","Cell_12055","SMT_1",41
"SMT","Cell_14589","SMT_4",53
"SMT","Cell_16349","SMT_4",53
"SMT","Cell_16381","SMT_4",53
"SMT","Cell_16629","SMT_2",43
"SMT","Cell_17217","SMT_4",53
"SMT","Cell_17264","SMT_4",53
"SMT","Cell_17746","SMT_2",43
"SMT","Cell_17773","SMT_1",41
"SMT","Cell_20366","SMT_1",41
"SMT","Cell_24687","SMT_3",45
"SMT","Cell_25180","SMT_3",45
"SMT","Cell_28078","SMT_4",53
"SMT","Cell_28927","SMT_2",43
"SMT","Cell_31035","SMT_1",41
"SMT","Cell_31771","SMT_3",45
"SMT","Cell_31841","SMT_1",41
"SMT","Cell_32714","SMT_2",43
"SMT","Cell_33829","SMT_1",41
"SMT","Cell_35014","SMT_3",45
"SMT","Cell_35089","SMT_3",45
"SMT","Cell_35513","SMT_4",53
"SMT","Cell_36141","SMT_2",43
"SMT","Cell_37463","SMT_1",41
"SMT","Cell_38259","SMT_4",53
"SMT","Cell_38837","SMT_1",41
"SMT","Cell_39758","SMT_3",45
"SMT","Cell_40895","SMT_4",53
"SMT","Cell_41497","SMT_4",53
"SMT","Cell_41616","SMT_2",43
"SMT","Cell_1854","SMT_3",45
"SMT","Cell_3776","SMT_2",43
"SMT","Cell_4940","SMT_3",45
"SMT","Cell_7116","SMT_2",43
"SMT","Cell_8457","SMT_1",41
"SMT","Cell_10531","SMT_2",43
"SMT","Cell_10563","SMT_2",43
"SMT","Cell_10615","SMT_2",43
"SMT","Cell_10647","SMT_4",53
"SMT","Cell_12714","SMT_3",45
"SMT","Cell_13878","SMT_3",45
"SMT","Cell_16639","SMT_1",41
"SMT","Cell_17199","SMT_3",45
"SMT","Cell_17400","SMT_3",45
"SMT","Cell_17588","SMT_4",53
"SMT","Cell_18784","SMT_3",45
"SMT","Cell_19652","SMT_3",45
"SMT","Cell_20007","SMT_4",53
"SMT","Cell_20993","SMT_3",45
"SMT","Cell_21114","SMT_2",43
"SMT","Cell_21815","SMT_4",53
"SMT","Cell_22764","SMT_2",43
"SMT","Cell_24122","SMT_1",41
"SMT","Cell_28521","SMT_1",41
"SMT","Cell_28919","SMT_4",53
"SMT","Cell_29563","SMT_1",41
"SMT","Cell_32544","SMT_3",45
"SMT","Cell_35067","SMT_3",45
"SMT","Cell_36129","SMT_3",45
"SMT","Cell_36616","SMT_4",53
"SMT","Cell_37768","SMT_1",41
"SMT","Cell_37940","SMT_4",53
"SMT","Cell_37982","SMT_4",53
"SMT","Cell_39742","SMT_4",53
"SMT","Cell_39895","SMT_3",45
"SMT","Cell_40434","SMT_4",53
"SMT","Cell_41642","SMT_4",53
"SMT","Cell_41966","SMT_2",43
"SMT","Cell_43734","SMT_4",53
"SMT","Cell_43790","SMT_1",41
"SMT","Cell_44339","SMT_4",53
"SMT","Cell_37228","SMT_4",53
"SMT","Cell_12166","SMT_4",53
"SMT","Cell_13599","SMT_4",53
"SMT","Cell_38958","SMT_4",53
"SMT","Cell_43820","SMT_2",43
"SMT","Cell_643","SMT_3",45
"SMT","Cell_2695","SMT_3",45
"SMT","Cell_4324","SMT_1",41
"SMT","Cell_8074","SMT_2",43
"SMT","Cell_11392","SMT_3",45
"SMT","Cell_12237","SMT_4",53
"SMT","Cell_15800","SMT_4",53
"SMT","Cell_17102","SMT_3",45
"SMT","Cell_17205","SMT_4",53
"SMT","Cell_18247","SMT_1",41
"SMT","Cell_18522","SMT_1",41
"SMT","Cell_21168","SMT_4",53
"SMT","Cell_26526","SMT_2",43
"SMT","Cell_30034","SMT_4",53
"SMT","Cell_32392","SMT_4",53
"SMT","Cell_38147","SMT_1",41
"SMT","Cell_44014","SMT_3",45
"SMT","Cell_4568","SMT_4",53
"SMT","Cell_19364","SMT_4",53
"SMT","Cell_19542","SMT_4",53
"SMT","Cell_41345","SMT_2",43
"SMT","Cell_31549","SMT_2",43
"SMT","Cell_539","SMT_2",43
"SMT","Cell_3160","SMT_3",45
"SMT","Cell_12641","SMT_3",45
"SMT","Cell_13958","SMT_3",45
"SMT","Cell_16712","SMT_1",41
"SMT","Cell_20071","SMT_3",45
"SMT","Cell_24430","SMT_3",45
"SMT","Cell_26212","SMT_3",45
"SMT","Cell_28809","SMT_4",53
"SMT","Cell_30190","SMT_2",43
"SMT","Cell_35217","SMT_2",43
"SMT","Cell_35344","SMT_3",45
"SMT","Cell_36157","SMT_1",41
"SMT","Cell_39564","SMT_3",45
"SMT","Cell_41159","SMT_3",45
"SMT","Cell_41748","SMT_2",43
"SMT","Cell_42394","SMT_2",43
"SMT","Cell_3288","SMT_1",41
"SMT","Cell_7075","SMT_3",45
"SMT","Cell_27242","SMT_4",53
"SMT","Cell_29111","SMT_4",53
"SMT","Cell_32785","SMT_4",53
"SMT","Cell_33140","SMT_3",45
"SMT","Cell_35191","SMT_1",41
"SMT","Cell_37757","SMT_4",53
"SMT","Cell_38683","SMT_1",41
"SMT","Cell_14379","SMT_4",53
"SMT","Cell_18012","SMT_3",45
"SMT","Cell_36575","SMT_2",43
"SMT","Cell_23784","SMT_1",41
"SMT","Cell_38126","SMT_4",53
"SMT","Cell_29865","SMT_3",45
"SMT","Cell_8587","SMT_3",45
"TU","Cell_10","TU_1",92
"TU","Cell_1105","TU_2",60
"TU","Cell_1387","TU_3",48
"TU","Cell_4157","TU_1",92
"TU","Cell_4545","TU_4",73
"TU","Cell_4697","TU_5",42
"TU","Cell_6345","TU_3",48
"TU","Cell_6689","TU_1",92
"TU","Cell_7384","TU_6",64
"TU","Cell_7539","TU_1",92
"TU","Cell_7584","TU_2",60
"TU","Cell_8160","TU_5",42
"TU","Cell_10602","TU_1",92
"TU","Cell_10750","TU_3",48
"TU","Cell_10913","TU_1",92
"TU","Cell_10930","TU_1",92
"TU","Cell_14018","TU_6",64
"TU","Cell_14158","TU_4",73
"TU","Cell_14444","TU_3",48
"TU","Cell_15506","TU_1",92
"TU","Cell_15623","TU_4",73
"TU","Cell_17839","TU_4",73
"TU","Cell_17903","TU_4",73
"TU","Cell_18922","TU_5",42
"TU","Cell_20492","TU_6",64
"TU","Cell_20704","TU_6",64
"TU","Cell_24104","TU_6",64
"TU","Cell_24847","TU_1",92
"TU","Cell_27195","TU_2",60
"TU","Cell_28041","TU_4",73
"TU","Cell_28074","TU_3",48
"TU","Cell_28476","TU_6",64
"TU","Cell_28545","TU_2",60
"TU","Cell_29569","TU_6",64
"TU","Cell_29979","TU_2",60
"TU","Cell_30228","TU_6",64
"TU","Cell_30377","TU_1",92
"TU","Cell_30454","TU_3",48
"TU","Cell_30556","TU_5",42
"TU","Cell_31228","TU_3",48
"TU","Cell_32849","TU_3",48
"TU","Cell_33347","TU_4",73
"TU","Cell_34345","TU_1",92
"TU","Cell_34887","TU_5",42
"TU","Cell_36229","TU_4",73
"TU","Cell_36345","TU_2",60
"TU","Cell_36740","TU_6",64
"TU","Cell_37807","TU_3",48
"TU","Cell_37984","TU_2",60
"TU","Cell_38979","TU_1",92
"TU","Cell_40352","TU_6",64
"TU","Cell_40478","TU_4",73
"TU","Cell_41448","TU_1",92
"TU","Cell_42320","TU_1",92
"TU","Cell_42322","TU_4",73
"TU","Cell_42443","TU_2",60
"TU","Cell_42450","TU_1",92
"TU","Cell_42550","TU_1",92
"TU","Cell_42600","TU_6",64
"TU","Cell_42765","TU_1",92
"TU","Cell_43282","TU_4",73
"TU","Cell_326","TU_2",60
"TU","Cell_10175","TU_1",92
"TU","Cell_14826","TU_3",48
"TU","Cell_17638","TU_1",92
"TU","Cell_21503","TU_1",92
"TU","Cell_21521","TU_2",60
"TU","Cell_21950","TU_1",92
"TU","Cell_23000","TU_5",42
"TU","Cell_23064","TU_6",64
"TU","Cell_23585","TU_2",60
"TU","Cell_24132","TU_4",73
"TU","Cell_24542","TU_4",73
"TU","Cell_26089","TU_2",60
"TU","Cell_30984","TU_3",48
"TU","Cell_31243","TU_1",92
"TU","Cell_33604","TU_2",60
"TU","Cell_35620","TU_5",42
"TU","Cell_37634","TU_5",42
"TU","Cell_37637","TU_6",64
"TU","Cell_39009","TU_5",42
"TU","Cell_39516","TU_6",64
"TU","Cell_40701","TU_2",60
"TU","Cell_40737","TU_3",48
"TU","Cell_43185","TU_2",60
"TU","Cell_43391","TU_6",64
"TU","Cell_89","TU_1",92
"TU","Cell_148","TU_2",60
"TU","Cell_352","TU_5",42
"TU","Cell_446","TU_1",92
"TU","Cell_1509","TU_6",64
"TU","Cell_4227","TU_4",73
"TU","Cell_4379","TU_4",73
"TU","Cell_4401","TU_2",60
"TU","Cell_4554","TU_5",42
"TU","Cell_4597","TU_4",73
"TU","Cell_4619","TU_3",48
"TU","Cell_6513","TU_1",92
"TU","Cell_7359","TU_3",48
"TU","Cell_7412","TU_1",92
"TU","Cell_7671","TU_4",73
"TU","Cell_8248","TU_1",92
"TU","Cell_9293","TU_5",42
"TU","Cell_9555","TU_3",48
"TU","Cell_10804","TU_6",64
"TU","Cell_11310","TU_1",92
"TU","Cell_12146","TU_2",60
"TU","Cell_13866","TU_6",64
"TU","Cell_13970","TU_6",64
"TU","Cell_14169","TU_3",48
"TU","Cell_15021","TU_2",60
"TU","Cell_15912","TU_5",42
"TU","Cell_15965","TU_3",48
"TU","Cell_17023","TU_6",64
"TU","Cell_17492","TU_1",92
"TU","Cell_17624","TU_1",92
"TU","Cell_18635","TU_3",48
"TU","Cell_19002","TU_4",73
"TU","Cell_22527","TU_3",48
"TU","Cell_25305","TU_4",73
"TU","Cell_26664","TU_1",92
"TU","Cell_29524","TU_3",48
"TU","Cell_29707","TU_6",64
"TU","Cell_30481","TU_3",48
"TU","Cell_31180","TU_6",64
"TU","Cell_32140","TU_2",60
"TU","Cell_33303","TU_6",64
"TU","Cell_33597","TU_1",92
"TU","Cell_33878","TU_4",73
"TU","Cell_34886","TU_6",64
"TU","Cell_35541","TU_1",92
"TU","Cell_35839","TU_2",60
"TU","Cell_38144","TU_5",42
"TU","Cell_38330","TU_4",73
"TU","Cell_38519","TU_1",92
"TU","Cell_39182","TU_1",92
"TU","Cell_39551","TU_6",64
"TU","Cell_40852","TU_5",42
"TU","Cell_41109","TU_2",60
"TU","Cell_41444","TU_4",73
"TU","Cell_42285","TU_6",64
"TU","Cell_42524","TU_2",60
"TU","Cell_43395","TU_1",92
"TU","Cell_43710","TU_1",92
"TU","Cell_44838","TU_1",92
"TU","Cell_4748","TU_1",92
"TU","Cell_1401","TU_2",60
"TU","Cell_1404","TU_1",92
"TU","Cell_2212","TU_5",42
"TU","Cell_4003","TU_6",64
"TU","Cell_4689","TU_1",92
"TU","Cell_4735","TU_5",42
"TU","Cell_4785","TU_1",92
"TU","Cell_5577","TU_1",92
"TU","Cell_5620","TU_3",48
"TU","Cell_7215","TU_6",64
"TU","Cell_8162","TU_2",60
"TU","Cell_9775","TU_2",60
"TU","Cell_10279","TU_6",64
"TU","Cell_11963","TU_5",42
"TU","Cell_12193","TU_2",60
"TU","Cell_13838","TU_1",92
"TU","Cell_13847","TU_6",64
"TU","Cell_14223","TU_5",42
"TU","Cell_17267","TU_3",48
"TU","Cell_17874","TU_1",92
"TU","Cell_18527","TU_5",42
"TU","Cell_19031","TU_6",64
"TU","Cell_19132","TU_6",64
"TU","Cell_19901","TU_2",60
"TU","Cell_21640","TU_6",64
"TU","Cell_23773","TU_2",60
"TU","Cell_24253","TU_1",92
"TU","Cell_24461","TU_2",60
"TU","Cell_25017","TU_4",73
"TU","Cell_25410","TU_5",42
"TU","Cell_25505","TU_3",48
"TU","Cell_25779","TU_1",92
"TU","Cell_26456","TU_2",60
"TU","Cell_27420","TU_6",64
"TU","Cell_27654","TU_2",60
"TU","Cell_27710","TU_6",64
"TU","Cell_27877","TU_2",60
"TU","Cell_28564","TU_6",64
"TU","Cell_29317","TU_5",42
"TU","Cell_30005","TU_2",60
"TU","Cell_31906","TU_6",64
"TU","Cell_32032","TU_1",92
"TU","Cell_32332","TU_6",64
"TU","Cell_33345","TU_1",92
"TU","Cell_34222","TU_6",64
"TU","Cell_34298","TU_1",92
"TU","Cell_34508","TU_1",92
"TU","Cell_35121","TU_6",64
"TU","Cell_35733","TU_1",92
"TU","Cell_36062","TU_2",60
"TU","Cell_36521","TU_6",64
"TU","Cell_38496","TU_6",64
"TU","Cell_38940","TU_3",48
"TU","Cell_41431","TU_1",92
"TU","Cell_42848","TU_5",42
"TU","Cell_43428","TU_1",92
"TU","Cell_43468","TU_2",60
"TU","Cell_44633","TU_1",92
"TU","Cell_4391","TU_2",60
"TU","Cell_27300","TU_1",92
"TU","Cell_26082","TU_3",48
"TU","Cell_39293","TU_2",60
"TU","Cell_5917","TU_1",92
"TU","Cell_9601","TU_5",42
"TU","Cell_12523","TU_2",60
"TU","Cell_12779","TU_1",92
"TU","Cell_12799","TU_4",73
"TU","Cell_12898","TU_2",60
"TU","Cell_13756","TU_5",42
"TU","Cell_15570","TU_2",60
"TU","Cell_25002","TU_2",60
"TU","Cell_25052","TU_6",64
"TU","Cell_34955","TU_6",64
"TU","Cell_35522","TU_4",73
"TU","Cell_37224","TU_1",92
"TU","Cell_42274","TU_1",92
"TU","Cell_30","TU_1",92
"TU","Cell_437","TU_1",92
"TU","Cell_780","TU_1",92
"TU","Cell_917","TU_6",64
"TU","Cell_1217","TU_2",60
"TU","Cell_2799","TU_4",73
"TU","Cell_3310","TU_1",92
"TU","Cell_4173","TU_6",64
"TU","Cell_4235","TU_1",92
"TU","Cell_4302","TU_1",92
"TU","Cell_4710","TU_4",73
"TU","Cell_5402","TU_4",73
"TU","Cell_6322","TU_4",73
"TU","Cell_7204","TU_1",92
"TU","Cell_7364","TU_3",48
"TU","Cell_8288","TU_4",73
"TU","Cell_9363","TU_4",73
"TU","Cell_9900","TU_2",60
"TU","Cell_9973","TU_5",42
"TU","Cell_10192","TU_6",64
"TU","Cell_11052","TU_6",64
"TU","Cell_11215","TU_4",73
"TU","Cell_11353","TU_5",42
"TU","Cell_12012","TU_4",73
"TU","Cell_12172","TU_4",73
"TU","Cell_12243","TU_5",42
"TU","Cell_12689","TU_2",60
"TU","Cell_12853","TU_4",73
"TU","Cell_13616","TU_6",64
"TU","Cell_15119","TU_5",42
"TU","Cell_16441","TU_1",92
"TU","Cell_20650","TU_6",64
"TU","Cell_21382","TU_1",92
"TU","Cell_22233","TU_2",60
"TU","Cell_23139","TU_2",60
"TU","Cell_23839","TU_5",42
"TU","Cell_23852","TU_2",60
"TU","Cell_23878","TU_4",73
"TU","Cell_25552","TU_6",64
"TU","Cell_26014","TU_5",42
"TU","Cell_26890","TU_4",73
"TU","Cell_27086","TU_1",92
"TU","Cell_27751","TU_4",73
"TU","Cell_27766","TU_3",48
"TU","Cell_28109","TU_1",92
"TU","Cell_28337","TU_5",42
"TU","Cell_28636","TU_1",92
"TU","Cell_28792","TU_1",92
"TU","Cell_29048","TU_3",48
"TU","Cell_29489","TU_4",73
"TU","Cell_29656","TU_4",73
"TU","Cell_30660","TU_5",42
"TU","Cell_30751","TU_3",48
"TU","Cell_30862","TU_4",73
"TU","Cell_30877","TU_1",92
"TU","Cell_31777","TU_2",60
"TU","Cell_31934","TU_2",60
"TU","Cell_32117","TU_6",64
"TU","Cell_32895","TU_4",73
"TU","Cell_33873","TU_3",48
"TU","Cell_34749","TU_3",48
"TU","Cell_36584","TU_1",92
"TU","Cell_37769","TU_3",48
"TU","Cell_37864","TU_4",73
"TU","Cell_39240","TU_5",42
"TU","Cell_39850","TU_4",73
"TU","Cell_40077","TU_4",73
"TU","Cell_40415","TU_3",48
"TU","Cell_40657","TU_4",73
"TU","Cell_40723","TU_4",73
"TU","Cell_41165","TU_3",48
"TU","Cell_42284","TU_1",92
"TU","Cell_42845","TU_5",42
"TU","Cell_43143","TU_5",42
"TU","Cell_44692","TU_5",42
"TU","Cell_1489","TU_3",48
"TU","Cell_2327","TU_4",73
"TU","Cell_2339","TU_3",48
"TU","Cell_2670","TU_1",92
"TU","Cell_4667","TU_3",48
"TU","Cell_5676","TU_3",48
"TU","Cell_6170","TU_4",73
"TU","Cell_6757","TU_4",73
"TU","Cell_6790","TU_4",73
"TU","Cell_7429","TU_3",48
"TU","Cell_8191","TU_4",73
"TU","Cell_8393","TU_5",42
"TU","Cell_8470","TU_6",64
"TU","Cell_9156","TU_2",60
"TU","Cell_9238","TU_6",64
"TU","Cell_9588","TU_4",73
"TU","Cell_9859","TU_3",48
"TU","Cell_12644","TU_6",64
"TU","Cell_13094","TU_1",92
"TU","Cell_14263","TU_1",92
"TU","Cell_14288","TU_1",92
"TU","Cell_15223","TU_2",60
"TU","Cell_15328","TU_4",73
"TU","Cell_15768","TU_6",64
"TU","Cell_16141","TU_1",92
"TU","Cell_17812","TU_6",64
"TU","Cell_18459","TU_3",48
"TU","Cell_18722","TU_4",73
"TU","Cell_19505","TU_4",73
"TU","Cell_19713","TU_4",73
"TU","Cell_20481","TU_4",73
"TU","Cell_21216","TU_3",48
"TU","Cell_23583","TU_2",60
"TU","Cell_24094","TU_4",73
"TU","Cell_24172","TU_1",92
"TU","Cell_24336","TU_1",92
"TU","Cell_25001","TU_3",48
"TU","Cell_25431","TU_4",73
"TU","Cell_25886","TU_4",73
"TU","Cell_26151","TU_6",64
"TU","Cell_27810","TU_4",73
"TU","Cell_29573","TU_2",60
"TU","Cell_30269","TU_1",92
"TU","Cell_31712","TU_1",92
"TU","Cell_32320","TU_3",48
"TU","Cell_32508","TU_3",48
"TU","Cell_32982","TU_4",73
"TU","Cell_34172","TU_5",42
"TU","Cell_34566","TU_1",92
"TU","Cell_34647","TU_4",73
"TU","Cell_34936","TU_6",64
"TU","Cell_35783","TU_4",73
"TU","Cell_36536","TU_1",92
"TU","Cell_37105","TU_4",73
"TU","Cell_37581","TU_5",42
"TU","Cell_37962","TU_1",92
"TU","Cell_38316","TU_6",64
"TU","Cell_38395","TU_1",92
"TU","Cell_40333","TU_6",64
"TU","Cell_40894","TU_4",73
"TU","Cell_41056","TU_4",73
"TU","Cell_41474","TU_4",73
"TU","Cell_42681","TU_2",60
"TU","Cell_43117","TU_1",92
"TU","Cell_44641","TU_2",60
"TU","Cell_44740","TU_1",92
"TU","Cell_16564","TU_6",64
"TU","Cell_20403","TU_5",42
"TU","Cell_19184","TU_1",92
"TU","Cell_24695","TU_4",73
"TU","Cell_34717","TU_4",73
"TU","Cell_44988","TU_6",64
"TU","Cell_41289","TU_3",48
"TU","Cell_1747","TU_5",42
"TU","Cell_9136","TU_4",73
"TU","Cell_24238","TU_3",48
"TU","Cell_26742","TU_2",60
"TU","Cell_31689","TU_2",60
"TU","Cell_32048","TU_2",60
"TU","Cell_34703","TU_6",64
"TU","Cell_44677","TU_2",60
"TU","Cell_35945","TU_4",73
"VAL","Cell_4854","VAL_1",72
"VAL","Cell_7198","VAL_2",85
"VAL","Cell_8444","VAL_1",72
"VAL","Cell_15025","VAL_1",72
"VAL","Cell_17068","VAL_1",72
"VAL","Cell_18585","VAL_1",72
"VAL","Cell_19960","VAL_3",53
"VAL","Cell_22485","VAL_1",72
"VAL","Cell_22757","VAL_1",72
"VAL","Cell_25432","VAL_3",53
"VAL","Cell_27020","VAL_4",106
"VAL","Cell_31084","VAL_1",72
"VAL","Cell_31185","VAL_4",106
"VAL","Cell_34757","VAL_4",106
"VAL","Cell_37603","VAL_1",72
"VAL","Cell_40082","VAL_4",106
"VAL","Cell_42791","VAL_4",106
"VAL","Cell_44187","VAL_2",85
"VAL","Cell_3128","VAL_5",49
"VAL","Cell_23452","VAL_2",85
"VAL","Cell_44287","VAL_6",59
"VAL","Cell_2392","VAL_5",49
"VAL","Cell_3272","VAL_4",106
"VAL","Cell_4090","VAL_2",85
"VAL","Cell_6499","VAL_7",31
"VAL","Cell_6811","VAL_8",54
"VAL","Cell_6817","VAL_3",53
"VAL","Cell_7670","VAL_8",54
"VAL","Cell_8178","VAL_3",53
"VAL","Cell_8916","VAL_4",106
"VAL","Cell_9932","VAL_1",72
"VAL","Cell_10619","VAL_1",72
"VAL","Cell_10766","VAL_1",72
"VAL","Cell_12431","VAL_8",54
"VAL","Cell_13049","VAL_9",68
"VAL","Cell_13354","VAL_10",43
"VAL","Cell_17188","VAL_2",85
"VAL","Cell_18317","VAL_9",68
"VAL","Cell_18700","VAL_8",54
"VAL","Cell_19851","VAL_2",85
"VAL","Cell_20182","VAL_4",106
"VAL","Cell_21142","VAL_7",31
"VAL","Cell_22065","VAL_2",85
"VAL","Cell_22086","VAL_7",31
"VAL","Cell_23995","VAL_4",106
"VAL","Cell_26349","VAL_2",85
"VAL","Cell_26358","VAL_2",85
"VAL","Cell_26375","VAL_6",59
"VAL","Cell_27297","VAL_1",72
"VAL","Cell_32784","VAL_3",53
"VAL","Cell_32968","VAL_4",106
"VAL","Cell_33042","VAL_1",72
"VAL","Cell_33411","VAL_2",85
"VAL","Cell_35647","VAL_10",43
"VAL","Cell_37061","VAL_2",85
"VAL","Cell_38237","VAL_2",85
"VAL","Cell_38357","VAL_4",106
"VAL","Cell_39432","VAL_3",53
"VAL","Cell_39902","VAL_6",59
"VAL","Cell_40148","VAL_5",49
"VAL","Cell_40697","VAL_9",68
"VAL","Cell_40755","VAL_9",68
"VAL","Cell_40769","VAL_7",31
"VAL","Cell_40917","VAL_2",85
"VAL","Cell_41550","VAL_5",49
"VAL","Cell_42363","VAL_6",59
"VAL","Cell_43582","VAL_3",53
"VAL","Cell_44148","VAL_4",106
"VAL","Cell_44869","VAL_3",53
"VAL","Cell_3732","VAL_1",72
"VAL","Cell_7400","VAL_1",72
"VAL","Cell_14615","VAL_4",106
"VAL","Cell_28717","VAL_1",72
"VAL","Cell_33909","VAL_1",72
"VAL","Cell_39180","VAL_4",106
"VAL","Cell_42279","VAL_4",106
"VAL","Cell_44238","VAL_4",106
"VAL","Cell_36156","VAL_4",106
"VAL","Cell_19629","VAL_4",106
"VAL","Cell_6402","VAL_10",43
"VAL","Cell_15336","VAL_6",59
"VAL","Cell_15370","VAL_4",106
"VAL","Cell_16702","VAL_3",53
"VAL","Cell_21383","VAL_9",68
"VAL","Cell_21723","VAL_8",54
"VAL","Cell_24576","VAL_4",106
"VAL","Cell_25872","VAL_2",85
"VAL","Cell_28936","VAL_4",106
"VAL","Cell_32499","VAL_9",68
"VAL","Cell_42226","VAL_8",54
"VAL","Cell_1383","VAL_7",31
"VAL","Cell_1616","VAL_1",72
"VAL","Cell_1624","VAL_2",85
"VAL","Cell_2708","VAL_8",54
"VAL","Cell_4739","VAL_7",31
"VAL","Cell_6032","VAL_9",68
"VAL","Cell_7482","VAL_4",106
"VAL","Cell_7537","VAL_3",53
"VAL","Cell_9359","VAL_9",68
"VAL","Cell_10314","VAL_5",49
"VAL","Cell_10362","VAL_7",31
"VAL","Cell_11270","VAL_2",85
"VAL","Cell_12724","VAL_9",68
"VAL","Cell_12780","VAL_4",106
"VAL","Cell_14150","VAL_6",59
"VAL","Cell_14566","VAL_7",31
"VAL","Cell_16108","VAL_9",68
"VAL","Cell_18166","VAL_5",49
"VAL","Cell_19000","VAL_4",106
"VAL","Cell_22227","VAL_9",68
"VAL","Cell_22455","VAL_5",49
"VAL","Cell_23359","VAL_8",54
"VAL","Cell_23386","VAL_2",85
"VAL","Cell_26438","VAL_1",72
"VAL","Cell_26973","VAL_4",106
"VAL","Cell_28069","VAL_10",43
"VAL","Cell_28536","VAL_1",72
"VAL","Cell_29018","VAL_3",53
"VAL","Cell_29188","VAL_3",53
"VAL","Cell_29993","VAL_2",85
"VAL","Cell_30591","VAL_3",53
"VAL","Cell_30967","VAL_9",68
"VAL","Cell_31226","VAL_3",53
"VAL","Cell_33553","VAL_9",68
"VAL","Cell_34321","VAL_2",85
"VAL","Cell_34912","VAL_4",106
"VAL","Cell_35222","VAL_7",31
"VAL","Cell_35618","VAL_1",72
"VAL","Cell_35698","VAL_9",68
"VAL","Cell_36101","VAL_4",106
"VAL","Cell_37923","VAL_10",43
"VAL","Cell_38764","VAL_8",54
"VAL","Cell_40151","VAL_6",59
"VAL","Cell_40292","VAL_3",53
"VAL","Cell_40541","VAL_7",31
"VAL","Cell_42295","VAL_2",85
"VAL","Cell_43296","VAL_9",68
"VAL","Cell_44470","VAL_6",59
"VAL","Cell_109","VAL_9",68
"VAL","Cell_614","VAL_6",59
"VAL","Cell_1028","VAL_6",59
"VAL","Cell_1396","VAL_7",31
"VAL","Cell_1517","VAL_4",106
"VAL","Cell_1630","VAL_10",43
"VAL","Cell_1678","VAL_3",53
"VAL","Cell_2382","VAL_1",72
"VAL","Cell_2510","VAL_6",59
"VAL","Cell_2557","VAL_2",85
"VAL","Cell_2688","VAL_2",85
"VAL","Cell_3022","VAL_10",43
"VAL","Cell_3239","VAL_1",72
"VAL","Cell_3344","VAL_10",43
"VAL","Cell_3425","VAL_6",59
"VAL","Cell_3843","VAL_4",106
"VAL","Cell_3956","VAL_5",49
"VAL","Cell_4032","VAL_8",54
"VAL","Cell_4283","VAL_8",54
"VAL","Cell_4330","VAL_7",31
"VAL","Cell_4336","VAL_3",53
"VAL","Cell_4578","VAL_5",49
"VAL","Cell_4680","VAL_9",68
"VAL","Cell_4738","VAL_2",85
"VAL","Cell_4797","VAL_3",53
"VAL","Cell_5724","VAL_3",53
"VAL","Cell_5803","VAL_6",59
"VAL","Cell_5924","VAL_8",54
"VAL","Cell_6463","VAL_8",54
"VAL","Cell_6699","VAL_2",85
"VAL","Cell_7014","VAL_9",68
"VAL","Cell_7068","VAL_7",31
"VAL","Cell_7130","VAL_2",85
"VAL","Cell_7149","VAL_5",49
"VAL","Cell_7221","VAL_2",85
"VAL","Cell_7303","VAL_6",59
"VAL","Cell_7630","VAL_6",59
"VAL","Cell_7714","VAL_4",106
"VAL","Cell_7726","VAL_4",106
"VAL","Cell_7829","VAL_2",85
"VAL","Cell_7950","VAL_10",43
"VAL","Cell_8128","VAL_10",43
"VAL","Cell_8633","VAL_8",54
"VAL","Cell_8836","VAL_9",68
"VAL","Cell_9165","VAL_9",68
"VAL","Cell_9168","VAL_3",53
"VAL","Cell_9170","VAL_4",106
"VAL","Cell_9590","VAL_10",43
"VAL","Cell_9635","VAL_7",31
"VAL","Cell_9876","VAL_2",85
"VAL","Cell_10034","VAL_7",31
"VAL","Cell_10390","VAL_2",85
"VAL","Cell_10770","VAL_2",85
"VAL","Cell_11289","VAL_2",85
"VAL","Cell_11627","VAL_4",106
"VAL","Cell_11636","VAL_4",106
"VAL","Cell_11729","VAL_8",54
"VAL","Cell_11969","VAL_2",85
"VAL","Cell_12139","VAL_4",106
"VAL","Cell_12915","VAL_8",54
"VAL","Cell_12919","VAL_3",53
"VAL","Cell_13192","VAL_9",68
"VAL","Cell_13323","VAL_4",106
"VAL","Cell_13351","VAL_6",59
"VAL","Cell_13467","VAL_5",49
"VAL","Cell_13531","VAL_8",54
"VAL","Cell_13576","VAL_1",72
"VAL","Cell_13605","VAL_5",49
"VAL","Cell_14196","VAL_1",72
"VAL","Cell_14361","VAL_7",31
"VAL","Cell_14862","VAL_10",43
"VAL","Cell_15116","VAL_5",49
"VAL","Cell_15875","VAL_8",54
"VAL","Cell_16265","VAL_7",31
"VAL","Cell_16536","VAL_6",59
"VAL","Cell_16777","VAL_2",85
"VAL","Cell_16830","VAL_4",106
"VAL","Cell_16852","VAL_2",85
"VAL","Cell_17185","VAL_3",53
"VAL","Cell_17390","VAL_8",54
"VAL","Cell_17500","VAL_2",85
"VAL","Cell_17698","VAL_6",59
"VAL","Cell_17911","VAL_6",59
"VAL","Cell_18468","VAL_1",72
"VAL","Cell_18532","VAL_4",106
"VAL","Cell_18729","VAL_7",31
"VAL","Cell_18841","VAL_10",43
"VAL","Cell_18911","VAL_2",85
"VAL","Cell_19021","VAL_10",43
"VAL","Cell_19386","VAL_1",72
"VAL","Cell_19855","VAL_10",43
"VAL","Cell_20183","VAL_5",49
"VAL","Cell_20361","VAL_2",85
"VAL","Cell_20925","VAL_2",85
"VAL","Cell_21279","VAL_6",59
"VAL","Cell_21294","VAL_6",59
"VAL","Cell_21367","VAL_3",53
"VAL","Cell_21681","VAL_10",43
"VAL","Cell_21905","VAL_3",53
"VAL","Cell_22252","VAL_4",106
"VAL","Cell_22316","VAL_2",85
"VAL","Cell_22437","VAL_9",68
"VAL","Cell_22777","VAL_4",106
"VAL","Cell_22810","VAL_10",43
"VAL","Cell_22895","VAL_7",31
"VAL","Cell_23029","VAL_1",72
"VAL","Cell_23144","VAL_6",59
"VAL","Cell_23193","VAL_2",85
"VAL","Cell_23911","VAL_8",54
"VAL","Cell_24086","VAL_3",53
"VAL","Cell_24106","VAL_3",53
"VAL","Cell_24365","VAL_10",43
"VAL","Cell_24808","VAL_6",59
"VAL","Cell_24928","VAL_1",72
"VAL","Cell_25314","VAL_10",43
"VAL","Cell_25417","VAL_6",59
"VAL","Cell_25598","VAL_10",43
"VAL","Cell_25988","VAL_9",68
"VAL","Cell_26133","VAL_1",72
"VAL","Cell_26145","VAL_1",72
"VAL","Cell_26359","VAL_2",85
"VAL","Cell_26454","VAL_3",53
"VAL","Cell_27279","VAL_1",72
"VAL","Cell_27567","VAL_1",72
"VAL","Cell_28096","VAL_9",68
"VAL","Cell_28550","VAL_1",72
"VAL","Cell_29099","VAL_1",72
"VAL","Cell_29518","VAL_10",43
"VAL","Cell_29646","VAL_8",54
"VAL","Cell_29653","VAL_2",85
"VAL","Cell_30067","VAL_10",43
"VAL","Cell_30235","VAL_1",72
"VAL","Cell_30667","VAL_2",85
"VAL","Cell_30670","VAL_3",53
"VAL","Cell_30990","VAL_1",72
"VAL","Cell_31312","VAL_2",85
"VAL","Cell_31621","VAL_1",72
"VAL","Cell_31681","VAL_1",72
"VAL","Cell_31694","VAL_6",59
"VAL","Cell_32288","VAL_5",49
"VAL","Cell_32366","VAL_1",72
"VAL","Cell_32406","VAL_5",49
"VAL","Cell_32901","VAL_1",72
"VAL","Cell_32987","VAL_1",72
"VAL","Cell_33058","VAL_1",72
"VAL","Cell_33634","VAL_3",53
"VAL","Cell_33756","VAL_4",106
"VAL","Cell_33768","VAL_10",43
"VAL","Cell_33865","VAL_1",72
"VAL","Cell_34299","VAL_10",43
"VAL","Cell_34359","VAL_6",59
"VAL","Cell_34389","VAL_3",53
"VAL","Cell_34734","VAL_2",85
"VAL","Cell_35134","VAL_7",31
"VAL","Cell_35394","VAL_10",43
"VAL","Cell_35527","VAL_2",85
"VAL","Cell_35868","VAL_2",85
"VAL","Cell_35876","VAL_9",68
"VAL","Cell_36132","VAL_1",72
"VAL","Cell_36625","VAL_8",54
"VAL","Cell_36951","VAL_5",49
"VAL","Cell_37470","VAL_3",53
"VAL","Cell_37502","VAL_3",53
"VAL","Cell_37778","VAL_9",68
"VAL","Cell_38005","VAL_8",54
"VAL","Cell_38072","VAL_3",53
"VAL","Cell_38191","VAL_2",85
"VAL","Cell_38354","VAL_2",85
"VAL","Cell_38524","VAL_2",85
"VAL","Cell_38615","VAL_6",59
"VAL","Cell_38913","VAL_9",68
"VAL","Cell_39471","VAL_2",85
"VAL","Cell_39486","VAL_9",68
"VAL","Cell_39505","VAL_8",54
"VAL","Cell_39969","VAL_5",49
"VAL","Cell_40433","VAL_4",106
"VAL","Cell_40604","VAL_2",85
"VAL","Cell_41129","VAL_2",85
"VAL","Cell_41223","VAL_4",106
"VAL","Cell_41555","VAL_6",59
"VAL","Cell_41658","VAL_6",59
"VAL","Cell_41917","VAL_9",68
"VAL","Cell_42472","VAL_2",85
"VAL","Cell_43136","VAL_3",53
"VAL","Cell_43203","VAL_9",68
"VAL","Cell_43304","VAL_6",59
"VAL","Cell_43509","VAL_7",31
"VAL","Cell_43511","VAL_2",85
"VAL","Cell_43627","VAL_10",43
"VAL","Cell_44104","VAL_10",43
"VAL","Cell_44344","VAL_3",53
"VAL","Cell_44354","VAL_9",68
"VAL","Cell_44506","VAL_2",85
"VAL","Cell_44658","VAL_6",59
"VAL","Cell_44804","VAL_4",106
"VAL","Cell_45013","VAL_7",31
"VAL","Cell_45249","VAL_2",85
"VAL","Cell_3567","VAL_5",49
"VAL","Cell_6660","VAL_1",72
"VAL","Cell_8030","VAL_8",54
"VAL","Cell_12923","VAL_5",49
"VAL","Cell_14565","VAL_1",72
"VAL","Cell_17566","VAL_9",68
"VAL","Cell_18358","VAL_9",68
"VAL","Cell_20958","VAL_10",43
"VAL","Cell_31463","VAL_8",54
"VAL","Cell_36902","VAL_1",72
"VAL","Cell_37467","VAL_2",85
"VAL","Cell_45265","VAL_5",49
"VAL","Cell_991","VAL_6",59
"VAL","Cell_3963","VAL_8",54
"VAL","Cell_6442","VAL_5",49
"VAL","Cell_10581","VAL_5",49
"VAL","Cell_11880","VAL_5",49
"VAL","Cell_12750","VAL_8",54
"VAL","Cell_13244","VAL_4",106
"VAL","Cell_14433","VAL_1",72
"VAL","Cell_14813","VAL_4",106
"VAL","Cell_14866","VAL_9",68
"VAL","Cell_15318","VAL_9",68
"VAL","Cell_15513","VAL_8",54
"VAL","Cell_15989","VAL_7",31
"VAL","Cell_16026","VAL_4",106
"VAL","Cell_16268","VAL_9",68
"VAL","Cell_17084","VAL_4",106
"VAL","Cell_17374","VAL_5",49
"VAL","Cell_17713","VAL_8",54
"VAL","Cell_17735","VAL_4",106
"VAL","Cell_18380","VAL_4",106
"VAL","Cell_18397","VAL_5",49
"VAL","Cell_19043","VAL_1",72
"VAL","Cell_19787","VAL_4",106
"VAL","Cell_20285","VAL_2",85
"VAL","Cell_20305","VAL_3",53
"VAL","Cell_20797","VAL_8",54
"VAL","Cell_20836","VAL_4",106
"VAL","Cell_22856","VAL_3",53
"VAL","Cell_23269","VAL_8",54
"VAL","Cell_25375","VAL_9",68
"VAL","Cell_26692","VAL_10",43
"VAL","Cell_26726","VAL_8",54
"VAL","Cell_28662","VAL_9",68
"VAL","Cell_30852","VAL_6",59
"VAL","Cell_32383","VAL_2",85
"VAL","Cell_33007","VAL_6",59
"VAL","Cell_33518","VAL_4",106
"VAL","Cell_37034","VAL_8",54
"VAL","Cell_38372","VAL_8",54
"VAL","Cell_39405","VAL_5",49
"VAL","Cell_40161","VAL_5",49
"VAL","Cell_42004","VAL_4",106
"VAL","Cell_43022","VAL_1",72
"VAL","Cell_43114","VAL_6",59
"VAL","Cell_43873","VAL_4",106
"VAL","Cell_43929","VAL_8",54
"VAL","Cell_43944","VAL_6",59
"VAL","Cell_44712","VAL_5",49
"VAL","Cell_45046","VAL_4",106
"VAL","Cell_1621","VAL_4",106
"VAL","Cell_2255","VAL_8",54
"VAL","Cell_4210","VAL_9",68
"VAL","Cell_5489","VAL_4",106
"VAL","Cell_5611","VAL_3",53
"VAL","Cell_10053","VAL_4",106
"VAL","Cell_11033","VAL_9",68
"VAL","Cell_14396","VAL_2",85
"VAL","Cell_16884","VAL_1",72
"VAL","Cell_18229","VAL_5",49
"VAL","Cell_22650","VAL_4",106
"VAL","Cell_23411","VAL_4",106
"VAL","Cell_24168","VAL_4",106
"VAL","Cell_26731","VAL_9",68
"VAL","Cell_27267","VAL_4",106
"VAL","Cell_29844","VAL_6",59
"VAL","Cell_30135","VAL_4",106
"VAL","Cell_32872","VAL_8",54
"VAL","Cell_40682","VAL_6",59
"VAL","Cell_11898","VAL_7",31
"VAL","Cell_18601","VAL_4",106
"VAL","Cell_38680","VAL_2",85
"VAL","Cell_365","VAL_2",85
"VAL","Cell_1431","VAL_8",54
"VAL","Cell_3819","VAL_3",53
"VAL","Cell_6758","VAL_4",106
"VAL","Cell_9956","VAL_7",31
"VAL","Cell_10449","VAL_9",68
"VAL","Cell_14179","VAL_5",49
"VAL","Cell_14731","VAL_5",49
"VAL","Cell_15646","VAL_9",68
"VAL","Cell_19135","VAL_2",85
"VAL","Cell_19724","VAL_10",43
"VAL","Cell_19871","VAL_4",106
"VAL","Cell_24378","VAL_2",85
"VAL","Cell_25441","VAL_4",106
"VAL","Cell_27867","VAL_3",53
"VAL","Cell_33706","VAL_1",72
"VAL","Cell_37167","VAL_8",54
"VAL","Cell_37536","VAL_5",49
"VAL","Cell_38286","VAL_4",106
"VAL","Cell_39023","VAL_10",43
"VAL","Cell_39680","VAL_8",54
"VAL","Cell_40551","VAL_4",106
"VAL","Cell_40581","VAL_5",49
"VAL","Cell_43957","VAL_4",106
"VAL","Cell_44223","VAL_4",106
"VAL","Cell_44631","VAL_10",43
"VAL","Cell_1292","VAL_1",72
"VAL","Cell_1827","VAL_6",59
"VAL","Cell_2102","VAL_6",59
"VAL","Cell_2771","VAL_2",85
"VAL","Cell_3112","VAL_2",85
"VAL","Cell_3543","VAL_2",85
"VAL","Cell_7258","VAL_5",49
"VAL","Cell_8670","VAL_6",59
"VAL","Cell_9459","VAL_9",68
"VAL","Cell_11126","VAL_1",72
"VAL","Cell_12672","VAL_4",106
"VAL","Cell_12703","VAL_6",59
"VAL","Cell_19826","VAL_4",106
"VAL","Cell_22273","VAL_4",106
"VAL","Cell_22646","VAL_2",85
"VAL","Cell_23450","VAL_5",49
"VAL","Cell_29249","VAL_7",31
"VAL","Cell_29673","VAL_2",85
"VAL","Cell_30296","VAL_4",106
"VAL","Cell_30858","VAL_3",53
"VAL","Cell_31518","VAL_2",85
"VAL","Cell_31957","VAL_1",72
"VAL","Cell_34081","VAL_4",106
"VAL","Cell_36603","VAL_2",85
"VAL","Cell_36623","VAL_4",106
"VAL","Cell_40205","VAL_6",59
"VAL","Cell_40411","VAL_7",31
"VAL","Cell_40765","VAL_2",85
"VAL","Cell_40951","VAL_3",53
"VAL","Cell_43375","VAL_7",31
"VAL","Cell_43434","VAL_4",106
"VAL","Cell_39906","VAL_10",43
"VAL","Cell_40749","VAL_1",72
"VAL","Cell_23970","VAL_3",53
"VAL","Cell_14829","VAL_2",85
"VAL","Cell_1807","VAL_5",49
"VAL","Cell_3152","VAL_5",49
"VAL","Cell_4189","VAL_3",53
"VAL","Cell_4562","VAL_4",106
"VAL","Cell_5094","VAL_4",106
"VAL","Cell_7707","VAL_9",68
"VAL","Cell_9218","VAL_8",54
"VAL","Cell_9277","VAL_6",59
"VAL","Cell_11406","VAL_9",68
"VAL","Cell_12068","VAL_2",85
"VAL","Cell_12308","VAL_9",68
"VAL","Cell_12437","VAL_5",49
"VAL","Cell_13076","VAL_4",106
"VAL","Cell_14441","VAL_10",43
"VAL","Cell_14909","VAL_4",106
"VAL","Cell_15395","VAL_4",106
"VAL","Cell_17501","VAL_5",49
"VAL","Cell_18466","VAL_4",106
"VAL","Cell_18596","VAL_9",68
"VAL","Cell_18721","VAL_9",68
"VAL","Cell_18772","VAL_3",53
"VAL","Cell_19830","VAL_8",54
"VAL","Cell_20967","VAL_6",59
"VAL","Cell_22419","VAL_10",43
"VAL","Cell_24560","VAL_4",106
"VAL","Cell_25425","VAL_3",53
"VAL","Cell_26218","VAL_4",106
"VAL","Cell_26697","VAL_9",68
"VAL","Cell_26702","VAL_8",54
"VAL","Cell_27407","VAL_8",54
"VAL","Cell_27701","VAL_1",72
"VAL","Cell_28285","VAL_4",106
"VAL","Cell_28607","VAL_6",59
"VAL","Cell_29999","VAL_1",72
"VAL","Cell_30648","VAL_6",59
"VAL","Cell_30834","VAL_1",72
"VAL","Cell_33264","VAL_3",53
"VAL","Cell_33436","VAL_9",68
"VAL","Cell_33901","VAL_9",68
"VAL","Cell_34021","VAL_4",106
"VAL","Cell_34844","VAL_4",106
"VAL","Cell_36673","VAL_9",68
"VAL","Cell_37328","VAL_10",43
"VAL","Cell_37626","VAL_2",85
"VAL","Cell_38012","VAL_6",59
"VAL","Cell_38089","VAL_5",49
"VAL","Cell_39126","VAL_2",85
"VAL","Cell_40490","VAL_3",53
"VAL","Cell_40779","VAL_9",68
"VAL","Cell_41541","VAL_1",72
"VAL","Cell_41675","VAL_3",53
"VAL","Cell_43640","VAL_10",43
"VAL","Cell_5195","VAL_9",68
"VAL","Cell_5624","VAL_4",106
"VAL","Cell_23007","VAL_9",68
"VAL","Cell_26941","VAL_9",68
"VAL","Cell_34246","VAL_4",106
"VAL","Cell_35725","VAL_9",68
"VAL","Cell_6692","VAL_6",59
"VAL","Cell_7486","VAL_4",106
"VAL","Cell_10073","VAL_9",68
"VAL","Cell_10753","VAL_6",59
"VAL","Cell_12148","VAL_4",106
"VAL","Cell_12630","VAL_7",31
"VAL","Cell_16069","VAL_5",49
"VAL","Cell_19287","VAL_6",59
"VAL","Cell_19816","VAL_4",106
"VAL","Cell_22788","VAL_2",85
"VAL","Cell_22944","VAL_8",54
"VAL","Cell_23738","VAL_10",43
"VAL","Cell_24171","VAL_8",54
"VAL","Cell_26797","VAL_6",59
"VAL","Cell_31765","VAL_9",68
"VAL","Cell_32302","VAL_1",72
"VAL","Cell_34568","VAL_9",68
"VAL","Cell_35854","VAL_10",43
"VAL","Cell_42852","VAL_4",106
"VAL","Cell_2297","VAL_10",43
"VAL","Cell_3175","VAL_5",49
"VAL","Cell_7761","VAL_2",85
"VAL","Cell_12022","VAL_1",72
"VAL","Cell_12138","VAL_5",49
"VAL","Cell_14629","VAL_9",68
"VAL","Cell_16012","VAL_8",54
"VAL","Cell_19519","VAL_4",106
"VAL","Cell_23999","VAL_6",59
"VAL","Cell_26024","VAL_6",59
"VAL","Cell_32966","VAL_4",106
"VAL","Cell_35119","VAL_4",106
"VAL","Cell_35158","VAL_5",49
"VAL","Cell_36230","VAL_1",72
"VAL","Cell_14817","VAL_6",59
"VAL","Cell_18367","VAL_1",72
"VAL","Cell_22628","VAL_4",106
"VAL","Cell_23222","VAL_10",43
"VAL","Cell_28700","VAL_9",68
"VAL","Cell_30473","VAL_9",68
"VAL","Cell_37246","VAL_5",49
"VAL","Cell_38003","VAL_8",54
"VAL","Cell_1690","VAL_1",72
"VAL","Cell_4570","VAL_4",106
"VAL","Cell_4919","VAL_6",59
"VAL","Cell_8485","VAL_9",68
"VAL","Cell_9706","VAL_4",106
"VAL","Cell_11368","VAL_2",85
"VAL","Cell_11478","VAL_4",106
"VAL","Cell_23106","VAL_6",59
"VAL","Cell_24191","VAL_2",85
"VAL","Cell_24374","VAL_9",68
"VAL","Cell_27280","VAL_8",54
"VAL","Cell_29965","VAL_7",31
"VAL","Cell_30467","VAL_8",54
"VAL","Cell_32676","VAL_1",72
"VAL","Cell_34498","VAL_8",54
"VAL","Cell_34906","VAL_4",106
"VAL","Cell_35741","VAL_3",53
"VAL","Cell_36253","VAL_7",31
"VAL","Cell_42429","VAL_3",53
"VAL","Cell_42728","VAL_8",54
"VAL","Cell_4478","VAL_2",85
"VAL","Cell_6881","VAL_5",49
"VAL","Cell_11914","VAL_10",43
"VAL","Cell_12094","VAL_1",72
"VAL","Cell_15360","VAL_3",53
"VAL","Cell_19939","VAL_1",72
"VAL","Cell_24899","VAL_1",72
"VAL","Cell_25138","VAL_8",54
"VAL","Cell_25366","VAL_2",85
"VAL","Cell_28880","VAL_10",43
"VAL","Cell_40019","VAL_2",85
"VAL","Cell_40061","VAL_4",106
"VAL","Cell_41118","VAL_3",53
"VAL","Cell_10937","VAL_9",68
"VAL","Cell_23920","VAL_6",59
"VAL","Cell_30310","VAL_2",85
"VAL","Cell_34292","VAL_9",68
"VAL","Cell_35588","VAL_4",106
"VAL","Cell_2234","VAL_6",59
"VAL","Cell_16324","VAL_5",49
"VAL","Cell_39881","VAL_5",49
"VAL","Cell_43910","VAL_1",72
"VL","Cell_711","VL_1",25
"VL","Cell_1146","VL_2",35
"VL","Cell_2458","VL_3",48
"VL","Cell_3957","VL_3",48
"VL","Cell_4228","VL_4",52
"VL","Cell_4477","VL_3",48
"VL","Cell_6662","VL_3",48
"VL","Cell_7072","VL_4",52
"VL","Cell_7216","VL_4",52
"VL","Cell_7816","VL_1",25
"VL","Cell_10111","VL_4",52
"VL","Cell_10995","VL_4",52
"VL","Cell_11230","VL_3",48
"VL","Cell_11682","VL_1",25
"VL","Cell_12849","VL_4",52
"VL","Cell_13052","VL_2",35
"VL","Cell_13917","VL_1",25
"VL","Cell_16969","VL_2",35
"VL","Cell_18504","VL_2",35
"VL","Cell_25352","VL_4",52
"VL","Cell_27403","VL_5",63
"VL","Cell_28174","VL_4",52
"VL","Cell_29098","VL_3",48
"VL","Cell_31710","VL_1",25
"VL","Cell_33246","VL_1",25
"VL","Cell_37380","VL_2",35
"VL","Cell_37783","VL_5",63
"VL","Cell_43657","VL_3",48
"VL","Cell_2001","VL_2",35
"VL","Cell_2543","VL_2",35
"VL","Cell_2609","VL_4",52
"VL","Cell_4178","VL_4",52
"VL","Cell_4202","VL_5",63
"VL","Cell_4429","VL_5",63
"VL","Cell_4986","VL_4",52
"VL","Cell_25657","VL_5",63
"VL","Cell_27894","VL_2",35
"VL","Cell_29931","VL_5",63
"VL","Cell_30251","VL_4",52
"VL","Cell_31612","VL_5",63
"VL","Cell_38278","VL_2",35
"VL","Cell_38728","VL_2",35
"VL","Cell_40246","VL_5",63
"VL","Cell_44620","VL_5",63
"VL","Cell_1738","VL_3",48
"VL","Cell_12833","VL_4",52
"VL","Cell_15954","VL_5",63
"VL","Cell_15977","VL_3",48
"VL","Cell_16594","VL_1",25
"VL","Cell_16601","VL_5",63
"VL","Cell_24431","VL_1",25
"VL","Cell_24588","VL_4",52
"VL","Cell_26274","VL_4",52
"VL","Cell_26972","VL_3",48
"VL","Cell_27007","VL_4",52
"VL","Cell_34007","VL_4",52
"VL","Cell_37694","VL_5",63
"VL","Cell_40640","VL_2",35
"VL","Cell_34684","VL_3",48
"VL","Cell_2426","VL_3",48
"VL","Cell_2871","VL_2",35
"VL","Cell_4864","VL_3",48
"VL","Cell_5075","VL_3",48
"VL","Cell_5465","VL_2",35
"VL","Cell_6387","VL_4",52
"VL","Cell_7202","VL_2",35
"VL","Cell_13345","VL_2",35
"VL","Cell_13934","VL_4",52
"VL","Cell_14751","VL_3",48
"VL","Cell_16028","VL_3",48
"VL","Cell_16555","VL_3",48
"VL","Cell_16721","VL_3",48
"VL","Cell_16966","VL_2",35
"VL","Cell_18372","VL_3",48
"VL","Cell_18872","VL_3",48
"VL","Cell_19524","VL_5",63
"VL","Cell_20169","VL_2",35
"VL","Cell_21388","VL_3",48
"VL","Cell_25529","VL_2",35
"VL","Cell_29368","VL_1",25
"VL","Cell_29902","VL_2",35
"VL","Cell_34169","VL_1",25
"VL","Cell_34984","VL_4",52
"VL","Cell_35444","VL_2",35
"VL","Cell_37231","VL_2",35
"VL","Cell_38612","VL_1",25
"VL","Cell_38918","VL_4",52
"VL","Cell_39015","VL_5",63
"VL","Cell_42569","VL_2",35
"VL","Cell_2360","VL_4",52
"VL","Cell_4592","VL_4",52
"VL","Cell_15027","VL_5",63
"VL","Cell_16066","VL_5",63
"VL","Cell_16733","VL_4",52
"VL","Cell_16787","VL_5",63
"VL","Cell_16911","VL_5",63
"VL","Cell_19053","VL_4",52
"VL","Cell_22423","VL_5",63
"VL","Cell_26920","VL_5",63
"VL","Cell_34216","VL_5",63
"VL","Cell_36714","VL_5",63
"VL","Cell_37259","VL_5",63
"VL","Cell_40062","VL_5",63
"VL","Cell_41","VL_1",25
"VL","Cell_1241","VL_4",52
"VL","Cell_4272","VL_3",48
"VL","Cell_4953","VL_4",52
"VL","Cell_5327","VL_5",63
"VL","Cell_7766","VL_3",48
"VL","Cell_7931","VL_3",48
"VL","Cell_9089","VL_3",48
"VL","Cell_11098","VL_5",63
"VL","Cell_11660","VL_5",63
"VL","Cell_12613","VL_5",63
"VL","Cell_17212","VL_3",48
"VL","Cell_18155","VL_3",48
"VL","Cell_19025","VL_4",52
"VL","Cell_25584","VL_3",48
"VL","Cell_26719","VL_1",25
"VL","Cell_27223","VL_3",48
"VL","Cell_27264","VL_5",63
"VL","Cell_29281","VL_3",48
"VL","Cell_29697","VL_3",48
"VL","Cell_30004","VL_1",25
"VL","Cell_33675","VL_5",63
"VL","Cell_33751","VL_5",63
"VL","Cell_34160","VL_3",48
"VL","Cell_35401","VL_1",25
"VL","Cell_36022","VL_5",63
"VL","Cell_37213","VL_2",35
"VL","Cell_41012","VL_3",48
"VL","Cell_2766","VL_5",63
"VL","Cell_2819","VL_5",63
"VL","Cell_4423","VL_3",48
"VL","Cell_4431","VL_4",52
"VL","Cell_6309","VL_4",52
"VL","Cell_7380","VL_2",35
"VL","Cell_10832","VL_5",63
"VL","Cell_11082","VL_2",35
"VL","Cell_12781","VL_1",25
"VL","Cell_12838","VL_3",48
"VL","Cell_16098","VL_3",48
"VL","Cell_16344","VL_2",35
"VL","Cell_19041","VL_5",63
"VL","Cell_19271","VL_5",63
"VL","Cell_19329","VL_4",52
"VL","Cell_19920","VL_5",63
"VL","Cell_20584","VL_5",63
"VL","Cell_20763","VL_3",48
"VL","Cell_21017","VL_1",25
"VL","Cell_21297","VL_5",63
"VL","Cell_22965","VL_5",63
"VL","Cell_23047","VL_5",63
"VL","Cell_23519","VL_3",48
"VL","Cell_24710","VL_2",35
"VL","Cell_25043","VL_5",63
"VL","Cell_25558","VL_4",52
"VL","Cell_30065","VL_4",52
"VL","Cell_31619","VL_2",35
"VL","Cell_32348","VL_5",63
"VL","Cell_33579","VL_5",63
"VL","Cell_34310","VL_3",48
"VL","Cell_35760","VL_5",63
"VL","Cell_35952","VL_3",48
"VL","Cell_36411","VL_5",63
"VL","Cell_42950","VL_5",63
"VL","Cell_44093","VL_5",63
"VL","Cell_44720","VL_5",63
"VL","Cell_42319","VL_2",35
"VL","Cell_34388","VL_1",25
"VL","Cell_29068","VL_1",25
"VL","Cell_41256","VL_4",52
"VL","Cell_3541","VL_4",52
"VL","Cell_24220","VL_2",35
"VL","Cell_5526","VL_5",63
"VL","Cell_15041","VL_4",52
"VL","Cell_16353","VL_4",52
"VL","Cell_18157","VL_3",48
"VL","Cell_22168","VL_1",25
"VL","Cell_22453","VL_5",63
"VL","Cell_22603","VL_4",52
"VL","Cell_26982","VL_4",52
"VL","Cell_30807","VL_3",48
"VL","Cell_30906","VL_5",63
"VL","Cell_31706","VL_2",35
"VL","Cell_32147","VL_1",25
"VL","Cell_33205","VL_5",63
"VL","Cell_36189","VL_3",48
"VL","Cell_37596","VL_5",63
"VL","Cell_39836","VL_1",25
"VL","Cell_44782","VL_3",48
"VL","Cell_1506","VL_2",35
"VL","Cell_22570","VL_3",48
"VL","Cell_35537","VL_2",35
"VL","Cell_38754","VL_5",63
"VL","Cell_39094","VL_1",25
"VL","Cell_45064","VL_1",25
"VL","Cell_23996","VL_5",63
"VL","Cell_27509","VL_4",52
"VL","Cell_448","VL_4",52
"VL","Cell_5516","VL_5",63
"VL","Cell_5785","VL_1",25
"VL","Cell_18562","VL_2",35
"VL","Cell_18763","VL_4",52
"VL","Cell_26104","VL_4",52
"VL","Cell_29839","VL_4",52
"VL","Cell_30245","VL_4",52
"VL","Cell_33772","VL_4",52
"VL","Cell_5145","VL_4",52
"VL","Cell_5633","VL_4",52
"VL","Cell_9413","VL_5",63
"VL","Cell_9551","VL_5",63
"VL","Cell_26701","VL_3",48
"VL","Cell_37591","VL_5",63
"VL","Cell_44103","VL_5",63
"VL","Cell_41712","VL_3",48
"VL","Cell_34086","VL_4",52
"VL","Cell_43426","VL_4",52
"VL","Cell_19191","VL_2",35
"VL","Cell_25681","VL_3",48
"VL","Cell_39531","VL_5",63
"VL","Cell_43921","VL_4",52
"VL","Cell_13925","VL_4",52
"VM","Cell_6411","VM_1",38
"VM","Cell_11448","VM_2",39
"VM","Cell_14157","VM_3",38
"VM","Cell_23037","VM_4",31
"VM","Cell_27746","VM_2",39
"VM","Cell_30883","VM_5",32
"VM","Cell_36194","VM_3",38
"VM","Cell_3531","VM_1",38
"VM","Cell_6337","VM_1",38
"VM","Cell_7107","VM_6",20
"VM","Cell_16592","VM_2",39
"VM","Cell_16834","VM_4",31
"VM","Cell_17229","VM_3",38
"VM","Cell_21132","VM_4",31
"VM","Cell_21353","VM_4",31
"VM","Cell_23363","VM_3",38
"VM","Cell_28237","VM_1",38
"VM","Cell_30703","VM_2",39
"VM","Cell_30916","VM_1",38
"VM","Cell_33614","VM_3",38
"VM","Cell_34552","VM_2",39
"VM","Cell_36827","VM_1",38
"VM","Cell_39347","VM_4",31
"VM","Cell_41218","VM_1",38
"VM","Cell_9543","VM_1",38
"VM","Cell_12612","VM_4",31
"VM","Cell_18676","VM_1",38
"VM","Cell_25056","VM_1",38
"VM","Cell_31794","VM_4",31
"VM","Cell_1707","VM_4",31
"VM","Cell_10540","VM_4",31
"VM","Cell_10954","VM_2",39
"VM","Cell_29467","VM_6",20
"VM","Cell_35314","VM_6",20
"VM","Cell_2589","VM_4",31
"VM","Cell_4215","VM_2",39
"VM","Cell_12474","VM_3",38
"VM","Cell_16047","VM_6",20
"VM","Cell_31547","VM_2",39
"VM","Cell_31634","VM_4",31
"VM","Cell_63","VM_2",39
"VM","Cell_7530","VM_6",20
"VM","Cell_8609","VM_5",32
"VM","Cell_12783","VM_1",38
"VM","Cell_13789","VM_2",39
"VM","Cell_16331","VM_4",31
"VM","Cell_16876","VM_1",38
"VM","Cell_20348","VM_2",39
"VM","Cell_21847","VM_2",39
"VM","Cell_22858","VM_3",38
"VM","Cell_26480","VM_3",38
"VM","Cell_29488","VM_5",32
"VM","Cell_29702","VM_2",39
"VM","Cell_34808","VM_3",38
"VM","Cell_35842","VM_2",39
"VM","Cell_38973","VM_3",38
"VM","Cell_39024","VM_3",38
"VM","Cell_41025","VM_2",39
"VM","Cell_42333","VM_2",39
"VM","Cell_42700","VM_4",31
"VM","Cell_42832","VM_4",31
"VM","Cell_15","VM_4",31
"VM","Cell_2035","VM_2",39
"VM","Cell_2438","VM_4",31
"VM","Cell_2772","VM_4",31
"VM","Cell_3846","VM_1",38
"VM","Cell_4073","VM_5",32
"VM","Cell_4900","VM_6",20
"VM","Cell_5199","VM_5",32
"VM","Cell_7502","VM_5",32
"VM","Cell_7553","VM_1",38
"VM","Cell_7567","VM_1",38
"VM","Cell_7723","VM_1",38
"VM","Cell_8882","VM_3",38
"VM","Cell_9106","VM_4",31
"VM","Cell_9281","VM_5",32
"VM","Cell_9448","VM_3",38
"VM","Cell_10312","VM_5",32
"VM","Cell_12079","VM_3",38
"VM","Cell_13129","VM_2",39
"VM","Cell_13860","VM_1",38
"VM","Cell_14601","VM_2",39
"VM","Cell_15540","VM_2",39
"VM","Cell_16637","VM_1",38
"VM","Cell_16802","VM_5",32
"VM","Cell_20427","VM_5",32
"VM","Cell_21419","VM_1",38
"VM","Cell_21835","VM_3",38
"VM","Cell_22147","VM_4",31
"VM","Cell_22882","VM_4",31
"VM","Cell_22958","VM_2",39
"VM","Cell_23241","VM_5",32
"VM","Cell_23780","VM_1",38
"VM","Cell_24091","VM_4",31
"VM","Cell_25261","VM_5",32
"VM","Cell_26724","VM_3",38
"VM","Cell_31617","VM_2",39
"VM","Cell_33985","VM_3",38
"VM","Cell_34079","VM_2",39
"VM","Cell_35520","VM_1",38
"VM","Cell_36539","VM_3",38
"VM","Cell_37164","VM_1",38
"VM","Cell_37813","VM_3",38
"VM","Cell_38943","VM_6",20
"VM","Cell_39382","VM_5",32
"VM","Cell_39545","VM_4",31
"VM","Cell_40263","VM_3",38
"VM","Cell_40790","VM_3",38
"VM","Cell_41545","VM_5",32
"VM","Cell_42236","VM_2",39
"VM","Cell_42276","VM_5",32
"VM","Cell_43724","VM_2",39
"VM","Cell_44880","VM_6",20
"VM","Cell_22910","VM_3",38
"VM","Cell_24762","VM_2",39
"VM","Cell_4183","VM_5",32
"VM","Cell_4435","VM_3",38
"VM","Cell_5740","VM_1",38
"VM","Cell_8384","VM_2",39
"VM","Cell_9206","VM_2",39
"VM","Cell_10666","VM_1",38
"VM","Cell_11101","VM_5",32
"VM","Cell_12019","VM_5",32
"VM","Cell_14235","VM_5",32
"VM","Cell_14631","VM_6",20
"VM","Cell_21322","VM_1",38
"VM","Cell_24507","VM_5",32
"VM","Cell_26169","VM_2",39
"VM","Cell_29401","VM_5",32
"VM","Cell_30947","VM_3",38
"VM","Cell_34415","VM_6",20
"VM","Cell_35554","VM_1",38
"VM","Cell_37838","VM_4",31
"VM","Cell_39527","VM_5",32
"VM","Cell_39631","VM_5",32
"VM","Cell_10100","VM_1",38
"VM","Cell_12388","VM_3",38
"VM","Cell_33927","VM_3",38
"VM","Cell_44455","VM_5",32
"VM","Cell_28693","VM_4",31
"VM","Cell_1287","VM_6",20
"VM","Cell_18810","VM_1",38
"VM","Cell_28477","VM_2",39
"VM","Cell_778","VM_2",39
"VM","Cell_957","VM_6",20
"VM","Cell_1134","VM_2",39
"VM","Cell_6404","VM_4",31
"VM","Cell_7777","VM_3",38
"VM","Cell_9990","VM_4",31
"VM","Cell_11413","VM_1",38
"VM","Cell_15046","VM_3",38
"VM","Cell_20382","VM_5",32
"VM","Cell_24804","VM_3",38
"VM","Cell_31310","VM_3",38
"VM","Cell_33676","VM_6",20
"VM","Cell_35638","VM_3",38
"VM","Cell_37301","VM_4",31
"VM","Cell_41656","VM_4",31
"VM","Cell_8611","VM_4",31
"VM","Cell_10736","VM_3",38
"VM","Cell_11662","VM_3",38
"VM","Cell_13746","VM_5",32
"VM","Cell_16750","VM_1",38
"VM","Cell_16829","VM_3",38
"VM","Cell_26470","VM_5",32
"VM","Cell_27653","VM_1",38
"VM","Cell_32642","VM_5",32
"VM","Cell_34153","VM_4",31
"VM","Cell_37754","VM_1",38
"VM","Cell_39949","VM_6",20
"VM","Cell_43110","VM_1",38
"VM","Cell_34592","VM_3",38
"VM","Cell_589","VM_2",39
"VM","Cell_845","VM_2",39
"VM","Cell_21538","VM_2",39
"VM","Cell_22510","VM_6",20
"VM","Cell_24886","VM_3",38
"VM","Cell_27379","VM_6",20
"VM","Cell_30420","VM_3",38
"VM","Cell_31284","VM_4",31
"VM","Cell_34048","VM_1",38
"VM","Cell_37146","VM_5",32
"VM","Cell_44865","VM_1",38
"VM","Cell_16620","VM_5",32
"VM","Cell_40180","VM_2",39
"VM","Cell_1462","VM_1",38
"VM","Cell_37294","VM_6",20
"VM","Cell_15371","VM_1",38
"VM","Cell_15924","VM_5",32
"VM","Cell_44536","VM_3",38
"VM","Cell_7853","VM_6",20
"VM","Cell_14889","VM_1",38
"VM","Cell_29259","VM_2",39
"VM","Cell_31953","VM_2",39
"VM","Cell_30496","VM_6",20
"VM","Cell_36872","VM_2",39
"VM","Cell_13534","VM_6",20
"VM","Cell_42785","VM_5",32
"VMHc","Cell_137","VMHc_1",100
"VMHc","Cell_1749","VMHc_2",100
"VMHc","Cell_3220","VMHc_2",100
"VMHc","Cell_6040","VMHc_1",100
"VMHc","Cell_6058","VMHc_3",128
"VMHc","Cell_6786","VMHc_3",128
"VMHc","Cell_7115","VMHc_2",100
"VMHc","Cell_7839","VMHc_4",70
"VMHc","Cell_8566","VMHc_4",70
"VMHc","Cell_9324","VMHc_2",100
"VMHc","Cell_12298","VMHc_4",70
"VMHc","Cell_12407","VMHc_4",70
"VMHc","Cell_14551","VMHc_1",100
"VMHc","Cell_14581","VMHc_4",70
"VMHc","Cell_14618","VMHc_1",100
"VMHc","Cell_14728","VMHc_2",100
"VMHc","Cell_14804","VMHc_2",100
"VMHc","Cell_16202","VMHc_4",70
"VMHc","Cell_16488","VMHc_1",100
"VMHc","Cell_16644","VMHc_4",70
"VMHc","Cell_18542","VMHc_2",100
"VMHc","Cell_18620","VMHc_1",100
"VMHc","Cell_19275","VMHc_4",70
"VMHc","Cell_20080","VMHc_3",128
"VMHc","Cell_22861","VMHc_4",70
"VMHc","Cell_23313","VMHc_1",100
"VMHc","Cell_24057","VMHc_1",100
"VMHc","Cell_24164","VMHc_2",100
"VMHc","Cell_24254","VMHc_2",100
"VMHc","Cell_24338","VMHc_4",70
"VMHc","Cell_24750","VMHc_4",70
"VMHc","Cell_25631","VMHc_2",100
"VMHc","Cell_26361","VMHc_3",128
"VMHc","Cell_26789","VMHc_4",70
"VMHc","Cell_28816","VMHc_3",128
"VMHc","Cell_28851","VMHc_4",70
"VMHc","Cell_29303","VMHc_4",70
"VMHc","Cell_29583","VMHc_3",128
"VMHc","Cell_29666","VMHc_3",128
"VMHc","Cell_29849","VMHc_1",100
"VMHc","Cell_36924","VMHc_4",70
"VMHc","Cell_37014","VMHc_1",100
"VMHc","Cell_41391","VMHc_2",100
"VMHc","Cell_41648","VMHc_4",70
"VMHc","Cell_43254","VMHc_2",100
"VMHc","Cell_43581","VMHc_2",100
"VMHc","Cell_43956","VMHc_4",70
"VMHc","Cell_4044","VMHc_1",100
"VMHc","Cell_5151","VMHc_1",100
"VMHc","Cell_5780","VMHc_2",100
"VMHc","Cell_6725","VMHc_2",100
"VMHc","Cell_8826","VMHc_1",100
"VMHc","Cell_8828","VMHc_1",100
"VMHc","Cell_10414","VMHc_1",100
"VMHc","Cell_10843","VMHc_2",100
"VMHc","Cell_10875","VMHc_1",100
"VMHc","Cell_13619","VMHc_3",128
"VMHc","Cell_14377","VMHc_3",128
"VMHc","Cell_14851","VMHc_1",100
"VMHc","Cell_15020","VMHc_4",70
"VMHc","Cell_20692","VMHc_2",100
"VMHc","Cell_20747","VMHc_2",100
"VMHc","Cell_21231","VMHc_3",128
"VMHc","Cell_24363","VMHc_3",128
"VMHc","Cell_24754","VMHc_2",100
"VMHc","Cell_25688","VMHc_4",70
"VMHc","Cell_25828","VMHc_1",100
"VMHc","Cell_27624","VMHc_3",128
"VMHc","Cell_30724","VMHc_4",70
"VMHc","Cell_31536","VMHc_3",128
"VMHc","Cell_31890","VMHc_2",100
"VMHc","Cell_37911","VMHc_3",128
"VMHc","Cell_43286","VMHc_2",100
"VMHc","Cell_472","VMHc_2",100
"VMHc","Cell_950","VMHc_3",128
"VMHc","Cell_1190","VMHc_4",70
"VMHc","Cell_2141","VMHc_3",128
"VMHc","Cell_3029","VMHc_1",100
"VMHc","Cell_3086","VMHc_2",100
"VMHc","Cell_3114","VMHc_2",100
"VMHc","Cell_5984","VMHc_4",70
"VMHc","Cell_7168","VMHc_1",100
"VMHc","Cell_7511","VMHc_3",128
"VMHc","Cell_8026","VMHc_1",100
"VMHc","Cell_8311","VMHc_1",100
"VMHc","Cell_8534","VMHc_4",70
"VMHc","Cell_8653","VMHc_3",128
"VMHc","Cell_8753","VMHc_2",100
"VMHc","Cell_9769","VMHc_2",100
"VMHc","Cell_9882","VMHc_2",100
"VMHc","Cell_11096","VMHc_1",100
"VMHc","Cell_12808","VMHc_1",100
"VMHc","Cell_12936","VMHc_3",128
"VMHc","Cell_13183","VMHc_1",100
"VMHc","Cell_16346","VMHc_3",128
"VMHc","Cell_16660","VMHc_2",100
"VMHc","Cell_18510","VMHc_3",128
"VMHc","Cell_19203","VMHc_3",128
"VMHc","Cell_19623","VMHc_2",100
"VMHc","Cell_21238","VMHc_3",128
"VMHc","Cell_21823","VMHc_3",128
"VMHc","Cell_22400","VMHc_2",100
"VMHc","Cell_23112","VMHc_2",100
"VMHc","Cell_23251","VMHc_3",128
"VMHc","Cell_23470","VMHc_3",128
"VMHc","Cell_23554","VMHc_2",100
"VMHc","Cell_25029","VMHc_3",128
"VMHc","Cell_28027","VMHc_3",128
"VMHc","Cell_28541","VMHc_4",70
"VMHc","Cell_35937","VMHc_1",100
"VMHc","Cell_36641","VMHc_2",100
"VMHc","Cell_36672","VMHc_4",70
"VMHc","Cell_37409","VMHc_4",70
"VMHc","Cell_39397","VMHc_3",128
"VMHc","Cell_42012","VMHc_1",100
"VMHc","Cell_42299","VMHc_2",100
"VMHc","Cell_42384","VMHc_3",128
"VMHc","Cell_43611","VMHc_2",100
"VMHc","Cell_43845","VMHc_2",100
"VMHc","Cell_44856","VMHc_4",70
"VMHc","Cell_579","VMHc_3",128
"VMHc","Cell_1332","VMHc_3",128
"VMHc","Cell_3105","VMHc_4",70
"VMHc","Cell_3639","VMHc_3",128
"VMHc","Cell_3810","VMHc_4",70
"VMHc","Cell_3989","VMHc_4",70
"VMHc","Cell_4557","VMHc_3",128
"VMHc","Cell_4637","VMHc_1",100
"VMHc","Cell_5458","VMHc_4",70
"VMHc","Cell_8236","VMHc_2",100
"VMHc","Cell_8272","VMHc_4",70
"VMHc","Cell_8863","VMHc_4",70
"VMHc","Cell_8905","VMHc_2",100
"VMHc","Cell_11897","VMHc_3",128
"VMHc","Cell_11899","VMHc_3",128
"VMHc","Cell_12325","VMHc_3",128
"VMHc","Cell_14715","VMHc_3",128
"VMHc","Cell_14956","VMHc_4",70
"VMHc","Cell_15449","VMHc_1",100
"VMHc","Cell_15780","VMHc_3",128
"VMHc","Cell_16971","VMHc_3",128
"VMHc","Cell_17484","VMHc_3",128
"VMHc","Cell_18706","VMHc_3",128
"VMHc","Cell_20921","VMHc_3",128
"VMHc","Cell_22364","VMHc_3",128
"VMHc","Cell_22408","VMHc_3",128
"VMHc","Cell_22833","VMHc_3",128
"VMHc","Cell_23083","VMHc_1",100
"VMHc","Cell_23264","VMHc_3",128
"VMHc","Cell_26198","VMHc_4",70
"VMHc","Cell_26508","VMHc_3",128
"VMHc","Cell_28054","VMHc_4",70
"VMHc","Cell_28962","VMHc_1",100
"VMHc","Cell_29479","VMHc_3",128
"VMHc","Cell_30314","VMHc_3",128
"VMHc","Cell_30502","VMHc_4",70
"VMHc","Cell_30806","VMHc_3",128
"VMHc","Cell_32357","VMHc_4",70
"VMHc","Cell_32621","VMHc_4",70
"VMHc","Cell_33726","VMHc_3",128
"VMHc","Cell_34109","VMHc_3",128
"VMHc","Cell_34190","VMHc_3",128
"VMHc","Cell_35064","VMHc_3",128
"VMHc","Cell_36952","VMHc_3",128
"VMHc","Cell_40690","VMHc_4",70
"VMHc","Cell_41007","VMHc_2",100
"VMHc","Cell_41104","VMHc_3",128
"VMHc","Cell_43188","VMHc_3",128
"VMHc","Cell_2667","VMHc_2",100
"VMHc","Cell_36630","VMHc_4",70
"VMHc","Cell_37366","VMHc_2",100
"VMHc","Cell_12700","VMHc_2",100
"VMHc","Cell_1288","VMHc_3",128
"VMHc","Cell_1979","VMHc_3",128
"VMHc","Cell_15299","VMHc_1",100
"VMHc","Cell_26146","VMHc_4",70
"VMHc","Cell_27331","VMHc_3",128
"VMHc","Cell_28641","VMHc_3",128
"VMHc","Cell_34814","VMHc_2",100
"VMHc","Cell_37484","VMHc_2",100
"VMHc","Cell_38858","VMHc_2",100
"VMHc","Cell_192","VMHc_1",100
"VMHc","Cell_509","VMHc_3",128
"VMHc","Cell_1325","VMHc_1",100
"VMHc","Cell_1655","VMHc_1",100
"VMHc","Cell_1719","VMHc_3",128
"VMHc","Cell_2379","VMHc_1",100
"VMHc","Cell_2833","VMHc_1",100
"VMHc","Cell_3199","VMHc_1",100
"VMHc","Cell_3277","VMHc_2",100
"VMHc","Cell_3594","VMHc_3",128
"VMHc","Cell_3898","VMHc_3",128
"VMHc","Cell_4128","VMHc_1",100
"VMHc","Cell_4248","VMHc_2",100
"VMHc","Cell_4822","VMHc_4",70
"VMHc","Cell_5245","VMHc_1",100
"VMHc","Cell_5311","VMHc_3",128
"VMHc","Cell_5504","VMHc_4",70
"VMHc","Cell_5602","VMHc_3",128
"VMHc","Cell_6238","VMHc_2",100
"VMHc","Cell_6773","VMHc_4",70
"VMHc","Cell_6928","VMHc_2",100
"VMHc","Cell_7301","VMHc_3",128
"VMHc","Cell_8297","VMHc_1",100
"VMHc","Cell_8362","VMHc_4",70
"VMHc","Cell_8780","VMHc_4",70
"VMHc","Cell_8806","VMHc_4",70
"VMHc","Cell_9360","VMHc_4",70
"VMHc","Cell_9492","VMHc_2",100
"VMHc","Cell_9494","VMHc_2",100
"VMHc","Cell_9549","VMHc_2",100
"VMHc","Cell_9570","VMHc_2",100
"VMHc","Cell_9687","VMHc_3",128
"VMHc","Cell_9792","VMHc_2",100
"VMHc","Cell_9910","VMHc_1",100
"VMHc","Cell_10012","VMHc_1",100
"VMHc","Cell_10044","VMHc_2",100
"VMHc","Cell_10233","VMHc_4",70
"VMHc","Cell_10311","VMHc_2",100
"VMHc","Cell_10490","VMHc_2",100
"VMHc","Cell_10659","VMHc_4",70
"VMHc","Cell_10737","VMHc_1",100
"VMHc","Cell_11384","VMHc_2",100
"VMHc","Cell_11441","VMHc_3",128
"VMHc","Cell_11757","VMHc_2",100
"VMHc","Cell_12345","VMHc_1",100
"VMHc","Cell_12705","VMHc_2",100
"VMHc","Cell_13179","VMHc_4",70
"VMHc","Cell_13683","VMHc_3",128
"VMHc","Cell_13890","VMHc_1",100
"VMHc","Cell_14857","VMHc_1",100
"VMHc","Cell_15315","VMHc_1",100
"VMHc","Cell_16020","VMHc_2",100
"VMHc","Cell_16357","VMHc_4",70
"VMHc","Cell_16394","VMHc_4",70
"VMHc","Cell_16481","VMHc_2",100
"VMHc","Cell_17587","VMHc_3",128
"VMHc","Cell_17819","VMHc_1",100
"VMHc","Cell_17926","VMHc_1",100
"VMHc","Cell_18068","VMHc_3",128
"VMHc","Cell_18113","VMHc_1",100
"VMHc","Cell_18396","VMHc_2",100
"VMHc","Cell_18655","VMHc_1",100
"VMHc","Cell_19026","VMHc_2",100
"VMHc","Cell_19116","VMHc_4",70
"VMHc","Cell_19446","VMHc_1",100
"VMHc","Cell_19486","VMHc_3",128
"VMHc","Cell_19694","VMHc_2",100
"VMHc","Cell_19705","VMHc_3",128
"VMHc","Cell_19886","VMHc_2",100
"VMHc","Cell_20083","VMHc_3",128
"VMHc","Cell_20146","VMHc_3",128
"VMHc","Cell_20441","VMHc_1",100
"VMHc","Cell_20825","VMHc_2",100
"VMHc","Cell_21795","VMHc_1",100
"VMHc","Cell_22100","VMHc_3",128
"VMHc","Cell_22659","VMHc_3",128
"VMHc","Cell_22980","VMHc_4",70
"VMHc","Cell_23108","VMHc_1",100
"VMHc","Cell_23801","VMHc_1",100
"VMHc","Cell_24003","VMHc_3",128
"VMHc","Cell_24064","VMHc_2",100
"VMHc","Cell_24080","VMHc_4",70
"VMHc","Cell_25159","VMHc_3",128
"VMHc","Cell_25233","VMHc_2",100
"VMHc","Cell_25934","VMHc_3",128
"VMHc","Cell_26137","VMHc_3",128
"VMHc","Cell_26628","VMHc_1",100
"VMHc","Cell_27002","VMHc_4",70
"VMHc","Cell_27117","VMHc_2",100
"VMHc","Cell_27130","VMHc_1",100
"VMHc","Cell_27496","VMHc_3",128
"VMHc","Cell_28674","VMHc_2",100
"VMHc","Cell_28737","VMHc_2",100
"VMHc","Cell_28946","VMHc_4",70
"VMHc","Cell_29297","VMHc_2",100
"VMHc","Cell_29419","VMHc_1",100
"VMHc","Cell_29475","VMHc_1",100
"VMHc","Cell_29635","VMHc_1",100
"VMHc","Cell_29814","VMHc_2",100
"VMHc","Cell_30211","VMHc_3",128
"VMHc","Cell_30726","VMHc_3",128
"VMHc","Cell_30979","VMHc_3",128
"VMHc","Cell_31216","VMHc_3",128
"VMHc","Cell_31358","VMHc_4",70
"VMHc","Cell_32114","VMHc_1",100
"VMHc","Cell_32164","VMHc_1",100
"VMHc","Cell_32419","VMHc_3",128
"VMHc","Cell_32715","VMHc_4",70
"VMHc","Cell_32881","VMHc_3",128
"VMHc","Cell_33092","VMHc_2",100
"VMHc","Cell_33469","VMHc_2",100
"VMHc","Cell_33524","VMHc_1",100
"VMHc","Cell_33877","VMHc_3",128
"VMHc","Cell_33981","VMHc_3",128
"VMHc","Cell_34015","VMHc_1",100
"VMHc","Cell_34434","VMHc_3",128
"VMHc","Cell_35473","VMHc_2",100
"VMHc","Cell_35788","VMHc_3",128
"VMHc","Cell_35877","VMHc_3",128
"VMHc","Cell_36217","VMHc_2",100
"VMHc","Cell_36279","VMHc_2",100
"VMHc","Cell_36571","VMHc_2",100
"VMHc","Cell_37191","VMHc_3",128
"VMHc","Cell_37230","VMHc_2",100
"VMHc","Cell_37504","VMHc_1",100
"VMHc","Cell_37597","VMHc_4",70
"VMHc","Cell_37844","VMHc_2",100
"VMHc","Cell_38024","VMHc_1",100
"VMHc","Cell_38488","VMHc_3",128
"VMHc","Cell_38698","VMHc_2",100
"VMHc","Cell_38893","VMHc_1",100
"VMHc","Cell_39140","VMHc_2",100
"VMHc","Cell_39530","VMHc_1",100
"VMHc","Cell_40187","VMHc_1",100
"VMHc","Cell_40316","VMHc_1",100
"VMHc","Cell_40679","VMHc_4",70
"VMHc","Cell_41145","VMHc_2",100
"VMHc","Cell_41453","VMHc_1",100
"VMHc","Cell_42513","VMHc_2",100
"VMHc","Cell_42900","VMHc_2",100
"VMHc","Cell_42993","VMHc_1",100
"VMHc","Cell_43886","VMHc_2",100
"VMHc","Cell_44967","VMHc_3",128
"VMHc","Cell_571","VMHc_3",128
"VMHc","Cell_1409","VMHc_3",128
"VMHc","Cell_2848","VMHc_1",100
"VMHc","Cell_2865","VMHc_1",100
"VMHc","Cell_3330","VMHc_3",128
"VMHc","Cell_3547","VMHc_2",100
"VMHc","Cell_4662","VMHc_3",128
"VMHc","Cell_5889","VMHc_3",128
"VMHc","Cell_5971","VMHc_1",100
"VMHc","Cell_6252","VMHc_3",128
"VMHc","Cell_7549","VMHc_4",70
"VMHc","Cell_8336","VMHc_1",100
"VMHc","Cell_8630","VMHc_3",128
"VMHc","Cell_8798","VMHc_3",128
"VMHc","Cell_9618","VMHc_3",128
"VMHc","Cell_10641","VMHc_3",128
"VMHc","Cell_10703","VMHc_3",128
"VMHc","Cell_11506","VMHc_4",70
"VMHc","Cell_12301","VMHc_1",100
"VMHc","Cell_14174","VMHc_1",100
"VMHc","Cell_14468","VMHc_1",100
"VMHc","Cell_15180","VMHc_1",100
"VMHc","Cell_15802","VMHc_2",100
"VMHc","Cell_16145","VMHc_1",100
"VMHc","Cell_17058","VMHc_3",128
"VMHc","Cell_18184","VMHc_1",100
"VMHc","Cell_18259","VMHc_3",128
"VMHc","Cell_18674","VMHc_2",100
"VMHc","Cell_18821","VMHc_3",128
"VMHc","Cell_19359","VMHc_2",100
"VMHc","Cell_20970","VMHc_1",100
"VMHc","Cell_21468","VMHc_1",100
"VMHc","Cell_21670","VMHc_1",100
"VMHc","Cell_21770","VMHc_3",128
"VMHc","Cell_21834","VMHc_4",70
"VMHc","Cell_24185","VMHc_1",100
"VMHc","Cell_25861","VMHc_1",100
"VMHc","Cell_26596","VMHc_4",70
"VMHc","Cell_27541","VMHc_3",128
"VMHc","Cell_28259","VMHc_1",100
"VMHc","Cell_29024","VMHc_1",100
"VMHc","Cell_29125","VMHc_2",100
"VMHc","Cell_29633","VMHc_1",100
"VMHc","Cell_30694","VMHc_3",128
"VMHc","Cell_30802","VMHc_4",70
"VMHc","Cell_33321","VMHc_4",70
"VMHc","Cell_34909","VMHc_3",128
"VMHc","Cell_35542","VMHc_1",100
"VMHc","Cell_36620","VMHc_3",128
"VMHc","Cell_36842","VMHc_3",128
"VMHc","Cell_37144","VMHc_1",100
"VMHc","Cell_40308","VMHc_3",128
"VMHc","Cell_40473","VMHc_1",100
"VMHc","Cell_41119","VMHc_3",128
"VMHc","Cell_41605","VMHc_2",100
"VMHc","Cell_42185","VMHc_1",100
"VMHc","Cell_42693","VMHc_1",100
"VMHc","Cell_43389","VMHc_2",100
"VMHc","Cell_44723","VMHc_3",128
"VMHc","Cell_44799","VMHc_2",100
"VMHc","Cell_9112","VMHc_3",128
"VMHc","Cell_20470","VMHc_3",128
"VMHc","Cell_27044","VMHc_2",100
"VMHc","Cell_39634","VMHc_3",128
"VMHc","Cell_43939","VMHc_3",128
"VMHc","Cell_25202","VMHc_1",100
"VMHc","Cell_12573","VMHc_2",100
"VMHc","Cell_14579","VMHc_2",100
"VMHc","Cell_12526","VMHc_1",100
"VMHc","Cell_31414","VMHc_4",70
"VMHc","Cell_43329","VMHc_3",128
"VMHc","Cell_27911","VMHc_1",100
"VMHc","Cell_18683","VMHc_2",100
"VMHc","Cell_45273","VMHc_3",128
"VMHdm","Cell_419","VMHdm_1",86
"VMHdm","Cell_1869","VMHdm_2",80
"VMHdm","Cell_5092","VMHdm_1",86
"VMHdm","Cell_5300","VMHdm_3",45
"VMHdm","Cell_6869","VMHdm_3",45
"VMHdm","Cell_7227","VMHdm_2",80
"VMHdm","Cell_7607","VMHdm_2",80
"VMHdm","Cell_7992","VMHdm_2",80
"VMHdm","Cell_8554","VMHdm_1",86
"VMHdm","Cell_8761","VMHdm_2",80
"VMHdm","Cell_9012","VMHdm_2",80
"VMHdm","Cell_9211","VMHdm_2",80
"VMHdm","Cell_9275","VMHdm_3",45
"VMHdm","Cell_9375","VMHdm_1",86
"VMHdm","Cell_10905","VMHdm_2",80
"VMHdm","Cell_11827","VMHdm_4",52
"VMHdm","Cell_12989","VMHdm_1",86
"VMHdm","Cell_13839","VMHdm_3",45
"VMHdm","Cell_14290","VMHdm_3",45
"VMHdm","Cell_15850","VMHdm_1",86
"VMHdm","Cell_16283","VMHdm_3",45
"VMHdm","Cell_17087","VMHdm_2",80
"VMHdm","Cell_17453","VMHdm_1",86
"VMHdm","Cell_17561","VMHdm_1",86
"VMHdm","Cell_18587","VMHdm_1",86
"VMHdm","Cell_20258","VMHdm_2",80
"VMHdm","Cell_21108","VMHdm_2",80
"VMHdm","Cell_21223","VMHdm_3",45
"VMHdm","Cell_21265","VMHdm_3",45
"VMHdm","Cell_21993","VMHdm_2",80
"VMHdm","Cell_23343","VMHdm_1",86
"VMHdm","Cell_23607","VMHdm_3",45
"VMHdm","Cell_25560","VMHdm_1",86
"VMHdm","Cell_25573","VMHdm_4",52
"VMHdm","Cell_25800","VMHdm_1",86
"VMHdm","Cell_28990","VMHdm_1",86
"VMHdm","Cell_30063","VMHdm_2",80
"VMHdm","Cell_31488","VMHdm_3",45
"VMHdm","Cell_31538","VMHdm_3",45
"VMHdm","Cell_32060","VMHdm_2",80
"VMHdm","Cell_32641","VMHdm_1",86
"VMHdm","Cell_35925","VMHdm_3",45
"VMHdm","Cell_36489","VMHdm_4",52
"VMHdm","Cell_36492","VMHdm_4",52
"VMHdm","Cell_36579","VMHdm_4",52
"VMHdm","Cell_36776","VMHdm_1",86
"VMHdm","Cell_37215","VMHdm_1",86
"VMHdm","Cell_37846","VMHdm_3",45
"VMHdm","Cell_38062","VMHdm_2",80
"VMHdm","Cell_40224","VMHdm_2",80
"VMHdm","Cell_40291","VMHdm_2",80
"VMHdm","Cell_40320","VMHdm_4",52
"VMHdm","Cell_40521","VMHdm_3",45
"VMHdm","Cell_40567","VMHdm_1",86
"VMHdm","Cell_41075","VMHdm_2",80
"VMHdm","Cell_41093","VMHdm_2",80
"VMHdm","Cell_44046","VMHdm_4",52
"VMHdm","Cell_44972","VMHdm_1",86
"VMHdm","Cell_2621","VMHdm_4",52
"VMHdm","Cell_4500","VMHdm_1",86
"VMHdm","Cell_17090","VMHdm_2",80
"VMHdm","Cell_19889","VMHdm_3",45
"VMHdm","Cell_24352","VMHdm_1",86
"VMHdm","Cell_29219","VMHdm_4",52
"VMHdm","Cell_41903","VMHdm_3",45
"VMHdm","Cell_42194","VMHdm_4",52
"VMHdm","Cell_45271","VMHdm_4",52
"VMHdm","Cell_1149","VMHdm_4",52
"VMHdm","Cell_1429","VMHdm_1",86
"VMHdm","Cell_2840","VMHdm_1",86
"VMHdm","Cell_4142","VMHdm_2",80
"VMHdm","Cell_4256","VMHdm_2",80
"VMHdm","Cell_4929","VMHdm_3",45
"VMHdm","Cell_6423","VMHdm_4",52
"VMHdm","Cell_7067","VMHdm_4",52
"VMHdm","Cell_8881","VMHdm_3",45
"VMHdm","Cell_8910","VMHdm_1",86
"VMHdm","Cell_11335","VMHdm_4",52
"VMHdm","Cell_11390","VMHdm_1",86
"VMHdm","Cell_12086","VMHdm_4",52
"VMHdm","Cell_12807","VMHdm_1",86
"VMHdm","Cell_16341","VMHdm_2",80
"VMHdm","Cell_17156","VMHdm_1",86
"VMHdm","Cell_19119","VMHdm_2",80
"VMHdm","Cell_21687","VMHdm_2",80
"VMHdm","Cell_21738","VMHdm_4",52
"VMHdm","Cell_22256","VMHdm_1",86
"VMHdm","Cell_24858","VMHdm_2",80
"VMHdm","Cell_26111","VMHdm_1",86
"VMHdm","Cell_27194","VMHdm_3",45
"VMHdm","Cell_27352","VMHdm_3",45
"VMHdm","Cell_29326","VMHdm_1",86
"VMHdm","Cell_29632","VMHdm_2",80
"VMHdm","Cell_30035","VMHdm_3",45
"VMHdm","Cell_31598","VMHdm_1",86
"VMHdm","Cell_31977","VMHdm_1",86
"VMHdm","Cell_33704","VMHdm_3",45
"VMHdm","Cell_34999","VMHdm_1",86
"VMHdm","Cell_39200","VMHdm_3",45
"VMHdm","Cell_40759","VMHdm_3",45
"VMHdm","Cell_40853","VMHdm_1",86
"VMHdm","Cell_40864","VMHdm_1",86
"VMHdm","Cell_44035","VMHdm_1",86
"VMHdm","Cell_44361","VMHdm_2",80
"VMHdm","Cell_5444","VMHdm_2",80
"VMHdm","Cell_21182","VMHdm_3",45
"VMHdm","Cell_24923","VMHdm_2",80
"VMHdm","Cell_34522","VMHdm_1",86
"VMHdm","Cell_37590","VMHdm_3",45
"VMHdm","Cell_3133","VMHdm_1",86
"VMHdm","Cell_7836","VMHdm_1",86
"VMHdm","Cell_9364","VMHdm_1",86
"VMHdm","Cell_10060","VMHdm_1",86
"VMHdm","Cell_13278","VMHdm_4",52
"VMHdm","Cell_18859","VMHdm_4",52
"VMHdm","Cell_21662","VMHdm_1",86
"VMHdm","Cell_24893","VMHdm_1",86
"VMHdm","Cell_30394","VMHdm_4",52
"VMHdm","Cell_35817","VMHdm_1",86
"VMHdm","Cell_37779","VMHdm_2",80
"VMHdm","Cell_40036","VMHdm_1",86
"VMHdm","Cell_43155","VMHdm_4",52
"VMHdm","Cell_43540","VMHdm_2",80
"VMHdm","Cell_43911","VMHdm_1",86
"VMHdm","Cell_44250","VMHdm_1",86
"VMHdm","Cell_14599","VMHdm_1",86
"VMHdm","Cell_18470","VMHdm_1",86
"VMHdm","Cell_4197","VMHdm_1",86
"VMHdm","Cell_7122","VMHdm_1",86
"VMHdm","Cell_11854","VMHdm_2",80
"VMHdm","Cell_11917","VMHdm_1",86
"VMHdm","Cell_17657","VMHdm_1",86
"VMHdm","Cell_17936","VMHdm_4",52
"VMHdm","Cell_18241","VMHdm_3",45
"VMHdm","Cell_39223","VMHdm_1",86
"VMHdm","Cell_39844","VMHdm_2",80
"VMHdm","Cell_42676","VMHdm_2",80
"VMHdm","Cell_3847","VMHdm_1",86
"VMHdm","Cell_4386","VMHdm_1",86
"VMHdm","Cell_10526","VMHdm_4",52
"VMHdm","Cell_12163","VMHdm_4",52
"VMHdm","Cell_13868","VMHdm_2",80
"VMHdm","Cell_18497","VMHdm_1",86
"VMHdm","Cell_19716","VMHdm_3",45
"VMHdm","Cell_19814","VMHdm_1",86
"VMHdm","Cell_19850","VMHdm_4",52
"VMHdm","Cell_20715","VMHdm_4",52
"VMHdm","Cell_22557","VMHdm_2",80
"VMHdm","Cell_24579","VMHdm_3",45
"VMHdm","Cell_38400","VMHdm_4",52
"VMHdm","Cell_42031","VMHdm_2",80
"VMHdm","Cell_1095","VMHdm_3",45
"VMHdm","Cell_4760","VMHdm_1",86
"VMHdm","Cell_5250","VMHdm_2",80
"VMHdm","Cell_5448","VMHdm_2",80
"VMHdm","Cell_6071","VMHdm_1",86
"VMHdm","Cell_6358","VMHdm_1",86
"VMHdm","Cell_6393","VMHdm_1",86
"VMHdm","Cell_6826","VMHdm_1",86
"VMHdm","Cell_7244","VMHdm_4",52
"VMHdm","Cell_7474","VMHdm_2",80
"VMHdm","Cell_7916","VMHdm_2",80
"VMHdm","Cell_7925","VMHdm_2",80
"VMHdm","Cell_8006","VMHdm_2",80
"VMHdm","Cell_8418","VMHdm_2",80
"VMHdm","Cell_8744","VMHdm_1",86
"VMHdm","Cell_8899","VMHdm_1",86
"VMHdm","Cell_9050","VMHdm_1",86
"VMHdm","Cell_9279","VMHdm_1",86
"VMHdm","Cell_9864","VMHdm_2",80
"VMHdm","Cell_11226","VMHdm_3",45
"VMHdm","Cell_11460","VMHdm_2",80
"VMHdm","Cell_11645","VMHdm_4",52
"VMHdm","Cell_12446","VMHdm_2",80
"VMHdm","Cell_12848","VMHdm_4",52
"VMHdm","Cell_14266","VMHdm_1",86
"VMHdm","Cell_14809","VMHdm_4",52
"VMHdm","Cell_15982","VMHdm_1",86
"VMHdm","Cell_16043","VMHdm_4",52
"VMHdm","Cell_16292","VMHdm_2",80
"VMHdm","Cell_16387","VMHdm_2",80
"VMHdm","Cell_17020","VMHdm_3",45
"VMHdm","Cell_19214","VMHdm_4",52
"VMHdm","Cell_19228","VMHdm_1",86
"VMHdm","Cell_19498","VMHdm_4",52
"VMHdm","Cell_19502","VMHdm_2",80
"VMHdm","Cell_19551","VMHdm_3",45
"VMHdm","Cell_20651","VMHdm_3",45
"VMHdm","Cell_21576","VMHdm_4",52
"VMHdm","Cell_21786","VMHdm_3",45
"VMHdm","Cell_22473","VMHdm_1",86
"VMHdm","Cell_22726","VMHdm_2",80
"VMHdm","Cell_23783","VMHdm_4",52
"VMHdm","Cell_23981","VMHdm_1",86
"VMHdm","Cell_23998","VMHdm_4",52
"VMHdm","Cell_26157","VMHdm_2",80
"VMHdm","Cell_26634","VMHdm_4",52
"VMHdm","Cell_26906","VMHdm_3",45
"VMHdm","Cell_28395","VMHdm_2",80
"VMHdm","Cell_29348","VMHdm_2",80
"VMHdm","Cell_29665","VMHdm_2",80
"VMHdm","Cell_29816","VMHdm_2",80
"VMHdm","Cell_30072","VMHdm_2",80
"VMHdm","Cell_30381","VMHdm_4",52
"VMHdm","Cell_30658","VMHdm_2",80
"VMHdm","Cell_31523","VMHdm_2",80
"VMHdm","Cell_31589","VMHdm_2",80
"VMHdm","Cell_31625","VMHdm_2",80
"VMHdm","Cell_31792","VMHdm_2",80
"VMHdm","Cell_31876","VMHdm_2",80
"VMHdm","Cell_32540","VMHdm_1",86
"VMHdm","Cell_34083","VMHdm_3",45
"VMHdm","Cell_34614","VMHdm_2",80
"VMHdm","Cell_35393","VMHdm_2",80
"VMHdm","Cell_35927","VMHdm_4",52
"VMHdm","Cell_36392","VMHdm_1",86
"VMHdm","Cell_37330","VMHdm_3",45
"VMHdm","Cell_37499","VMHdm_1",86
"VMHdm","Cell_37839","VMHdm_3",45
"VMHdm","Cell_37862","VMHdm_1",86
"VMHdm","Cell_37938","VMHdm_2",80
"VMHdm","Cell_38735","VMHdm_2",80
"VMHdm","Cell_39915","VMHdm_4",52
"VMHdm","Cell_39953","VMHdm_3",45
"VMHdm","Cell_40607","VMHdm_4",52
"VMHdm","Cell_41574","VMHdm_2",80
"VMHdm","Cell_42718","VMHdm_4",52
"VMHdm","Cell_44120","VMHdm_2",80
"VMHdm","Cell_44377","VMHdm_3",45
"VMHdm","Cell_1892","VMHdm_2",80
"VMHdm","Cell_2045","VMHdm_4",52
"VMHdm","Cell_4137","VMHdm_1",86
"VMHdm","Cell_4721","VMHdm_2",80
"VMHdm","Cell_12568","VMHdm_3",45
"VMHdm","Cell_13461","VMHdm_4",52
"VMHdm","Cell_13597","VMHdm_4",52
"VMHdm","Cell_15645","VMHdm_1",86
"VMHdm","Cell_16858","VMHdm_4",52
"VMHdm","Cell_18518","VMHdm_1",86
"VMHdm","Cell_18762","VMHdm_1",86
"VMHdm","Cell_18868","VMHdm_1",86
"VMHdm","Cell_20002","VMHdm_2",80
"VMHdm","Cell_24397","VMHdm_2",80
"VMHdm","Cell_25728","VMHdm_1",86
"VMHdm","Cell_26134","VMHdm_4",52
"VMHdm","Cell_29743","VMHdm_2",80
"VMHdm","Cell_29910","VMHdm_1",86
"VMHdm","Cell_32318","VMHdm_4",52
"VMHdm","Cell_32636","VMHdm_4",52
"VMHdm","Cell_33117","VMHdm_1",86
"VMHdm","Cell_35779","VMHdm_3",45
"VMHdm","Cell_39873","VMHdm_1",86
"VMHdm","Cell_40831","VMHdm_3",45
"VMHdm","Cell_40984","VMHdm_1",86
"VMHdm","Cell_43536","VMHdm_4",52
"VMHdm","Cell_44550","VMHdm_1",86
"VMHdm","Cell_4186","VMHdm_2",80
"VMHdm","Cell_13090","VMHdm_2",80
"VMHdm","Cell_39313","VMHdm_3",45
"VMHdm","Cell_2169","VMHdm_2",80
"VMHdm","Cell_23072","VMHdm_4",52
"VMHdm","Cell_43268","VMHdm_2",80
"VMHdm","Cell_17541","VMHdm_2",80
"VMHvl","Cell_828","VMHvl_1",82
"VMHvl","Cell_3699","VMHvl_2",107
"VMHvl","Cell_3844","VMHvl_3",29
"VMHvl","Cell_4105","VMHvl_4",64
"VMHvl","Cell_4927","VMHvl_3",29
"VMHvl","Cell_5166","VMHvl_5",87
"VMHvl","Cell_5799","VMHvl_2",107
"VMHvl","Cell_6380","VMHvl_5",87
"VMHvl","Cell_6683","VMHvl_2",107
"VMHvl","Cell_8118","VMHvl_2",107
"VMHvl","Cell_8822","VMHvl_5",87
"VMHvl","Cell_9475","VMHvl_2",107
"VMHvl","Cell_10152","VMHvl_1",82
"VMHvl","Cell_10799","VMHvl_2",107
"VMHvl","Cell_13927","VMHvl_5",87
"VMHvl","Cell_14730","VMHvl_1",82
"VMHvl","Cell_14769","VMHvl_5",87
"VMHvl","Cell_15581","VMHvl_1",82
"VMHvl","Cell_16403","VMHvl_4",64
"VMHvl","Cell_17609","VMHvl_2",107
"VMHvl","Cell_17640","VMHvl_2",107
"VMHvl","Cell_18365","VMHvl_1",82
"VMHvl","Cell_18811","VMHvl_2",107
"VMHvl","Cell_18996","VMHvl_5",87
"VMHvl","Cell_23078","VMHvl_4",64
"VMHvl","Cell_23578","VMHvl_2",107
"VMHvl","Cell_24207","VMHvl_2",107
"VMHvl","Cell_24298","VMHvl_4",64
"VMHvl","Cell_24467","VMHvl_2",107
"VMHvl","Cell_25437","VMHvl_1",82
"VMHvl","Cell_25528","VMHvl_1",82
"VMHvl","Cell_26409","VMHvl_5",87
"VMHvl","Cell_26537","VMHvl_3",29
"VMHvl","Cell_27087","VMHvl_4",64
"VMHvl","Cell_28296","VMHvl_5",87
"VMHvl","Cell_28507","VMHvl_1",82
"VMHvl","Cell_29474","VMHvl_4",64
"VMHvl","Cell_31275","VMHvl_4",64
"VMHvl","Cell_31294","VMHvl_2",107
"VMHvl","Cell_32523","VMHvl_2",107
"VMHvl","Cell_32524","VMHvl_1",82
"VMHvl","Cell_33051","VMHvl_4",64
"VMHvl","Cell_33318","VMHvl_1",82
"VMHvl","Cell_34700","VMHvl_5",87
"VMHvl","Cell_35301","VMHvl_2",107
"VMHvl","Cell_37801","VMHvl_5",87
"VMHvl","Cell_38248","VMHvl_3",29
"VMHvl","Cell_38752","VMHvl_5",87
"VMHvl","Cell_38955","VMHvl_2",107
"VMHvl","Cell_40231","VMHvl_1",82
"VMHvl","Cell_40364","VMHvl_1",82
"VMHvl","Cell_41627","VMHvl_5",87
"VMHvl","Cell_41679","VMHvl_2",107
"VMHvl","Cell_42237","VMHvl_5",87
"VMHvl","Cell_42497","VMHvl_1",82
"VMHvl","Cell_42808","VMHvl_2",107
"VMHvl","Cell_43015","VMHvl_5",87
"VMHvl","Cell_43334","VMHvl_5",87
"VMHvl","Cell_43706","VMHvl_3",29
"VMHvl","Cell_43855","VMHvl_2",107
"VMHvl","Cell_7535","VMHvl_4",64
"VMHvl","Cell_10016","VMHvl_4",64
"VMHvl","Cell_13894","VMHvl_5",87
"VMHvl","Cell_15638","VMHvl_2",107
"VMHvl","Cell_15970","VMHvl_4",64
"VMHvl","Cell_22034","VMHvl_5",87
"VMHvl","Cell_23400","VMHvl_5",87
"VMHvl","Cell_24194","VMHvl_2",107
"VMHvl","Cell_30036","VMHvl_2",107
"VMHvl","Cell_31969","VMHvl_2",107
"VMHvl","Cell_35634","VMHvl_4",64
"VMHvl","Cell_36078","VMHvl_2",107
"VMHvl","Cell_36935","VMHvl_2",107
"VMHvl","Cell_37896","VMHvl_2",107
"VMHvl","Cell_37925","VMHvl_4",64
"VMHvl","Cell_38714","VMHvl_1",82
"VMHvl","Cell_39410","VMHvl_2",107
"VMHvl","Cell_43273","VMHvl_1",82
"VMHvl","Cell_44520","VMHvl_2",107
"VMHvl","Cell_888","VMHvl_1",82
"VMHvl","Cell_1686","VMHvl_5",87
"VMHvl","Cell_1692","VMHvl_2",107
"VMHvl","Cell_4458","VMHvl_2",107
"VMHvl","Cell_5322","VMHvl_2",107
"VMHvl","Cell_6406","VMHvl_2",107
"VMHvl","Cell_6421","VMHvl_4",64
"VMHvl","Cell_6448","VMHvl_3",29
"VMHvl","Cell_6847","VMHvl_2",107
"VMHvl","Cell_8266","VMHvl_3",29
"VMHvl","Cell_8731","VMHvl_4",64
"VMHvl","Cell_9697","VMHvl_5",87
"VMHvl","Cell_10322","VMHvl_2",107
"VMHvl","Cell_11793","VMHvl_4",64
"VMHvl","Cell_11972","VMHvl_4",64
"VMHvl","Cell_12628","VMHvl_1",82
"VMHvl","Cell_13973","VMHvl_4",64
"VMHvl","Cell_14560","VMHvl_2",107
"VMHvl","Cell_15556","VMHvl_5",87
"VMHvl","Cell_16362","VMHvl_4",64
"VMHvl","Cell_16833","VMHvl_3",29
"VMHvl","Cell_17342","VMHvl_1",82
"VMHvl","Cell_17498","VMHvl_2",107
"VMHvl","Cell_17682","VMHvl_4",64
"VMHvl","Cell_17782","VMHvl_2",107
"VMHvl","Cell_18411","VMHvl_4",64
"VMHvl","Cell_18759","VMHvl_5",87
"VMHvl","Cell_20444","VMHvl_2",107
"VMHvl","Cell_20719","VMHvl_2",107
"VMHvl","Cell_21607","VMHvl_1",82
"VMHvl","Cell_21875","VMHvl_3",29
"VMHvl","Cell_22071","VMHvl_1",82
"VMHvl","Cell_22425","VMHvl_1",82
"VMHvl","Cell_22943","VMHvl_2",107
"VMHvl","Cell_23025","VMHvl_3",29
"VMHvl","Cell_23969","VMHvl_5",87
"VMHvl","Cell_24607","VMHvl_5",87
"VMHvl","Cell_26960","VMHvl_3",29
"VMHvl","Cell_27224","VMHvl_2",107
"VMHvl","Cell_27875","VMHvl_5",87
"VMHvl","Cell_28221","VMHvl_5",87
"VMHvl","Cell_28747","VMHvl_5",87
"VMHvl","Cell_29038","VMHvl_5",87
"VMHvl","Cell_32162","VMHvl_1",82
"VMHvl","Cell_32168","VMHvl_2",107
"VMHvl","Cell_32346","VMHvl_5",87
"VMHvl","Cell_32437","VMHvl_5",87
"VMHvl","Cell_34800","VMHvl_4",64
"VMHvl","Cell_35093","VMHvl_2",107
"VMHvl","Cell_35098","VMHvl_4",64
"VMHvl","Cell_35283","VMHvl_1",82
"VMHvl","Cell_35512","VMHvl_2",107
"VMHvl","Cell_37576","VMHvl_2",107
"VMHvl","Cell_37698","VMHvl_3",29
"VMHvl","Cell_39258","VMHvl_5",87
"VMHvl","Cell_39909","VMHvl_3",29
"VMHvl","Cell_41169","VMHvl_3",29
"VMHvl","Cell_41567","VMHvl_5",87
"VMHvl","Cell_44097","VMHvl_4",64
"VMHvl","Cell_8065","VMHvl_2",107
"VMHvl","Cell_10151","VMHvl_2",107
"VMHvl","Cell_10539","VMHvl_2",107
"VMHvl","Cell_37299","VMHvl_2",107
"VMHvl","Cell_638","VMHvl_4",64
"VMHvl","Cell_1271","VMHvl_2",107
"VMHvl","Cell_1368","VMHvl_5",87
"VMHvl","Cell_1472","VMHvl_3",29
"VMHvl","Cell_1565","VMHvl_4",64
"VMHvl","Cell_1818","VMHvl_3",29
"VMHvl","Cell_2006","VMHvl_5",87
"VMHvl","Cell_2129","VMHvl_1",82
"VMHvl","Cell_3448","VMHvl_2",107
"VMHvl","Cell_3581","VMHvl_2",107
"VMHvl","Cell_3939","VMHvl_3",29
"VMHvl","Cell_4402","VMHvl_4",64
"VMHvl","Cell_4722","VMHvl_5",87
"VMHvl","Cell_5355","VMHvl_5",87
"VMHvl","Cell_5986","VMHvl_1",82
"VMHvl","Cell_6262","VMHvl_2",107
"VMHvl","Cell_6778","VMHvl_3",29
"VMHvl","Cell_7056","VMHvl_1",82
"VMHvl","Cell_7462","VMHvl_1",82
"VMHvl","Cell_8258","VMHvl_2",107
"VMHvl","Cell_8370","VMHvl_1",82
"VMHvl","Cell_8458","VMHvl_4",64
"VMHvl","Cell_9640","VMHvl_2",107
"VMHvl","Cell_9721","VMHvl_1",82
"VMHvl","Cell_9865","VMHvl_3",29
"VMHvl","Cell_9934","VMHvl_1",82
"VMHvl","Cell_10460","VMHvl_4",64
"VMHvl","Cell_10931","VMHvl_5",87
"VMHvl","Cell_11161","VMHvl_1",82
"VMHvl","Cell_12036","VMHvl_2",107
"VMHvl","Cell_13350","VMHvl_2",107
"VMHvl","Cell_13509","VMHvl_2",107
"VMHvl","Cell_13928","VMHvl_4",64
"VMHvl","Cell_14399","VMHvl_1",82
"VMHvl","Cell_15692","VMHvl_1",82
"VMHvl","Cell_16041","VMHvl_4",64
"VMHvl","Cell_17297","VMHvl_1",82
"VMHvl","Cell_17544","VMHvl_4",64
"VMHvl","Cell_17554","VMHvl_2",107
"VMHvl","Cell_18033","VMHvl_2",107
"VMHvl","Cell_18441","VMHvl_1",82
"VMHvl","Cell_18621","VMHvl_3",29
"VMHvl","Cell_18760","VMHvl_1",82
"VMHvl","Cell_19323","VMHvl_1",82
"VMHvl","Cell_20510","VMHvl_1",82
"VMHvl","Cell_22146","VMHvl_3",29
"VMHvl","Cell_22272","VMHvl_3",29
"VMHvl","Cell_22542","VMHvl_2",107
"VMHvl","Cell_24026","VMHvl_4",64
"VMHvl","Cell_25939","VMHvl_1",82
"VMHvl","Cell_26057","VMHvl_1",82
"VMHvl","Cell_26636","VMHvl_1",82
"VMHvl","Cell_26819","VMHvl_1",82
"VMHvl","Cell_27460","VMHvl_1",82
"VMHvl","Cell_27465","VMHvl_1",82
"VMHvl","Cell_28871","VMHvl_5",87
"VMHvl","Cell_29369","VMHvl_1",82
"VMHvl","Cell_29442","VMHvl_2",107
"VMHvl","Cell_30077","VMHvl_5",87
"VMHvl","Cell_30277","VMHvl_5",87
"VMHvl","Cell_30370","VMHvl_2",107
"VMHvl","Cell_31392","VMHvl_3",29
"VMHvl","Cell_31852","VMHvl_1",82
"VMHvl","Cell_32220","VMHvl_3",29
"VMHvl","Cell_34692","VMHvl_1",82
"VMHvl","Cell_34716","VMHvl_2",107
"VMHvl","Cell_36553","VMHvl_2",107
"VMHvl","Cell_36913","VMHvl_2",107
"VMHvl","Cell_36948","VMHvl_2",107
"VMHvl","Cell_38670","VMHvl_2",107
"VMHvl","Cell_39525","VMHvl_1",82
"VMHvl","Cell_39734","VMHvl_1",82
"VMHvl","Cell_39834","VMHvl_4",64
"VMHvl","Cell_40528","VMHvl_1",82
"VMHvl","Cell_44118","VMHvl_2",107
"VMHvl","Cell_1054","VMHvl_4",64
"VMHvl","Cell_3407","VMHvl_5",87
"VMHvl","Cell_2548","VMHvl_5",87
"VMHvl","Cell_24024","VMHvl_5",87
"VMHvl","Cell_27039","VMHvl_5",87
"VMHvl","Cell_35185","VMHvl_4",64
"VMHvl","Cell_44624","VMHvl_2",107
"VMHvl","Cell_22005","VMHvl_4",64
"VMHvl","Cell_825","VMHvl_5",87
"VMHvl","Cell_2395","VMHvl_2",107
"VMHvl","Cell_5163","VMHvl_5",87
"VMHvl","Cell_5830","VMHvl_4",64
"VMHvl","Cell_10058","VMHvl_1",82
"VMHvl","Cell_10549","VMHvl_1",82
"VMHvl","Cell_16491","VMHvl_4",64
"VMHvl","Cell_19700","VMHvl_5",87
"VMHvl","Cell_20398","VMHvl_5",87
"VMHvl","Cell_22550","VMHvl_4",64
"VMHvl","Cell_29783","VMHvl_1",82
"VMHvl","Cell_33180","VMHvl_1",82
"VMHvl","Cell_39808","VMHvl_1",82
"VMHvl","Cell_41197","VMHvl_5",87
"VMHvl","Cell_1444","VMHvl_4",64
"VMHvl","Cell_1925","VMHvl_5",87
"VMHvl","Cell_3637","VMHvl_3",29
"VMHvl","Cell_5816","VMHvl_1",82
"VMHvl","Cell_7996","VMHvl_2",107
"VMHvl","Cell_8593","VMHvl_2",107
"VMHvl","Cell_8600","VMHvl_5",87
"VMHvl","Cell_8805","VMHvl_2",107
"VMHvl","Cell_9010","VMHvl_4",64
"VMHvl","Cell_9476","VMHvl_5",87
"VMHvl","Cell_9606","VMHvl_5",87
"VMHvl","Cell_10410","VMHvl_2",107
"VMHvl","Cell_10811","VMHvl_1",82
"VMHvl","Cell_11242","VMHvl_4",64
"VMHvl","Cell_11254","VMHvl_5",87
"VMHvl","Cell_11479","VMHvl_1",82
"VMHvl","Cell_11685","VMHvl_2",107
"VMHvl","Cell_11844","VMHvl_2",107
"VMHvl","Cell_12306","VMHvl_5",87
"VMHvl","Cell_12715","VMHvl_2",107
"VMHvl","Cell_12913","VMHvl_5",87
"VMHvl","Cell_12953","VMHvl_2",107
"VMHvl","Cell_13151","VMHvl_2",107
"VMHvl","Cell_13212","VMHvl_2",107
"VMHvl","Cell_13799","VMHvl_4",64
"VMHvl","Cell_13851","VMHvl_2",107
"VMHvl","Cell_14428","VMHvl_1",82
"VMHvl","Cell_15094","VMHvl_5",87
"VMHvl","Cell_15297","VMHvl_4",64
"VMHvl","Cell_15440","VMHvl_3",29
"VMHvl","Cell_15785","VMHvl_5",87
"VMHvl","Cell_15870","VMHvl_3",29
"VMHvl","Cell_17359","VMHvl_1",82
"VMHvl","Cell_17377","VMHvl_3",29
"VMHvl","Cell_17425","VMHvl_4",64
"VMHvl","Cell_17925","VMHvl_5",87
"VMHvl","Cell_18477","VMHvl_4",64
"VMHvl","Cell_19673","VMHvl_1",82
"VMHvl","Cell_21000","VMHvl_5",87
"VMHvl","Cell_21392","VMHvl_1",82
"VMHvl","Cell_23237","VMHvl_4",64
"VMHvl","Cell_23357","VMHvl_4",64
"VMHvl","Cell_23493","VMHvl_5",87
"VMHvl","Cell_23746","VMHvl_1",82
"VMHvl","Cell_23821","VMHvl_1",82
"VMHvl","Cell_24147","VMHvl_4",64
"VMHvl","Cell_26021","VMHvl_1",82
"VMHvl","Cell_26366","VMHvl_5",87
"VMHvl","Cell_26828","VMHvl_1",82
"VMHvl","Cell_26836","VMHvl_1",82
"VMHvl","Cell_27082","VMHvl_2",107
"VMHvl","Cell_27593","VMHvl_5",87
"VMHvl","Cell_27683","VMHvl_1",82
"VMHvl","Cell_28599","VMHvl_2",107
"VMHvl","Cell_28791","VMHvl_5",87
"VMHvl","Cell_29041","VMHvl_4",64
"VMHvl","Cell_29535","VMHvl_4",64
"VMHvl","Cell_31272","VMHvl_4",64
"VMHvl","Cell_31393","VMHvl_5",87
"VMHvl","Cell_31543","VMHvl_5",87
"VMHvl","Cell_31750","VMHvl_2",107
"VMHvl","Cell_32723","VMHvl_2",107
"VMHvl","Cell_33160","VMHvl_1",82
"VMHvl","Cell_33164","VMHvl_5",87
"VMHvl","Cell_33582","VMHvl_4",64
"VMHvl","Cell_34442","VMHvl_2",107
"VMHvl","Cell_34571","VMHvl_2",107
"VMHvl","Cell_35769","VMHvl_2",107
"VMHvl","Cell_35922","VMHvl_1",82
"VMHvl","Cell_36448","VMHvl_4",64
"VMHvl","Cell_36479","VMHvl_1",82
"VMHvl","Cell_36480","VMHvl_5",87
"VMHvl","Cell_36785","VMHvl_1",82
"VMHvl","Cell_37556","VMHvl_1",82
"VMHvl","Cell_38745","VMHvl_2",107
"VMHvl","Cell_39185","VMHvl_2",107
"VMHvl","Cell_39561","VMHvl_2",107
"VMHvl","Cell_39741","VMHvl_5",87
"VMHvl","Cell_40559","VMHvl_2",107
"VMHvl","Cell_40826","VMHvl_2",107
"VMHvl","Cell_43484","VMHvl_2",107
"VMHvl","Cell_44037","VMHvl_1",82
"VMHvl","Cell_44181","VMHvl_2",107
"VMHvl","Cell_44562","VMHvl_4",64
"VMHvl","Cell_849","VMHvl_5",87
"VMHvl","Cell_4257","VMHvl_1",82
"VMHvl","Cell_4396","VMHvl_3",29
"VMHvl","Cell_4416","VMHvl_1",82
"VMHvl","Cell_4522","VMHvl_5",87
"VMHvl","Cell_6999","VMHvl_4",64
"VMHvl","Cell_7952","VMHvl_1",82
"VMHvl","Cell_8638","VMHvl_2",107
"VMHvl","Cell_11407","VMHvl_4",64
"VMHvl","Cell_11965","VMHvl_5",87
"VMHvl","Cell_12554","VMHvl_2",107
"VMHvl","Cell_14080","VMHvl_5",87
"VMHvl","Cell_16796","VMHvl_5",87
"VMHvl","Cell_17266","VMHvl_5",87
"VMHvl","Cell_18696","VMHvl_5",87
"VMHvl","Cell_20082","VMHvl_5",87
"VMHvl","Cell_21460","VMHvl_2",107
"VMHvl","Cell_21825","VMHvl_4",64
"VMHvl","Cell_23688","VMHvl_4",64
"VMHvl","Cell_27993","VMHvl_2",107
"VMHvl","Cell_28605","VMHvl_5",87
"VMHvl","Cell_31398","VMHvl_5",87
"VMHvl","Cell_31519","VMHvl_2",107
"VMHvl","Cell_31555","VMHvl_2",107
"VMHvl","Cell_31616","VMHvl_1",82
"VMHvl","Cell_32518","VMHvl_4",64
"VMHvl","Cell_32552","VMHvl_5",87
"VMHvl","Cell_33529","VMHvl_1",82
"VMHvl","Cell_35446","VMHvl_2",107
"VMHvl","Cell_36761","VMHvl_5",87
"VMHvl","Cell_37641","VMHvl_4",64
"VMHvl","Cell_37866","VMHvl_4",64
"VMHvl","Cell_38576","VMHvl_5",87
"VMHvl","Cell_38662","VMHvl_4",64
"VMHvl","Cell_39685","VMHvl_2",107
"VMHvl","Cell_41471","VMHvl_1",82
"VMHvl","Cell_42894","VMHvl_1",82
"VMHvl","Cell_44473","VMHvl_5",87
"VMHvl","Cell_43714","VMHvl_5",87
"VMHvl","Cell_28889","VMHvl_5",87
"VMHvl","Cell_8479","VMHvl_2",107
"VMHvl","Cell_8804","VMHvl_1",82
"VMHvl","Cell_35494","VMHvl_2",107
"VMHvl","Cell_5229","VMHvl_5",87
"VMHvl","Cell_9134","VMHvl_2",107
"VMHvl","Cell_35928","VMHvl_5",87
"VPL","Cell_2545","VPL_1",40
"VPL","Cell_6973","VPL_2",31
"VPL","Cell_9242","VPL_2",31
"VPL","Cell_12924","VPL_3",69
"VPL","Cell_19868","VPL_4",73
"VPL","Cell_21914","VPL_5",49
"VPL","Cell_39344","VPL_5",49
"VPL","Cell_43262","VPL_1",40
"VPL","Cell_3466","VPL_4",73
"VPL","Cell_7255","VPL_4",73
"VPL","Cell_16860","VPL_3",69
"VPL","Cell_18353","VPL_3",69
"VPL","Cell_904","VPL_4",73
"VPL","Cell_3053","VPL_1",40
"VPL","Cell_3468","VPL_1",40
"VPL","Cell_4066","VPL_3",69
"VPL","Cell_7427","VPL_6",34
"VPL","Cell_7998","VPL_5",49
"VPL","Cell_10015","VPL_2",31
"VPL","Cell_10438","VPL_2",31
"VPL","Cell_17575","VPL_3",69
"VPL","Cell_19035","VPL_4",73
"VPL","Cell_21300","VPL_3",69
"VPL","Cell_22153","VPL_1",40
"VPL","Cell_26383","VPL_3",69
"VPL","Cell_27049","VPL_2",31
"VPL","Cell_30507","VPL_1",40
"VPL","Cell_32668","VPL_4",73
"VPL","Cell_35372","VPL_7",35
"VPL","Cell_35859","VPL_2",31
"VPL","Cell_35934","VPL_7",35
"VPL","Cell_38203","VPL_8",27
"VPL","Cell_39027","VPL_1",40
"VPL","Cell_42647","VPL_7",35
"VPL","Cell_43259","VPL_3",69
"VPL","Cell_44902","VPL_7",35
"VPL","Cell_412","VPL_4",73
"VPL","Cell_5454","VPL_8",27
"VPL","Cell_5898","VPL_4",73
"VPL","Cell_7479","VPL_4",73
"VPL","Cell_9756","VPL_8",27
"VPL","Cell_15624","VPL_4",73
"VPL","Cell_15713","VPL_6",34
"VPL","Cell_16846","VPL_2",31
"VPL","Cell_19198","VPL_8",27
"VPL","Cell_37690","VPL_3",69
"VPL","Cell_42017","VPL_8",27
"VPL","Cell_5815","VPL_2",31
"VPL","Cell_23904","VPL_2",31
"VPL","Cell_27132","VPL_3",69
"VPL","Cell_34865","VPL_8",27
"VPL","Cell_41128","VPL_2",31
"VPL","Cell_5839","VPL_3",69
"VPL","Cell_8092","VPL_9",23
"VPL","Cell_11766","VPL_9",23
"VPL","Cell_12316","VPL_3",69
"VPL","Cell_17423","VPL_4",73
"VPL","Cell_22220","VPL_8",27
"VPL","Cell_25876","VPL_1",40
"VPL","Cell_25964","VPL_6",34
"VPL","Cell_27054","VPL_5",49
"VPL","Cell_34629","VPL_2",31
"VPL","Cell_246","VPL_2",31
"VPL","Cell_514","VPL_3",69
"VPL","Cell_789","VPL_1",40
"VPL","Cell_1226","VPL_2",31
"VPL","Cell_2391","VPL_9",23
"VPL","Cell_3018","VPL_4",73
"VPL","Cell_3126","VPL_3",69
"VPL","Cell_3362","VPL_4",73
"VPL","Cell_3587","VPL_5",49
"VPL","Cell_3685","VPL_3",69
"VPL","Cell_3841","VPL_4",73
"VPL","Cell_3934","VPL_1",40
"VPL","Cell_4025","VPL_3",69
"VPL","Cell_4771","VPL_4",73
"VPL","Cell_5167","VPL_4",73
"VPL","Cell_5418","VPL_2",31
"VPL","Cell_5720","VPL_3",69
"VPL","Cell_5994","VPL_3",69
"VPL","Cell_6218","VPL_5",49
"VPL","Cell_6554","VPL_9",23
"VPL","Cell_6984","VPL_6",34
"VPL","Cell_7652","VPL_9",23
"VPL","Cell_7701","VPL_4",73
"VPL","Cell_7858","VPL_3",69
"VPL","Cell_8228","VPL_7",35
"VPL","Cell_8427","VPL_9",23
"VPL","Cell_9077","VPL_7",35
"VPL","Cell_9124","VPL_1",40
"VPL","Cell_9316","VPL_6",34
"VPL","Cell_9614","VPL_4",73
"VPL","Cell_9803","VPL_7",35
"VPL","Cell_10803","VPL_4",73
"VPL","Cell_11017","VPL_8",27
"VPL","Cell_11668","VPL_3",69
"VPL","Cell_11684","VPL_1",40
"VPL","Cell_12601","VPL_5",49
"VPL","Cell_12958","VPL_6",34
"VPL","Cell_12961","VPL_4",73
"VPL","Cell_13226","VPL_1",40
"VPL","Cell_13476","VPL_1",40
"VPL","Cell_13948","VPL_4",73
"VPL","Cell_13972","VPL_1",40
"VPL","Cell_14678","VPL_2",31
"VPL","Cell_14837","VPL_4",73
"VPL","Cell_15361","VPL_7",35
"VPL","Cell_15789","VPL_4",73
"VPL","Cell_15837","VPL_1",40
"VPL","Cell_15852","VPL_7",35
"VPL","Cell_15993","VPL_6",34
"VPL","Cell_16548","VPL_9",23
"VPL","Cell_17015","VPL_7",35
"VPL","Cell_17402","VPL_7",35
"VPL","Cell_17707","VPL_7",35
"VPL","Cell_18149","VPL_9",23
"VPL","Cell_18969","VPL_4",73
"VPL","Cell_19062","VPL_3",69
"VPL","Cell_19165","VPL_3",69
"VPL","Cell_19194","VPL_1",40
"VPL","Cell_19483","VPL_8",27
"VPL","Cell_19563","VPL_2",31
"VPL","Cell_20000","VPL_6",34
"VPL","Cell_20709","VPL_5",49
"VPL","Cell_20758","VPL_7",35
"VPL","Cell_20869","VPL_3",69
"VPL","Cell_20910","VPL_4",73
"VPL","Cell_21901","VPL_5",49
"VPL","Cell_22436","VPL_6",34
"VPL","Cell_22886","VPL_7",35
"VPL","Cell_22990","VPL_1",40
"VPL","Cell_24420","VPL_3",69
"VPL","Cell_24550","VPL_4",73
"VPL","Cell_24635","VPL_5",49
"VPL","Cell_25477","VPL_1",40
"VPL","Cell_25757","VPL_1",40
"VPL","Cell_26004","VPL_4",73
"VPL","Cell_26176","VPL_1",40
"VPL","Cell_26608","VPL_3",69
"VPL","Cell_26994","VPL_7",35
"VPL","Cell_27030","VPL_4",73
"VPL","Cell_27068","VPL_6",34
"VPL","Cell_27332","VPL_6",34
"VPL","Cell_27402","VPL_6",34
"VPL","Cell_27539","VPL_3",69
"VPL","Cell_27564","VPL_3",69
"VPL","Cell_27618","VPL_7",35
"VPL","Cell_28309","VPL_3",69
"VPL","Cell_28839","VPL_5",49
"VPL","Cell_28940","VPL_7",35
"VPL","Cell_30027","VPL_1",40
"VPL","Cell_30096","VPL_7",35
"VPL","Cell_30434","VPL_4",73
"VPL","Cell_30577","VPL_1",40
"VPL","Cell_30586","VPL_4",73
"VPL","Cell_31383","VPL_3",69
"VPL","Cell_31395","VPL_8",27
"VPL","Cell_31642","VPL_7",35
"VPL","Cell_31753","VPL_8",27
"VPL","Cell_31823","VPL_8",27
"VPL","Cell_32020","VPL_4",73
"VPL","Cell_32098","VPL_5",49
"VPL","Cell_32507","VPL_4",73
"VPL","Cell_32905","VPL_8",27
"VPL","Cell_33010","VPL_8",27
"VPL","Cell_33519","VPL_2",31
"VPL","Cell_33721","VPL_4",73
"VPL","Cell_33813","VPL_3",69
"VPL","Cell_33989","VPL_1",40
"VPL","Cell_34161","VPL_4",73
"VPL","Cell_34308","VPL_8",27
"VPL","Cell_34363","VPL_3",69
"VPL","Cell_34375","VPL_3",69
"VPL","Cell_34756","VPL_1",40
"VPL","Cell_34773","VPL_8",27
"VPL","Cell_35672","VPL_8",27
"VPL","Cell_35889","VPL_5",49
"VPL","Cell_36565","VPL_3",69
"VPL","Cell_37313","VPL_5",49
"VPL","Cell_37356","VPL_3",69
"VPL","Cell_37814","VPL_8",27
"VPL","Cell_38081","VPL_2",31
"VPL","Cell_38441","VPL_3",69
"VPL","Cell_38686","VPL_7",35
"VPL","Cell_38707","VPL_3",69
"VPL","Cell_38921","VPL_3",69
"VPL","Cell_39041","VPL_1",40
"VPL","Cell_39357","VPL_5",49
"VPL","Cell_39839","VPL_4",73
"VPL","Cell_40169","VPL_4",73
"VPL","Cell_40219","VPL_5",49
"VPL","Cell_40349","VPL_5",49
"VPL","Cell_40500","VPL_3",69
"VPL","Cell_40545","VPL_1",40
"VPL","Cell_40622","VPL_4",73
"VPL","Cell_40956","VPL_7",35
"VPL","Cell_41182","VPL_2",31
"VPL","Cell_41664","VPL_3",69
"VPL","Cell_41744","VPL_8",27
"VPL","Cell_42442","VPL_3",69
"VPL","Cell_42856","VPL_3",69
"VPL","Cell_42965","VPL_1",40
"VPL","Cell_43086","VPL_1",40
"VPL","Cell_43323","VPL_3",69
"VPL","Cell_43703","VPL_5",49
"VPL","Cell_43915","VPL_4",73
"VPL","Cell_44021","VPL_7",35
"VPL","Cell_44070","VPL_4",73
"VPL","Cell_44125","VPL_6",34
"VPL","Cell_44583","VPL_4",73
"VPL","Cell_45037","VPL_7",35
"VPL","Cell_45103","VPL_1",40
"VPL","Cell_45284","VPL_4",73
"VPL","Cell_867","VPL_5",49
"VPL","Cell_4050","VPL_9",23
"VPL","Cell_7472","VPL_4",73
"VPL","Cell_10059","VPL_4",73
"VPL","Cell_10870","VPL_5",49
"VPL","Cell_15290","VPL_3",69
"VPL","Cell_17164","VPL_4",73
"VPL","Cell_21611","VPL_6",34
"VPL","Cell_24797","VPL_4",73
"VPL","Cell_26684","VPL_3",69
"VPL","Cell_28001","VPL_3",69
"VPL","Cell_30142","VPL_1",40
"VPL","Cell_32094","VPL_5",49
"VPL","Cell_34133","VPL_9",23
"VPL","Cell_37077","VPL_1",40
"VPL","Cell_39898","VPL_5",49
"VPL","Cell_40776","VPL_7",35
"VPL","Cell_41044","VPL_5",49
"VPL","Cell_43030","VPL_4",73
"VPL","Cell_43692","VPL_5",49
"VPL","Cell_44725","VPL_9",23
"VPL","Cell_131","VPL_4",73
"VPL","Cell_1479","VPL_4",73
"VPL","Cell_6525","VPL_6",34
"VPL","Cell_7310","VPL_7",35
"VPL","Cell_7943","VPL_3",69
"VPL","Cell_14475","VPL_9",23
"VPL","Cell_25330","VPL_5",49
"VPL","Cell_25809","VPL_7",35
"VPL","Cell_6780","VPL_2",31
"VPL","Cell_30425","VPL_8",27
"VPL","Cell_38061","VPL_9",23
"VPL","Cell_44567","VPL_5",49
"VPL","Cell_16901","VPL_6",34
"VPL","Cell_5439","VPL_1",40
"VPL","Cell_11837","VPL_5",49
"VPL","Cell_4708","VPL_6",34
"VPL","Cell_6369","VPL_2",31
"VPL","Cell_11184","VPL_9",23
"VPL","Cell_11243","VPL_4",73
"VPL","Cell_13071","VPL_4",73
"VPL","Cell_14526","VPL_4",73
"VPL","Cell_14959","VPL_6",34
"VPL","Cell_16823","VPL_4",73
"VPL","Cell_18933","VPL_7",35
"VPL","Cell_21864","VPL_3",69
"VPL","Cell_24468","VPL_2",31
"VPL","Cell_26069","VPL_7",35
"VPL","Cell_26542","VPL_4",73
"VPL","Cell_31655","VPL_4",73
"VPL","Cell_38002","VPL_4",73
"VPL","Cell_38588","VPL_4",73
"VPL","Cell_38938","VPL_8",27
"VPL","Cell_40871","VPL_9",23
"VPL","Cell_42440","VPL_5",49
"VPL","Cell_44981","VPL_2",31
"VPL","Cell_2940","VPL_1",40
"VPL","Cell_5105","VPL_7",35
"VPL","Cell_9454","VPL_5",49
"VPL","Cell_10485","VPL_5",49
"VPL","Cell_11023","VPL_6",34
"VPL","Cell_15770","VPL_6",34
"VPL","Cell_23011","VPL_4",73
"VPL","Cell_23790","VPL_3",69
"VPL","Cell_28302","VPL_4",73
"VPL","Cell_34307","VPL_1",40
"VPL","Cell_34322","VPL_1",40
"VPL","Cell_35408","VPL_5",49
"VPL","Cell_37066","VPL_8",27
"VPL","Cell_41160","VPL_4",73
"VPL","Cell_876","VPL_3",69
"VPL","Cell_5452","VPL_5",49
"VPL","Cell_10845","VPL_9",23
"VPL","Cell_15901","VPL_9",23
"VPL","Cell_4617","VPL_2",31
"VPL","Cell_1372","VPL_8",27
"VPL","Cell_2710","VPL_4",73
"VPL","Cell_3741","VPL_5",49
"VPL","Cell_6004","VPL_3",69
"VPL","Cell_8143","VPL_3",69
"VPL","Cell_8348","VPL_6",34
"VPL","Cell_9926","VPL_5",49
"VPL","Cell_13187","VPL_6",34
"VPL","Cell_14779","VPL_5",49
"VPL","Cell_17281","VPL_5",49
"VPL","Cell_22828","VPL_3",69
"VPL","Cell_27547","VPL_3",69
"VPL","Cell_27879","VPL_3",69
"VPL","Cell_28400","VPL_9",23
"VPL","Cell_28618","VPL_3",69
"VPL","Cell_29819","VPL_3",69
"VPL","Cell_32179","VPL_2",31
"VPL","Cell_32873","VPL_3",69
"VPL","Cell_33150","VPL_5",49
"VPL","Cell_33538","VPL_4",73
"VPL","Cell_34006","VPL_9",23
"VPL","Cell_34025","VPL_5",49
"VPL","Cell_34051","VPL_7",35
"VPL","Cell_34057","VPL_4",73
"VPL","Cell_35624","VPL_4",73
"VPL","Cell_36328","VPL_4",73
"VPL","Cell_36329","VPL_5",49
"VPL","Cell_38018","VPL_4",73
"VPL","Cell_40133","VPL_2",31
"VPL","Cell_42043","VPL_4",73
"VPL","Cell_42949","VPL_4",73
"VPL","Cell_43210","VPL_6",34
"VPL","Cell_44263","VPL_3",69
"VPL","Cell_44551","VPL_4",73
"VPL","Cell_44916","VPL_5",49
"VPL","Cell_5906","VPL_9",23
"VPL","Cell_10646","VPL_3",69
"VPL","Cell_18208","VPL_6",34
"VPL","Cell_12822","VPL_7",35
"VPL","Cell_26224","VPL_9",23
"VPL","Cell_26912","VPL_8",27
"VPL","Cell_572","VPL_5",49
"VPL","Cell_5701","VPL_5",49
"VPL","Cell_11704","VPL_7",35
"VPL","Cell_16335","VPL_6",34
"VPL","Cell_17047","VPL_3",69
"VPL","Cell_18668","VPL_4",73
"VPL","Cell_19888","VPL_1",40
"VPL","Cell_20076","VPL_6",34
"VPL","Cell_23028","VPL_6",34
"VPL","Cell_30230","VPL_9",23
"VPL","Cell_32102","VPL_6",34
"VPL","Cell_34439","VPL_6",34
"VPL","Cell_43084","VPL_3",69
"VPL","Cell_7679","VPL_5",49
"VPL","Cell_9837","VPL_1",40
"VPL","Cell_28954","VPL_5",49
"VPL","Cell_26132","VPL_6",34
"VPL","Cell_8968","VPL_7",35
"VPL","Cell_33495","VPL_3",69
"VPL","Cell_33955","VPL_6",34
"VPL","Cell_45159","VPL_6",34
"VPL","Cell_1698","VPL_8",27
"VPL","Cell_4645","VPL_1",40
"VPL","Cell_18410","VPL_2",31
"VPL","Cell_23184","VPL_7",35
"VPL","Cell_28640","VPL_6",34
"VPL","Cell_35644","VPL_2",31
"VPL","Cell_37458","VPL_4",73
"VPL","Cell_38299","VPL_3",69
"VPL","Cell_40249","VPL_1",40
"VPL","Cell_14821","VPL_3",69
"VPL","Cell_14856","VPL_4",73
"VPL","Cell_16174","VPL_2",31
"VPL","Cell_16619","VPL_5",49
"VPL","Cell_17643","VPL_5",49
"VPL","Cell_17800","VPL_6",34
"VPL","Cell_19123","VPL_3",69
"VPL","Cell_20756","VPL_8",27
"VPL","Cell_33448","VPL_5",49
"VPL","Cell_44019","VPL_7",35
"VPL","Cell_2106","VPL_4",73
"VPL","Cell_29641","VPL_4",73
"VPL","Cell_2349","VPL_2",31
"VPL","Cell_21406","VPL_3",69
"VPL","Cell_24839","VPL_8",27
"VPL","Cell_25454","VPL_3",69
"VPL","Cell_26837","VPL_2",31
"VPL","Cell_38084","VPL_5",49
"VPL","Cell_20748","VPL_5",49
"VPL","Cell_31763","VPL_9",23
"VPL","Cell_31829","VPL_3",69
"VPL","Cell_40880","VPL_3",69
"VPM","Cell_4376","VPM_1",43
"VPM","Cell_18354","VPM_2",46
"VPM","Cell_19249","VPM_3",105
"VPM","Cell_20956","VPM_3",105
"VPM","Cell_21896","VPM_4",81
"VPM","Cell_26848","VPM_1",43
"VPM","Cell_28451","VPM_3",105
"VPM","Cell_36290","VPM_1",43
"VPM","Cell_36687","VPM_5",86
"VPM","Cell_41824","VPM_3",105
"VPM","Cell_10852","VPM_1",43
"VPM","Cell_12296","VPM_6",69
"VPM","Cell_14752","VPM_4",81
"VPM","Cell_23455","VPM_5",86
"VPM","Cell_26045","VPM_1",43
"VPM","Cell_27163","VPM_5",86
"VPM","Cell_32349","VPM_5",86
"VPM","Cell_40791","VPM_4",81
"VPM","Cell_1711","VPM_4",81
"VPM","Cell_2744","VPM_3",105
"VPM","Cell_4711","VPM_6",69
"VPM","Cell_4777","VPM_5",86
"VPM","Cell_5381","VPM_6",69
"VPM","Cell_6443","VPM_5",86
"VPM","Cell_7510","VPM_5",86
"VPM","Cell_8730","VPM_1",43
"VPM","Cell_9918","VPM_5",86
"VPM","Cell_10229","VPM_3",105
"VPM","Cell_10319","VPM_3",105
"VPM","Cell_11272","VPM_3",105
"VPM","Cell_11613","VPM_3",105
"VPM","Cell_11703","VPM_2",46
"VPM","Cell_12029","VPM_6",69
"VPM","Cell_12422","VPM_3",105
"VPM","Cell_13079","VPM_5",86
"VPM","Cell_13859","VPM_2",46
"VPM","Cell_14780","VPM_7",45
"VPM","Cell_16841","VPM_7",45
"VPM","Cell_17162","VPM_3",105
"VPM","Cell_17519","VPM_5",86
"VPM","Cell_18015","VPM_2",46
"VPM","Cell_18847","VPM_7",45
"VPM","Cell_20515","VPM_4",81
"VPM","Cell_22285","VPM_7",45
"VPM","Cell_23415","VPM_3",105
"VPM","Cell_25476","VPM_5",86
"VPM","Cell_26050","VPM_3",105
"VPM","Cell_26337","VPM_6",69
"VPM","Cell_28996","VPM_3",105
"VPM","Cell_29151","VPM_4",81
"VPM","Cell_29494","VPM_2",46
"VPM","Cell_31615","VPM_3",105
"VPM","Cell_33506","VPM_3",105
"VPM","Cell_34330","VPM_4",81
"VPM","Cell_34872","VPM_6",69
"VPM","Cell_36121","VPM_2",46
"VPM","Cell_37024","VPM_5",86
"VPM","Cell_37824","VPM_5",86
"VPM","Cell_37949","VPM_5",86
"VPM","Cell_38204","VPM_6",69
"VPM","Cell_38366","VPM_6",69
"VPM","Cell_40620","VPM_7",45
"VPM","Cell_41275","VPM_6",69
"VPM","Cell_41516","VPM_5",86
"VPM","Cell_42170","VPM_6",69
"VPM","Cell_43276","VPM_5",86
"VPM","Cell_43372","VPM_2",46
"VPM","Cell_43477","VPM_1",43
"VPM","Cell_44235","VPM_3",105
"VPM","Cell_44256","VPM_6",69
"VPM","Cell_12600","VPM_3",105
"VPM","Cell_17596","VPM_4",81
"VPM","Cell_22076","VPM_3",105
"VPM","Cell_22327","VPM_3",105
"VPM","Cell_24613","VPM_3",105
"VPM","Cell_13303","VPM_5",86
"VPM","Cell_342","VPM_3",105
"VPM","Cell_7475","VPM_3",105
"VPM","Cell_8894","VPM_2",46
"VPM","Cell_12588","VPM_2",46
"VPM","Cell_24454","VPM_6",69
"VPM","Cell_27320","VPM_2",46
"VPM","Cell_31454","VPM_3",105
"VPM","Cell_37095","VPM_3",105
"VPM","Cell_41944","VPM_7",45
"VPM","Cell_42157","VPM_5",86
"VPM","Cell_4443","VPM_1",43
"VPM","Cell_5864","VPM_5",86
"VPM","Cell_6851","VPM_6",69
"VPM","Cell_7674","VPM_5",86
"VPM","Cell_7871","VPM_4",81
"VPM","Cell_11110","VPM_2",46
"VPM","Cell_12111","VPM_5",86
"VPM","Cell_14180","VPM_7",45
"VPM","Cell_19604","VPM_3",105
"VPM","Cell_26950","VPM_5",86
"VPM","Cell_27961","VPM_3",105
"VPM","Cell_30343","VPM_6",69
"VPM","Cell_30801","VPM_1",43
"VPM","Cell_32078","VPM_5",86
"VPM","Cell_32719","VPM_3",105
"VPM","Cell_33258","VPM_7",45
"VPM","Cell_33640","VPM_1",43
"VPM","Cell_34633","VPM_6",69
"VPM","Cell_37709","VPM_3",105
"VPM","Cell_41470","VPM_3",105
"VPM","Cell_344","VPM_2",46
"VPM","Cell_440","VPM_7",45
"VPM","Cell_798","VPM_4",81
"VPM","Cell_817","VPM_6",69
"VPM","Cell_1118","VPM_6",69
"VPM","Cell_1791","VPM_3",105
"VPM","Cell_1829","VPM_7",45
"VPM","Cell_1930","VPM_3",105
"VPM","Cell_1995","VPM_3",105
"VPM","Cell_2405","VPM_7",45
"VPM","Cell_2554","VPM_2",46
"VPM","Cell_2691","VPM_7",45
"VPM","Cell_2784","VPM_3",105
"VPM","Cell_2822","VPM_3",105
"VPM","Cell_2964","VPM_4",81
"VPM","Cell_3246","VPM_5",86
"VPM","Cell_3520","VPM_4",81
"VPM","Cell_4060","VPM_7",45
"VPM","Cell_4252","VPM_5",86
"VPM","Cell_4270","VPM_1",43
"VPM","Cell_5104","VPM_5",86
"VPM","Cell_5705","VPM_5",86
"VPM","Cell_5982","VPM_3",105
"VPM","Cell_5999","VPM_5",86
"VPM","Cell_6244","VPM_2",46
"VPM","Cell_6827","VPM_3",105
"VPM","Cell_6943","VPM_4",81
"VPM","Cell_7199","VPM_4",81
"VPM","Cell_7764","VPM_5",86
"VPM","Cell_7857","VPM_6",69
"VPM","Cell_8055","VPM_3",105
"VPM","Cell_8247","VPM_6",69
"VPM","Cell_8603","VPM_3",105
"VPM","Cell_8660","VPM_6",69
"VPM","Cell_8776","VPM_4",81
"VPM","Cell_8808","VPM_4",81
"VPM","Cell_9298","VPM_2",46
"VPM","Cell_9395","VPM_5",86
"VPM","Cell_9491","VPM_5",86
"VPM","Cell_9497","VPM_6",69
"VPM","Cell_9929","VPM_5",86
"VPM","Cell_10027","VPM_4",81
"VPM","Cell_10231","VPM_7",45
"VPM","Cell_10307","VPM_3",105
"VPM","Cell_10349","VPM_5",86
"VPM","Cell_11332","VPM_6",69
"VPM","Cell_11382","VPM_1",43
"VPM","Cell_11539","VPM_3",105
"VPM","Cell_11670","VPM_6",69
"VPM","Cell_11676","VPM_5",86
"VPM","Cell_11734","VPM_5",86
"VPM","Cell_11769","VPM_4",81
"VPM","Cell_11783","VPM_5",86
"VPM","Cell_12240","VPM_3",105
"VPM","Cell_12317","VPM_7",45
"VPM","Cell_12338","VPM_3",105
"VPM","Cell_12473","VPM_3",105
"VPM","Cell_12932","VPM_4",81
"VPM","Cell_13097","VPM_4",81
"VPM","Cell_13529","VPM_4",81
"VPM","Cell_13540","VPM_6",69
"VPM","Cell_13702","VPM_6",69
"VPM","Cell_13749","VPM_5",86
"VPM","Cell_13757","VPM_4",81
"VPM","Cell_13982","VPM_2",46
"VPM","Cell_14121","VPM_3",105
"VPM","Cell_14193","VPM_1",43
"VPM","Cell_14246","VPM_7",45
"VPM","Cell_14324","VPM_5",86
"VPM","Cell_14746","VPM_6",69
"VPM","Cell_14892","VPM_3",105
"VPM","Cell_15221","VPM_3",105
"VPM","Cell_15356","VPM_5",86
"VPM","Cell_15761","VPM_2",46
"VPM","Cell_15855","VPM_4",81
"VPM","Cell_16061","VPM_2",46
"VPM","Cell_16986","VPM_3",105
"VPM","Cell_17091","VPM_1",43
"VPM","Cell_17224","VPM_3",105
"VPM","Cell_17381","VPM_4",81
"VPM","Cell_17487","VPM_5",86
"VPM","Cell_17982","VPM_5",86
"VPM","Cell_18087","VPM_6",69
"VPM","Cell_18094","VPM_3",105
"VPM","Cell_18255","VPM_2",46
"VPM","Cell_18291","VPM_5",86
"VPM","Cell_18558","VPM_6",69
"VPM","Cell_18611","VPM_4",81
"VPM","Cell_19050","VPM_2",46
"VPM","Cell_19232","VPM_5",86
"VPM","Cell_19298","VPM_6",69
"VPM","Cell_19503","VPM_2",46
"VPM","Cell_19544","VPM_3",105
"VPM","Cell_19550","VPM_6",69
"VPM","Cell_19592","VPM_5",86
"VPM","Cell_19916","VPM_7",45
"VPM","Cell_19956","VPM_6",69
"VPM","Cell_20067","VPM_4",81
"VPM","Cell_20390","VPM_5",86
"VPM","Cell_20454","VPM_5",86
"VPM","Cell_20578","VPM_4",81
"VPM","Cell_21387","VPM_4",81
"VPM","Cell_21462","VPM_4",81
"VPM","Cell_21556","VPM_6",69
"VPM","Cell_21633","VPM_3",105
"VPM","Cell_21772","VPM_1",43
"VPM","Cell_22045","VPM_4",81
"VPM","Cell_22096","VPM_1",43
"VPM","Cell_22665","VPM_5",86
"VPM","Cell_22795","VPM_6",69
"VPM","Cell_23004","VPM_5",86
"VPM","Cell_23342","VPM_3",105
"VPM","Cell_23582","VPM_3",105
"VPM","Cell_23674","VPM_1",43
"VPM","Cell_23736","VPM_3",105
"VPM","Cell_23926","VPM_7",45
"VPM","Cell_24514","VPM_4",81
"VPM","Cell_25058","VPM_5",86
"VPM","Cell_25725","VPM_1",43
"VPM","Cell_25730","VPM_1",43
"VPM","Cell_25761","VPM_4",81
"VPM","Cell_25953","VPM_5",86
"VPM","Cell_26320","VPM_1",43
"VPM","Cell_26574","VPM_1",43
"VPM","Cell_26757","VPM_2",46
"VPM","Cell_26835","VPM_6",69
"VPM","Cell_26893","VPM_7",45
"VPM","Cell_27152","VPM_3",105
"VPM","Cell_27161","VPM_5",86
"VPM","Cell_27469","VPM_4",81
"VPM","Cell_28064","VPM_2",46
"VPM","Cell_28340","VPM_5",86
"VPM","Cell_28419","VPM_3",105
"VPM","Cell_28858","VPM_4",81
"VPM","Cell_28935","VPM_6",69
"VPM","Cell_29201","VPM_6",69
"VPM","Cell_29209","VPM_3",105
"VPM","Cell_29374","VPM_7",45
"VPM","Cell_29529","VPM_4",81
"VPM","Cell_29891","VPM_3",105
"VPM","Cell_30040","VPM_2",46
"VPM","Cell_30106","VPM_6",69
"VPM","Cell_30442","VPM_3",105
"VPM","Cell_30466","VPM_1",43
"VPM","Cell_30561","VPM_3",105
"VPM","Cell_30756","VPM_7",45
"VPM","Cell_31031","VPM_5",86
"VPM","Cell_31113","VPM_5",86
"VPM","Cell_31184","VPM_7",45
"VPM","Cell_31315","VPM_5",86
"VPM","Cell_31385","VPM_7",45
"VPM","Cell_31532","VPM_2",46
"VPM","Cell_31566","VPM_2",46
"VPM","Cell_31597","VPM_5",86
"VPM","Cell_31950","VPM_6",69
"VPM","Cell_32347","VPM_6",69
"VPM","Cell_32410","VPM_6",69
"VPM","Cell_32480","VPM_4",81
"VPM","Cell_33702","VPM_3",105
"VPM","Cell_33786","VPM_3",105
"VPM","Cell_33991","VPM_2",46
"VPM","Cell_34119","VPM_5",86
"VPM","Cell_34409","VPM_3",105
"VPM","Cell_34473","VPM_4",81
"VPM","Cell_34971","VPM_3",105
"VPM","Cell_35095","VPM_7",45
"VPM","Cell_35211","VPM_3",105
"VPM","Cell_35229","VPM_1",43
"VPM","Cell_35328","VPM_2",46
"VPM","Cell_35656","VPM_4",81
"VPM","Cell_35900","VPM_6",69
"VPM","Cell_35923","VPM_4",81
"VPM","Cell_35944","VPM_5",86
"VPM","Cell_37023","VPM_5",86
"VPM","Cell_37065","VPM_5",86
"VPM","Cell_37243","VPM_4",81
"VPM","Cell_37367","VPM_3",105
"VPM","Cell_37394","VPM_4",81
"VPM","Cell_37582","VPM_3",105
"VPM","Cell_38506","VPM_5",86
"VPM","Cell_39104","VPM_1",43
"VPM","Cell_39341","VPM_5",86
"VPM","Cell_39618","VPM_4",81
"VPM","Cell_39721","VPM_4",81
"VPM","Cell_40305","VPM_4",81
"VPM","Cell_40317","VPM_6",69
"VPM","Cell_40455","VPM_4",81
"VPM","Cell_41230","VPM_6",69
"VPM","Cell_41262","VPM_4",81
"VPM","Cell_41548","VPM_2",46
"VPM","Cell_41793","VPM_7",45
"VPM","Cell_41842","VPM_4",81
"VPM","Cell_42000","VPM_3",105
"VPM","Cell_42005","VPM_6",69
"VPM","Cell_43172","VPM_5",86
"VPM","Cell_43398","VPM_6",69
"VPM","Cell_43406","VPM_1",43
"VPM","Cell_43644","VPM_3",105
"VPM","Cell_43838","VPM_5",86
"VPM","Cell_44294","VPM_3",105
"VPM","Cell_44510","VPM_5",86
"VPM","Cell_44627","VPM_4",81
"VPM","Cell_44757","VPM_3",105
"VPM","Cell_45247","VPM_2",46
"VPM","Cell_45281","VPM_3",105
"VPM","Cell_6275","VPM_1",43
"VPM","Cell_16196","VPM_4",81
"VPM","Cell_18824","VPM_4",81
"VPM","Cell_24927","VPM_4",81
"VPM","Cell_25489","VPM_4",81
"VPM","Cell_40431","VPM_6",69
"VPM","Cell_581","VPM_6",69
"VPM","Cell_4859","VPM_7",45
"VPM","Cell_6425","VPM_3",105
"VPM","Cell_7912","VPM_1",43
"VPM","Cell_12557","VPM_2",46
"VPM","Cell_15107","VPM_5",86
"VPM","Cell_16157","VPM_3",105
"VPM","Cell_16352","VPM_3",105
"VPM","Cell_25163","VPM_2",46
"VPM","Cell_25618","VPM_5",86
"VPM","Cell_25880","VPM_2",46
"VPM","Cell_28972","VPM_1",43
"VPM","Cell_33983","VPM_6",69
"VPM","Cell_38032","VPM_7",45
"VPM","Cell_41319","VPM_6",69
"VPM","Cell_41727","VPM_5",86
"VPM","Cell_42275","VPM_2",46
"VPM","Cell_1813","VPM_5",86
"VPM","Cell_10064","VPM_6",69
"VPM","Cell_10806","VPM_3",105
"VPM","Cell_11013","VPM_6",69
"VPM","Cell_12581","VPM_2",46
"VPM","Cell_17097","VPM_6",69
"VPM","Cell_17866","VPM_2",46
"VPM","Cell_38480","VPM_1",43
"VPM","Cell_41883","VPM_3",105
"VPM","Cell_44876","VPM_5",86
"VPM","Cell_42042","VPM_3",105
"VPM","Cell_37976","VPM_6",69
"VPM","Cell_1014","VPM_5",86
"VPM","Cell_2925","VPM_1",43
"VPM","Cell_3340","VPM_3",105
"VPM","Cell_8507","VPM_3",105
"VPM","Cell_8641","VPM_6",69
"VPM","Cell_23749","VPM_1",43
"VPM","Cell_28951","VPM_7",45
"VPM","Cell_31292","VPM_4",81
"VPM","Cell_37300","VPM_5",86
"VPM","Cell_37317","VPM_6",69
"VPM","Cell_37338","VPM_6",69
"VPM","Cell_37787","VPM_4",81
"VPM","Cell_38937","VPM_1",43
"VPM","Cell_39065","VPM_1",43
"VPM","Cell_40794","VPM_6",69
"VPM","Cell_44994","VPM_6",69
"VPM","Cell_5221","VPM_2",46
"VPM","Cell_6209","VPM_3",105
"VPM","Cell_6555","VPM_7",45
"VPM","Cell_8629","VPM_4",81
"VPM","Cell_9173","VPM_4",81
"VPM","Cell_16112","VPM_3",105
"VPM","Cell_17027","VPM_4",81
"VPM","Cell_20062","VPM_4",81
"VPM","Cell_20573","VPM_7",45
"VPM","Cell_20778","VPM_2",46
"VPM","Cell_21991","VPM_4",81
"VPM","Cell_28291","VPM_7",45
"VPM","Cell_28874","VPM_6",69
"VPM","Cell_38094","VPM_6",69
"VPM","Cell_42592","VPM_4",81
"VPM","Cell_44424","VPM_7",45
"VPM","Cell_25515","VPM_3",105
"VPM","Cell_37500","VPM_2",46
"VPM","Cell_21486","VPM_6",69
"VPM","Cell_40932","VPM_5",86
"VPM","Cell_22806","VPM_7",45
"VPM","Cell_87","VPM_4",81
"VPM","Cell_370","VPM_5",86
"VPM","Cell_474","VPM_7",45
"VPM","Cell_4169","VPM_7",45
"VPM","Cell_4632","VPM_3",105
"VPM","Cell_5183","VPM_5",86
"VPM","Cell_7581","VPM_2",46
"VPM","Cell_7618","VPM_1",43
"VPM","Cell_7898","VPM_1",43
"VPM","Cell_8973","VPM_3",105
"VPM","Cell_10062","VPM_3",105
"VPM","Cell_10883","VPM_3",105
"VPM","Cell_11702","VPM_2",46
"VPM","Cell_14600","VPM_2",46
"VPM","Cell_15720","VPM_7",45
"VPM","Cell_16277","VPM_4",81
"VPM","Cell_19328","VPM_5",86
"VPM","Cell_19444","VPM_5",86
"VPM","Cell_20506","VPM_4",81
"VPM","Cell_20639","VPM_4",81
"VPM","Cell_21961","VPM_6",69
"VPM","Cell_24193","VPM_7",45
"VPM","Cell_24618","VPM_2",46
"VPM","Cell_25329","VPM_4",81
"VPM","Cell_26273","VPM_5",86
"VPM","Cell_27366","VPM_5",86
"VPM","Cell_28468","VPM_7",45
"VPM","Cell_29164","VPM_7",45
"VPM","Cell_35397","VPM_4",81
"VPM","Cell_36134","VPM_3",105
"VPM","Cell_38592","VPM_1",43
"VPM","Cell_39277","VPM_1",43
"VPM","Cell_39336","VPM_7",45
"VPM","Cell_40109","VPM_4",81
"VPM","Cell_42410","VPM_4",81
"VPM","Cell_43419","VPM_3",105
"VPM","Cell_43653","VPM_6",69
"VPM","Cell_7058","VPM_1",43
"VPM","Cell_44100","VPM_3",105
"VPM","Cell_1498","VPM_6",69
"VPM","Cell_2720","VPM_4",81
"VPM","Cell_3899","VPM_3",105
"VPM","Cell_6105","VPM_4",81
"VPM","Cell_20230","VPM_3",105
"VPM","Cell_32684","VPM_4",81
"VPM","Cell_35697","VPM_1",43
"VPM","Cell_39122","VPM_4",81
"VPM","Cell_41252","VPM_3",105
"VPM","Cell_41938","VPM_4",81
"VPM","Cell_3015","VPM_2",46
"VPM","Cell_3217","VPM_3",105
"VPM","Cell_6155","VPM_1",43
"VPM","Cell_6509","VPM_3",105
"VPM","Cell_43313","VPM_2",46
"VPM","Cell_44316","VPM_4",81
"VPM","Cell_19307","VPM_5",86
"VPM","Cell_22372","VPM_5",86
"VPM","Cell_43580","VPM_7",45
"VPM","Cell_6583","VPM_3",105
"VPM","Cell_9831","VPM_7",45
"VPM","Cell_11016","VPM_7",45
"VPM","Cell_12305","VPM_3",105
"VPM","Cell_14427","VPM_1",43
"VPM","Cell_17907","VPM_2",46
"VPM","Cell_20475","VPM_4",81
"VPM","Cell_23315","VPM_5",86
"VPM","Cell_25263","VPM_3",105
"VPM","Cell_29772","VPM_4",81
"VPM","Cell_36342","VPM_4",81
"VPM","Cell_36738","VPM_4",81
"VPM","Cell_39598","VPM_3",105
"VPM","Cell_41030","VPM_5",86
"VPM","Cell_41593","VPM_6",69
"VPM","Cell_44091","VPM_7",45
"VPM","Cell_44977","VPM_1",43
"VPM","Cell_2487","VPM_5",86
"VPM","Cell_7523","VPM_4",81
"VPM","Cell_8513","VPM_6",69
"VPM","Cell_9318","VPM_3",105
"VPM","Cell_20889","VPM_5",86
"VPM","Cell_23397","VPM_7",45
"VPM","Cell_24368","VPM_5",86
"VPM","Cell_32976","VPM_3",105
"VPM","Cell_38727","VPM_6",69
"VPM","Cell_40475","VPM_3",105
"VPM","Cell_40587","VPM_6",69
"VPM","Cell_41133","VPM_3",105
"VPM","Cell_45080","VPM_4",81
"VPM","Cell_287","VPM_1",43
"VPM","Cell_12399","VPM_6",69
"VPM","Cell_39007","VPM_3",105
"VPM","Cell_31291","VPM_4",81
"alv","Cell_3313","alv_1",18
"alv","Cell_567","alv_1",18
"alv","Cell_23575","alv_1",18
"alv","Cell_30553","alv_1",18
"alv","Cell_33341","alv_3",18
"alv","Cell_875","alv_4",19
"alv","Cell_29804","alv_4",19
"alv","Cell_33487","alv_4",19
"alv","Cell_9787","alv_4",19
"alv","Cell_21560","alv_4",19
"alv","Cell_42771","alv_4",19
"alv","Cell_893","alv_1",18
"alv","Cell_14227","alv_3",18
"alv","Cell_29085","alv_4",19
"alv","Cell_39779","alv_4",19
"alv","Cell_40542","alv_1",18
"alv","Cell_2265","alv_4",19
"alv","Cell_7151","alv_1",18
"alv","Cell_7729","alv_1",18
"alv","Cell_40194","alv_1",18
"alv","Cell_81","alv_4",19
"alv","Cell_385","alv_3",18
"alv","Cell_6946","alv_1",18
"alv","Cell_7438","alv_3",18
"alv","Cell_9058","alv_3",18
"alv","Cell_9740","alv_3",18
"alv","Cell_16615","alv_1",18
"alv","Cell_27868","alv_3",18
"alv","Cell_39159","alv_3",18
"alv","Cell_19247","alv_3",18
"alv","Cell_3350","alv_1",18
"alv","Cell_8438","alv_4",19
"alv","Cell_10276","alv_4",19
"alv","Cell_14393","alv_1",18
"alv","Cell_17932","alv_4",19
"alv","Cell_30635","alv_1",18
"alv","Cell_30679","alv_1",18
"alv","Cell_36424","alv_3",18
"alv","Cell_36930","alv_3",18
"alv","Cell_39488","alv_3",18
"alv","Cell_24489","alv_1",18
"alv","Cell_41472","alv_3",18
"alv","Cell_22982","alv_4",19
"alv","Cell_33143","alv_4",19
"alv","Cell_9486","alv_3",18
"alv","Cell_30513","alv_3",18
"alv","Cell_35540","alv_3",18
"alv","Cell_8934","alv_4",19
"alv","Cell_13229","alv_3",18
"alv","Cell_7402","alv_1",18
"alv","Cell_33744","alv_4",19
"alv","Cell_26295","alv_1",18
"alv","Cell_43093","alv_3",18
"alv","Cell_16727","alv_4",19
"alv","Cell_44873","alv_4",19
"ec","Cell_5080","ec_1",24
"ec","Cell_7150","ec_2",24
"ec","Cell_10790","ec_1",24
"ec","Cell_20755","ec_3",19
"ec","Cell_28201","ec_1",24
"ec","Cell_15754","ec_2",24
"ec","Cell_14295","ec_1",24
"ec","Cell_15604","ec_2",24
"ec","Cell_42514","ec_1",24
"ec","Cell_43687","ec_3",19
"ec","Cell_36140","ec_1",24
"ec","Cell_37042","ec_1",24
"ec","Cell_11856","ec_2",24
"ec","Cell_12694","ec_1",24
"ec","Cell_32938","ec_2",24
"ec","Cell_994","ec_1",24
"ec","Cell_1703","ec_2",24
"ec","Cell_4075","ec_5",16
"ec","Cell_6948","ec_1",24
"ec","Cell_10716","ec_1",24
"ec","Cell_11292","ec_1",24
"ec","Cell_13661","ec_3",19
"ec","Cell_13805","ec_2",24
"ec","Cell_15215","ec_1",24
"ec","Cell_15941","ec_3",19
"ec","Cell_17939","ec_3",19
"ec","Cell_18557","ec_1",24
"ec","Cell_19167","ec_3",19
"ec","Cell_19279","ec_5",16
"ec","Cell_21191","ec_2",24
"ec","Cell_23968","ec_2",24
"ec","Cell_25121","ec_1",24
"ec","Cell_28527","ec_1",24
"ec","Cell_29433","ec_5",16
"ec","Cell_29610","ec_5",16
"ec","Cell_30295","ec_1",24
"ec","Cell_31257","ec_3",19
"ec","Cell_36239","ec_3",19
"ec","Cell_40311","ec_5",16
"ec","Cell_43433","ec_3",19
"ec","Cell_44647","ec_5",16
"ec","Cell_1745","ec_2",24
"ec","Cell_5233","ec_5",16
"ec","Cell_6220","ec_1",24
"ec","Cell_8698","ec_2",24
"ec","Cell_10742","ec_2",24
"ec","Cell_18156","ec_5",16
"ec","Cell_22862","ec_5",16
"ec","Cell_23743","ec_2",24
"ec","Cell_34412","ec_1",24
"ec","Cell_36273","ec_2",24
"ec","Cell_40683","ec_1",24
"ec","Cell_24328","ec_3",19
"ec","Cell_7492","ec_2",24
"ec","Cell_21203","ec_5",16
"ec","Cell_21284","ec_3",19
"ec","Cell_22013","ec_2",24
"ec","Cell_30598","ec_1",24
"ec","Cell_34838","ec_2",24
"ec","Cell_44402","ec_5",16
"ec","Cell_348","ec_2",24
"ec","Cell_5357","ec_2",24
"ec","Cell_9924","ec_2",24
"ec","Cell_10402","ec_2",24
"ec","Cell_14426","ec_3",19
"ec","Cell_16184","ec_1",24
"ec","Cell_16632","ec_3",19
"ec","Cell_17777","ec_5",16
"ec","Cell_23645","ec_3",19
"ec","Cell_26921","ec_5",16
"ec","Cell_40633","ec_2",24
"ec","Cell_42605","ec_2",24
"ec","Cell_42620","ec_1",24
"ec","Cell_7531","ec_3",19
"ec","Cell_25047","ec_5",16
"ec","Cell_39028","ec_1",24
"ec","Cell_39923","ec_5",16
"ec","Cell_26905","ec_2",24
"ec","Cell_39865","ec_5",16
"ec","Cell_8551","ec_3",19
"ec","Cell_13550","ec_3",19
"ec","Cell_14645","ec_3",19
"ec","Cell_35549","ec_3",19
"fi","Cell_24639","fi_1",20
"fi","Cell_29270","fi_1",20
"fi","Cell_34357","fi_2",15
"fi","Cell_34793","fi_1",20
"fi","Cell_3798","fi_3",34
"fi","Cell_14843","fi_3",34
"fi","Cell_16040","fi_4",18
"fi","Cell_35846","fi_2",15
"fi","Cell_35591","fi_2",15
"fi","Cell_9060","fi_1",20
"fi","Cell_11677","fi_1",20
"fi","Cell_14284","fi_2",15
"fi","Cell_17650","fi_1",20
"fi","Cell_19253","fi_2",15
"fi","Cell_21865","fi_2",15
"fi","Cell_29624","fi_2",15
"fi","Cell_39385","fi_1",20
"fi","Cell_40084","fi_1",20
"fi","Cell_41038","fi_2",15
"fi","Cell_16263","fi_3",34
"fi","Cell_18529","fi_1",20
"fi","Cell_23036","fi_3",34
"fi","Cell_54","fi_9",28
"fi","Cell_6670","fi_4",18
"fi","Cell_8456","fi_1",20
"fi","Cell_8984","fi_3",34
"fi","Cell_13669","fi_1",20
"fi","Cell_18956","fi_1",20
"fi","Cell_24939","fi_1",20
"fi","Cell_26795","fi_1",20
"fi","Cell_43812","fi_1",20
"fi","Cell_18011","fi_2",15
"fi","Cell_21781","fi_9",28
"fi","Cell_22720","fi_9",28
"fi","Cell_28388","fi_3",34
"fi","Cell_30205","fi_4",18
"fi","Cell_35782","fi_4",18
"fi","Cell_45112","fi_1",20
"fi","Cell_5801","fi_9",28
"fi","Cell_3577","fi_3",34
"fi","Cell_32495","fi_3",34
"fi","Cell_21498","fi_4",18
"fi","Cell_2414","fi_2",15
"fi","Cell_4518","fi_3",34
"fi","Cell_5033","fi_9",28
"fi","Cell_12965","fi_9",28
"fi","Cell_16747","fi_3",34
"fi","Cell_19189","fi_4",18
"fi","Cell_24469","fi_4",18
"fi","Cell_31683","fi_4",18
"fi","Cell_33757","fi_3",34
"fi","Cell_34687","fi_4",18
"fi","Cell_36903","fi_3",34
"fi","Cell_5455","fi_9",28
"fi","Cell_20543","fi_2",15
"fi","Cell_25422","fi_3",34
"fi","Cell_27930","fi_3",34
"fi","Cell_30545","fi_1",20
"fi","Cell_36211","fi_9",28
"fi","Cell_39120","fi_3",34
"fi","Cell_39982","fi_2",15
"fi","Cell_42346","fi_9",28
"fi","Cell_42391","fi_1",20
"fi","Cell_8699","fi_9",28
"fi","Cell_27889","fi_3",34
"fi","Cell_33642","fi_3",34
"fi","Cell_40139","fi_3",34
"fi","Cell_3602","fi_1",20
"fi","Cell_7194","fi_2",15
"fi","Cell_14020","fi_4",18
"fi","Cell_24626","fi_9",28
"fi","Cell_24645","fi_3",34
"fi","Cell_43099","fi_4",18
"fi","Cell_329","fi_9",28
"fi","Cell_885","fi_3",34
"fi","Cell_6106","fi_3",34
"fi","Cell_10144","fi_9",28
"fi","Cell_13319","fi_9",28
"fi","Cell_13913","fi_9",28
"fi","Cell_16124","fi_9",28
"fi","Cell_17246","fi_2",15
"fi","Cell_21874","fi_9",28
"fi","Cell_23733","fi_4",18
"fi","Cell_25232","fi_3",34
"fi","Cell_25870","fi_9",28
"fi","Cell_27856","fi_3",34
"fi","Cell_28227","fi_3",34
"fi","Cell_28610","fi_3",34
"fi","Cell_28878","fi_9",28
"fi","Cell_29438","fi_1",20
"fi","Cell_29694","fi_9",28
"fi","Cell_34261","fi_3",34
"fi","Cell_35250","fi_2",15
"fi","Cell_36770","fi_9",28
"fi","Cell_40915","fi_9",28
"fi","Cell_41668","fi_9",28
"fi","Cell_44136","fi_9",28
"fi","Cell_21948","fi_3",34
"fi","Cell_19408","fi_4",18
"fi","Cell_25854","fi_9",28
"fi","Cell_2199","fi_9",28
"fi","Cell_32683","fi_9",28
"fi","Cell_2997","fi_3",34
"fi","Cell_6659","fi_4",18
"fi","Cell_16466","fi_3",34
"fi","Cell_27915","fi_3",34
"fi","Cell_16328","fi_9",28
"fi","Cell_21894","fi_3",34
"fi","Cell_23107","fi_3",34
"fi","Cell_24831","fi_4",18
"fi","Cell_27859","fi_3",34
"fi","Cell_8148","fi_4",18
"fi","Cell_21151","fi_4",18
"fi","Cell_28595","fi_4",18
"fi","Cell_32530","fi_3",34
