"Cell","region","cell_fraction"
"Cell_10","TU",1
"Cell_1105","TU",1
"Cell_1387","TU",1
"Cell_4157","TU",1
"Cell_4545","TU",1
"Cell_4697","TU",1
"Cell_6345","TU",1
"Cell_6689","TU",1
"Cell_7384","TU",0.999999999999999
"Cell_7539","TU",1
"Cell_7584","TU",1
"Cell_8160","TU",1
"Cell_10602","TU",1
"Cell_10750","TU",1
"Cell_10913","TU",1
"Cell_10930","TU",1
"Cell_14018","TU",1
"Cell_14158","TU",1
"Cell_14444","TU",1
"Cell_15506","TU",1
"Cell_15623","TU",1
"Cell_17839","TU",1
"Cell_17903","TU",1
"Cell_18922","TU",1
"Cell_20492","TU",0.958145810473847
"Cell_20704","TU",1
"Cell_24104","TU",1
"Cell_24847","TU",0.994270425185288
"Cell_27195","TU",1
"Cell_28041","TU",1
"Cell_28074","TU",0.999999999999999
"Cell_28476","TU",1
"Cell_28545","TU",1
"Cell_29569","TU",1
"Cell_29979","TU",1
"Cell_30228","TU",1
"Cell_30377","TU",1
"Cell_30454","TU",1
"Cell_30556","TU",1
"Cell_31228","TU",1
"Cell_32849","TU",1
"Cell_33347","TU",1
"Cell_33580","TU",1
"Cell_34345","TU",1
"Cell_34887","TU",1
"Cell_35419","TU",1
"Cell_36229","TU",1
"Cell_36345","TU",1
"Cell_36740","TU",1
"Cell_37807","TU",1
"Cell_37984","TU",1
"Cell_38979","TU",1
"Cell_40352","TU",1
"Cell_40478","TU",1
"Cell_41448","TU",1
"Cell_41996","TU",1
"Cell_42320","TU",1
"Cell_42322","TU",1
"Cell_42443","TU",1
"Cell_42450","TU",1
"Cell_42550","TU",1
"Cell_42600","TU",1
"Cell_42765","TU",1
"Cell_43282","TU",1
"Cell_326","TU",1
"Cell_10175","TU",1
"Cell_14826","TU",1
"Cell_17638","TU",1
"Cell_18521","TU",1
"Cell_21503","TU",1
"Cell_21521","TU",1
"Cell_21950","TU",1
"Cell_23000","TU",1
"Cell_23064","TU",1
"Cell_23585","TU",1
"Cell_24132","TU",1
"Cell_24542","TU",1
"Cell_26089","TU",1
"Cell_30984","TU",1
"Cell_31243","TU",1
"Cell_33604","TU",1
"Cell_35620","TU",1
"Cell_37634","TU",1
"Cell_37637","TU",1
"Cell_39009","TU",1
"Cell_39516","TU",1
"Cell_40701","TU",1
"Cell_40737","TU",1
"Cell_43185","TU",1
"Cell_43391","TU",1
"Cell_89","TU",1
"Cell_148","TU",1
"Cell_352","TU",1
"Cell_446","TU",1
"Cell_1509","TU",1
"Cell_4227","TU",0.999999999999999
"Cell_4379","TU",1
"Cell_4401","TU",0.998781580368192
"Cell_4554","TU",1
"Cell_4597","TU",1
"Cell_4619","TU",1
"Cell_6513","TU",1
"Cell_7359","TU",1
"Cell_7412","TU",1
"Cell_7671","TU",1
"Cell_8248","TU",1
"Cell_9293","TU",1
"Cell_9555","TU",1
"Cell_10804","TU",1
"Cell_11310","TU",1
"Cell_12146","TU",1
"Cell_13866","TU",1
"Cell_13970","TU",1
"Cell_14169","TU",0.965692170015777
"Cell_15021","TU",1
"Cell_15912","TU",1
"Cell_15965","TU",1
"Cell_17023","TU",1
"Cell_17492","TU",1
"Cell_17624","TU",1
"Cell_18635","TU",1
"Cell_19002","TU",1
"Cell_22527","TU",1
"Cell_25305","TU",1
"Cell_26664","TU",1
"Cell_29524","TU",1
"Cell_29707","TU",1
"Cell_30481","TU",1
"Cell_31180","TU",1
"Cell_32140","TU",1
"Cell_32427","TU",1
"Cell_33303","TU",1
"Cell_33597","TU",1
"Cell_33878","TU",1
"Cell_34886","TU",1
"Cell_35541","TU",1
"Cell_35839","TU",1
"Cell_38144","TU",1
"Cell_38330","TU",1
"Cell_38519","TU",1
"Cell_39182","TU",1
"Cell_39551","TU",1
"Cell_40852","TU",1
"Cell_41109","TU",1
"Cell_41229","TU",1
"Cell_41444","TU",1
"Cell_42285","TU",1
"Cell_42524","TU",1
"Cell_43395","TU",1
"Cell_43710","TU",0.999999999999999
"Cell_44838","TU",1
"Cell_4748","TU",1
"Cell_1401","TU",1
"Cell_1404","TU",0.999999999999999
"Cell_2212","TU",1
"Cell_4003","TU",1
"Cell_4689","TU",1
"Cell_4735","TU",1
"Cell_4785","TU",1
"Cell_5577","TU",1
"Cell_5620","TU",1
"Cell_7215","TU",1
"Cell_8162","TU",1
"Cell_9232","TU",1
"Cell_9775","TU",1
"Cell_10279","TU",1
"Cell_11963","TU",1
"Cell_12193","TU",1
"Cell_13838","TU",1
"Cell_13847","TU",1
"Cell_14223","TU",0.999197039726165
"Cell_17267","TU",1
"Cell_17874","TU",0.995525162765228
"Cell_18527","TU",1
"Cell_19031","TU",1
"Cell_19132","TU",1
"Cell_19901","TU",1
"Cell_21640","TU",1
"Cell_23773","TU",1
"Cell_24253","TU",1
"Cell_24461","TU",1
"Cell_25017","TU",1
"Cell_25410","TU",1
"Cell_25505","TU",1
"Cell_25779","TU",1
"Cell_26456","TU",1
"Cell_27420","TU",1
"Cell_27654","TU",1
"Cell_27710","TU",1
"Cell_27877","TU",1
"Cell_28564","TU",1
"Cell_29317","TU",1
"Cell_30005","TU",1
"Cell_31906","TU",1
"Cell_32032","TU",1
"Cell_32332","TU",1
"Cell_33345","TU",1
"Cell_34222","TU",1
"Cell_34298","TU",1
"Cell_34508","TU",1
"Cell_35121","TU",1
"Cell_35733","TU",1
"Cell_35816","TU",1
"Cell_36062","TU",1
"Cell_36521","TU",1
"Cell_37316","TU",1
"Cell_38496","TU",1
"Cell_38940","TU",1
"Cell_41431","TU",1
"Cell_42848","TU",1
"Cell_43428","TU",1
"Cell_43468","TU",1
"Cell_44633","TU",1
"Cell_4391","TU",1
"Cell_27300","TU",0.999999999999999
"Cell_35255","TU",1
"Cell_26082","TU",1
"Cell_39293","TU",1
"Cell_5917","TU",1
"Cell_9601","TU",1
"Cell_12523","TU",1
"Cell_12779","TU",1
"Cell_12799","TU",1
"Cell_12898","TU",1
"Cell_13756","TU",0.999999999999999
"Cell_15280","TU",1
"Cell_15570","TU",1
"Cell_25002","TU",1
"Cell_25052","TU",1
"Cell_34955","TU",1
"Cell_35522","TU",0.999999999999999
"Cell_37224","TU",1
"Cell_41302","TU",1
"Cell_42274","TU",1
"Cell_30","TU",1
"Cell_437","TU",1
"Cell_780","TU",1
"Cell_917","TU",1
"Cell_1217","TU",1
"Cell_1605","TU",1
"Cell_2799","TU",1
"Cell_3310","TU",1
"Cell_4173","TU",1
"Cell_4235","TU",1
"Cell_4302","TU",1
"Cell_4710","TU",1
"Cell_5402","TU",1
"Cell_6322","TU",1
"Cell_7204","TU",1
"Cell_7364","TU",1
"Cell_8288","TU",1
"Cell_9363","TU",1
"Cell_9900","TU",1
"Cell_9973","TU",1
"Cell_10192","TU",1
"Cell_11052","TU",1
"Cell_11215","TU",1
"Cell_11353","TU",1
"Cell_12012","TU",1
"Cell_12172","TU",1
"Cell_12243","TU",1
"Cell_12689","TU",1
"Cell_12853","TU",1
"Cell_13616","TU",1
"Cell_15119","TU",1
"Cell_16441","TU",1
"Cell_20650","TU",1
"Cell_21382","TU",1
"Cell_22233","TU",1
"Cell_23139","TU",1
"Cell_23839","TU",1
"Cell_23852","TU",1
"Cell_23878","TU",1
"Cell_25552","TU",1
"Cell_25975","TU",1
"Cell_26014","TU",1
"Cell_26890","TU",1
"Cell_27086","TU",1
"Cell_27751","TU",1
"Cell_27766","TU",1
"Cell_28109","TU",1
"Cell_28337","TU",1
"Cell_28636","TU",1
"Cell_28792","TU",1
"Cell_29048","TU",1
"Cell_29489","TU",1
"Cell_29656","TU",1
"Cell_30660","TU",1
"Cell_30751","TU",1
"Cell_30862","TU",1
"Cell_30877","TU",1
"Cell_31777","TU",1
"Cell_31934","TU",1
"Cell_32117","TU",1
"Cell_32895","TU",1
"Cell_33873","TU",1
"Cell_34749","TU",1
"Cell_36584","TU",1
"Cell_37769","TU",1
"Cell_37864","TU",1
"Cell_39240","TU",1
"Cell_39850","TU",1
"Cell_40077","TU",1
"Cell_40415","TU",1
"Cell_40657","TU",1
"Cell_40723","TU",1
"Cell_41165","TU",1
"Cell_42284","TU",0.999403888916769
"Cell_42845","TU",1
"Cell_43143","TU",1
"Cell_44692","TU",1
"Cell_1489","TU",1
"Cell_2327","TU",0.999999999999999
"Cell_2339","TU",1
"Cell_2670","TU",1
"Cell_4667","TU",1
"Cell_5676","TU",1
"Cell_6170","TU",1
"Cell_6757","TU",1
"Cell_6790","TU",1
"Cell_7429","TU",1
"Cell_8191","TU",1
"Cell_8393","TU",1
"Cell_8470","TU",1
"Cell_9156","TU",1
"Cell_9238","TU",1
"Cell_9588","TU",1
"Cell_9859","TU",1
"Cell_12644","TU",1
"Cell_13094","TU",1
"Cell_14263","TU",1
"Cell_14288","TU",1
"Cell_15223","TU",1
"Cell_15328","TU",1
"Cell_15768","TU",1
"Cell_16141","TU",1
"Cell_17812","TU",1
"Cell_18459","TU",1
"Cell_18722","TU",1
"Cell_19505","TU",1
"Cell_19713","TU",1
"Cell_20481","TU",1
"Cell_21216","TU",1
"Cell_23583","TU",1
"Cell_24094","TU",1
"Cell_24172","TU",1
"Cell_24336","TU",1
"Cell_25001","TU",1
"Cell_25431","TU",1
"Cell_25886","TU",1
"Cell_26151","TU",1
"Cell_27810","TU",1
"Cell_29573","TU",1
"Cell_30269","TU",1
"Cell_31712","TU",0.999757092008553
"Cell_32320","TU",1
"Cell_32508","TU",1
"Cell_32982","TU",1
"Cell_34172","TU",1
"Cell_34566","TU",1
"Cell_34647","TU",1
"Cell_34936","TU",0.999999999999999
"Cell_35418","TU",1
"Cell_35783","TU",1
"Cell_36536","TU",1
"Cell_37105","TU",1
"Cell_37581","TU",1
"Cell_37962","TU",1
"Cell_38316","TU",1
"Cell_38395","TU",1
"Cell_40333","TU",1
"Cell_40894","TU",1
"Cell_41056","TU",1
"Cell_41474","TU",1
"Cell_42681","TU",1
"Cell_43117","TU",1
"Cell_44641","TU",1
"Cell_44740","TU",1
"Cell_16564","TU",1
"Cell_20403","TU",1
"Cell_19184","TU",1
"Cell_24695","TU",0.976214256903328
"Cell_34717","TU",1
"Cell_44988","TU",0.999999999999999
"Cell_20858","TU",1
"Cell_41289","TU",1
"Cell_1747","TU",1
"Cell_9136","TU",1
"Cell_24238","TU",1
"Cell_26742","TU",1
"Cell_31689","TU",1
"Cell_32048","TU",1
"Cell_34703","TU",1
"Cell_44677","TU",1
"Cell_35945","TU",1
"Cell_17","CA3so",1
"Cell_10562","CA3so",1
"Cell_19665","CA3so",1
"Cell_11764","CA3so",0.963988217428336
"Cell_34030","CA3so",0.996464267736957
"Cell_34917","CA3so",0.999413628560495
"Cell_42735","CA3so",1
"Cell_43544","CA3so",1
"Cell_44317","CA3so",1
"Cell_44362","CA3so",1
"Cell_17204","CA3so",1
"Cell_33071","CA3so",1
"Cell_724","CA3so",1
"Cell_984","CA3so",0.958099964143514
"Cell_1062","CA3so",1
"Cell_1985","CA3so",1
"Cell_2899","CA3so",1
"Cell_4354","CA3so",0.989597412090132
"Cell_7353","CA3so",0.99635954080185
"Cell_7796","CA3so",1
"Cell_7903","CA3so",1
"Cell_10607","CA3so",1
"Cell_13535","CA3so",0.999992862211635
"Cell_15817","CA3so",0.997841505104646
"Cell_15973","CA3so",1
"Cell_18791","CA3so",1
"Cell_20711","CA3so",1
"Cell_25494","CA3so",1
"Cell_25604","CA3so",1
"Cell_31065","CA3so",1
"Cell_32549","CA3so",1
"Cell_34067","CA3so",1
"Cell_38984","CA3so",0.999776610379259
"Cell_44844","CA3so",1
"Cell_44906","CA3so",1
"Cell_4026","CA3so",1
"Cell_4756","CA3so",0.999959477777245
"Cell_6120","CA3so",1
"Cell_7561","CA3so",1
"Cell_10437","CA3so",1
"Cell_11853","CA3so",1
"Cell_12102","CA3so",1
"Cell_14610","CA3so",1
"Cell_15585","CA3so",1
"Cell_16422","CA3so",1
"Cell_17951","CA3so",1
"Cell_18823","CA3so",1
"Cell_18941","CA3so",1
"Cell_19242","CA3so",1
"Cell_19887","CA3so",1
"Cell_21844","CA3so",1
"Cell_24700","CA3so",1
"Cell_29888","CA3so",1
"Cell_31018","CA3so",1
"Cell_33203","CA3so",1
"Cell_34166","CA3so",1
"Cell_35323","CA3so",1
"Cell_35461","CA3so",1
"Cell_36469","CA3so",0.998244514571141
"Cell_44790","CA3so",1
"Cell_31719","CA3so",0.999999999999999
"Cell_98","CA3so",1
"Cell_549","CA3so",1
"Cell_3469","CA3so",0.999999999999999
"Cell_8283","CA3so",1
"Cell_9814","CA3so",1
"Cell_10181","CA3so",1
"Cell_12273","CA3so",0.998573844548044
"Cell_13490","CA3so",1
"Cell_28556","CA3so",1
"Cell_41175","CA3so",1
"Cell_42239","CA3so",1
"Cell_1838","CA3so",1
"Cell_2648","CA3so",1
"Cell_2755","CA3so",0.973781408678663
"Cell_2963","CA3so",1
"Cell_4536","CA3so",1
"Cell_10367","CA3so",1
"Cell_10612","CA3so",1
"Cell_10690","CA3so",1
"Cell_10873","CA3so",1
"Cell_11669","CA3so",1
"Cell_13252","CA3so",1
"Cell_16296","CA3so",1
"Cell_21794","CA3so",1
"Cell_24396","CA3so",1
"Cell_26430","CA3so",1
"Cell_26558","CA3so",1
"Cell_26752","CA3so",0.999969328573556
"Cell_28025","CA3so",1
"Cell_35033","CA3so",1
"Cell_35982","CA3so",1
"Cell_42803","CA3so",1
"Cell_43738","CA3so",1
"Cell_43942","CA3so",1
"Cell_5966","CA3so",0.985225603471469
"Cell_10162","CA3so",1
"Cell_23765","CA3so",1
"Cell_42908","CA3so",1
"Cell_16195","CA3so",1
"Cell_42812","CA3so",1
"Cell_32296","CA3so",1
"Cell_41261","CA3so",1
"Cell_39228","CA3so",1
"Cell_23200","CA3so",0.999999999999999
"Cell_21","OLF",1
"Cell_61","OLF",1
"Cell_529","OLF",1
"Cell_925","OLF",1
"Cell_932","OLF",1
"Cell_1456","OLF",1
"Cell_1567","OLF",1
"Cell_1781","OLF",1
"Cell_1832","OLF",1
"Cell_1920","OLF",1
"Cell_1970","OLF",1
"Cell_3123","OLF",1
"Cell_3414","OLF",1
"Cell_3417","OLF",1
"Cell_3519","OLF",1
"Cell_3796","OLF",1
"Cell_3831","OLF",1
"Cell_3887","OLF",1
"Cell_3918","OLF",1
"Cell_4140","OLF",1
"Cell_4144","OLF",1
"Cell_4243","OLF",1
"Cell_4327","OLF",1
"Cell_4413","OLF",1
"Cell_4509","OLF",0.999999999999999
"Cell_4523","OLF",1
"Cell_4873","OLF",1
"Cell_4875","OLF",1
"Cell_5042","OLF",1
"Cell_5138","OLF",1
"Cell_5216","OLF",1
"Cell_5256","OLF",1
"Cell_5273","OLF",1
"Cell_5293","OLF",1
"Cell_5301","OLF",1
"Cell_5487","OLF",1
"Cell_5552","OLF",1
"Cell_5607","OLF",1
"Cell_5675","OLF",1
"Cell_5748","OLF",1
"Cell_5952","OLF",1
"Cell_6038","OLF",1
"Cell_6143","OLF",1
"Cell_6186","OLF",1
"Cell_6349","OLF",1
"Cell_6377","OLF",1
"Cell_6515","OLF",1
"Cell_6536","OLF",1
"Cell_6571","OLF",0.999999999999999
"Cell_6575","OLF",1
"Cell_6746","OLF",1
"Cell_6938","OLF",1
"Cell_7095","OLF",1
"Cell_7937","OLF",1
"Cell_8085","OLF",1
"Cell_8192","OLF",1
"Cell_8335","OLF",1
"Cell_8433","OLF",1
"Cell_8468","OLF",1
"Cell_8643","OLF",1
"Cell_8961","OLF",1
"Cell_8992","OLF",1
"Cell_8993","OLF",1
"Cell_9371","OLF",1
"Cell_9585","OLF",1
"Cell_9734","OLF",1
"Cell_9927","OLF",1
"Cell_10147","OLF",1
"Cell_10254","OLF",1
"Cell_10729","OLF",1
"Cell_10768","OLF",1
"Cell_10805","OLF",1
"Cell_10857","OLF",1
"Cell_10887","OLF",1
"Cell_10896","OLF",1
"Cell_10947","OLF",1
"Cell_11216","OLF",1
"Cell_11422","OLF",1
"Cell_11446","OLF",1
"Cell_11486","OLF",1
"Cell_11595","OLF",1
"Cell_11634","OLF",1
"Cell_11816","OLF",1
"Cell_12181","OLF",1
"Cell_12311","OLF",1
"Cell_12440","OLF",1
"Cell_12548","OLF",1
"Cell_12599","OLF",1
"Cell_12707","OLF",1
"Cell_13055","OLF",1
"Cell_13115","OLF",1
"Cell_13228","OLF",1
"Cell_13270","OLF",1
"Cell_13287","OLF",1
"Cell_13311","OLF",1
"Cell_13481","OLF",1
"Cell_13624","OLF",1
"Cell_13762","OLF",1
"Cell_13853","OLF",1
"Cell_14139","OLF",1
"Cell_14159","OLF",1
"Cell_14177","OLF",1
"Cell_14187","OLF",1
"Cell_14213","OLF",1
"Cell_14846","OLF",1
"Cell_14903","OLF",1
"Cell_14906","OLF",1
"Cell_15036","OLF",1
"Cell_15255","OLF",1
"Cell_15560","OLF",1
"Cell_15686","OLF",1
"Cell_15711","OLF",1
"Cell_15725","OLF",1
"Cell_15948","OLF",1
"Cell_16144","OLF",1
"Cell_16160","OLF",1
"Cell_16397","OLF",1
"Cell_16508","OLF",1
"Cell_16554","OLF",1
"Cell_16937","OLF",1
"Cell_17203","OLF",1
"Cell_17290","OLF",1
"Cell_17328","OLF",1
"Cell_17388","OLF",1
"Cell_17436","OLF",1
"Cell_17779","OLF",1
"Cell_17927","OLF",1
"Cell_17986","OLF",1
"Cell_17989","OLF",1
"Cell_18279","OLF",1
"Cell_18462","OLF",1
"Cell_18659","OLF",1
"Cell_19058","OLF",1
"Cell_19291","OLF",1
"Cell_19456","OLF",1
"Cell_19575","OLF",1
"Cell_20070","OLF",1
"Cell_20303","OLF",1
"Cell_20329","OLF",1
"Cell_20436","OLF",1
"Cell_20928","OLF",1
"Cell_20938","OLF",1
"Cell_21080","OLF",1
"Cell_21416","OLF",1
"Cell_21444","OLF",1
"Cell_21475","OLF",1
"Cell_21719","OLF",1
"Cell_22401","OLF",1
"Cell_22402","OLF",1
"Cell_22467","OLF",1
"Cell_22505","OLF",1
"Cell_22621","OLF",1
"Cell_22653","OLF",1
"Cell_22727","OLF",1
"Cell_22829","OLF",1
"Cell_23090","OLF",1
"Cell_23283","OLF",1
"Cell_23284","OLF",1
"Cell_23292","OLF",1
"Cell_23302","OLF",1
"Cell_23308","OLF",1
"Cell_23811","OLF",1
"Cell_23837","OLF",1
"Cell_23950","OLF",1
"Cell_24002","OLF",1
"Cell_24100","OLF",1
"Cell_24183","OLF",1
"Cell_24272","OLF",1
"Cell_24314","OLF",1
"Cell_24495","OLF",1
"Cell_24581","OLF",1
"Cell_24669","OLF",1
"Cell_24705","OLF",1
"Cell_24747","OLF",1
"Cell_24810","OLF",1
"Cell_25006","OLF",0.999999999999999
"Cell_25284","OLF",1
"Cell_25654","OLF",1
"Cell_25662","OLF",1
"Cell_25731","OLF",1
"Cell_25922","OLF",1
"Cell_26721","OLF",1
"Cell_27009","OLF",1
"Cell_27137","OLF",1
"Cell_27201","OLF",1
"Cell_27884","OLF",0.954802175366018
"Cell_27910","OLF",1
"Cell_27912","OLF",1
"Cell_27929","OLF",1
"Cell_28058","OLF",1
"Cell_28200","OLF",1
"Cell_28456","OLF",1
"Cell_28495","OLF",1
"Cell_28731","OLF",1
"Cell_28934","OLF",1
"Cell_28956","OLF",0.999999999999999
"Cell_29012","OLF",1
"Cell_29063","OLF",1
"Cell_29124","OLF",1
"Cell_29218","OLF",1
"Cell_29344","OLF",1
"Cell_29452","OLF",1
"Cell_29485","OLF",1
"Cell_29499","OLF",1
"Cell_29578","OLF",1
"Cell_29596","OLF",1
"Cell_29612","OLF",1
"Cell_29642","OLF",1
"Cell_29723","OLF",1
"Cell_29862","OLF",1
"Cell_29994","OLF",1
"Cell_30079","OLF",1
"Cell_30262","OLF",1
"Cell_30289","OLF",1
"Cell_30341","OLF",1
"Cell_30451","OLF",1
"Cell_30921","OLF",1
"Cell_30998","OLF",1
"Cell_31025","OLF",1
"Cell_31042","OLF",1
"Cell_31249","OLF",1
"Cell_31302","OLF",1
"Cell_31695","OLF",1
"Cell_31833","OLF",1
"Cell_32024","OLF",1
"Cell_32025","OLF",1
"Cell_32035","OLF",1
"Cell_32119","OLF",1
"Cell_32145","OLF",1
"Cell_32171","OLF",1
"Cell_32240","OLF",1
"Cell_32281","OLF",1
"Cell_32387","OLF",1
"Cell_32395","OLF",1
"Cell_32418","OLF",1
"Cell_32421","OLF",1
"Cell_32494","OLF",1
"Cell_32774","OLF",1
"Cell_32875","OLF",1
"Cell_32962","OLF",1
"Cell_33243","OLF",1
"Cell_33736","OLF",1
"Cell_33826","OLF",1
"Cell_33953","OLF",1
"Cell_34297","OLF",1
"Cell_34337","OLF",1
"Cell_34541","OLF",1
"Cell_34565","OLF",1
"Cell_34632","OLF",1
"Cell_34784","OLF",1
"Cell_34986","OLF",1
"Cell_35143","OLF",1
"Cell_35272","OLF",1
"Cell_35399","OLF",1
"Cell_35459","OLF",1
"Cell_35643","OLF",1
"Cell_35758","OLF",1
"Cell_35901","OLF",1
"Cell_35939","OLF",1
"Cell_36167","OLF",1
"Cell_36737","OLF",1
"Cell_36818","OLF",1
"Cell_36845","OLF",1
"Cell_36883","OLF",1
"Cell_36967","OLF",1
"Cell_37017","OLF",1
"Cell_37083","OLF",1
"Cell_37115","OLF",1
"Cell_37359","OLF",1
"Cell_37382","OLF",1
"Cell_37410","OLF",1
"Cell_37431","OLF",1
"Cell_37481","OLF",1
"Cell_37485","OLF",1
"Cell_37622","OLF",1
"Cell_37624","OLF",1
"Cell_37665","OLF",1
"Cell_37842","OLF",1
"Cell_38131","OLF",1
"Cell_38165","OLF",1
"Cell_38414","OLF",1
"Cell_38462","OLF",1
"Cell_38487","OLF",1
"Cell_38762","OLF",1
"Cell_38788","OLF",1
"Cell_38873","OLF",0.999999999999999
"Cell_38877","OLF",1
"Cell_39106","OLF",1
"Cell_39370","OLF",1
"Cell_39695","OLF",1
"Cell_39787","OLF",1
"Cell_39840","OLF",1
"Cell_39956","OLF",1
"Cell_39998","OLF",1
"Cell_40026","OLF",1
"Cell_40560","OLF",1
"Cell_40569","OLF",1
"Cell_40592","OLF",1
"Cell_40950","OLF",1
"Cell_41140","OLF",1
"Cell_41185","OLF",1
"Cell_41267","OLF",1
"Cell_41356","OLF",1
"Cell_41813","OLF",1
"Cell_41972","OLF",1
"Cell_41981","OLF",1
"Cell_42009","OLF",1
"Cell_42122","OLF",1
"Cell_42329","OLF",1
"Cell_42347","OLF",1
"Cell_42665","OLF",1
"Cell_42770","OLF",1
"Cell_42926","OLF",1
"Cell_43199","OLF",0.999999999999999
"Cell_43430","OLF",1
"Cell_43716","OLF",1
"Cell_43814","OLF",1
"Cell_44152","OLF",1
"Cell_44374","OLF",1
"Cell_44544","OLF",1
"Cell_44556","OLF",1
"Cell_44558","OLF",1
"Cell_44681","OLF",1
"Cell_44852","OLF",1
"Cell_44946","OLF",1
"Cell_45049","OLF",1
"Cell_3336","OLF",1
"Cell_6096","OLF",1
"Cell_16906","OLF",1
"Cell_18813","OLF",1
"Cell_18844","OLF",1
"Cell_20034","OLF",1
"Cell_20954","OLF",1
"Cell_25567","OLF",1
"Cell_33112","OLF",1
"Cell_39586","OLF",1
"Cell_42213","OLF",1
"Cell_247","OLF",1
"Cell_378","OLF",1
"Cell_510","OLF",1
"Cell_691","OLF",1
"Cell_929","OLF",1
"Cell_1100","OLF",1
"Cell_1106","OLF",1
"Cell_1453","OLF",1
"Cell_1554","OLF",1
"Cell_1628","OLF",1
"Cell_2186","OLF",1
"Cell_2351","OLF",1
"Cell_2472","OLF",0.999999999999999
"Cell_2652","OLF",1
"Cell_2826","OLF",1
"Cell_2829","OLF",1
"Cell_3045","OLF",1
"Cell_3299","OLF",1
"Cell_3307","OLF",1
"Cell_3418","OLF",1
"Cell_3664","OLF",1
"Cell_3860","OLF",1
"Cell_3874","OLF",0.999999999999999
"Cell_4114","OLF",1
"Cell_4660","OLF",1
"Cell_5784","OLF",1
"Cell_6457","OLF",1
"Cell_6584","OLF",1
"Cell_6684","OLF",1
"Cell_6724","OLF",1
"Cell_7179","OLF",1
"Cell_7270","OLF",1
"Cell_7358","OLF",1
"Cell_7598","OLF",1
"Cell_7634","OLF",1
"Cell_7752","OLF",1
"Cell_8075","OLF",1
"Cell_8357","OLF",1
"Cell_8536","OLF",1
"Cell_8919","OLF",0.999999999999999
"Cell_9005","OLF",1
"Cell_9210","OLF",1
"Cell_9388","OLF",1
"Cell_9665","OLF",0.999999999999999
"Cell_9959","OLF",0.999999999999999
"Cell_10126","OLF",1
"Cell_10368","OLF",1
"Cell_10792","OLF",1
"Cell_10826","OLF",1
"Cell_10841","OLF",1
"Cell_10874","OLF",1
"Cell_11004","OLF",1
"Cell_11170","OLF",1
"Cell_11283","OLF",0.988117556500301
"Cell_11728","OLF",1
"Cell_12078","OLF",1
"Cell_12218","OLF",1
"Cell_12365","OLF",1
"Cell_12538","OLF",1
"Cell_12661","OLF",1
"Cell_13236","OLF",1
"Cell_13391","OLF",1
"Cell_13607","OLF",1
"Cell_13924","OLF",1
"Cell_13980","OLF",1
"Cell_14334","OLF",1
"Cell_14343","OLF",1
"Cell_14345","OLF",1
"Cell_14429","OLF",1
"Cell_14491","OLF",1
"Cell_14544","OLF",1
"Cell_14725","OLF",1
"Cell_15047","OLF",1
"Cell_15067","OLF",1
"Cell_15165","OLF",1
"Cell_15341","OLF",1
"Cell_15857","OLF",1
"Cell_16133","OLF",1
"Cell_16261","OLF",1
"Cell_16274","OLF",1
"Cell_16671","OLF",1
"Cell_17210","OLF",1
"Cell_17237","OLF",1
"Cell_17322","OLF",1
"Cell_17550","OLF",1
"Cell_17593","OLF",1
"Cell_17957","OLF",1
"Cell_17977","OLF",1
"Cell_18070","OLF",1
"Cell_18289","OLF",1
"Cell_18426","OLF",1
"Cell_18427","OLF",1
"Cell_18444","OLF",1
"Cell_18488","OLF",1
"Cell_18531","OLF",1
"Cell_18854","OLF",1
"Cell_18955","OLF",1
"Cell_19033","OLF",1
"Cell_19157","OLF",1
"Cell_19202","OLF",1
"Cell_19385","OLF",1
"Cell_19437","OLF",1
"Cell_19473","OLF",1
"Cell_19491","OLF",1
"Cell_19692","OLF",1
"Cell_20011","OLF",1
"Cell_20025","OLF",1
"Cell_20152","OLF",1
"Cell_20201","OLF",1
"Cell_20468","OLF",1
"Cell_21025","OLF",1
"Cell_21295","OLF",1
"Cell_21449","OLF",0.999999999999999
"Cell_21602","OLF",1
"Cell_21986","OLF",1
"Cell_22053","OLF",1
"Cell_22098","OLF",1
"Cell_22258","OLF",1
"Cell_22622","OLF",1
"Cell_22679","OLF",1
"Cell_22703","OLF",1
"Cell_22888","OLF",1
"Cell_22936","OLF",1
"Cell_23149","OLF",1
"Cell_23332","OLF",0.999999999999999
"Cell_23354","OLF",1
"Cell_23691","OLF",1
"Cell_24444","OLF",1
"Cell_24942","OLF",1
"Cell_25254","OLF",1
"Cell_25492","OLF",1
"Cell_25575","OLF",1
"Cell_25609","OLF",1
"Cell_25937","OLF",1
"Cell_26001","OLF",1
"Cell_26226","OLF",1
"Cell_26453","OLF",1
"Cell_26917","OLF",1
"Cell_27230","OLF",1
"Cell_27275","OLF",1
"Cell_27383","OLF",1
"Cell_27637","OLF",1
"Cell_27642","OLF",0.990230775377891
"Cell_27976","OLF",1
"Cell_28048","OLF",1
"Cell_28186","OLF",1
"Cell_28567","OLF",1
"Cell_29241","OLF",1
"Cell_29634","OLF",1
"Cell_29655","OLF",1
"Cell_30008","OLF",1
"Cell_30103","OLF",1
"Cell_30855","OLF",1
"Cell_31112","OLF",0.999999999999999
"Cell_31172","OLF",1
"Cell_31311","OLF",1
"Cell_31428","OLF",1
"Cell_31472","OLF",1
"Cell_31546","OLF",1
"Cell_31650","OLF",1
"Cell_32008","OLF",1
"Cell_32056","OLF",1
"Cell_32081","OLF",1
"Cell_32161","OLF",1
"Cell_32370","OLF",1
"Cell_32755","OLF",1
"Cell_32869","OLF",1
"Cell_32894","OLF",1
"Cell_33368","OLF",1
"Cell_33500","OLF",1
"Cell_33532","OLF",1
"Cell_33559","OLF",1
"Cell_33595","OLF",1
"Cell_33692","OLF",1
"Cell_33960","OLF",1
"Cell_34260","OLF",1
"Cell_34755","OLF",1
"Cell_34811","OLF",1
"Cell_34837","OLF",1
"Cell_35772","OLF",1
"Cell_35823","OLF",1
"Cell_35919","OLF",1
"Cell_36063","OLF",1
"Cell_36178","OLF",1
"Cell_36240","OLF",1
"Cell_36289","OLF",0.999999999999999
"Cell_36312","OLF",1
"Cell_36485","OLF",1
"Cell_36829","OLF",1
"Cell_36861","OLF",0.999999999999999
"Cell_37084","OLF",1
"Cell_37601","OLF",1
"Cell_38065","OLF",1
"Cell_38263","OLF",1
"Cell_38468","OLF",1
"Cell_38516","OLF",1
"Cell_38610","OLF",1
"Cell_38675","OLF",1
"Cell_39178","OLF",1
"Cell_39226","OLF",1
"Cell_39578","OLF",1
"Cell_40071","OLF",1
"Cell_40118","OLF",1
"Cell_40693","OLF",1
"Cell_40872","OLF",1
"Cell_41147","OLF",1
"Cell_41338","OLF",1
"Cell_41445","OLF",1
"Cell_41502","OLF",1
"Cell_41634","OLF",1
"Cell_41849","OLF",0.999999999999999
"Cell_42021","OLF",1
"Cell_42618","OLF",1
"Cell_42759","OLF",1
"Cell_42906","OLF",1
"Cell_42924","OLF",1
"Cell_42966","OLF",0.999999999999999
"Cell_42979","OLF",1
"Cell_43224","OLF",1
"Cell_43244","OLF",1
"Cell_43281","OLF",1
"Cell_43385","OLF",1
"Cell_43388","OLF",1
"Cell_43400","OLF",1
"Cell_43432","OLF",1
"Cell_43598","OLF",1
"Cell_43773","OLF",1
"Cell_44259","OLF",1
"Cell_44877","OLF",1
"Cell_1637","OLF",1
"Cell_3569","OLF",1
"Cell_4490","OLF",1
"Cell_5391","OLF",0.999999999999999
"Cell_6270","OLF",1
"Cell_10553","OLF",1
"Cell_14895","OLF",1
"Cell_24725","OLF",1
"Cell_25097","OLF",1
"Cell_25480","OLF",0.999999999999999
"Cell_26098","OLF",1
"Cell_27681","OLF",1
"Cell_29274","OLF",1
"Cell_31626","OLF",1
"Cell_33144","OLF",1
"Cell_36544","OLF",1
"Cell_42932","OLF",1
"Cell_44539","OLF",1
"Cell_44693","OLF",1
"Cell_45050","OLF",1
"Cell_556","OLF",1
"Cell_1482","OLF",1
"Cell_1597","OLF",1
"Cell_1629","OLF",1
"Cell_2299","OLF",1
"Cell_2340","OLF",1
"Cell_2552","OLF",1
"Cell_3121","OLF",1
"Cell_3411","OLF",1
"Cell_4231","OLF",1
"Cell_5426","OLF",1
"Cell_6650","OLF",1
"Cell_8481","OLF",1
"Cell_9677","OLF",1
"Cell_9884","OLF",1
"Cell_9949","OLF",1
"Cell_10327","OLF",1
"Cell_10707","OLF",1
"Cell_10872","OLF",1
"Cell_11008","OLF",1
"Cell_11760","OLF",1
"Cell_12525","OLF",1
"Cell_12679","OLF",1
"Cell_13398","OLF",1
"Cell_14017","OLF",1
"Cell_14307","OLF",1
"Cell_14570","OLF",1
"Cell_14727","OLF",1
"Cell_14960","OLF",1
"Cell_15432","OLF",1
"Cell_16100","OLF",0.999999999999999
"Cell_16129","OLF",1
"Cell_16143","OLF",1
"Cell_16414","OLF",1
"Cell_16506","OLF",1
"Cell_16545","OLF",1
"Cell_16580","OLF",1
"Cell_16617","OLF",0.999999999999999
"Cell_16645","OLF",1
"Cell_16684","OLF",1
"Cell_16724","OLF",1
"Cell_16845","OLF",1
"Cell_17180","OLF",1
"Cell_18148","OLF",1
"Cell_18195","OLF",1
"Cell_18263","OLF",1
"Cell_18316","OLF",1
"Cell_18804","OLF",1
"Cell_19078","OLF",1
"Cell_19667","OLF",1
"Cell_19710","OLF",1
"Cell_19736","OLF",1
"Cell_20095","OLF",1
"Cell_20270","OLF",1
"Cell_21079","OLF",1
"Cell_22475","OLF",1
"Cell_23309","OLF",1
"Cell_23943","OLF",1
"Cell_24410","OLF",1
"Cell_24470","OLF",1
"Cell_24541","OLF",1
"Cell_24971","OLF",1
"Cell_25424","OLF",1
"Cell_25486","OLF",1
"Cell_25550","OLF",1
"Cell_25998","OLF",1
"Cell_26251","OLF",1
"Cell_26399","OLF",1
"Cell_26442","OLF",1
"Cell_26691","OLF",1
"Cell_26792","OLF",1
"Cell_27686","OLF",1
"Cell_28376","OLF",1
"Cell_28808","OLF",1
"Cell_29101","OLF",1
"Cell_29226","OLF",1
"Cell_29677","OLF",1
"Cell_29739","OLF",1
"Cell_30522","OLF",0.999999999999999
"Cell_30649","OLF",1
"Cell_30963","OLF",1
"Cell_31133","OLF",0.999999999999999
"Cell_31904","OLF",1
"Cell_31923","OLF",1
"Cell_31946","OLF",1
"Cell_32459","OLF",1
"Cell_32634","OLF",1
"Cell_32799","OLF",1
"Cell_33184","OLF",1
"Cell_33271","OLF",1
"Cell_34266","OLF",1
"Cell_34385","OLF",1
"Cell_34423","OLF",1
"Cell_34515","OLF",1
"Cell_34636","OLF",1
"Cell_34733","OLF",1
"Cell_34778","OLF",1
"Cell_34803","OLF",1
"Cell_36323","OLF",1
"Cell_37184","OLF",1
"Cell_37290","OLF",1
"Cell_38036","OLF",1
"Cell_38775","OLF",1
"Cell_38931","OLF",1
"Cell_39109","OLF",1
"Cell_39158","OLF",1
"Cell_39477","OLF",1
"Cell_39649","OLF",1
"Cell_39875","OLF",1
"Cell_39980","OLF",1
"Cell_40011","OLF",1
"Cell_40048","OLF",1
"Cell_40348","OLF",1
"Cell_40699","OLF",1
"Cell_40757","OLF",1
"Cell_40786","OLF",1
"Cell_40994","OLF",1
"Cell_41317","OLF",1
"Cell_41908","OLF",1
"Cell_42523","OLF",1
"Cell_43708","OLF",1
"Cell_43825","OLF",1
"Cell_43930","OLF",1
"Cell_44466","OLF",1
"Cell_44748","OLF",1
"Cell_44769","OLF",0.999999999999999
"Cell_45004","OLF",1
"Cell_1256","OLF",1
"Cell_6301","OLF",1
"Cell_9408","OLF",1
"Cell_10529","OLF",1
"Cell_16890","OLF",1
"Cell_18723","OLF",1
"Cell_23949","OLF",1
"Cell_33102","OLF",1
"Cell_34029","OLF",1
"Cell_35203","OLF",1
"Cell_37251","OLF",1
"Cell_39780","OLF",1
"Cell_39955","OLF",1
"Cell_40421","OLF",1
"Cell_6300","OLF",1
"Cell_9032","OLF",1
"Cell_10360","OLF",1
"Cell_13258","OLF",1
"Cell_16678","OLF",1
"Cell_23750","OLF",1
"Cell_31456","OLF",1
"Cell_35261","OLF",1
"Cell_35833","OLF",1
"Cell_42960","OLF",1
"Cell_1658","OLF",1
"Cell_4668","OLF",1
"Cell_25871","OLF",1
"Cell_560","OLF",1
"Cell_2219","OLF",1
"Cell_2749","OLF",1
"Cell_3346","OLF",1
"Cell_3836","OLF",1
"Cell_4356","OLF",1
"Cell_5259","OLF",1
"Cell_5348","OLF",1
"Cell_5351","OLF",1
"Cell_7341","OLF",1
"Cell_7473","OLF",1
"Cell_7848","OLF",1
"Cell_10112","OLF",1
"Cell_10209","OLF",1
"Cell_10351","OLF",1
"Cell_10994","OLF",1
"Cell_11531","OLF",1
"Cell_12088","OLF",1
"Cell_12478","OLF",1
"Cell_13645","OLF",1
"Cell_14418","OLF",1
"Cell_14762","OLF",0.999999999999999
"Cell_14972","OLF",1
"Cell_15354","OLF",1
"Cell_16279","OLF",1
"Cell_16809","OLF",1
"Cell_17227","OLF",1
"Cell_17759","OLF",1
"Cell_18146","OLF",1
"Cell_18298","OLF",1
"Cell_19095","OLF",1
"Cell_19801","OLF",1
"Cell_19874","OLF",1
"Cell_20265","OLF",1
"Cell_21291","OLF",1
"Cell_22116","OLF",1
"Cell_23338","OLF",1
"Cell_24755","OLF",1
"Cell_25299","OLF",1
"Cell_25620","OLF",1
"Cell_26124","OLF",1
"Cell_26412","OLF",1
"Cell_27040","OLF",1
"Cell_27711","OLF",1
"Cell_28022","OLF",1
"Cell_28116","OLF",1
"Cell_28171","OLF",1
"Cell_28343","OLF",1
"Cell_28626","OLF",1
"Cell_28764","OLF",1
"Cell_29029","OLF",1
"Cell_30867","OLF",1
"Cell_31115","OLF",1
"Cell_31396","OLF",0.999999999999999
"Cell_31526","OLF",1
"Cell_31551","OLF",1
"Cell_32587","OLF",1
"Cell_32686","OLF",1
"Cell_33026","OLF",1
"Cell_33292","OLF",1
"Cell_34748","OLF",1
"Cell_35252","OLF",1
"Cell_35616","OLF",1
"Cell_35711","OLF",1
"Cell_37335","OLF",1
"Cell_37602","OLF",1
"Cell_38978","OLF",1
"Cell_40012","OLF",1
"Cell_40141","OLF",1
"Cell_40251","OLF",1
"Cell_41609","OLF",1
"Cell_41633","OLF",1
"Cell_42100","OLF",1
"Cell_42309","OLF",1
"Cell_42990","OLF",1
"Cell_43481","OLF",1
"Cell_44472","OLF",1
"Cell_18","OLF",1
"Cell_205","OLF",1
"Cell_283","OLF",1
"Cell_441","OLF",0.999999999999999
"Cell_449","OLF",1
"Cell_476","OLF",1
"Cell_516","OLF",1
"Cell_604","OLF",1
"Cell_651","OLF",1
"Cell_719","OLF",1
"Cell_764","OLF",1
"Cell_1090","OLF",1
"Cell_1179","OLF",1
"Cell_1182","OLF",1
"Cell_1282","OLF",1
"Cell_1361","OLF",1
"Cell_1436","OLF",1
"Cell_1438","OLF",1
"Cell_1484","OLF",1
"Cell_1625","OLF",1
"Cell_1713","OLF",1
"Cell_1764","OLF",1
"Cell_1795","OLF",1
"Cell_1806","OLF",1
"Cell_1974","OLF",1
"Cell_1988","OLF",1
"Cell_2004","OLF",1
"Cell_2008","OLF",1
"Cell_2042","OLF",1
"Cell_2047","OLF",1
"Cell_2084","OLF",1
"Cell_2220","OLF",1
"Cell_2322","OLF",1
"Cell_2376","OLF",1
"Cell_2441","OLF",1
"Cell_2504","OLF",1
"Cell_2514","OLF",1
"Cell_2566","OLF",1
"Cell_2597","OLF",1
"Cell_2611","OLF",1
"Cell_2693","OLF",1
"Cell_2820","OLF",1
"Cell_2834","OLF",1
"Cell_2950","OLF",1
"Cell_3134","OLF",1
"Cell_3203","OLF",1
"Cell_3428","OLF",1
"Cell_3453","OLF",1
"Cell_3590","OLF",1
"Cell_3696","OLF",1
"Cell_3714","OLF",1
"Cell_3779","OLF",1
"Cell_3812","OLF",1
"Cell_3891","OLF",1
"Cell_3966","OLF",1
"Cell_4006","OLF",1
"Cell_4040","OLF",1
"Cell_4118","OLF",0.966183022345266
"Cell_4177","OLF",1
"Cell_4303","OLF",1
"Cell_4329","OLF",1
"Cell_4406","OLF",1
"Cell_4452","OLF",1
"Cell_4493","OLF",1
"Cell_4546","OLF",1
"Cell_4683","OLF",1
"Cell_4990","OLF",1
"Cell_4995","OLF",1
"Cell_5062","OLF",1
"Cell_5157","OLF",1
"Cell_5281","OLF",1
"Cell_5303","OLF",1
"Cell_5367","OLF",1
"Cell_5398","OLF",1
"Cell_5409","OLF",1
"Cell_5438","OLF",0.999999999999999
"Cell_5457","OLF",1
"Cell_5519","OLF",1
"Cell_5523","OLF",1
"Cell_5623","OLF",1
"Cell_5691","OLF",1
"Cell_5696","OLF",1
"Cell_5763","OLF",1
"Cell_5883","OLF",1
"Cell_5899","OLF",0.999999999999999
"Cell_5951","OLF",1
"Cell_6001","OLF",1
"Cell_6119","OLF",1
"Cell_6167","OLF",1
"Cell_6241","OLF",1
"Cell_6265","OLF",1
"Cell_6480","OLF",1
"Cell_6497","OLF",1
"Cell_6562","OLF",1
"Cell_6563","OLF",1
"Cell_6592","OLF",1
"Cell_6777","OLF",1
"Cell_6787","OLF",1
"Cell_6788","OLF",1
"Cell_6899","OLF",1
"Cell_6913","OLF",1
"Cell_6926","OLF",1
"Cell_7037","OLF",1
"Cell_7065","OLF",1
"Cell_7077","OLF",1
"Cell_7079","OLF",1
"Cell_7404","OLF",1
"Cell_7483","OLF",1
"Cell_7613","OLF",1
"Cell_7643","OLF",1
"Cell_7792","OLF",1
"Cell_7930","OLF",1
"Cell_8140","OLF",1
"Cell_8183","OLF",1
"Cell_8210","OLF",1
"Cell_8345","OLF",1
"Cell_8352","OLF",1
"Cell_8378","OLF",1
"Cell_8397","OLF",1
"Cell_8524","OLF",1
"Cell_8565","OLF",1
"Cell_8649","OLF",1
"Cell_8688","OLF",1
"Cell_8768","OLF",1
"Cell_8928","OLF",1
"Cell_9022","OLF",1
"Cell_9251","OLF",1
"Cell_9328","OLF",1
"Cell_9345","OLF",1
"Cell_9362","OLF",1
"Cell_9938","OLF",1
"Cell_10025","OLF",1
"Cell_10081","OLF",1
"Cell_10154","OLF",1
"Cell_10199","OLF",1
"Cell_10227","OLF",1
"Cell_10245","OLF",1
"Cell_10299","OLF",1
"Cell_10469","OLF",1
"Cell_10491","OLF",1
"Cell_10574","OLF",1
"Cell_10694","OLF",1
"Cell_10735","OLF",1
"Cell_10759","OLF",1
"Cell_10779","OLF",1
"Cell_11031","OLF",1
"Cell_11214","OLF",1
"Cell_11219","OLF",1
"Cell_11341","OLF",1
"Cell_11435","OLF",1
"Cell_11514","OLF",1
"Cell_11525","OLF",1
"Cell_11564","OLF",1
"Cell_11586","OLF",1
"Cell_11691","OLF",1
"Cell_11767","OLF",1
"Cell_11791","OLF",1
"Cell_11885","OLF",1
"Cell_11949","OLF",1
"Cell_11967","OLF",1
"Cell_11970","OLF",1
"Cell_12108","OLF",1
"Cell_12387","OLF",1
"Cell_12427","OLF",1
"Cell_12485","OLF",1
"Cell_12497","OLF",1
"Cell_12546","OLF",1
"Cell_12577","OLF",1
"Cell_12595","OLF",1
"Cell_12991","OLF",1
"Cell_13113","OLF",1
"Cell_13197","OLF",1
"Cell_13245","OLF",1
"Cell_13291","OLF",1
"Cell_13333","OLF",1
"Cell_13353","OLF",1
"Cell_13452","OLF",1
"Cell_13475","OLF",1
"Cell_13515","OLF",1
"Cell_13524","OLF",1
"Cell_13539","OLF",1
"Cell_13595","OLF",1
"Cell_13648","OLF",1
"Cell_13663","OLF",1
"Cell_13677","OLF",1
"Cell_13717","OLF",1
"Cell_13803","OLF",1
"Cell_13931","OLF",1
"Cell_13947","OLF",1
"Cell_14181","OLF",1
"Cell_14212","OLF",1
"Cell_14285","OLF",1
"Cell_14306","OLF",1
"Cell_14352","OLF",1
"Cell_14366","OLF",1
"Cell_14538","OLF",1
"Cell_14630","OLF",1
"Cell_14741","OLF",1
"Cell_14753","OLF",1
"Cell_14848","OLF",1
"Cell_14884","OLF",1
"Cell_14891","OLF",1
"Cell_14911","OLF",1
"Cell_15065","OLF",1
"Cell_15096","OLF",1
"Cell_15157","OLF",1
"Cell_15261","OLF",1
"Cell_15287","OLF",1
"Cell_15393","OLF",1
"Cell_15427","OLF",1
"Cell_15478","OLF",1
"Cell_15490","OLF",1
"Cell_15709","OLF",1
"Cell_15724","OLF",1
"Cell_15819","OLF",1
"Cell_15839","OLF",1
"Cell_16057","OLF",1
"Cell_16096","OLF",1
"Cell_16396","OLF",1
"Cell_16515","OLF",1
"Cell_16535","OLF",1
"Cell_16572","OLF",1
"Cell_16746","OLF",1
"Cell_16766","OLF",1
"Cell_16856","OLF",1
"Cell_16912","OLF",1
"Cell_16947","OLF",1
"Cell_16990","OLF",1
"Cell_17038","OLF",1
"Cell_17077","OLF",1
"Cell_17216","OLF",1
"Cell_17218","OLF",1
"Cell_17241","OLF",1
"Cell_17409","OLF",1
"Cell_17578","OLF",1
"Cell_17728","OLF",1
"Cell_17730","OLF",1
"Cell_17788","OLF",1
"Cell_17863","OLF",1
"Cell_17944","OLF",1
"Cell_17949","OLF",1
"Cell_18003","OLF",0.999999999999999
"Cell_18288","OLF",1
"Cell_18501","OLF",1
"Cell_18538","OLF",1
"Cell_18693","OLF",1
"Cell_18761","OLF",1
"Cell_18808","OLF",1
"Cell_18858","OLF",1
"Cell_18970","OLF",0.999999999999999
"Cell_19067","OLF",1
"Cell_19109","OLF",1
"Cell_19196","OLF",1
"Cell_19321","OLF",1
"Cell_19369","OLF",1
"Cell_19376","OLF",1
"Cell_19396","OLF",1
"Cell_19449","OLF",1
"Cell_19475","OLF",1
"Cell_19618","OLF",1
"Cell_19622","OLF",1
"Cell_19636","OLF",1
"Cell_19770","OLF",1
"Cell_19910","OLF",1
"Cell_19948","OLF",1
"Cell_19991","OLF",1
"Cell_20019","OLF",1
"Cell_20037","OLF",1
"Cell_20045","OLF",1
"Cell_20451","OLF",1
"Cell_20464","OLF",1
"Cell_20780","OLF",1
"Cell_20801","OLF",1
"Cell_20840","OLF",0.987247575347049
"Cell_20867","OLF",1
"Cell_21014","OLF",0.994676715754616
"Cell_21157","OLF",1
"Cell_21177","OLF",1
"Cell_21202","OLF",1
"Cell_21246","OLF",1
"Cell_21252","OLF",1
"Cell_21287","OLF",1
"Cell_21288","OLF",0.999996960492981
"Cell_21342","OLF",1
"Cell_21368","OLF",1
"Cell_21409","OLF",1
"Cell_21430","OLF",1
"Cell_21506","OLF",1
"Cell_21797","OLF",1
"Cell_22008","OLF",1
"Cell_22063","OLF",1
"Cell_22128","OLF",1
"Cell_22165","OLF",1
"Cell_22174","OLF",1
"Cell_22199","OLF",1
"Cell_22232","OLF",1
"Cell_22293","OLF",1
"Cell_22374","OLF",1
"Cell_22407","OLF",1
"Cell_22422","OLF",1
"Cell_22748","OLF",1
"Cell_22796","OLF",1
"Cell_23002","OLF",1
"Cell_23048","OLF",1
"Cell_23053","OLF",1
"Cell_23074","OLF",0.999999999999999
"Cell_23075","OLF",1
"Cell_23174","OLF",1
"Cell_23286","OLF",1
"Cell_23295","OLF",1
"Cell_23378","OLF",1
"Cell_23399","OLF",1
"Cell_23685","OLF",1
"Cell_23731","OLF",1
"Cell_23734","OLF",1
"Cell_23826","OLF",1
"Cell_23864","OLF",1
"Cell_23924","OLF",1
"Cell_23946","OLF",1
"Cell_23966","OLF",0.999999999999999
"Cell_24013","OLF",1
"Cell_24038","OLF",1
"Cell_24118","OLF",1
"Cell_24134","OLF",1
"Cell_24139","OLF",1
"Cell_24240","OLF",1
"Cell_24266","OLF",1
"Cell_24522","OLF",1
"Cell_24583","OLF",1
"Cell_24600","OLF",0.999999999999999
"Cell_24636","OLF",1
"Cell_24802","OLF",1
"Cell_24905","OLF",1
"Cell_24932","OLF",1
"Cell_25033","OLF",1
"Cell_25188","OLF",1
"Cell_25192","OLF",1
"Cell_25282","OLF",1
"Cell_25385","OLF",1
"Cell_25430","OLF",1
"Cell_25447","OLF",1
"Cell_25485","OLF",1
"Cell_25537","OLF",1
"Cell_25874","OLF",1
"Cell_25897","OLF",1
"Cell_25907","OLF",1
"Cell_25914","OLF",1
"Cell_25923","OLF",1
"Cell_25960","OLF",1
"Cell_25961","OLF",1
"Cell_26115","OLF",1
"Cell_26214","OLF",1
"Cell_26300","OLF",1
"Cell_26401","OLF",1
"Cell_26474","OLF",1
"Cell_26529","OLF",1
"Cell_26816","OLF",1
"Cell_27076","OLF",1
"Cell_27176","OLF",0.999999999999999
"Cell_27349","OLF",1
"Cell_27359","OLF",1
"Cell_27515","OLF",1
"Cell_27679","OLF",1
"Cell_27688","OLF",1
"Cell_27712","OLF",1
"Cell_27731","OLF",1
"Cell_27892","OLF",1
"Cell_27965","OLF",1
"Cell_27969","OLF",1
"Cell_28086","OLF",1
"Cell_28099","OLF",1
"Cell_28210","OLF",1
"Cell_28371","OLF",1
"Cell_28429","OLF",1
"Cell_28440","OLF",1
"Cell_28616","OLF",1
"Cell_28688","OLF",1
"Cell_28712","OLF",1
"Cell_28997","OLF",1
"Cell_29070","OLF",1
"Cell_29083","OLF",1
"Cell_29157","OLF",1
"Cell_29203","OLF",1
"Cell_29286","OLF",1
"Cell_29292","OLF",1
"Cell_29357","OLF",1
"Cell_29517","OLF",1
"Cell_29676","OLF",1
"Cell_29801","OLF",1
"Cell_29809","OLF",1
"Cell_29989","OLF",1
"Cell_29996","OLF",1
"Cell_30081","OLF",1
"Cell_30102","OLF",1
"Cell_30122","OLF",1
"Cell_30320","OLF",1
"Cell_30329","OLF",1
"Cell_30424","OLF",1
"Cell_30518","OLF",1
"Cell_30622","OLF",1
"Cell_30749","OLF",1
"Cell_30761","OLF",1
"Cell_30780","OLF",1
"Cell_30820","OLF",1
"Cell_30828","OLF",1
"Cell_30981","OLF",1
"Cell_31068","OLF",1
"Cell_31181","OLF",1
"Cell_31218","OLF",1
"Cell_31426","OLF",1
"Cell_31565","OLF",1
"Cell_31671","OLF",1
"Cell_31999","OLF",1
"Cell_32084","OLF",0.999999999999999
"Cell_32111","OLF",1
"Cell_32157","OLF",1
"Cell_32450","OLF",1
"Cell_32580","OLF",1
"Cell_32597","OLF",1
"Cell_32665","OLF",1
"Cell_32765","OLF",1
"Cell_32802","OLF",1
"Cell_32877","OLF",1
"Cell_32889","OLF",0.999999999999999
"Cell_32903","OLF",1
"Cell_32934","OLF",1
"Cell_33228","OLF",1
"Cell_33322","OLF",1
"Cell_33350","OLF",1
"Cell_33354","OLF",1
"Cell_33363","OLF",1
"Cell_33433","OLF",1
"Cell_33565","OLF",1
"Cell_33598","OLF",1
"Cell_33609","OLF",1
"Cell_33660","OLF",1
"Cell_33693","OLF",1
"Cell_33694","OLF",1
"Cell_33727","OLF",1
"Cell_33868","OLF",1
"Cell_33937","OLF",1
"Cell_33948","OLF",1
"Cell_34100","OLF",1
"Cell_34121","OLF",1
"Cell_34304","OLF",1
"Cell_34314","OLF",1
"Cell_34426","OLF",1
"Cell_34477","OLF",1
"Cell_34564","OLF",1
"Cell_34639","OLF",1
"Cell_34651","OLF",1
"Cell_34704","OLF",1
"Cell_34725","OLF",1
"Cell_34789","OLF",1
"Cell_34994","OLF",1
"Cell_35060","OLF",1
"Cell_35168","OLF",1
"Cell_35219","OLF",0.999999999999999
"Cell_35266","OLF",1
"Cell_35316","OLF",0.990569754347115
"Cell_35450","OLF",1
"Cell_35639","OLF",1
"Cell_35659","OLF",1
"Cell_35668","OLF",1
"Cell_35676","OLF",1
"Cell_35735","OLF",1
"Cell_35754","OLF",1
"Cell_35951","OLF",1
"Cell_36039","OLF",1
"Cell_36168","OLF",1
"Cell_36174","OLF",1
"Cell_36225","OLF",1
"Cell_36248","OLF",1
"Cell_36292","OLF",1
"Cell_36347","OLF",1
"Cell_36468","OLF",1
"Cell_36472","OLF",1
"Cell_36506","OLF",1
"Cell_36707","OLF",1
"Cell_36771","OLF",1
"Cell_36780","OLF",1
"Cell_36791","OLF",1
"Cell_36844","OLF",1
"Cell_37009","OLF",1
"Cell_37018","OLF",1
"Cell_37089","OLF",1
"Cell_37124","OLF",1
"Cell_37132","OLF",1
"Cell_37438","OLF",1
"Cell_37454","OLF",1
"Cell_37535","OLF",1
"Cell_37565","OLF",1
"Cell_37585","OLF",1
"Cell_37687","OLF",1
"Cell_37696","OLF",1
"Cell_37809","OLF",1
"Cell_37876","OLF",1
"Cell_38034","OLF",1
"Cell_38127","OLF",1
"Cell_38141","OLF",1
"Cell_38154","OLF",1
"Cell_38155","OLF",1
"Cell_38262","OLF",1
"Cell_38276","OLF",1
"Cell_38281","OLF",1
"Cell_38355","OLF",1
"Cell_38363","OLF",0.999999999999999
"Cell_38375","OLF",1
"Cell_38419","OLF",1
"Cell_38537","OLF",1
"Cell_38724","OLF",1
"Cell_38734","OLF",1
"Cell_38771","OLF",1
"Cell_38817","OLF",1
"Cell_38883","OLF",1
"Cell_38911","OLF",1
"Cell_38959","OLF",1
"Cell_39003","OLF",1
"Cell_39021","OLF",1
"Cell_39168","OLF",1
"Cell_39231","OLF",1
"Cell_39289","OLF",1
"Cell_39331","OLF",1
"Cell_39435","OLF",1
"Cell_39643","OLF",1
"Cell_39662","OLF",1
"Cell_39908","OLF",1
"Cell_39910","OLF",1
"Cell_40115","OLF",1
"Cell_40345","OLF",1
"Cell_40405","OLF",1
"Cell_40448","OLF",1
"Cell_40466","OLF",1
"Cell_40548","OLF",0.999999999999999
"Cell_40722","OLF",1
"Cell_40754","OLF",1
"Cell_40777","OLF",1
"Cell_41085","OLF",1
"Cell_41099","OLF",1
"Cell_41308","OLF",1
"Cell_41324","OLF",1
"Cell_41380","OLF",1
"Cell_41473","OLF",1
"Cell_41547","OLF",1
"Cell_41671","OLF",1
"Cell_41725","OLF",1
"Cell_41738","OLF",1
"Cell_41741","OLF",0.999999999999999
"Cell_41802","OLF",1
"Cell_41864","OLF",1
"Cell_41913","OLF",1
"Cell_41923","OLF",1
"Cell_42002","OLF",1
"Cell_42118","OLF",1
"Cell_42310","OLF",1
"Cell_42431","OLF",1
"Cell_42527","OLF",1
"Cell_42616","OLF",1
"Cell_42712","OLF",1
"Cell_42804","OLF",1
"Cell_42839","OLF",1
"Cell_42877","OLF",1
"Cell_42885","OLF",1
"Cell_43191","OLF",1
"Cell_43292","OLF",1
"Cell_43307","OLF",1
"Cell_43537","OLF",1
"Cell_43546","OLF",1
"Cell_43605","OLF",1
"Cell_43813","OLF",1
"Cell_43863","OLF",1
"Cell_43948","OLF",1
"Cell_44042","OLF",1
"Cell_44355","OLF",1
"Cell_44425","OLF",1
"Cell_44515","OLF",1
"Cell_44628","OLF",1
"Cell_44632","OLF",1
"Cell_44635","OLF",1
"Cell_44691","OLF",1
"Cell_44805","OLF",1
"Cell_44911","OLF",1
"Cell_45089","OLF",1
"Cell_45129","OLF",1
"Cell_76","OLF",1
"Cell_132","OLF",1
"Cell_230","OLF",1
"Cell_298","OLF",1
"Cell_442","OLF",1
"Cell_463","OLF",1
"Cell_468","OLF",1
"Cell_557","OLF",1
"Cell_712","OLF",1
"Cell_722","OLF",1
"Cell_1084","OLF",0.999999999999999
"Cell_1123","OLF",1
"Cell_1145","OLF",1
"Cell_1501","OLF",1
"Cell_1502","OLF",1
"Cell_1516","OLF",1
"Cell_1526","OLF",1
"Cell_1576","OLF",1
"Cell_1591","OLF",1
"Cell_1651","OLF",1
"Cell_1741","OLF",1
"Cell_1803","OLF",1
"Cell_1913","OLF",1
"Cell_1937","OLF",1
"Cell_1965","OLF",1
"Cell_2060","OLF",1
"Cell_2081","OLF",1
"Cell_2154","OLF",1
"Cell_2306","OLF",1
"Cell_2318","OLF",1
"Cell_2587","OLF",1
"Cell_2658","OLF",1
"Cell_2909","OLF",1
"Cell_2932","OLF",1
"Cell_3117","OLF",1
"Cell_3140","OLF",1
"Cell_3436","OLF",1
"Cell_3506","OLF",1
"Cell_3652","OLF",1
"Cell_3721","OLF",1
"Cell_3781","OLF",1
"Cell_3862","OLF",1
"Cell_3969","OLF",1
"Cell_4008","OLF",1
"Cell_4035","OLF",1
"Cell_4193","OLF",1
"Cell_4702","OLF",1
"Cell_4799","OLF",1
"Cell_5016","OLF",1
"Cell_5093","OLF",1
"Cell_5103","OLF",1
"Cell_5197","OLF",1
"Cell_5332","OLF",1
"Cell_5518","OLF",1
"Cell_5599","OLF",1
"Cell_5656","OLF",1
"Cell_5671","OLF",1
"Cell_5805","OLF",1
"Cell_5870","OLF",1
"Cell_5904","OLF",1
"Cell_5923","OLF",1
"Cell_5978","OLF",1
"Cell_6124","OLF",1
"Cell_6318","OLF",1
"Cell_6618","OLF",1
"Cell_6691","OLF",1
"Cell_6693","OLF",1
"Cell_6957","OLF",0.999999999999999
"Cell_7294","OLF",1
"Cell_7302","OLF",1
"Cell_7465","OLF",1
"Cell_7578","OLF",1
"Cell_7589","OLF",1
"Cell_7606","OLF",1
"Cell_7719","OLF",1
"Cell_7805","OLF",1
"Cell_7889","OLF",1
"Cell_7984","OLF",1
"Cell_8452","OLF",1
"Cell_8502","OLF",1
"Cell_8724","OLF",1
"Cell_8762","OLF",1
"Cell_9119","OLF",1
"Cell_9143","OLF",1
"Cell_9390","OLF",1
"Cell_9501","OLF",1
"Cell_9550","OLF",1
"Cell_9708","OLF",1
"Cell_9746","OLF",0.999999999999999
"Cell_9759","OLF",1
"Cell_9795","OLF",1
"Cell_9868","OLF",1
"Cell_10241","OLF",1
"Cell_10372","OLF",1
"Cell_10374","OLF",1
"Cell_10719","OLF",1
"Cell_10815","OLF",1
"Cell_10906","OLF",1
"Cell_11245","OLF",0.999999999999999
"Cell_11380","OLF",1
"Cell_11542","OLF",1
"Cell_11614","OLF",1
"Cell_11665","OLF",1
"Cell_12124","OLF",1
"Cell_12144","OLF",1
"Cell_12271","OLF",1
"Cell_12289","OLF",1
"Cell_12435","OLF",1
"Cell_12624","OLF",1
"Cell_12639","OLF",1
"Cell_12657","OLF",1
"Cell_12959","OLF",1
"Cell_13029","OLF",1
"Cell_13121","OLF",1
"Cell_13393","OLF",1
"Cell_13406","OLF",1
"Cell_13433","OLF",1
"Cell_13633","OLF",1
"Cell_13723","OLF",1
"Cell_13766","OLF",1
"Cell_13802","OLF",1
"Cell_13817","OLF",1
"Cell_13875","OLF",1
"Cell_14140","OLF",1
"Cell_14317","OLF",1
"Cell_14449","OLF",1
"Cell_14469","OLF",1
"Cell_14596","OLF",1
"Cell_14721","OLF",1
"Cell_14729","OLF",0.999999999999999
"Cell_14886","OLF",1
"Cell_14993","OLF",1
"Cell_15222","OLF",1
"Cell_15479","OLF",1
"Cell_15519","OLF",1
"Cell_15603","OLF",1
"Cell_15851","OLF",1
"Cell_16054","OLF",1
"Cell_16077","OLF",1
"Cell_16325","OLF",1
"Cell_16440","OLF",1
"Cell_16447","OLF",1
"Cell_16604","OLF",1
"Cell_17069","OLF",1
"Cell_17099","OLF",1
"Cell_17113","OLF",1
"Cell_17133","OLF",1
"Cell_17257","OLF",1
"Cell_17258","OLF",1
"Cell_17513","OLF",1
"Cell_17529","OLF",0.999999999999999
"Cell_17571","OLF",1
"Cell_17768","OLF",1
"Cell_17891","OLF",1
"Cell_18260","OLF",1
"Cell_18564","OLF",1
"Cell_18634","OLF",1
"Cell_18836","OLF",1
"Cell_19238","OLF",1
"Cell_19244","OLF",1
"Cell_19263","OLF",1
"Cell_19294","OLF",1
"Cell_19624","OLF",1
"Cell_19662","OLF",1
"Cell_19671","OLF",1
"Cell_19719","OLF",1
"Cell_19941","OLF",1
"Cell_20009","OLF",1
"Cell_20056","OLF",1
"Cell_20174","OLF",1
"Cell_20192","OLF",1
"Cell_20417","OLF",1
"Cell_20984","OLF",0.999999999999999
"Cell_21034","OLF",1
"Cell_21564","OLF",1
"Cell_21674","OLF",1
"Cell_22000","OLF",1
"Cell_22014","OLF",1
"Cell_22179","OLF",1
"Cell_22326","OLF",1
"Cell_22581","OLF",1
"Cell_22639","OLF",0.999999999999999
"Cell_22964","OLF",1
"Cell_22998","OLF",1
"Cell_23168","OLF",1
"Cell_23240","OLF",1
"Cell_23366","OLF",1
"Cell_23545","OLF",1
"Cell_23660","OLF",1
"Cell_23664","OLF",1
"Cell_23728","OLF",1
"Cell_23883","OLF",1
"Cell_23985","OLF",1
"Cell_24127","OLF",1
"Cell_24343","OLF",1
"Cell_24531","OLF",1
"Cell_24660","OLF",1
"Cell_24820","OLF",1
"Cell_24823","OLF",1
"Cell_24950","OLF",1
"Cell_25078","OLF",1
"Cell_25216","OLF",1
"Cell_25474","OLF",1
"Cell_25484","OLF",1
"Cell_25589","OLF",1
"Cell_25804","OLF",1
"Cell_25877","OLF",1
"Cell_25878","OLF",1
"Cell_25979","OLF",1
"Cell_26068","OLF",1
"Cell_26188","OLF",1
"Cell_26415","OLF",1
"Cell_26451","OLF",1
"Cell_26472","OLF",1
"Cell_27304","OLF",0.999999999999999
"Cell_27314","OLF",1
"Cell_27861","OLF",1
"Cell_27905","OLF",1
"Cell_27951","OLF",1
"Cell_27959","OLF",1
"Cell_28075","OLF",1
"Cell_28204","OLF",1
"Cell_28245","OLF",1
"Cell_28402","OLF",1
"Cell_28488","OLF",1
"Cell_28590","OLF",1
"Cell_28604","OLF",1
"Cell_28847","OLF",1
"Cell_28875","OLF",1
"Cell_29127","OLF",1
"Cell_29233","OLF",1
"Cell_29279","OLF",1
"Cell_29408","OLF",1
"Cell_29470","OLF",1
"Cell_29690","OLF",0.999999999999999
"Cell_29789","OLF",1
"Cell_29794","OLF",1
"Cell_29833","OLF",1
"Cell_29968","OLF",1
"Cell_30119","OLF",1
"Cell_30156","OLF",1
"Cell_30164","OLF",1
"Cell_30179","OLF",0.999999999999999
"Cell_30207","OLF",1
"Cell_30435","OLF",1
"Cell_30710","OLF",1
"Cell_30747","OLF",1
"Cell_30892","OLF",1
"Cell_31077","OLF",1
"Cell_31368","OLF",1
"Cell_31389","OLF",1
"Cell_31405","OLF",1
"Cell_31674","OLF",1
"Cell_31790","OLF",1
"Cell_31882","OLF",1
"Cell_31924","OLF",1
"Cell_31952","OLF",1
"Cell_32000","OLF",1
"Cell_32228","OLF",1
"Cell_32233","OLF",1
"Cell_32482","OLF",1
"Cell_32519","OLF",1
"Cell_32591","OLF",1
"Cell_32743","OLF",1
"Cell_32789","OLF",1
"Cell_33020","OLF",1
"Cell_33045","OLF",1
"Cell_33206","OLF",1
"Cell_33398","OLF",1
"Cell_33723","OLF",1
"Cell_33724","OLF",1
"Cell_33740","OLF",1
"Cell_34205","OLF",1
"Cell_34347","OLF",1
"Cell_34555","OLF",1
"Cell_34582","OLF",1
"Cell_34715","OLF",1
"Cell_35074","OLF",1
"Cell_35218","OLF",1
"Cell_35375","OLF",1
"Cell_35502","OLF",1
"Cell_35657","OLF",1
"Cell_35693","OLF",1
"Cell_35904","OLF",1
"Cell_35931","OLF",1
"Cell_35983","OLF",1
"Cell_36023","OLF",1
"Cell_36051","OLF",1
"Cell_36077","OLF",1
"Cell_36158","OLF",1
"Cell_36351","OLF",1
"Cell_36619","OLF",0.999999999999999
"Cell_36682","OLF",1
"Cell_36836","OLF",1
"Cell_36990","OLF",1
"Cell_37010","OLF",1
"Cell_37207","OLF",1
"Cell_37270","OLF",1
"Cell_37518","OLF",1
"Cell_37566","OLF",1
"Cell_37674","OLF",1
"Cell_37906","OLF",1
"Cell_38233","OLF",1
"Cell_38768","OLF",1
"Cell_38894","OLF",1
"Cell_38936","OLF",1
"Cell_38981","OLF",1
"Cell_39011","OLF",1
"Cell_39045","OLF",1
"Cell_39052","OLF",1
"Cell_39115","OLF",1
"Cell_39210","OLF",1
"Cell_39360","OLF",1
"Cell_39368","OLF",1
"Cell_39373","OLF",1
"Cell_39381","OLF",1
"Cell_39427","OLF",1
"Cell_39485","OLF",1
"Cell_39606","OLF",1
"Cell_40499","OLF",1
"Cell_40533","OLF",1
"Cell_40578","OLF",1
"Cell_40609","OLF",1
"Cell_40708","OLF",1
"Cell_40886","OLF",1
"Cell_40897","OLF",1
"Cell_40967","OLF",1
"Cell_40973","OLF",1
"Cell_40976","OLF",1
"Cell_41002","OLF",1
"Cell_41035","OLF",1
"Cell_41116","OLF",1
"Cell_41195","OLF",1
"Cell_41278","OLF",1
"Cell_41458","OLF",1
"Cell_41492","OLF",1
"Cell_41546","OLF",1
"Cell_41573","OLF",1
"Cell_41590","OLF",1
"Cell_41749","OLF",1
"Cell_41887","OLF",1
"Cell_41945","OLF",1
"Cell_42362","OLF",1
"Cell_42389","OLF",1
"Cell_42390","OLF",1
"Cell_42476","OLF",1
"Cell_42760","OLF",1
"Cell_42854","OLF",1
"Cell_42914","OLF",1
"Cell_42963","OLF",1
"Cell_43089","OLF",1
"Cell_43303","OLF",1
"Cell_43355","OLF",1
"Cell_43445","OLF",1
"Cell_43593","OLF",1
"Cell_43671","OLF",1
"Cell_43681","OLF",1
"Cell_43781","OLF",1
"Cell_43896","OLF",1
"Cell_44234","OLF",1
"Cell_44272","OLF",0.999999999999999
"Cell_44328","OLF",1
"Cell_44504","OLF",1
"Cell_44512","OLF",1
"Cell_45019","OLF",1
"Cell_45199","OLF",1
"Cell_45244","OLF",1
"Cell_39708","OLF",1
"Cell_96","OLF",1
"Cell_139","OLF",1
"Cell_154","OLF",1
"Cell_1423","OLF",1
"Cell_1434","OLF",1
"Cell_1783","OLF",1
"Cell_2176","OLF",0.999999999999999
"Cell_3516","OLF",1
"Cell_4223","OLF",1
"Cell_5788","OLF",1
"Cell_6493","OLF",1
"Cell_6920","OLF",1
"Cell_7390","OLF",1
"Cell_8576","OLF",0.999999999999999
"Cell_8696","OLF",1
"Cell_9261","OLF",1
"Cell_9420","OLF",1
"Cell_9563","OLF",1
"Cell_9602","OLF",1
"Cell_9989","OLF",1
"Cell_10942","OLF",1
"Cell_11281","OLF",1
"Cell_11375","OLF",1
"Cell_11633","OLF",1
"Cell_11667","OLF",1
"Cell_11842","OLF",1
"Cell_11946","OLF",1
"Cell_11989","OLF",1
"Cell_12288","OLF",1
"Cell_12323","OLF",1
"Cell_12711","OLF",1
"Cell_13203","OLF",1
"Cell_13238","OLF",1
"Cell_13307","OLF",1
"Cell_13558","OLF",1
"Cell_13655","OLF",1
"Cell_13918","OLF",1
"Cell_14365","OLF",1
"Cell_14404","OLF",0.999999999999999
"Cell_14983","OLF",1
"Cell_15345","OLF",1
"Cell_16185","OLF",1
"Cell_16613","OLF",1
"Cell_17024","OLF",1
"Cell_17039","OLF",1
"Cell_17169","OLF",1
"Cell_17840","OLF",1
"Cell_18566","OLF",1
"Cell_19515","OLF",1
"Cell_19696","OLF",1
"Cell_19730","OLF",0.999999999999999
"Cell_19906","OLF",1
"Cell_20294","OLF",1
"Cell_20369","OLF",1
"Cell_20945","OLF",1
"Cell_21646","OLF",1
"Cell_21755","OLF",1
"Cell_22064","OLF",1
"Cell_22292","OLF",1
"Cell_22683","OLF",1
"Cell_22878","OLF",1
"Cell_23020","OLF",1
"Cell_23677","OLF",1
"Cell_24565","OLF",1
"Cell_24707","OLF",1
"Cell_25658","OLF",1
"Cell_25751","OLF",1
"Cell_25948","OLF",1
"Cell_26603","OLF",1
"Cell_27464","OLF",1
"Cell_27982","OLF",1
"Cell_29074","OLF",1
"Cell_29182","OLF",1
"Cell_29513","OLF",1
"Cell_29582","OLF",1
"Cell_30856","OLF",1
"Cell_31135","OLF",1
"Cell_31271","OLF",1
"Cell_31825","OLF",1
"Cell_31939","OLF",1
"Cell_31993","OLF",1
"Cell_32169","OLF",1
"Cell_32474","OLF",1
"Cell_32899","OLF",1
"Cell_33470","OLF",1
"Cell_33508","OLF",1
"Cell_33923","OLF",1
"Cell_34276","OLF",1
"Cell_34285","OLF",1
"Cell_34303","OLF",1
"Cell_34747","OLF",1
"Cell_34952","OLF",1
"Cell_35023","OLF",1
"Cell_35160","OLF",1
"Cell_35505","OLF",1
"Cell_35575","OLF",1
"Cell_35753","OLF",1
"Cell_36228","OLF",1
"Cell_37107","OLF",1
"Cell_37898","OLF",1
"Cell_38029","OLF",1
"Cell_38227","OLF",1
"Cell_38283","OLF",1
"Cell_39380","OLF",1
"Cell_39602","OLF",1
"Cell_40023","OLF",1
"Cell_40460","OLF",1
"Cell_40986","OLF",1
"Cell_41318","OLF",1
"Cell_41361","OLF",1
"Cell_41868","OLF",1
"Cell_42126","OLF",1
"Cell_42193","OLF",1
"Cell_42244","OLF",1
"Cell_42303","OLF",1
"Cell_42326","OLF",1
"Cell_42491","OLF",1
"Cell_43158","OLF",1
"Cell_43661","OLF",1
"Cell_44016","OLF",1
"Cell_44912","OLF",1
"Cell_1207","OLF",1
"Cell_1326","OLF",1
"Cell_1391","OLF",1
"Cell_1542","OLF",1
"Cell_1789","OLF",1
"Cell_1945","OLF",1
"Cell_2205","OLF",1
"Cell_2230","OLF",1
"Cell_2331","OLF",1
"Cell_2336","OLF",1
"Cell_2411","OLF",1
"Cell_2464","OLF",1
"Cell_2468","OLF",1
"Cell_2569","OLF",1
"Cell_2835","OLF",1
"Cell_2872","OLF",1
"Cell_3061","OLF",1
"Cell_3068","OLF",1
"Cell_3142","OLF",1
"Cell_3609","OLF",1
"Cell_3827","OLF",1
"Cell_3842","OLF",1
"Cell_3896","OLF",1
"Cell_3980","OLF",1
"Cell_4254","OLF",1
"Cell_4466","OLF",1
"Cell_4559","OLF",1
"Cell_4648","OLF",1
"Cell_4856","OLF",1
"Cell_4959","OLF",1
"Cell_5694","OLF",1
"Cell_5707","OLF",1
"Cell_5911","OLF",1
"Cell_6248","OLF",1
"Cell_6484","OLF",1
"Cell_6510","OLF",1
"Cell_6776","OLF",1
"Cell_6802","OLF",1
"Cell_7394","OLF",1
"Cell_7513","OLF",1
"Cell_8145","OLF",1
"Cell_8251","OLF",0.999999999999999
"Cell_8374","OLF",1
"Cell_8612","OLF",1
"Cell_8702","OLF",1
"Cell_9061","OLF",1
"Cell_9163","OLF",1
"Cell_9240","OLF",1
"Cell_9524","OLF",1
"Cell_9878","OLF",1
"Cell_9944","OLF",1
"Cell_10046","OLF",1
"Cell_10219","OLF",1
"Cell_10403","OLF",1
"Cell_10479","OLF",1
"Cell_10536","OLF",0.999999999999999
"Cell_10600","OLF",1
"Cell_10915","OLF",1
"Cell_10997","OLF",1
"Cell_11181","OLF",1
"Cell_11183","OLF",1
"Cell_11535","OLF",1
"Cell_11544","OLF",1
"Cell_11554","OLF",1
"Cell_11574","OLF",1
"Cell_11742","OLF",1
"Cell_11930","OLF",1
"Cell_12069","OLF",1
"Cell_12097","OLF",1
"Cell_12259","OLF",1
"Cell_12854","OLF",1
"Cell_12952","OLF",1
"Cell_12971","OLF",1
"Cell_12988","OLF",1
"Cell_13614","OLF",1
"Cell_13641","OLF",1
"Cell_13755","OLF",1
"Cell_13796","OLF",1
"Cell_13801","OLF",1
"Cell_14190","OLF",1
"Cell_14637","OLF",1
"Cell_14834","OLF",1
"Cell_14917","OLF",1
"Cell_14928","OLF",1
"Cell_15226","OLF",1
"Cell_15525","OLF",1
"Cell_16183","OLF",1
"Cell_16725","OLF",1
"Cell_16782","OLF",1
"Cell_16882","OLF",1
"Cell_16978","OLF",1
"Cell_17208","OLF",1
"Cell_17244","OLF",1
"Cell_17454","OLF",1
"Cell_18004","OLF",1
"Cell_18079","OLF",1
"Cell_18197","OLF",1
"Cell_18435","OLF",1
"Cell_18678","OLF",1
"Cell_18845","OLF",1
"Cell_19204","OLF",1
"Cell_19365","OLF",1
"Cell_19548","OLF",1
"Cell_19923","OLF",1
"Cell_19937","OLF",1
"Cell_19972","OLF",1
"Cell_20005","OLF",1
"Cell_20407","OLF",1
"Cell_20832","OLF",1
"Cell_21005","OLF",1
"Cell_21285","OLF",1
"Cell_21293","OLF",1
"Cell_21337","OLF",1
"Cell_21338","OLF",1
"Cell_21339","OLF",1
"Cell_21465","OLF",1
"Cell_21577","OLF",1
"Cell_21620","OLF",1
"Cell_21769","OLF",1
"Cell_21951","OLF",1
"Cell_21973","OLF",1
"Cell_22072","OLF",1
"Cell_22088","OLF",1
"Cell_22143","OLF",1
"Cell_22333","OLF",1
"Cell_22594","OLF",1
"Cell_22699","OLF",1
"Cell_22775","OLF",1
"Cell_23005","OLF",1
"Cell_23487","OLF",1
"Cell_23526","OLF",1
"Cell_23789","OLF",1
"Cell_23830","OLF",1
"Cell_23872","OLF",1
"Cell_24163","OLF",1
"Cell_24186","OLF",1
"Cell_24231","OLF",1
"Cell_24640","OLF",1
"Cell_24693","OLF",1
"Cell_24993","OLF",1
"Cell_25018","OLF",1
"Cell_25291","OLF",1
"Cell_25722","OLF",1
"Cell_25738","OLF",1
"Cell_25952","OLF",1
"Cell_26071","OLF",1
"Cell_26184","OLF",1
"Cell_26213","OLF",1
"Cell_27005","OLF",1
"Cell_27252","OLF",1
"Cell_27891","OLF",1
"Cell_27986","OLF",1
"Cell_28046","OLF",1
"Cell_28120","OLF",1
"Cell_28152","OLF",1
"Cell_28365","OLF",1
"Cell_28459","OLF",1
"Cell_28763","OLF",1
"Cell_29108","OLF",1
"Cell_29329","OLF",1
"Cell_29432","OLF",1
"Cell_29555","OLF",1
"Cell_29941","OLF",1
"Cell_30288","OLF",1
"Cell_30313","OLF",1
"Cell_30808","OLF",1
"Cell_31162","OLF",1
"Cell_31306","OLF",1
"Cell_31328","OLF",1
"Cell_31349","OLF",1
"Cell_31673","OLF",1
"Cell_31707","OLF",1
"Cell_31870","OLF",1
"Cell_32335","OLF",1
"Cell_32497","OLF",1
"Cell_32562","OLF",1
"Cell_32675","OLF",1
"Cell_33503","OLF",1
"Cell_33748","OLF",1
"Cell_33785","OLF",1
"Cell_34003","OLF",1
"Cell_34126","OLF",1
"Cell_34272","OLF",1
"Cell_34279","OLF",1
"Cell_34551","OLF",1
"Cell_34713","OLF",0.999999999999999
"Cell_34792","OLF",1
"Cell_34833","OLF",1
"Cell_34875","OLF",1
"Cell_35172","OLF",1
"Cell_35551","OLF",1
"Cell_35595","OLF",1
"Cell_35654","OLF",1
"Cell_35909","OLF",1
"Cell_36037","OLF",1
"Cell_36379","OLF",1
"Cell_36580","OLF",1
"Cell_36839","OLF",1
"Cell_36851","OLF",1
"Cell_36932","OLF",1
"Cell_37445","OLF",1
"Cell_37538","OLF",1
"Cell_38125","OLF",1
"Cell_38241","OLF",1
"Cell_38288","OLF",1
"Cell_38397","OLF",1
"Cell_38600","OLF",1
"Cell_38619","OLF",1
"Cell_38665","OLF",1
"Cell_38793","OLF",1
"Cell_38924","OLF",1
"Cell_39060","OLF",1
"Cell_39138","OLF",1
"Cell_39511","OLF",1
"Cell_39757","OLF",1
"Cell_39832","OLF",1
"Cell_40073","OLF",1
"Cell_40925","OLF",1
"Cell_41094","OLF",1
"Cell_41568","OLF",1
"Cell_41622","OLF",1
"Cell_41721","OLF",1
"Cell_41756","OLF",1
"Cell_41840","OLF",1
"Cell_41906","OLF",1
"Cell_42417","OLF",1
"Cell_42528","OLF",1
"Cell_42666","OLF",1
"Cell_42680","OLF",1
"Cell_42941","OLF",1
"Cell_43358","OLF",1
"Cell_43458","OLF",1
"Cell_43568","OLF",1
"Cell_43642","OLF",1
"Cell_43766","OLF",1
"Cell_43802","OLF",1
"Cell_43959","OLF",1
"Cell_43981","OLF",1
"Cell_44637","OLF",1
"Cell_44667","OLF",1
"Cell_44679","OLF",0.960147087530985
"Cell_45150","OLF",1
"Cell_45162","OLF",1
"Cell_3051","OLF",1
"Cell_16088","OLF",1
"Cell_20359","OLF",1
"Cell_22708","OLF",1
"Cell_28884","OLF",1
"Cell_29528","OLF",1
"Cell_31843","OLF",1
"Cell_32617","OLF",1
"Cell_6477","OLF",1
"Cell_34944","OLF",1
"Cell_1121","OLF",1
"Cell_12555","OLF",1
"Cell_439","OLF",1
"Cell_6418","OLF",1
"Cell_9994","OLF",1
"Cell_12874","OLF",1
"Cell_13363","OLF",1
"Cell_16991","OLF",1
"Cell_31967","OLF",1
"Cell_33238","OLF",1
"Cell_34481","OLF",1
"Cell_35421","OLF",1
"Cell_41392","OLF",1
"Cell_43463","OLF",1
"Cell_12177","OLF",1
"Cell_13125","OLF",1
"Cell_20053","OLF",1
"Cell_21867","OLF",1
"Cell_22593","OLF",1
"Cell_24694","OLF",1
"Cell_24865","OLF",1
"Cell_34053","OLF",1
"Cell_44410","OLF",1
"Cell_15958","OLF",1
"Cell_19390","OLF",1
"Cell_5786","OLF",1
"Cell_12840","OLF",1
"Cell_16388","OLF",1
"Cell_27445","OLF",1
"Cell_34155","OLF",1
"Cell_39282","OLF",1
"Cell_215","OLF",1
"Cell_2645","OLF",1
"Cell_3993","OLF",1
"Cell_6550","OLF",1
"Cell_7452","OLF",1
"Cell_7484","OLF",1
"Cell_9912","OLF",1
"Cell_16591","OLF",0.999999999999999
"Cell_23629","OLF",1
"Cell_28019","OLF",1
"Cell_30246","OLF",1
"Cell_30729","OLF",1
"Cell_35885","OLF",1
"Cell_37354","OLF",1
"Cell_39473","OLF",1
"Cell_40527","OLF",1
"Cell_40647","OLF",1
"Cell_43824","OLF",1
"Cell_22792","OLF",1
"Cell_1399","OLF",1
"Cell_3910","OLF",1
"Cell_13152","OLF",1
"Cell_23033","OLF",1
"Cell_23762","OLF",1
"Cell_38559","OLF",1
"Cell_11330","OLF",1
"Cell_11502","OLF",1
"Cell_15864","OLF",1
"Cell_16131","OLF",1
"Cell_17533","OLF",1
"Cell_21667","OLF",1
"Cell_24395","OLF",1
"Cell_30595","OLF",1
"Cell_30755","OLF",1
"Cell_40005","OLF",1
"Cell_42200","OLF",1
"Cell_44254","OLF",1
"Cell_44260","OLF",1
"Cell_13888","OLF",1
"Cell_21345","OLF",1
"Cell_25931","OLF",1
"Cell_19179","OLF",1
"Cell_21","OLF",1
"Cell_61","OLF",1
"Cell_529","OLF",1
"Cell_925","OLF",1
"Cell_1456","OLF",1
"Cell_1567","OLF",1
"Cell_1920","OLF",1
"Cell_3123","OLF",1
"Cell_3918","OLF",1
"Cell_4140","OLF",1
"Cell_4144","OLF",0.990573706292317
"Cell_4413","OLF",1
"Cell_4875","OLF",1
"Cell_5216","OLF",1
"Cell_5301","OLF",1
"Cell_5552","OLF",1
"Cell_5748","OLF",1
"Cell_6038","OLF",1
"Cell_6143","OLF",1
"Cell_6349","OLF",1
"Cell_6515","OLF",1
"Cell_6536","OLF",1
"Cell_6746","OLF",1
"Cell_6938","OLF",1
"Cell_8335","OLF",1
"Cell_10147","OLF",1
"Cell_10729","OLF",1
"Cell_10947","OLF",1
"Cell_11216","OLF",1
"Cell_12181","OLF",1
"Cell_12440","OLF",1
"Cell_12548","OLF",1
"Cell_12599","OLF",1
"Cell_12707","OLF",1
"Cell_13287","OLF",1
"Cell_13481","OLF",1
"Cell_13762","OLF",1
"Cell_14213","OLF",1
"Cell_14846","OLF",1
"Cell_15948","OLF",1
"Cell_16144","OLF",1
"Cell_16397","OLF",1
"Cell_16508","OLF",1
"Cell_16554","OLF",1
"Cell_16937","OLF",1
"Cell_17388","OLF",1
"Cell_17779","OLF",1
"Cell_19058","OLF",1
"Cell_19575","OLF",1
"Cell_20070","OLF",1
"Cell_20303","OLF",1
"Cell_20329","OLF",1
"Cell_20928","OLF",1
"Cell_22653","OLF",1
"Cell_23283","OLF",1
"Cell_23302","OLF",1
"Cell_24002","OLF",1
"Cell_24183","OLF",1
"Cell_24495","OLF",1
"Cell_24747","OLF",1
"Cell_27009","OLF",1
"Cell_28456","OLF",1
"Cell_28956","OLF",0.999999999999999
"Cell_29124","OLF",1
"Cell_29218","OLF",1
"Cell_29452","OLF",1
"Cell_29485","OLF",1
"Cell_29642","OLF",1
"Cell_29723","OLF",1
"Cell_30079","OLF",1
"Cell_30451","OLF",1
"Cell_30921","OLF",1
"Cell_31025","OLF",1
"Cell_31042","OLF",1
"Cell_31833","OLF",1
"Cell_32119","OLF",1
"Cell_32171","OLF",1
"Cell_32240","OLF",1
"Cell_32395","OLF",1
"Cell_33243","OLF",1
"Cell_33736","OLF",1
"Cell_33826","OLF",1
"Cell_33953","OLF",1
"Cell_34986","OLF",1
"Cell_37431","OLF",1
"Cell_38462","OLF",1
"Cell_39998","OLF",1
"Cell_40592","OLF",1
"Cell_40950","OLF",1
"Cell_41140","OLF",1
"Cell_41356","OLF",1
"Cell_41813","OLF",1
"Cell_42665","OLF",1
"Cell_42926","OLF",1
"Cell_43199","OLF",0.999999999999999
"Cell_43814","OLF",1
"Cell_44374","OLF",1
"Cell_39586","OLF",1
"Cell_510","OLF",1
"Cell_2652","OLF",1
"Cell_3307","OLF",1
"Cell_4114","OLF",1
"Cell_4660","OLF",1
"Cell_5784","OLF",1
"Cell_6684","OLF",1
"Cell_7358","OLF",1
"Cell_8919","OLF",0.999999999999999
"Cell_9005","OLF",1
"Cell_9388","OLF",1
"Cell_9665","OLF",0.976668406996275
"Cell_9959","OLF",0.999999999999999
"Cell_11728","OLF",1
"Cell_12365","OLF",0.979009171032903
"Cell_12538","OLF",1
"Cell_12661","OLF",1
"Cell_13236","OLF",1
"Cell_14334","OLF",1
"Cell_15165","OLF",1
"Cell_15341","OLF",1
"Cell_16261","OLF",1
"Cell_16671","OLF",1
"Cell_17237","OLF",1
"Cell_17957","OLF",1
"Cell_17977","OLF",1
"Cell_18426","OLF",1
"Cell_18955","OLF",1
"Cell_19033","OLF",1
"Cell_19437","OLF",1
"Cell_19692","OLF",1
"Cell_20025","OLF",1
"Cell_20468","OLF",1
"Cell_21449","OLF",0.999999999999999
"Cell_22258","OLF",1
"Cell_22679","OLF",1
"Cell_22888","OLF",1
"Cell_23691","OLF",1
"Cell_25937","OLF",1
"Cell_26001","OLF",1
"Cell_26226","OLF",1
"Cell_26453","OLF",1
"Cell_26917","OLF",1
"Cell_27383","OLF",1
"Cell_27637","OLF",1
"Cell_28186","OLF",1
"Cell_28567","OLF",1
"Cell_29241","OLF",1
"Cell_29634","OLF",1
"Cell_30103","OLF",1
"Cell_30855","OLF",1
"Cell_31428","OLF",1
"Cell_31650","OLF",1
"Cell_32008","OLF",1
"Cell_32056","OLF",1
"Cell_32161","OLF",1
"Cell_32755","OLF",1
"Cell_33500","OLF",1
"Cell_33559","OLF",1
"Cell_34260","OLF",1
"Cell_34755","OLF",1
"Cell_34811","OLF",1
"Cell_34837","OLF",1
"Cell_35919","OLF",1
"Cell_36178","OLF",1
"Cell_36861","OLF",0.999999999999999
"Cell_39226","OLF",1
"Cell_40118","OLF",1
"Cell_41338","OLF",1
"Cell_41445","OLF",1
"Cell_41502","OLF",1
"Cell_41634","OLF",1
"Cell_42759","OLF",1
"Cell_43244","OLF",1
"Cell_43281","OLF",1
"Cell_43385","OLF",1
"Cell_43388","OLF",1
"Cell_43400","OLF",1
"Cell_43432","OLF",1
"Cell_1637","OLF",1
"Cell_3569","OLF",1
"Cell_4490","OLF",1
"Cell_5391","OLF",0.999999999999999
"Cell_6270","OLF",1
"Cell_24725","OLF",1
"Cell_25097","OLF",1
"Cell_25480","OLF",0.999999999999999
"Cell_26098","OLF",1
"Cell_27681","OLF",1
"Cell_29274","OLF",1
"Cell_31626","OLF",1
"Cell_42932","OLF",1
"Cell_45050","OLF",1
"Cell_9884","OLF",1
"Cell_11760","OLF",1
"Cell_13398","OLF",1
"Cell_14017","OLF",1
"Cell_26251","OLF",0.984117851658499
"Cell_32799","OLF",1
"Cell_37290","OLF",1
"Cell_43708","OLF",1
"Cell_44769","OLF",0.999999999999999
"Cell_45004","OLF",1
"Cell_10529","OLF",1
"Cell_40421","OLF",1
"Cell_16678","OLF",1
"Cell_35833","OLF",1
"Cell_1658","OLF",1
"Cell_4668","OLF",1
"Cell_2219","OLF",1
"Cell_2749","OLF",1
"Cell_5259","OLF",1
"Cell_7341","OLF",1
"Cell_14972","OLF",1
"Cell_17227","OLF",1
"Cell_17759","OLF",1
"Cell_18146","OLF",1
"Cell_22116","OLF",1
"Cell_26412","OLF",1
"Cell_31396","OLF",0.999999999999999
"Cell_32587","OLF",1
"Cell_33026","OLF",1
"Cell_35616","OLF",1
"Cell_40012","OLF",1
"Cell_40251","OLF",1
"Cell_42100","OLF",1
"Cell_44472","OLF",1
"Cell_516","OLF",1
"Cell_3428","OLF",1
"Cell_3891","OLF",1
"Cell_4040","OLF",1
"Cell_5623","OLF",1
"Cell_5763","OLF",1
"Cell_6562","OLF",1
"Cell_6913","OLF",1
"Cell_7079","OLF",1
"Cell_7613","OLF",1
"Cell_10025","OLF",1
"Cell_10227","OLF",1
"Cell_11214","OLF",1
"Cell_12427","OLF",1
"Cell_13353","OLF",1
"Cell_13524","OLF",1
"Cell_13539","OLF",1
"Cell_13717","OLF",1
"Cell_17730","OLF",1
"Cell_18858","OLF",1
"Cell_20045","OLF",1
"Cell_21246","OLF",1
"Cell_23378","OLF",1
"Cell_23864","OLF",1
"Cell_24240","OLF",1
"Cell_25282","OLF",1
"Cell_27679","OLF",1
"Cell_27969","OLF",1
"Cell_28086","OLF",1
"Cell_29517","OLF",1
"Cell_29996","OLF",1
"Cell_32111","OLF",1
"Cell_32665","OLF",1
"Cell_33322","OLF",1
"Cell_33868","OLF",1
"Cell_34100","OLF",1
"Cell_34477","OLF",1
"Cell_34564","OLF",1
"Cell_35639","OLF",1
"Cell_37535","OLF",1
"Cell_37696","OLF",1
"Cell_38127","OLF",1
"Cell_39643","OLF",1
"Cell_40548","OLF",0.999999999999999
"Cell_41671","OLF",1
"Cell_42431","OLF",1
"Cell_43307","OLF",1
"Cell_43605","OLF",1
"Cell_44805","OLF",1
"Cell_1145","OLF",1
"Cell_1502","OLF",1
"Cell_3652","OLF",1
"Cell_12271","OLF",1
"Cell_14469","OLF",1
"Cell_16440","OLF",1
"Cell_17529","OLF",0.999999999999999
"Cell_19238","OLF",1
"Cell_19263","OLF",1
"Cell_19662","OLF",1
"Cell_20174","OLF",1
"Cell_23168","OLF",1
"Cell_23240","OLF",1
"Cell_23545","OLF",1
"Cell_23985","OLF",1
"Cell_27314","OLF",1
"Cell_27861","OLF",1
"Cell_31077","OLF",1
"Cell_38768","OLF",1
"Cell_38936","OLF",1
"Cell_40886","OLF",1
"Cell_20945","OLF",1
"Cell_25948","OLF",0.991111078605174
"Cell_31271","OLF",1
"Cell_1391","OLF",1
"Cell_2230","OLF",1
"Cell_2835","OLF",1
"Cell_4648","OLF",0.999999939109735
"Cell_11742","OLF",0.963797272715728
"Cell_18435","OLF",1
"Cell_21339","OLF",1
"Cell_23830","OLF",1
"Cell_23872","OLF",1
"Cell_30313","OLF",1
"Cell_34875","OLF",1
"Cell_36037","OLF",1
"Cell_37445","OLF",1
"Cell_40925","OLF",1
"Cell_43458","OLF",1
"Cell_43959","OLF",1
"Cell_34944","OLF",1
"Cell_16991","OLF",1
"Cell_3910","OLF",1
"Cell_23762","OLF",1
"Cell_11502","OLF",1
"Cell_15864","OLF",1
"Cell_30755","OLF",1
"Cell_21345","OLF",1
"Cell_28","CEAc",1
"Cell_3809","CEAc",1
"Cell_5316","CEAc",1
"Cell_6718","CEAc",1
"Cell_9791","CEAc",1
"Cell_11182","CEAc",1
"Cell_15035","CEAc",1
"Cell_15486","CEAc",1
"Cell_16023","CEAc",1
"Cell_16311","CEAc",1
"Cell_16490","CEAc",1
"Cell_17827","CEAc",1
"Cell_20073","CEAc",1
"Cell_20494","CEAc",1
"Cell_22685","CEAc",1
"Cell_23581","CEAc",1
"Cell_24730","CEAc",1
"Cell_27444","CEAc",1
"Cell_29967","CEAc",1
"Cell_32769","CEAc",1
"Cell_36367","CEAc",1
"Cell_36381","CEAc",1
"Cell_36765","CEAc",1
"Cell_42369","CEAc",1
"Cell_42456","CEAc",1
"Cell_44196","CEAc",1
"Cell_44330","CEAc",0.980789426692486
"Cell_14458","CEAc",1
"Cell_27561","CEAc",1
"Cell_29700","CEAc",1
"Cell_36327","CEAc",1
"Cell_2067","CEAc",1
"Cell_3125","CEAc",1
"Cell_4054","CEAc",1
"Cell_4408","CEAc",1
"Cell_4878","CEAc",0.986400619301551
"Cell_8943","CEAc",1
"Cell_8990","CEAc",0.955978607829646
"Cell_11456","CEAc",1
"Cell_11721","CEAc",1
"Cell_12921","CEAc",1
"Cell_14293","CEAc",0.999999999999999
"Cell_14640","CEAc",1
"Cell_16082","CEAc",1
"Cell_18567","CEAc",1
"Cell_18914","CEAc",1
"Cell_23287","CEAc",1
"Cell_23511","CEAc",1
"Cell_24031","CEAc",1
"Cell_25399","CEAc",1
"Cell_27232","CEAc",1
"Cell_27667","CEAc",1
"Cell_27699","CEAc",1
"Cell_28977","CEAc",1
"Cell_29309","CEAc",1
"Cell_29338","CEAc",1
"Cell_41482","CEAc",1
"Cell_43311","CEAc",0.985152124561937
"Cell_44759","CEAc",1
"Cell_45201","CEAc",1
"Cell_1233","CEAc",1
"Cell_23959","CEAc",1
"Cell_4315","CEAc",1
"Cell_7406","CEAc",1
"Cell_14658","CEAc",1
"Cell_23438","CEAc",1
"Cell_31083","CEAc",1
"Cell_35257","CEAc",1
"Cell_35497","CEAc",1
"Cell_36824","CEAc",1
"Cell_40131","CEAc",1
"Cell_42011","CEAc",1
"Cell_42946","CEAc",1
"Cell_40846","CEAc",1
"Cell_3397","CEAc",0.999999999999999
"Cell_4602","CEAc",1
"Cell_8553","CEAc",1
"Cell_13257","CEAc",1
"Cell_15019","CEAc",1
"Cell_15543","CEAc",1
"Cell_16616","CEAc",1
"Cell_17355","CEAc",0.997128547551914
"Cell_20102","CEAc",1
"Cell_24004","CEAc",1
"Cell_24408","CEAc",1
"Cell_24785","CEAc",1
"Cell_32080","CEAc",1
"Cell_33055","CEAc",1
"Cell_33362","CEAc",1
"Cell_36921","CEAc",1
"Cell_37404","CEAc",1
"Cell_38219","CEAc",1
"Cell_64","CEAc",1
"Cell_997","CEAc",1
"Cell_1825","CEAc",1
"Cell_2302","CEAc",1
"Cell_2984","CEAc",1
"Cell_3150","CEAc",1
"Cell_3247","CEAc",1
"Cell_3316","CEAc",1
"Cell_3624","CEAc",1
"Cell_3740","CEAc",1
"Cell_3948","CEAc",1
"Cell_4065","CEAc",1
"Cell_4561","CEAc",1
"Cell_4888","CEAc",1
"Cell_5329","CEAc",1
"Cell_5743","CEAc",1
"Cell_6055","CEAc",1
"Cell_6865","CEAc",1
"Cell_7082","CEAc",1
"Cell_8008","CEAc",1
"Cell_8495","CEAc",1
"Cell_9564","CEAc",1
"Cell_10444","CEAc",1
"Cell_10564","CEAc",1
"Cell_10863","CEAc",1
"Cell_11749","CEAc",1
"Cell_11895","CEAc",1
"Cell_13377","CEAc",1
"Cell_13445","CEAc",1
"Cell_15037","CEAc",1
"Cell_15254","CEAc",1
"Cell_15953","CEAc",1
"Cell_16371","CEAc",1
"Cell_16606","CEAc",1
"Cell_16857","CEAc",1
"Cell_18389","CEAc",1
"Cell_18591","CEAc",1
"Cell_18610","CEAc",1
"Cell_18664","CEAc",1
"Cell_18718","CEAc",1
"Cell_19417","CEAc",1
"Cell_20795","CEAc",1
"Cell_21016","CEAc",1
"Cell_21111","CEAc",1
"Cell_21196","CEAc",1
"Cell_21938","CEAc",0.999999999999999
"Cell_22070","CEAc",1
"Cell_23770","CEAc",1
"Cell_24255","CEAc",1
"Cell_24595","CEAc",1
"Cell_24712","CEAc",1
"Cell_24761","CEAc",1
"Cell_26019","CEAc",1
"Cell_26316","CEAc",1
"Cell_26373","CEAc",1
"Cell_26779","CEAc",1
"Cell_26867","CEAc",1
"Cell_27335","CEAc",1
"Cell_27695","CEAc",1
"Cell_27794","CEAc",1
"Cell_28315","CEAc",1
"Cell_28518","CEAc",1
"Cell_29055","CEAc",1
"Cell_29165","CEAc",1
"Cell_31041","CEAc",1
"Cell_31336","CEAc",1
"Cell_31863","CEAc",1
"Cell_31915","CEAc",1
"Cell_34052","CEAc",0.973465160596168
"Cell_35947","CEAc",0.999999999999999
"Cell_36653","CEAc",1
"Cell_36849","CEAc",1
"Cell_37395","CEAc",1
"Cell_38681","CEAc",1
"Cell_38903","CEAc",0.995157661548449
"Cell_39010","CEAc",1
"Cell_40043","CEAc",1
"Cell_41113","CEAc",1
"Cell_41848","CEAc",1
"Cell_41971","CEAc",1
"Cell_42195","CEAc",1
"Cell_43171","CEAc",1
"Cell_43214","CEAc",1
"Cell_43701","CEAc",1
"Cell_44150","CEAc",1
"Cell_44171","CEAc",1
"Cell_44232","CEAc",1
"Cell_44575","CEAc",1
"Cell_45140","CEAc",1
"Cell_357","CEAc",1
"Cell_833","CEAc",1
"Cell_1068","CEAc",1
"Cell_1469","CEAc",1
"Cell_1972","CEAc",1
"Cell_2461","CEAc",1
"Cell_2994","CEAc",1
"Cell_3003","CEAc",1
"Cell_3285","CEAc",1
"Cell_3539","CEAc",1
"Cell_3748","CEAc",0.951393285515562
"Cell_3900","CEAc",1
"Cell_3973","CEAc",1
"Cell_4245","CEAc",0.967436397531048
"Cell_4326","CEAc",0.999999999999999
"Cell_5566","CEAc",1
"Cell_5681","CEAc",1
"Cell_6704","CEAc",1
"Cell_7565","CEAc",1
"Cell_7883","CEAc",1
"Cell_9038","CEAc",1
"Cell_9446","CEAc",1
"Cell_9638","CEAc",1
"Cell_10534","CEAc",1
"Cell_10669","CEAc",1
"Cell_11394","CEAc",1
"Cell_12263","CEAc",1
"Cell_14165","CEAc",1
"Cell_14910","CEAc",1
"Cell_15030","CEAc",1
"Cell_15737","CEAc",1
"Cell_15892","CEAc",1
"Cell_17775","CEAc",1
"Cell_19840","CEAc",1
"Cell_22564","CEAc",1
"Cell_23384","CEAc",1
"Cell_23797","CEAc",0.999999999999999
"Cell_27265","CEAc",1
"Cell_27371","CEAc",1
"Cell_28231","CEAc",1
"Cell_30430","CEAc",1
"Cell_31296","CEAc",1
"Cell_33370","CEAc",1
"Cell_34861","CEAc",1
"Cell_37210","CEAc",1
"Cell_38597","CEAc",1
"Cell_38803","CEAc",1
"Cell_38914","CEAc",1
"Cell_39703","CEAc",1
"Cell_40387","CEAc",1
"Cell_40416","CEAc",1
"Cell_40770","CEAc",1
"Cell_40855","CEAc",1
"Cell_42532","CEAc",1
"Cell_43416","CEAc",1
"Cell_44786","CEAc",1
"Cell_44922","CEAc",1
"Cell_18755","CEAc",1
"Cell_37980","CEAc",1
"Cell_1600","CEAc",1
"Cell_2612","CEAc",0.992108330686393
"Cell_3269","CEAc",1
"Cell_3828","CEAc",1
"Cell_6840","CEAc",1
"Cell_9810","CEAc",1
"Cell_9885","CEAc",1
"Cell_10210","CEAc",1
"Cell_10336","CEAc",1
"Cell_17973","CEAc",1
"Cell_18123","CEAc",1
"Cell_20702","CEAc",1
"Cell_21749","CEAc",1
"Cell_23409","CEAc",0.999999999999999
"Cell_25721","CEAc",1
"Cell_27180","CEAc",1
"Cell_28596","CEAc",1
"Cell_29447","CEAc",1
"Cell_30172","CEAc",1
"Cell_31095","CEAc",1
"Cell_33352","CEAc",1
"Cell_34217","CEAc",1
"Cell_36425","CEAc",1
"Cell_39285","CEAc",1
"Cell_40667","CEAc",1
"Cell_41122","CEAc",1
"Cell_41538","CEAc",1
"Cell_41947","CEAc",1
"Cell_42851","CEAc",1
"Cell_45180","CEAc",1
"Cell_5674","CEAc",1
"Cell_6235","CEAc",1
"Cell_7320","CEAc",1
"Cell_8166","CEAc",1
"Cell_9141","CEAc",1
"Cell_9262","CEAc",1
"Cell_11845","CEAc",1
"Cell_14722","CEAc",1
"Cell_20419","CEAc",1
"Cell_21208","CEAc",1
"Cell_27611","CEAc",1
"Cell_29606","CEAc",1
"Cell_29949","CEAc",1
"Cell_31902","CEAc",1
"Cell_33047","CEAc",1
"Cell_33443","CEAc",1
"Cell_34259","CEAc",1
"Cell_964","CEAc",1
"Cell_14353","CEAc",1
"Cell_32939","CEAc",1
"Cell_34813","CEAc",1
"Cell_28268","CEAc",1
"Cell_37986","CEAc",1
"Cell_3369","CEAc",1
"Cell_15415","CEAc",1
"Cell_18277","CEAc",0.999999999999999
"Cell_19994","CEAc",1
"Cell_37644","CEAc",1
"Cell_38033","CEAc",1
"Cell_5035","CEAc",1
"Cell_8279","CEAc",1
"Cell_14461","CEAc",1
"Cell_25887","CEAc",1
"Cell_1344","CEAc",1
"Cell_2843","CEAc",1
"Cell_15476","CEAc",1
"Cell_18705","CEAc",1
"Cell_18724","CEAc",1
"Cell_21539","CEAc",1
"Cell_36546","CEAc",1
"Cell_41860","CEAc",1
"Cell_43717","CEAc",1
"Cell_44133","CEAc",1
"Cell_17857","CEAc",1
"Cell_24407","CEAc",1
"Cell_28216","CEAc",1
"Cell_31406","CEAc",1
"Cell_10673","CEAc",1
"Cell_45","CTXsp",1
"Cell_232","CTXsp",1
"Cell_233","CTXsp",1
"Cell_236","CTXsp",1
"Cell_935","CTXsp",1
"Cell_1365","CTXsp",1
"Cell_1481","CTXsp",1
"Cell_2603","CTXsp",1
"Cell_3636","CTXsp",1
"Cell_3876","CTXsp",1
"Cell_3888","CTXsp",1
"Cell_4084","CTXsp",1
"Cell_5690","CTXsp",1
"Cell_6102","CTXsp",1
"Cell_6541","CTXsp",0.983040827842226
"Cell_6834","CTXsp",1
"Cell_6874","CTXsp",1
"Cell_7986","CTXsp",1
"Cell_8489","CTXsp",1
"Cell_9052","CTXsp",1
"Cell_10040","CTXsp",1
"Cell_10328","CTXsp",1
"Cell_11983","CTXsp",1
"Cell_12170","CTXsp",1
"Cell_12875","CTXsp",1
"Cell_13247","CTXsp",1
"Cell_13959","CTXsp",1
"Cell_14718","CTXsp",0.999999999999999
"Cell_15170","CTXsp",1
"Cell_15362","CTXsp",1
"Cell_16827","CTXsp",1
"Cell_17583","CTXsp",1
"Cell_17751","CTXsp",1
"Cell_19331","CTXsp",1
"Cell_19603","CTXsp",1
"Cell_19861","CTXsp",1
"Cell_23559","CTXsp",1
"Cell_24236","CTXsp",1
"Cell_24413","CTXsp",1
"Cell_24977","CTXsp",1
"Cell_25213","CTXsp",1
"Cell_25342","CTXsp",1
"Cell_26781","CTXsp",1
"Cell_26914","CTXsp",1
"Cell_27208","CTXsp",1
"Cell_28233","CTXsp",1
"Cell_29874","CTXsp",1
"Cell_31089","CTXsp",1
"Cell_31111","CTXsp",1
"Cell_31654","CTXsp",1
"Cell_32027","CTXsp",0.999999999999999
"Cell_32738","CTXsp",1
"Cell_33635","CTXsp",1
"Cell_35343","CTXsp",1
"Cell_36454","CTXsp",1
"Cell_36763","CTXsp",0.998355298325697
"Cell_37012","CTXsp",1
"Cell_38225","CTXsp",0.999999999999999
"Cell_38265","CTXsp",1
"Cell_38808","CTXsp",1
"Cell_38983","CTXsp",1
"Cell_40980","CTXsp",1
"Cell_41158","CTXsp",1
"Cell_42404","CTXsp",1
"Cell_43025","CTXsp",1
"Cell_44404","CTXsp",0.999999999999999
"Cell_1992","CTXsp",1
"Cell_10179","CTXsp",1
"Cell_21536","CTXsp",1
"Cell_28279","CTXsp",1
"Cell_31325","CTXsp",1
"Cell_31718","CTXsp",1
"Cell_38815","CTXsp",1
"Cell_38992","CTXsp",1
"Cell_399","CTXsp",1
"Cell_2189","CTXsp",1
"Cell_2195","CTXsp",1
"Cell_3193","CTXsp",1
"Cell_3870","CTXsp",1
"Cell_5808","CTXsp",1
"Cell_5946","CTXsp",1
"Cell_7261","CTXsp",1
"Cell_7644","CTXsp",1
"Cell_8187","CTXsp",1
"Cell_9297","CTXsp",1
"Cell_9376","CTXsp",1
"Cell_9846","CTXsp",1
"Cell_10177","CTXsp",1
"Cell_10642","CTXsp",1
"Cell_12834","CTXsp",1
"Cell_14281","CTXsp",1
"Cell_14625","CTXsp",1
"Cell_15279","CTXsp",1
"Cell_15436","CTXsp",1
"Cell_15559","CTXsp",1
"Cell_15650","CTXsp",1
"Cell_16611","CTXsp",1
"Cell_20124","CTXsp",1
"Cell_20556","CTXsp",1
"Cell_20834","CTXsp",0.999999999999999
"Cell_21043","CTXsp",1
"Cell_23327","CTXsp",0.999999998317481
"Cell_23401","CTXsp",1
"Cell_23523","CTXsp",1
"Cell_23820","CTXsp",1
"Cell_26079","CTXsp",1
"Cell_27519","CTXsp",1
"Cell_30132","CTXsp",1
"Cell_30750","CTXsp",1
"Cell_30823","CTXsp",1
"Cell_31253","CTXsp",1
"Cell_31576","CTXsp",1
"Cell_31656","CTXsp",1
"Cell_31700","CTXsp",1
"Cell_32778","CTXsp",1
"Cell_32851","CTXsp",1
"Cell_32997","CTXsp",1
"Cell_34362","CTXsp",1
"Cell_35814","CTXsp",1
"Cell_36522","CTXsp",1
"Cell_38140","CTXsp",1
"Cell_38145","CTXsp",1
"Cell_38218","CTXsp",1
"Cell_42054","CTXsp",1
"Cell_42756","CTXsp",1
"Cell_42879","CTXsp",1
"Cell_43646","CTXsp",1
"Cell_43731","CTXsp",1
"Cell_45130","CTXsp",1
"Cell_306","CTXsp",1
"Cell_381","CTXsp",1
"Cell_596","CTXsp",1
"Cell_763","CTXsp",1
"Cell_919","CTXsp",1
"Cell_1599","CTXsp",1
"Cell_2380","CTXsp",1
"Cell_2769","CTXsp",1
"Cell_2934","CTXsp",1
"Cell_3777","CTXsp",1
"Cell_4427","CTXsp",1
"Cell_4830","CTXsp",1
"Cell_5207","CTXsp",1
"Cell_5964","CTXsp",1
"Cell_6116","CTXsp",1
"Cell_7666","CTXsp",1
"Cell_7859","CTXsp",1
"Cell_8130","CTXsp",1
"Cell_8141","CTXsp",1
"Cell_10003","CTXsp",1
"Cell_10159","CTXsp",1
"Cell_10285","CTXsp",1
"Cell_11397","CTXsp",1
"Cell_12053","CTXsp",1
"Cell_12162","CTXsp",1
"Cell_14507","CTXsp",1
"Cell_16849","CTXsp",1
"Cell_17702","CTXsp",1
"Cell_17828","CTXsp",1
"Cell_18654","CTXsp",1
"Cell_18884","CTXsp",1
"Cell_18960","CTXsp",1
"Cell_19836","CTXsp",1
"Cell_20842","CTXsp",1
"Cell_21910","CTXsp",1
"Cell_22931","CTXsp",1
"Cell_23155","CTXsp",1
"Cell_23261","CTXsp",1
"Cell_23825","CTXsp",1
"Cell_27199","CTXsp",1
"Cell_27717","CTXsp",1
"Cell_27765","CTXsp",1
"Cell_28733","CTXsp",1
"Cell_31421","CTXsp",1
"Cell_32488","CTXsp",1
"Cell_33142","CTXsp",1
"Cell_33250","CTXsp",1
"Cell_33936","CTXsp",1
"Cell_34118","CTXsp",1
"Cell_34187","CTXsp",1
"Cell_34194","CTXsp",1
"Cell_34611","CTXsp",1
"Cell_35748","CTXsp",1
"Cell_35902","CTXsp",1
"Cell_36247","CTXsp",1
"Cell_36314","CTXsp",1
"Cell_36858","CTXsp",1
"Cell_37865","CTXsp",1
"Cell_38450","CTXsp",1
"Cell_40173","CTXsp",1
"Cell_40324","CTXsp",1
"Cell_40555","CTXsp",1
"Cell_40615","CTXsp",1
"Cell_41827","CTXsp",1
"Cell_41852","CTXsp",1
"Cell_42026","CTXsp",1
"Cell_42755","CTXsp",1
"Cell_42762","CTXsp",1
"Cell_43017","CTXsp",1
"Cell_43306","CTXsp",0.999999999999999
"Cell_43500","CTXsp",1
"Cell_44090","CTXsp",1
"Cell_44413","CTXsp",0.999999999999999
"Cell_44604","CTXsp",1
"Cell_44851","CTXsp",1
"Cell_44882","CTXsp",1
"Cell_41227","CTXsp",1
"Cell_3234","CTXsp",1
"Cell_22219","CTXsp",1
"Cell_24559","CTXsp",1
"Cell_26231","CTXsp",1
"Cell_29396","CTXsp",1
"Cell_44076","CTXsp",1
"Cell_1025","CTXsp",1
"Cell_1139","CTXsp",1
"Cell_8082","CTXsp",1
"Cell_10272","CTXsp",1
"Cell_12247","CTXsp",1
"Cell_13869","CTXsp",1
"Cell_14000","CTXsp",1
"Cell_14604","CTXsp",1
"Cell_14623","CTXsp",1
"Cell_17646","CTXsp",1
"Cell_17883","CTXsp",1
"Cell_24422","CTXsp",1
"Cell_28383","CTXsp",1
"Cell_29171","CTXsp",1
"Cell_30988","CTXsp",1
"Cell_32517","CTXsp",0.999999999999999
"Cell_33109","CTXsp",1
"Cell_34516","CTXsp",1
"Cell_38042","CTXsp",1
"Cell_45269","CTXsp",1
"Cell_146","CTXsp",1
"Cell_260","CTXsp",1
"Cell_369","CTXsp",1
"Cell_470","CTXsp",1
"Cell_520","CTXsp",1
"Cell_595","CTXsp",1
"Cell_1353","CTXsp",1
"Cell_1905","CTXsp",1
"Cell_2103","CTXsp",1
"Cell_2170","CTXsp",1
"Cell_2252","CTXsp",1
"Cell_2900","CTXsp",1
"Cell_3490","CTXsp",1
"Cell_4305","CTXsp",1
"Cell_4497","CTXsp",1
"Cell_5540","CTXsp",1
"Cell_5579","CTXsp",1
"Cell_5723","CTXsp",1
"Cell_6110","CTXsp",1
"Cell_6434","CTXsp",1
"Cell_6613","CTXsp",1
"Cell_7097","CTXsp",1
"Cell_8022","CTXsp",1
"Cell_8508","CTXsp",1
"Cell_9188","CTXsp",0.999999999999999
"Cell_9243","CTXsp",1
"Cell_9407","CTXsp",1
"Cell_9940","CTXsp",1
"Cell_10180","CTXsp",1
"Cell_10293","CTXsp",1
"Cell_10717","CTXsp",1
"Cell_10953","CTXsp",1
"Cell_11021","CTXsp",1
"Cell_11286","CTXsp",0.999999999999999
"Cell_12186","CTXsp",1
"Cell_12576","CTXsp",1
"Cell_12845","CTXsp",1
"Cell_12857","CTXsp",1
"Cell_12960","CTXsp",1
"Cell_13413","CTXsp",1
"Cell_13470","CTXsp",1
"Cell_13673","CTXsp",1
"Cell_13961","CTXsp",1
"Cell_14022","CTXsp",1
"Cell_14214","CTXsp",1
"Cell_14221","CTXsp",1
"Cell_14452","CTXsp",1
"Cell_14502","CTXsp",1
"Cell_14595","CTXsp",1
"Cell_14770","CTXsp",1
"Cell_15448","CTXsp",1
"Cell_15475","CTXsp",1
"Cell_15597","CTXsp",1
"Cell_16114","CTXsp",1
"Cell_16577","CTXsp",1
"Cell_18284","CTXsp",1
"Cell_18402","CTXsp",1
"Cell_18756","CTXsp",1
"Cell_19612","CTXsp",1
"Cell_20040","CTXsp",1
"Cell_20090","CTXsp",1
"Cell_20453","CTXsp",1
"Cell_20773","CTXsp",1
"Cell_20841","CTXsp",1
"Cell_20972","CTXsp",0.99971885715766
"Cell_21101","CTXsp",1
"Cell_21116","CTXsp",1
"Cell_21155","CTXsp",1
"Cell_21423","CTXsp",1
"Cell_21588","CTXsp",1
"Cell_21709","CTXsp",1
"Cell_22113","CTXsp",1
"Cell_22139","CTXsp",1
"Cell_22418","CTXsp",1
"Cell_23321","CTXsp",1
"Cell_23489","CTXsp",1
"Cell_23793","CTXsp",1
"Cell_24204","CTXsp",1
"Cell_24260","CTXsp",1
"Cell_24896","CTXsp",1
"Cell_25278","CTXsp",1
"Cell_25551","CTXsp",1
"Cell_25783","CTXsp",1
"Cell_26100","CTXsp",1
"Cell_26570","CTXsp",1
"Cell_27233","CTXsp",0.999999999999999
"Cell_27289","CTXsp",1
"Cell_27692","CTXsp",1
"Cell_27956","CTXsp",1
"Cell_28493","CTXsp",1
"Cell_29273","CTXsp",1
"Cell_29658","CTXsp",1
"Cell_29769","CTXsp",1
"Cell_30020","CTXsp",1
"Cell_30196","CTXsp",1
"Cell_30208","CTXsp",1
"Cell_30825","CTXsp",1
"Cell_31071","CTXsp",1
"Cell_31104","CTXsp",1
"Cell_31379","CTXsp",1
"Cell_32034","CTXsp",1
"Cell_32231","CTXsp",1
"Cell_32234","CTXsp",1
"Cell_32319","CTXsp",1
"Cell_32361","CTXsp",1
"Cell_32515","CTXsp",1
"Cell_32708","CTXsp",1
"Cell_32753","CTXsp",1
"Cell_32762","CTXsp",1
"Cell_32828","CTXsp",1
"Cell_33005","CTXsp",1
"Cell_33070","CTXsp",1
"Cell_33388","CTXsp",1
"Cell_33480","CTXsp",1
"Cell_33690","CTXsp",1
"Cell_33971","CTXsp",1
"Cell_34041","CTXsp",1
"Cell_34273","CTXsp",1
"Cell_34686","CTXsp",1
"Cell_34859","CTXsp",1
"Cell_35265","CTXsp",1
"Cell_35312","CTXsp",1
"Cell_35468","CTXsp",1
"Cell_35587","CTXsp",1
"Cell_36061","CTXsp",1
"Cell_36652","CTXsp",1
"Cell_36843","CTXsp",1
"Cell_37656","CTXsp",1
"Cell_38598","CTXsp",1
"Cell_38834","CTXsp",1
"Cell_38915","CTXsp",1
"Cell_39239","CTXsp",1
"Cell_39354","CTXsp",1
"Cell_39907","CTXsp",1
"Cell_40353","CTXsp",1
"Cell_40631","CTXsp",0.992365155009945
"Cell_40710","CTXsp",1
"Cell_41071","CTXsp",1
"Cell_41131","CTXsp",1
"Cell_41201","CTXsp",1
"Cell_41283","CTXsp",1
"Cell_41334","CTXsp",1
"Cell_41641","CTXsp",1
"Cell_41697","CTXsp",1
"Cell_41875","CTXsp",1
"Cell_41977","CTXsp",1
"Cell_42134","CTXsp",1
"Cell_42191","CTXsp",1
"Cell_42334","CTXsp",1
"Cell_42617","CTXsp",1
"Cell_42890","CTXsp",1
"Cell_43128","CTXsp",1
"Cell_43248","CTXsp",1
"Cell_43321","CTXsp",1
"Cell_43366","CTXsp",1
"Cell_43769","CTXsp",1
"Cell_43938","CTXsp",1
"Cell_44245","CTXsp",1
"Cell_44578","CTXsp",1
"Cell_44678","CTXsp",1
"Cell_45254","CTXsp",1
"Cell_332","CTXsp",1
"Cell_495","CTXsp",1
"Cell_700","CTXsp",1
"Cell_1566","CTXsp",1
"Cell_1619","CTXsp",1
"Cell_1643","CTXsp",1
"Cell_1898","CTXsp",1
"Cell_2773","CTXsp",1
"Cell_3688","CTXsp",1
"Cell_4299","CTXsp",1
"Cell_4347","CTXsp",1
"Cell_4591","CTXsp",1
"Cell_4761","CTXsp",1
"Cell_5721","CTXsp",1
"Cell_5783","CTXsp",1
"Cell_6005","CTXsp",1
"Cell_6133","CTXsp",1
"Cell_6221","CTXsp",1
"Cell_6809","CTXsp",1
"Cell_7088","CTXsp",1
"Cell_7637","CTXsp",1
"Cell_7861","CTXsp",1
"Cell_8146","CTXsp",1
"Cell_8413","CTXsp",1
"Cell_8625","CTXsp",1
"Cell_9076","CTXsp",1
"Cell_9914","CTXsp",1
"Cell_10187","CTXsp",1
"Cell_10809","CTXsp",1
"Cell_11022","CTXsp",1
"Cell_11762","CTXsp",1
"Cell_11977","CTXsp",1
"Cell_13637","CTXsp",1
"Cell_14607","CTXsp",1
"Cell_14749","CTXsp",1
"Cell_14800","CTXsp",1
"Cell_15422","CTXsp",1
"Cell_15933","CTXsp",1
"Cell_16547","CTXsp",1
"Cell_16807","CTXsp",1
"Cell_17755","CTXsp",1
"Cell_18293","CTXsp",1
"Cell_18913","CTXsp",1
"Cell_19348","CTXsp",1
"Cell_19929","CTXsp",1
"Cell_20243","CTXsp",1
"Cell_20635","CTXsp",0.999905506278492
"Cell_21691","CTXsp",1
"Cell_21999","CTXsp",1
"Cell_22169","CTXsp",1
"Cell_22548","CTXsp",1
"Cell_22567","CTXsp",1
"Cell_22940","CTXsp",1
"Cell_22954","CTXsp",1
"Cell_22974","CTXsp",1
"Cell_24219","CTXsp",1
"Cell_24662","CTXsp",1
"Cell_25531","CTXsp",1
"Cell_26431","CTXsp",1
"Cell_26621","CTXsp",1
"Cell_26743","CTXsp",1
"Cell_26981","CTXsp",1
"Cell_27534","CTXsp",1
"Cell_27777","CTXsp",1
"Cell_27851","CTXsp",1
"Cell_28144","CTXsp",1
"Cell_28146","CTXsp",1
"Cell_28215","CTXsp",1
"Cell_28242","CTXsp",1
"Cell_29366","CTXsp",1
"Cell_29425","CTXsp",1
"Cell_29480","CTXsp",1
"Cell_30369","CTXsp",1
"Cell_30637","CTXsp",1
"Cell_30959","CTXsp",1
"Cell_31817","CTXsp",1
"Cell_32441","CTXsp",1
"Cell_32662","CTXsp",1
"Cell_32764","CTXsp",1
"Cell_32948","CTXsp",1
"Cell_33265","CTXsp",1
"Cell_34104","CTXsp",1
"Cell_34888","CTXsp",1
"Cell_35077","CTXsp",1
"Cell_35469","CTXsp",1
"Cell_35958","CTXsp",1
"Cell_37700","CTXsp",1
"Cell_38041","CTXsp",1
"Cell_38531","CTXsp",1
"Cell_38850","CTXsp",1
"Cell_39012","CTXsp",1
"Cell_39328","CTXsp",1
"Cell_39765","CTXsp",1
"Cell_40175","CTXsp",1
"Cell_40919","CTXsp",1
"Cell_41200","CTXsp",1
"Cell_41640","CTXsp",1
"Cell_41904","CTXsp",1
"Cell_42111","CTXsp",1
"Cell_42559","CTXsp",1
"Cell_43187","CTXsp",1
"Cell_43190","CTXsp",1
"Cell_43532","CTXsp",1
"Cell_43739","CTXsp",1
"Cell_44216","CTXsp",1
"Cell_44226","CTXsp",1
"Cell_44345","CTXsp",1
"Cell_45014","CTXsp",1
"Cell_3723","CTXsp",1
"Cell_16382","CTXsp",1
"Cell_1012","CTXsp",1
"Cell_1091","CTXsp",1
"Cell_2338","CTXsp",1
"Cell_4762","CTXsp",1
"Cell_4917","CTXsp",1
"Cell_7522","CTXsp",1
"Cell_9213","CTXsp",1
"Cell_14162","CTXsp",1
"Cell_16749","CTXsp",1
"Cell_18029","CTXsp",1
"Cell_18176","CTXsp",1
"Cell_19384","CTXsp",1
"Cell_26748","CTXsp",1
"Cell_27978","CTXsp",1
"Cell_29087","CTXsp",0.99933294111212
"Cell_31418","CTXsp",1
"Cell_32795","CTXsp",1
"Cell_33062","CTXsp",1
"Cell_34327","CTXsp",1
"Cell_38222","CTXsp",1
"Cell_521","CTXsp",1
"Cell_666","CTXsp",1
"Cell_887","CTXsp",1
"Cell_2397","CTXsp",1
"Cell_3657","CTXsp",1
"Cell_4127","CTXsp",1
"Cell_5262","CTXsp",1
"Cell_5492","CTXsp",1
"Cell_6983","CTXsp",1
"Cell_7760","CTXsp",1
"Cell_7941","CTXsp",1
"Cell_8441","CTXsp",1
"Cell_8903","CTXsp",1
"Cell_8976","CTXsp",1
"Cell_9267","CTXsp",1
"Cell_9513","CTXsp",1
"Cell_9813","CTXsp",1
"Cell_10099","CTXsp",0.999999999999999
"Cell_10273","CTXsp",1
"Cell_11516","CTXsp",1
"Cell_11697","CTXsp",1
"Cell_11923","CTXsp",1
"Cell_13691","CTXsp",1
"Cell_14713","CTXsp",1
"Cell_15009","CTXsp",1
"Cell_15188","CTXsp",1
"Cell_15232","CTXsp",1
"Cell_15359","CTXsp",1
"Cell_15835","CTXsp",1
"Cell_16432","CTXsp",1
"Cell_17161","CTXsp",1
"Cell_17293","CTXsp",1
"Cell_17709","CTXsp",1
"Cell_17817","CTXsp",1
"Cell_17930","CTXsp",1
"Cell_18421","CTXsp",1
"Cell_19664","CTXsp",1
"Cell_20495","CTXsp",1
"Cell_20717","CTXsp",1
"Cell_20839","CTXsp",1
"Cell_21630","CTXsp",1
"Cell_22457","CTXsp",1
"Cell_23026","CTXsp",1
"Cell_23377","CTXsp",1
"Cell_23436","CTXsp",1
"Cell_24670","CTXsp",1
"Cell_25576","CTXsp",1
"Cell_26006","CTXsp",1
"Cell_26342","CTXsp",1
"Cell_27308","CTXsp",1
"Cell_27525","CTXsp",1
"Cell_27908","CTXsp",1
"Cell_29227","CTXsp",1
"Cell_30514","CTXsp",1
"Cell_31109","CTXsp",1
"Cell_32465","CTXsp",1
"Cell_32623","CTXsp",1
"Cell_33874","CTXsp",1
"Cell_33979","CTXsp",1
"Cell_35298","CTXsp",1
"Cell_36919","CTXsp",1
"Cell_38079","CTXsp",1
"Cell_41029","CTXsp",1
"Cell_41240","CTXsp",1
"Cell_41370","CTXsp",1
"Cell_41375","CTXsp",1
"Cell_42580","CTXsp",1
"Cell_42741","CTXsp",1
"Cell_42836","CTXsp",1
"Cell_43047","CTXsp",1
"Cell_43353","CTXsp",1
"Cell_43362","CTXsp",1
"Cell_43473","CTXsp",1
"Cell_43650","CTXsp",0.9911615852823
"Cell_43980","CTXsp",1
"Cell_44670","CTXsp",1
"Cell_45032","CTXsp",1
"Cell_18174","CTXsp",1
"Cell_13182","CTXsp",1
"Cell_32731","CTXsp",1
"Cell_810","CTXsp",1
"Cell_1641","CTXsp",1
"Cell_3010","CTXsp",1
"Cell_5083","CTXsp",1
"Cell_18108","CTXsp",1
"Cell_19549","CTXsp",1
"Cell_28043","CTXsp",1
"Cell_40590","CTXsp",1
"Cell_42074","CTXsp",1
"Cell_5573","CTXsp",1
"Cell_9101","CTXsp",1
"Cell_13502","CTXsp",1
"Cell_7042","CTXsp",1
"Cell_5955","CTXsp",1
"Cell_5722","CTXsp",1
"Cell_19489","CTXsp",1
"Cell_22427","CTXsp",1
"Cell_22900","CTXsp",1
"Cell_25697","CTXsp",1
"Cell_30866","CTXsp",1
"Cell_31528","CTXsp",1
"Cell_45054","CTXsp",1
"Cell_1234","CTXsp",1
"Cell_16050","CTXsp",1
"Cell_26756","CTXsp",1
"Cell_9688","CTXsp",1
"Cell_14992","CTXsp",1
"Cell_30594","CTXsp",1
"Cell_49","DMHp",1
"Cell_3115","DMHp",1
"Cell_5987","DMHp",1
"Cell_13505","DMHp",0.999999999999999
"Cell_15905","DMHp",1
"Cell_26008","DMHp",1
"Cell_29780","DMHp",1
"Cell_30171","DMHp",1
"Cell_30960","DMHp",1
"Cell_32003","DMHp",1
"Cell_33061","DMHp",1
"Cell_34942","DMHp",1
"Cell_35899","DMHp",1
"Cell_36494","DMHp",1
"Cell_41263","DMHp",0.994377851267285
"Cell_41606","DMHp",1
"Cell_43520","DMHp",1
"Cell_45085","DMHp",1
"Cell_45226","DMHp",1
"Cell_3275","DMHp",1
"Cell_15555","DMHp",1
"Cell_16685","DMHp",1
"Cell_18106","DMHp",1
"Cell_19660","DMHp",1
"Cell_36982","DMHp",1
"Cell_42179","DMHp",1
"Cell_2269","DMHp",1
"Cell_2407","DMHp",0.999992842966328
"Cell_7084","DMHp",1
"Cell_8289","DMHp",1
"Cell_9571","DMHp",1
"Cell_12130","DMHp",1
"Cell_13822","DMHp",1
"Cell_18481","DMHp",1
"Cell_23194","DMHp",0.980229711133206
"Cell_23785","DMHp",1
"Cell_29471","DMHp",1
"Cell_31976","DMHp",1
"Cell_43422","DMHp",1
"Cell_14738","DMHp",1
"Cell_20880","DMHp",1
"Cell_39459","DMHp",1
"Cell_3167","DMHp",1
"Cell_5203","DMHp",1
"Cell_6808","DMHp",1
"Cell_6835","DMHp",1
"Cell_9526","DMHp",1
"Cell_17018","DMHp",1
"Cell_17157","DMHp",1
"Cell_18360","DMHp",1
"Cell_30384","DMHp",1
"Cell_30429","DMHp",1
"Cell_30493","DMHp",1
"Cell_31632","DMHp",1
"Cell_37902","DMHp",1
"Cell_40898","DMHp",1
"Cell_3141","DMHp",0.999999999999999
"Cell_7243","DMHp",1
"Cell_8385","DMHp",1
"Cell_10515","DMHp",1
"Cell_19027","DMHp",1
"Cell_20540","DMHp",1
"Cell_23574","DMHp",1
"Cell_24176","DMHp",1
"Cell_29088","DMHp",1
"Cell_36576","DMHp",1
"Cell_39785","DMHp",1
"Cell_40413","DMHp",1
"Cell_14011","DMHp",1
"Cell_21496","DMHp",1
"Cell_31548","DMHp",1
"Cell_2682","DMHp",1
"Cell_2812","DMHp",1
"Cell_8887","DMHp",1
"Cell_10593","DMHp",1
"Cell_12974","DMHp",1
"Cell_17214","DMHp",0.999999999999999
"Cell_18492","DMHp",1
"Cell_19071","DMHp",1
"Cell_21229","DMHp",0.99999925284228
"Cell_22394","DMHp",0.995104900812715
"Cell_24534","DMHp",1
"Cell_26302","DMHp",1
"Cell_27456","DMHp",1
"Cell_28682","DMHp",1
"Cell_29330","DMHp",1
"Cell_33254","DMHp",0.979146594924428
"Cell_34788","DMHp",1
"Cell_37282","DMHp",1
"Cell_37740","DMHp",1
"Cell_39147","DMHp",1
"Cell_39691","DMHp",1
"Cell_41553","DMHp",1
"Cell_43228","DMHp",1
"Cell_43970","DMHp",1
"Cell_45268","DMHp",1
"Cell_3560","DMHp",1
"Cell_7312","DMHp",1
"Cell_9562","DMHp",1
"Cell_15103","DMHp",1
"Cell_24201","DMHp",1
"Cell_35963","DMHp",1
"Cell_39945","DMHp",1
"Cell_871","DMHp",1
"Cell_10495","DMHp",1
"Cell_37551","DMHp",1
"Cell_37705","DMHp",0.986914284634219
"Cell_42155","DMHp",1
"Cell_16621","DMHp",1
"Cell_137","VMHc",1
"Cell_1749","VMHc",1
"Cell_3220","VMHc",1
"Cell_6040","VMHc",1
"Cell_6058","VMHc",1
"Cell_6786","VMHc",0.990590042297323
"Cell_7115","VMHc",1
"Cell_7839","VMHc",1
"Cell_8566","VMHc",1
"Cell_9324","VMHc",1
"Cell_12298","VMHc",1
"Cell_12407","VMHc",1
"Cell_14551","VMHc",1
"Cell_14581","VMHc",1
"Cell_14618","VMHc",1
"Cell_14728","VMHc",1
"Cell_14804","VMHc",1
"Cell_16202","VMHc",1
"Cell_16488","VMHc",1
"Cell_16644","VMHc",1
"Cell_18542","VMHc",1
"Cell_18620","VMHc",1
"Cell_19275","VMHc",1
"Cell_20080","VMHc",1
"Cell_22861","VMHc",1
"Cell_23313","VMHc",1
"Cell_24057","VMHc",1
"Cell_24164","VMHc",1
"Cell_24254","VMHc",1
"Cell_24259","VMHc",1
"Cell_24338","VMHc",0.991725562303936
"Cell_24750","VMHc",1
"Cell_25631","VMHc",1
"Cell_26361","VMHc",1
"Cell_26789","VMHc",1
"Cell_28816","VMHc",1
"Cell_28851","VMHc",1
"Cell_29303","VMHc",1
"Cell_29583","VMHc",1
"Cell_29666","VMHc",0.964242197972606
"Cell_29849","VMHc",1
"Cell_36924","VMHc",1
"Cell_37014","VMHc",1
"Cell_41391","VMHc",1
"Cell_41648","VMHc",1
"Cell_43254","VMHc",1
"Cell_43581","VMHc",1
"Cell_43956","VMHc",1
"Cell_4044","VMHc",1
"Cell_5151","VMHc",1
"Cell_5780","VMHc",1
"Cell_6725","VMHc",1
"Cell_8826","VMHc",1
"Cell_8828","VMHc",1
"Cell_10414","VMHc",1
"Cell_10843","VMHc",1
"Cell_10875","VMHc",1
"Cell_13619","VMHc",1
"Cell_14377","VMHc",1
"Cell_14851","VMHc",1
"Cell_15020","VMHc",1
"Cell_20692","VMHc",1
"Cell_20747","VMHc",1
"Cell_21231","VMHc",1
"Cell_24363","VMHc",1
"Cell_24754","VMHc",1
"Cell_25688","VMHc",1
"Cell_25828","VMHc",1
"Cell_27624","VMHc",1
"Cell_30724","VMHc",1
"Cell_31536","VMHc",1
"Cell_31890","VMHc",1
"Cell_37911","VMHc",1
"Cell_43286","VMHc",1
"Cell_472","VMHc",1
"Cell_950","VMHc",1
"Cell_1190","VMHc",1
"Cell_2141","VMHc",1
"Cell_3029","VMHc",1
"Cell_3086","VMHc",0.994709810456549
"Cell_3114","VMHc",1
"Cell_5984","VMHc",1
"Cell_7168","VMHc",1
"Cell_7511","VMHc",1
"Cell_8026","VMHc",1
"Cell_8311","VMHc",0.999999999999999
"Cell_8534","VMHc",1
"Cell_8653","VMHc",1
"Cell_8753","VMHc",1
"Cell_9769","VMHc",1
"Cell_9882","VMHc",1
"Cell_11096","VMHc",1
"Cell_12808","VMHc",1
"Cell_12936","VMHc",1
"Cell_13183","VMHc",1
"Cell_16346","VMHc",1
"Cell_16660","VMHc",1
"Cell_18510","VMHc",0.995772019240825
"Cell_19203","VMHc",1
"Cell_19623","VMHc",1
"Cell_21238","VMHc",1
"Cell_21823","VMHc",1
"Cell_22400","VMHc",1
"Cell_23112","VMHc",1
"Cell_23251","VMHc",1
"Cell_23470","VMHc",1
"Cell_23554","VMHc",1
"Cell_25029","VMHc",1
"Cell_28027","VMHc",1
"Cell_28541","VMHc",1
"Cell_35937","VMHc",1
"Cell_36641","VMHc",1
"Cell_36672","VMHc",1
"Cell_37409","VMHc",1
"Cell_39397","VMHc",1
"Cell_42012","VMHc",1
"Cell_42299","VMHc",1
"Cell_42384","VMHc",1
"Cell_43611","VMHc",1
"Cell_43845","VMHc",0.999999999999999
"Cell_44105","VMHc",1
"Cell_44856","VMHc",1
"Cell_579","VMHc",1
"Cell_1332","VMHc",1
"Cell_3105","VMHc",1
"Cell_3639","VMHc",0.999999999999999
"Cell_3810","VMHc",1
"Cell_3989","VMHc",1
"Cell_4557","VMHc",1
"Cell_4637","VMHc",1
"Cell_5458","VMHc",1
"Cell_8236","VMHc",1
"Cell_8272","VMHc",1
"Cell_8863","VMHc",0.998976396412664
"Cell_8905","VMHc",1
"Cell_11897","VMHc",1
"Cell_11899","VMHc",1
"Cell_12325","VMHc",1
"Cell_12586","VMHc",1
"Cell_14715","VMHc",1
"Cell_14956","VMHc",1
"Cell_15449","VMHc",1
"Cell_15780","VMHc",1
"Cell_16971","VMHc",1
"Cell_17484","VMHc",1
"Cell_18706","VMHc",1
"Cell_20921","VMHc",1
"Cell_22364","VMHc",1
"Cell_22408","VMHc",1
"Cell_22833","VMHc",1
"Cell_23083","VMHc",1
"Cell_23264","VMHc",1
"Cell_26198","VMHc",1
"Cell_26508","VMHc",1
"Cell_28054","VMHc",1
"Cell_28962","VMHc",1
"Cell_29479","VMHc",1
"Cell_30314","VMHc",1
"Cell_30502","VMHc",1
"Cell_30806","VMHc",1
"Cell_32357","VMHc",1
"Cell_32621","VMHc",1
"Cell_33726","VMHc",0.972898867540318
"Cell_34109","VMHc",1
"Cell_34190","VMHc",1
"Cell_35064","VMHc",0.987059332483459
"Cell_35378","VMHc",1
"Cell_36952","VMHc",1
"Cell_40690","VMHc",1
"Cell_41007","VMHc",1
"Cell_41104","VMHc",1
"Cell_43188","VMHc",1
"Cell_44540","VMHc",1
"Cell_2667","VMHc",1
"Cell_36630","VMHc",1
"Cell_37366","VMHc",1
"Cell_12700","VMHc",1
"Cell_1288","VMHc",1
"Cell_1979","VMHc",1
"Cell_15299","VMHc",1
"Cell_26146","VMHc",1
"Cell_27331","VMHc",1
"Cell_28641","VMHc",1
"Cell_34814","VMHc",1
"Cell_37484","VMHc",1
"Cell_38858","VMHc",1
"Cell_192","VMHc",1
"Cell_509","VMHc",1
"Cell_1325","VMHc",1
"Cell_1655","VMHc",1
"Cell_1719","VMHc",1
"Cell_2379","VMHc",1
"Cell_2833","VMHc",1
"Cell_3199","VMHc",1
"Cell_3277","VMHc",1
"Cell_3594","VMHc",0.999999999999999
"Cell_3898","VMHc",1
"Cell_4128","VMHc",1
"Cell_4192","VMHc",1
"Cell_4248","VMHc",1
"Cell_4822","VMHc",1
"Cell_5245","VMHc",1
"Cell_5311","VMHc",1
"Cell_5504","VMHc",1
"Cell_5602","VMHc",1
"Cell_6238","VMHc",1
"Cell_6773","VMHc",1
"Cell_6928","VMHc",1
"Cell_7301","VMHc",1
"Cell_8297","VMHc",1
"Cell_8362","VMHc",1
"Cell_8780","VMHc",1
"Cell_8806","VMHc",1
"Cell_9360","VMHc",1
"Cell_9492","VMHc",1
"Cell_9494","VMHc",1
"Cell_9549","VMHc",1
"Cell_9570","VMHc",1
"Cell_9687","VMHc",1
"Cell_9792","VMHc",1
"Cell_9910","VMHc",1
"Cell_10012","VMHc",0.999999999999999
"Cell_10044","VMHc",1
"Cell_10233","VMHc",1
"Cell_10311","VMHc",1
"Cell_10490","VMHc",1
"Cell_10659","VMHc",1
"Cell_10737","VMHc",1
"Cell_11384","VMHc",1
"Cell_11441","VMHc",1
"Cell_11757","VMHc",1
"Cell_12345","VMHc",0.999999999999999
"Cell_12705","VMHc",1
"Cell_13179","VMHc",1
"Cell_13683","VMHc",1
"Cell_13890","VMHc",1
"Cell_14857","VMHc",1
"Cell_15315","VMHc",1
"Cell_16020","VMHc",1
"Cell_16357","VMHc",0.954295695966019
"Cell_16394","VMHc",1
"Cell_16481","VMHc",1
"Cell_17587","VMHc",1
"Cell_17819","VMHc",1
"Cell_17926","VMHc",1
"Cell_18068","VMHc",1
"Cell_18113","VMHc",1
"Cell_18396","VMHc",1
"Cell_18655","VMHc",1
"Cell_19026","VMHc",1
"Cell_19116","VMHc",1
"Cell_19446","VMHc",1
"Cell_19486","VMHc",1
"Cell_19694","VMHc",1
"Cell_19705","VMHc",1
"Cell_19886","VMHc",1
"Cell_20083","VMHc",1
"Cell_20146","VMHc",1
"Cell_20441","VMHc",1
"Cell_20625","VMHc",1
"Cell_20825","VMHc",1
"Cell_21452","VMHc",1
"Cell_21795","VMHc",1
"Cell_22100","VMHc",1
"Cell_22659","VMHc",1
"Cell_22980","VMHc",1
"Cell_23108","VMHc",0.998675730385905
"Cell_23801","VMHc",0.968455181459546
"Cell_24003","VMHc",1
"Cell_24064","VMHc",1
"Cell_24080","VMHc",0.999966424510944
"Cell_25159","VMHc",1
"Cell_25233","VMHc",1
"Cell_25934","VMHc",1
"Cell_26137","VMHc",1
"Cell_26628","VMHc",1
"Cell_27002","VMHc",1
"Cell_27117","VMHc",1
"Cell_27130","VMHc",1
"Cell_27496","VMHc",1
"Cell_28674","VMHc",1
"Cell_28737","VMHc",1
"Cell_28946","VMHc",1
"Cell_29297","VMHc",1
"Cell_29419","VMHc",1
"Cell_29475","VMHc",1
"Cell_29635","VMHc",1
"Cell_29814","VMHc",1
"Cell_30211","VMHc",1
"Cell_30726","VMHc",1
"Cell_30979","VMHc",0.999999999999999
"Cell_31216","VMHc",1
"Cell_31358","VMHc",1
"Cell_32114","VMHc",1
"Cell_32164","VMHc",1
"Cell_32419","VMHc",1
"Cell_32715","VMHc",1
"Cell_32881","VMHc",1
"Cell_33092","VMHc",1
"Cell_33469","VMHc",0.999737768711665
"Cell_33524","VMHc",1
"Cell_33877","VMHc",1
"Cell_33981","VMHc",1
"Cell_34015","VMHc",1
"Cell_34434","VMHc",1
"Cell_35473","VMHc",1
"Cell_35788","VMHc",1
"Cell_35877","VMHc",1
"Cell_36217","VMHc",1
"Cell_36279","VMHc",1
"Cell_36571","VMHc",1
"Cell_37191","VMHc",1
"Cell_37230","VMHc",1
"Cell_37504","VMHc",1
"Cell_37597","VMHc",1
"Cell_37844","VMHc",1
"Cell_38024","VMHc",1
"Cell_38488","VMHc",1
"Cell_38698","VMHc",1
"Cell_38893","VMHc",1
"Cell_39140","VMHc",1
"Cell_39530","VMHc",1
"Cell_40187","VMHc",1
"Cell_40316","VMHc",1
"Cell_40679","VMHc",1
"Cell_41145","VMHc",1
"Cell_41453","VMHc",1
"Cell_42513","VMHc",1
"Cell_42900","VMHc",1
"Cell_42993","VMHc",1
"Cell_43886","VMHc",1
"Cell_44967","VMHc",1
"Cell_571","VMHc",1
"Cell_1409","VMHc",1
"Cell_2848","VMHc",1
"Cell_2865","VMHc",1
"Cell_3330","VMHc",1
"Cell_3547","VMHc",1
"Cell_4662","VMHc",1
"Cell_5889","VMHc",1
"Cell_5971","VMHc",1
"Cell_6252","VMHc",1
"Cell_7549","VMHc",1
"Cell_8336","VMHc",1
"Cell_8630","VMHc",1
"Cell_8798","VMHc",1
"Cell_9618","VMHc",1
"Cell_10641","VMHc",1
"Cell_10703","VMHc",1
"Cell_11506","VMHc",1
"Cell_12301","VMHc",1
"Cell_14174","VMHc",1
"Cell_14468","VMHc",1
"Cell_15180","VMHc",1
"Cell_15802","VMHc",1
"Cell_16145","VMHc",1
"Cell_17058","VMHc",1
"Cell_18184","VMHc",1
"Cell_18259","VMHc",1
"Cell_18674","VMHc",1
"Cell_18821","VMHc",1
"Cell_19359","VMHc",0.997367900970261
"Cell_20970","VMHc",1
"Cell_21468","VMHc",1
"Cell_21670","VMHc",1
"Cell_21770","VMHc",1
"Cell_21834","VMHc",1
"Cell_24185","VMHc",1
"Cell_25861","VMHc",1
"Cell_26596","VMHc",1
"Cell_27541","VMHc",0.999999999999999
"Cell_28259","VMHc",1
"Cell_29024","VMHc",1
"Cell_29125","VMHc",1
"Cell_29633","VMHc",1
"Cell_30694","VMHc",1
"Cell_30802","VMHc",1
"Cell_33321","VMHc",1
"Cell_34909","VMHc",1
"Cell_35542","VMHc",1
"Cell_36620","VMHc",1
"Cell_36842","VMHc",1
"Cell_37144","VMHc",1
"Cell_40308","VMHc",1
"Cell_40473","VMHc",1
"Cell_41119","VMHc",1
"Cell_41605","VMHc",1
"Cell_42185","VMHc",1
"Cell_42693","VMHc",1
"Cell_43389","VMHc",1
"Cell_44723","VMHc",1
"Cell_44799","VMHc",1
"Cell_9112","VMHc",1
"Cell_20470","VMHc",1
"Cell_27044","VMHc",0.954945101070892
"Cell_39634","VMHc",1
"Cell_43939","VMHc",1
"Cell_25202","VMHc",1
"Cell_12573","VMHc",1
"Cell_14579","VMHc",1
"Cell_12526","VMHc",1
"Cell_31414","VMHc",1
"Cell_43329","VMHc",1
"Cell_27911","VMHc",1
"Cell_18683","VMHc",1
"Cell_45273","VMHc",1
"Cell_173","LHA",1
"Cell_1016","LHA",1
"Cell_1573","LHA",1
"Cell_1697","LHA",1
"Cell_2404","LHA",1
"Cell_2481","LHA",0.999999999999999
"Cell_2634","LHA",1
"Cell_2760","LHA",1
"Cell_2923","LHA",1
"Cell_3052","LHA",1
"Cell_3084","LHA",1
"Cell_4253","LHA",1
"Cell_4517","LHA",1
"Cell_4677","LHA",1
"Cell_4740","LHA",1
"Cell_5006","LHA",1
"Cell_5176","LHA",1
"Cell_5773","LHA",1
"Cell_5818","LHA",1
"Cell_6690","LHA",1
"Cell_8285","LHA",1
"Cell_8728","LHA",0.974370497940042
"Cell_8766","LHA",1
"Cell_8932","LHA",1
"Cell_9935","LHA",1
"Cell_9958","LHA",1
"Cell_11440","LHA",1
"Cell_11908","LHA",1
"Cell_12682","LHA",1
"Cell_13567","LHA",1
"Cell_13791","LHA",1
"Cell_13981","LHA",1
"Cell_13983","LHA",0.999999999999999
"Cell_14484","LHA",1
"Cell_15072","LHA",1
"Cell_15325","LHA",1
"Cell_15453","LHA",1
"Cell_15935","LHA",1
"Cell_16735","LHA",1
"Cell_17147","LHA",1
"Cell_17485","LHA",1
"Cell_17686","LHA",1
"Cell_17715","LHA",1
"Cell_18827","LHA",1
"Cell_18926","LHA",1
"Cell_20575","LHA",1
"Cell_20791","LHA",1
"Cell_20888","LHA",1
"Cell_21084","LHA",1
"Cell_21665","LHA",1
"Cell_21830","LHA",1
"Cell_22073","LHA",1
"Cell_22264","LHA",1
"Cell_23290","LHA",1
"Cell_23558","LHA",1
"Cell_23602","LHA",1
"Cell_23816","LHA",1
"Cell_25170","LHA",1
"Cell_25452","LHA",1
"Cell_26329","LHA",1
"Cell_26896","LHA",1
"Cell_26963","LHA",1
"Cell_27463","LHA",1
"Cell_27505","LHA",1
"Cell_27857","LHA",1
"Cell_27957","LHA",1
"Cell_27984","LHA",1
"Cell_28462","LHA",1
"Cell_29056","LHA",1
"Cell_29113","LHA",1
"Cell_29155","LHA",1
"Cell_29210","LHA",1
"Cell_29239","LHA",1
"Cell_29448","LHA",1
"Cell_30564","LHA",1
"Cell_31331","LHA",1
"Cell_31715","LHA",1
"Cell_32790","LHA",1
"Cell_32817","LHA",1
"Cell_33060","LHA",1
"Cell_33151","LHA",1
"Cell_33277","LHA",1
"Cell_33657","LHA",1
"Cell_33943","LHA",1
"Cell_34056","LHA",1
"Cell_34486","LHA",1
"Cell_37076","LHA",1
"Cell_37765","LHA",1
"Cell_38197","LHA",1
"Cell_38457","LHA",1
"Cell_38730","LHA",1
"Cell_38991","LHA",1
"Cell_39474","LHA",1
"Cell_40193","LHA",1
"Cell_40562","LHA",1
"Cell_40756","LHA",1
"Cell_40982","LHA",1
"Cell_41760","LHA",1
"Cell_41804","LHA",1
"Cell_42156","LHA",1
"Cell_42703","LHA",1
"Cell_42819","LHA",1
"Cell_42861","LHA",1
"Cell_43314","LHA",1
"Cell_43373","LHA",1
"Cell_43654","LHA",1
"Cell_44015","LHA",1
"Cell_44269","LHA",1
"Cell_44447","LHA",1
"Cell_44671","LHA",0.999999999999999
"Cell_55","LHA",1
"Cell_640","LHA",1
"Cell_980","LHA",1
"Cell_2945","LHA",1
"Cell_6459","LHA",1
"Cell_6762","LHA",1
"Cell_7571","LHA",1
"Cell_9568","LHA",1
"Cell_10404","LHA",1
"Cell_10423","LHA",0.961440435344561
"Cell_11129","LHA",1
"Cell_11415","LHA",1
"Cell_12465","LHA",1
"Cell_12887","LHA",1
"Cell_13706","LHA",1
"Cell_14075","LHA",1
"Cell_15251","LHA",1
"Cell_15975","LHA",1
"Cell_17608","LHA",1
"Cell_18873","LHA",1
"Cell_18975","LHA",1
"Cell_19122","LHA",1
"Cell_19915","LHA",1
"Cell_19945","LHA",1
"Cell_21400","LHA",1
"Cell_22041","LHA",0.999999999999999
"Cell_23050","LHA",0.999999999999999
"Cell_23051","LHA",1
"Cell_23429","LHA",1
"Cell_24281","LHA",1
"Cell_24959","LHA",1
"Cell_25016","LHA",1
"Cell_26092","LHA",1
"Cell_28062","LHA",1
"Cell_28716","LHA",1
"Cell_30378","LHA",1
"Cell_30663","LHA",1
"Cell_31053","LHA",1
"Cell_31635","LHA",1
"Cell_31988","LHA",1
"Cell_33002","LHA",1
"Cell_33659","LHA",1
"Cell_34157","LHA",1
"Cell_34253","LHA",1
"Cell_34302","LHA",1
"Cell_34664","LHA",1
"Cell_34689","LHA",1
"Cell_35213","LHA",0.999696508875431
"Cell_35392","LHA",1
"Cell_35495","LHA",1
"Cell_36291","LHA",1
"Cell_36591","LHA",1
"Cell_37165","LHA",1
"Cell_37531","LHA",1
"Cell_38789","LHA",0.999999999999999
"Cell_39056","LHA",1
"Cell_39057","LHA",1
"Cell_39623","LHA",1
"Cell_40279","LHA",1
"Cell_40474","LHA",1
"Cell_42451","LHA",1
"Cell_43715","LHA",1
"Cell_44069","LHA",1
"Cell_410","LHA",1
"Cell_413","LHA",1
"Cell_1250","LHA",1
"Cell_1721","LHA",1
"Cell_1819","LHA",1
"Cell_1830","LHA",1
"Cell_1910","LHA",1
"Cell_2122","LHA",1
"Cell_2467","LHA",1
"Cell_2680","LHA",1
"Cell_2717","LHA",1
"Cell_3333","LHA",1
"Cell_4122","LHA",1
"Cell_4149","LHA",1
"Cell_5421","LHA",1
"Cell_7676","LHA",1
"Cell_7713","LHA",1
"Cell_8194","LHA",1
"Cell_8280","LHA",1
"Cell_8339","LHA",1
"Cell_8558","LHA",1
"Cell_8886","LHA",1
"Cell_8922","LHA",1
"Cell_9289","LHA",1
"Cell_9356","LHA",1
"Cell_9726","LHA",1
"Cell_10221","LHA",1
"Cell_11568","LHA",1
"Cell_11909","LHA",1
"Cell_12343","LHA",1
"Cell_12527","LHA",1
"Cell_12589","LHA",1
"Cell_12842","LHA",0.999999999999999
"Cell_13254","LHA",1
"Cell_13275","LHA",1
"Cell_13643","LHA",1
"Cell_14047","LHA",1
"Cell_14739","LHA",1
"Cell_14867","LHA",1
"Cell_15049","LHA",1
"Cell_15084","LHA",1
"Cell_15099","LHA",1
"Cell_15648","LHA",1
"Cell_16444","LHA",1
"Cell_16668","LHA",1
"Cell_17059","LHA",1
"Cell_17548","LHA",1
"Cell_18088","LHA",1
"Cell_18198","LHA",0.99906190290709
"Cell_18239","LHA",1
"Cell_18428","LHA",1
"Cell_18461","LHA",1
"Cell_18780","LHA",1
"Cell_19280","LHA",1
"Cell_19345","LHA",1
"Cell_20058","LHA",1
"Cell_20112","LHA",1
"Cell_20439","LHA",1
"Cell_20465","LHA",1
"Cell_20998","LHA",1
"Cell_21088","LHA",1
"Cell_21281","LHA",1
"Cell_21558","LHA",1
"Cell_21942","LHA",1
"Cell_22186","LHA",1
"Cell_22203","LHA",1
"Cell_22376","LHA",1
"Cell_23016","LHA",1
"Cell_23136","LHA",1
"Cell_23218","LHA",1
"Cell_23512","LHA",1
"Cell_24424","LHA",1
"Cell_24830","LHA",1
"Cell_24881","LHA",1
"Cell_25182","LHA",1
"Cell_25685","LHA",1
"Cell_25774","LHA",1
"Cell_26174","LHA",0.977102917203274
"Cell_26870","LHA",1
"Cell_26871","LHA",1
"Cell_26943","LHA",0.999999999999999
"Cell_28134","LHA",0.999999999999999
"Cell_28250","LHA",0.999999999999999
"Cell_28351","LHA",1
"Cell_29314","LHA",1
"Cell_29416","LHA",1
"Cell_29980","LHA",1
"Cell_30167","LHA",1
"Cell_30250","LHA",1
"Cell_30293","LHA",1
"Cell_32477","LHA",1
"Cell_32592","LHA",1
"Cell_32643","LHA",1
"Cell_32887","LHA",1
"Cell_33067","LHA",1
"Cell_33425","LHA",1
"Cell_34509","LHA",0.999999999999999
"Cell_34771","LHA",1
"Cell_34866","LHA",1
"Cell_35130","LHA",1
"Cell_35259","LHA",1
"Cell_35347","LHA",1
"Cell_36204","LHA",1
"Cell_36406","LHA",1
"Cell_37558","LHA",1
"Cell_37704","LHA",1
"Cell_38001","LHA",1
"Cell_38193","LHA",1
"Cell_38275","LHA",1
"Cell_38471","LHA",1
"Cell_38587","LHA",1
"Cell_38657","LHA",1
"Cell_38667","LHA",1
"Cell_38884","LHA",1
"Cell_39013","LHA",1
"Cell_40247","LHA",1
"Cell_40884","LHA",1
"Cell_41519","LHA",1
"Cell_42097","LHA",1
"Cell_42099","LHA",1
"Cell_42283","LHA",1
"Cell_42701","LHA",1
"Cell_42843","LHA",1
"Cell_43295","LHA",1
"Cell_44850","LHA",1
"Cell_45174","LHA",1
"Cell_35","LHA",1
"Cell_4261","LHA",1
"Cell_4459","LHA",0.999999999999999
"Cell_13401","LHA",1
"Cell_19411","LHA",1
"Cell_20817","LHA",1
"Cell_22606","LHA",1
"Cell_23434","LHA",1
"Cell_29334","LHA",1
"Cell_35882","LHA",1
"Cell_42296","LHA",1
"Cell_5","LHA",1
"Cell_14","LHA",1
"Cell_118","LHA",1
"Cell_434","LHA",1
"Cell_832","LHA",1
"Cell_902","LHA",1
"Cell_1073","LHA",1
"Cell_1183","LHA",1
"Cell_1375","LHA",1
"Cell_1680","LHA",1
"Cell_1701","LHA",1
"Cell_1845","LHA",1
"Cell_2146","LHA",1
"Cell_2236","LHA",1
"Cell_2363","LHA",1
"Cell_4594","LHA",1
"Cell_5011","LHA",1
"Cell_5051","LHA",1
"Cell_5490","LHA",1
"Cell_6268","LHA",1
"Cell_7193","LHA",1
"Cell_7700","LHA",1
"Cell_9481","LHA",1
"Cell_9909","LHA",1
"Cell_10031","LHA",1
"Cell_11049","LHA",1
"Cell_12433","LHA",1
"Cell_12817","LHA",1
"Cell_12894","LHA",1
"Cell_13177","LHA",1
"Cell_13458","LHA",1
"Cell_13482","LHA",1
"Cell_13591","LHA",0.999999999999999
"Cell_13631","LHA",1
"Cell_13832","LHA",1
"Cell_14522","LHA",1
"Cell_14939","LHA",1
"Cell_15562","LHA",1
"Cell_15881","LHA",1
"Cell_16762","LHA",1
"Cell_16837","LHA",1
"Cell_16996","LHA",1
"Cell_17176","LHA",1
"Cell_17193","LHA",1
"Cell_17314","LHA",1
"Cell_17976","LHA",1
"Cell_18032","LHA",1
"Cell_18732","LHA",1
"Cell_19400","LHA",1
"Cell_20293","LHA",1
"Cell_20512","LHA",1
"Cell_21028","LHA",1
"Cell_21175","LHA",1
"Cell_21278","LHA",1
"Cell_21591","LHA",1
"Cell_21639","LHA",1
"Cell_22479","LHA",1
"Cell_22643","LHA",1
"Cell_22827","LHA",1
"Cell_23961","LHA",1
"Cell_23962","LHA",1
"Cell_24150","LHA",1
"Cell_25262","LHA",1
"Cell_25951","LHA",1
"Cell_26326","LHA",1
"Cell_26333","LHA",1
"Cell_27210","LHA",0.991114967136151
"Cell_27378","LHA",0.999999999999999
"Cell_27615","LHA",1
"Cell_27967","LHA",1
"Cell_28368","LHA",1
"Cell_28788","LHA",1
"Cell_28830","LHA",1
"Cell_28988","LHA",1
"Cell_29905","LHA",1
"Cell_29918","LHA",1
"Cell_31277","LHA",1
"Cell_31913","LHA",1
"Cell_31958","LHA",1
"Cell_32435","LHA",1
"Cell_32436","LHA",1
"Cell_33022","LHA",1
"Cell_35338","LHA",1
"Cell_35412","LHA",1
"Cell_35674","LHA",1
"Cell_36336","LHA",1
"Cell_36670","LHA",1
"Cell_37273","LHA",1
"Cell_37881","LHA",1
"Cell_38104","LHA",1
"Cell_38685","LHA",1
"Cell_38982","LHA",1
"Cell_39018","LHA",1
"Cell_39302","LHA",1
"Cell_39384","LHA",1
"Cell_39957","LHA",1
"Cell_40120","LHA",1
"Cell_40426","LHA",1
"Cell_42067","LHA",1
"Cell_42905","LHA",1
"Cell_43381","LHA",1
"Cell_44360","LHA",1
"Cell_5542","LHA",1
"Cell_14865","LHA",1
"Cell_627","LHA",1
"Cell_2033","LHA",1
"Cell_7308","LHA",1
"Cell_7673","LHA",1
"Cell_12409","LHA",1
"Cell_15956","LHA",1
"Cell_16964","LHA",1
"Cell_17361","LHA",1
"Cell_18605","LHA",1
"Cell_20661","LHA",1
"Cell_21903","LHA",1
"Cell_23903","LHA",1
"Cell_23921","LHA",1
"Cell_35228","LHA",1
"Cell_37653","LHA",1
"Cell_37987","LHA",1
"Cell_43783","LHA",1
"Cell_1524","LHA",1
"Cell_2598","LHA",1
"Cell_2646","LHA",1
"Cell_2806","LHA",1
"Cell_3419","LHA",1
"Cell_4670","LHA",1
"Cell_7031","LHA",1
"Cell_11092","LHA",1
"Cell_12184","LHA",1
"Cell_14357","LHA",1
"Cell_17411","LHA",1
"Cell_18792","LHA",1
"Cell_20736","LHA",1
"Cell_21020","LHA",1
"Cell_21395","LHA",1
"Cell_23874","LHA",1
"Cell_24027","LHA",1
"Cell_27559","LHA",1
"Cell_34666","LHA",1
"Cell_36175","LHA",1
"Cell_41924","LHA",1
"Cell_43870","LHA",1
"Cell_45259","LHA",1
"Cell_508","LHA",1
"Cell_767","LHA",0.999999999999999
"Cell_797","LHA",1
"Cell_975","LHA",1
"Cell_1298","LHA",1
"Cell_1691","LHA",1
"Cell_1993","LHA",1
"Cell_2284","LHA",1
"Cell_3009","LHA",1
"Cell_3342","LHA",1
"Cell_3360","LHA",1
"Cell_3599","LHA",1
"Cell_3666","LHA",1
"Cell_3782","LHA",1
"Cell_3817","LHA",1
"Cell_4041","LHA",1
"Cell_4052","LHA",1
"Cell_4119","LHA",1
"Cell_4213","LHA",1
"Cell_4511","LHA",1
"Cell_4575","LHA",1
"Cell_4596","LHA",1
"Cell_4608","LHA",1
"Cell_4625","LHA",1
"Cell_4669","LHA",1
"Cell_5178","LHA",1
"Cell_5242","LHA",1
"Cell_5279","LHA",1
"Cell_5302","LHA",1
"Cell_5354","LHA",1
"Cell_5390","LHA",1
"Cell_5625","LHA",1
"Cell_5881","LHA",1
"Cell_5950","LHA",1
"Cell_6225","LHA",1
"Cell_6359","LHA",0.999999999999999
"Cell_6519","LHA",1
"Cell_6521","LHA",1
"Cell_7017","LHA",1
"Cell_7041","LHA",1
"Cell_7392","LHA",1
"Cell_7414","LHA",1
"Cell_7505","LHA",0.999999999999999
"Cell_7619","LHA",1
"Cell_7664","LHA",1
"Cell_7970","LHA",1
"Cell_8239","LHA",1
"Cell_8249","LHA",1
"Cell_8273","LHA",1
"Cell_8361","LHA",1
"Cell_9329","LHA",1
"Cell_9465","LHA",1
"Cell_9604","LHA",1
"Cell_9919","LHA",1
"Cell_9981","LHA",1
"Cell_10172","LHA",1
"Cell_10382","LHA",1
"Cell_10411","LHA",1
"Cell_10566","LHA",1
"Cell_10590","LHA",1
"Cell_10688","LHA",1
"Cell_10739","LHA",1
"Cell_11340","LHA",0.999999999999999
"Cell_11424","LHA",1
"Cell_11560","LHA",1
"Cell_11592","LHA",1
"Cell_11644","LHA",1
"Cell_11751","LHA",1
"Cell_11839","LHA",1
"Cell_11873","LHA",1
"Cell_11931","LHA",1
"Cell_12004","LHA",1
"Cell_12067","LHA",1
"Cell_12454","LHA",1
"Cell_12553","LHA",1
"Cell_12642","LHA",1
"Cell_12664","LHA",1
"Cell_12740","LHA",1
"Cell_12751","LHA",1
"Cell_12809","LHA",1
"Cell_12928","LHA",1
"Cell_13407","LHA",1
"Cell_13493","LHA",1
"Cell_13571","LHA",1
"Cell_13611","LHA",1
"Cell_14070","LHA",1
"Cell_14280","LHA",1
"Cell_14568","LHA",1
"Cell_14611","LHA",1
"Cell_14632","LHA",1
"Cell_14650","LHA",1
"Cell_15011","LHA",1
"Cell_15039","LHA",1
"Cell_15309","LHA",1
"Cell_15368","LHA",1
"Cell_15399","LHA",1
"Cell_15417","LHA",1
"Cell_15452","LHA",1
"Cell_15498","LHA",1
"Cell_15622","LHA",1
"Cell_15771","LHA",1
"Cell_16135","LHA",1
"Cell_16243","LHA",1
"Cell_16290","LHA",1
"Cell_16419","LHA",1
"Cell_16479","LHA",1
"Cell_16646","LHA",1
"Cell_16704","LHA",1
"Cell_16883","LHA",1
"Cell_16945","LHA",1
"Cell_17506","LHA",1
"Cell_17971","LHA",1
"Cell_18020","LHA",1
"Cell_18045","LHA",1
"Cell_18127","LHA",1
"Cell_18203","LHA",1
"Cell_18232","LHA",1
"Cell_18346","LHA",1
"Cell_18433","LHA",1
"Cell_18657","LHA",1
"Cell_18797","LHA",1
"Cell_18940","LHA",1
"Cell_18964","LHA",1
"Cell_19052","LHA",1
"Cell_19151","LHA",1
"Cell_19309","LHA",1
"Cell_19573","LHA",1
"Cell_19663","LHA",1
"Cell_19760","LHA",1
"Cell_19834","LHA",1
"Cell_19911","LHA",1
"Cell_19969","LHA",1
"Cell_19971","LHA",1
"Cell_20039","LHA",1
"Cell_20197","LHA",1
"Cell_20547","LHA",1
"Cell_20681","LHA",1
"Cell_20803","LHA",1
"Cell_20868","LHA",1
"Cell_20982","LHA",0.972684292774018
"Cell_21269","LHA",1
"Cell_22122","LHA",0.999999999999999
"Cell_22239","LHA",1
"Cell_22334","LHA",1
"Cell_22384","LHA",1
"Cell_22706","LHA",1
"Cell_22877","LHA",1
"Cell_22903","LHA",1
"Cell_22928","LHA",1
"Cell_23110","LHA",1
"Cell_23392","LHA",0.999999999999999
"Cell_23975","LHA",1
"Cell_24320","LHA",1
"Cell_24546","LHA",1
"Cell_24714","LHA",1
"Cell_25153","LHA",1
"Cell_25161","LHA",1
"Cell_25280","LHA",1
"Cell_25488","LHA",1
"Cell_25680","LHA",1
"Cell_26044","LHA",1
"Cell_26085","LHA",1
"Cell_26127","LHA",1
"Cell_26217","LHA",1
"Cell_26510","LHA",1
"Cell_26619","LHA",1
"Cell_26669","LHA",1
"Cell_26716","LHA",1
"Cell_26786","LHA",1
"Cell_26820","LHA",1
"Cell_27050","LHA",1
"Cell_27090","LHA",1
"Cell_27231","LHA",1
"Cell_27241","LHA",1
"Cell_27294","LHA",1
"Cell_27385","LHA",1
"Cell_27429","LHA",1
"Cell_27602","LHA",1
"Cell_27744","LHA",1
"Cell_27989","LHA",1
"Cell_28004","LHA",1
"Cell_28010","LHA",1
"Cell_28136","LHA",1
"Cell_28189","LHA",1
"Cell_28293","LHA",1
"Cell_28321","LHA",1
"Cell_28499","LHA",1
"Cell_28504","LHA",1
"Cell_28506","LHA",1
"Cell_28553","LHA",1
"Cell_28660","LHA",1
"Cell_28714","LHA",1
"Cell_28915","LHA",1
"Cell_29042","LHA",1
"Cell_29202","LHA",1
"Cell_29248","LHA",1
"Cell_29264","LHA",1
"Cell_29640","LHA",1
"Cell_30089","LHA",1
"Cell_30265","LHA",1
"Cell_30362","LHA",1
"Cell_30400","LHA",1
"Cell_30483","LHA",1
"Cell_30530","LHA",1
"Cell_30653","LHA",1
"Cell_30721","LHA",1
"Cell_30848","LHA",1
"Cell_30936","LHA",1
"Cell_31033","LHA",1
"Cell_31151","LHA",1
"Cell_31260","LHA",1
"Cell_31579","LHA",1
"Cell_31685","LHA",1
"Cell_31893","LHA",1
"Cell_32420","LHA",1
"Cell_32452","LHA",1
"Cell_32911","LHA",1
"Cell_32913","LHA",1
"Cell_33158","LHA",1
"Cell_33441","LHA",1
"Cell_33475","LHA",1
"Cell_33653","LHA",1
"Cell_34014","LHA",1
"Cell_34016","LHA",1
"Cell_34082","LHA",1
"Cell_34178","LHA",1
"Cell_34422","LHA",1
"Cell_34494","LHA",1
"Cell_34525","LHA",0.999999999999999
"Cell_35264","LHA",1
"Cell_35367","LHA",1
"Cell_35498","LHA",1
"Cell_35572","LHA",1
"Cell_35663","LHA",1
"Cell_35719","LHA",1
"Cell_35731","LHA",1
"Cell_35802","LHA",1
"Cell_36002","LHA",1
"Cell_36262","LHA",1
"Cell_36300","LHA",1
"Cell_36390","LHA",1
"Cell_36477","LHA",1
"Cell_36552","LHA",1
"Cell_36644","LHA",1
"Cell_36962","LHA",0.991457045973284
"Cell_37032","LHA",1
"Cell_37044","LHA",1
"Cell_37685","LHA",1
"Cell_37774","LHA",1
"Cell_37802","LHA",1
"Cell_37857","LHA",1
"Cell_38349","LHA",0.998798439178816
"Cell_38380","LHA",1
"Cell_38470","LHA",1
"Cell_38585","LHA",1
"Cell_38720","LHA",1
"Cell_38757","LHA",1
"Cell_38786","LHA",1
"Cell_38889","LHA",1
"Cell_38932","LHA",0.999999999999999
"Cell_39402","LHA",1
"Cell_39520","LHA",0.999999999999999
"Cell_39668","LHA",1
"Cell_39750","LHA",1
"Cell_40097","LHA",1
"Cell_40159","LHA",1
"Cell_40360","LHA",1
"Cell_40377","LHA",1
"Cell_40383","LHA",1
"Cell_40611","LHA",1
"Cell_40863","LHA",1
"Cell_41082","LHA",1
"Cell_41088","LHA",1
"Cell_41150","LHA",1
"Cell_41447","LHA",1
"Cell_41478","LHA",1
"Cell_41661","LHA",1
"Cell_41678","LHA",1
"Cell_41752","LHA",1
"Cell_42173","LHA",1
"Cell_42286","LHA",1
"Cell_42287","LHA",1
"Cell_42365","LHA",1
"Cell_42602","LHA",1
"Cell_42608","LHA",1
"Cell_42609","LHA",1
"Cell_42828","LHA",0.999999999999999
"Cell_43082","LHA",1
"Cell_43229","LHA",1
"Cell_43402","LHA",1
"Cell_43436","LHA",1
"Cell_43570","LHA",1
"Cell_43620","LHA",1
"Cell_43818","LHA",1
"Cell_44281","LHA",1
"Cell_44351","LHA",1
"Cell_44488","LHA",1
"Cell_44543","LHA",1
"Cell_44588","LHA",1
"Cell_44593","LHA",1
"Cell_44622","LHA",1
"Cell_44739","LHA",0.999999999999999
"Cell_44788","LHA",1
"Cell_143","LHA",1
"Cell_254","LHA",1
"Cell_461","LHA",1
"Cell_481","LHA",1
"Cell_615","LHA",1
"Cell_646","LHA",1
"Cell_680","LHA",1
"Cell_688","LHA",1
"Cell_913","LHA",1
"Cell_914","LHA",1
"Cell_1350","LHA",1
"Cell_1769","LHA",1
"Cell_2092","LHA",1
"Cell_2278","LHA",1
"Cell_2583","LHA",1
"Cell_2666","LHA",1
"Cell_2727","LHA",1
"Cell_2736","LHA",1
"Cell_2747","LHA",1
"Cell_3249","LHA",1
"Cell_3422","LHA",1
"Cell_3861","LHA",1
"Cell_3940","LHA",1
"Cell_4187","LHA",1
"Cell_4288","LHA",1
"Cell_4485","LHA",1
"Cell_4654","LHA",1
"Cell_4704","LHA",1
"Cell_4733","LHA",1
"Cell_4769","LHA",1
"Cell_4820","LHA",1
"Cell_4905","LHA",1
"Cell_5044","LHA",1
"Cell_5286","LHA",1
"Cell_5320","LHA",1
"Cell_5429","LHA",1
"Cell_5521","LHA",1
"Cell_5797","LHA",1
"Cell_6090","LHA",1
"Cell_6559","LHA",1
"Cell_7048","LHA",1
"Cell_7177","LHA",1
"Cell_7592","LHA",1
"Cell_7610","LHA",1
"Cell_7773","LHA",1
"Cell_7817","LHA",1
"Cell_7940","LHA",1
"Cell_8115","LHA",1
"Cell_8222","LHA",1
"Cell_8843","LHA",1
"Cell_9011","LHA",1
"Cell_9030","LHA",1
"Cell_9084","LHA",1
"Cell_9200","LHA",1
"Cell_9417","LHA",1
"Cell_9559","LHA",1
"Cell_9673","LHA",0.963070388127423
"Cell_10407","LHA",1
"Cell_11093","LHA",1
"Cell_11453","LHA",1
"Cell_11503","LHA",1
"Cell_11515","LHA",1
"Cell_11557","LHA",1
"Cell_11739","LHA",1
"Cell_11796","LHA",1
"Cell_11924","LHA",1
"Cell_12047","LHA",1
"Cell_12265","LHA",1
"Cell_12459","LHA",1
"Cell_12602","LHA",1
"Cell_12673","LHA",1
"Cell_13264","LHA",1
"Cell_13284","LHA",1
"Cell_13639","LHA",1
"Cell_13792","LHA",1
"Cell_13956","LHA",1
"Cell_13968","LHA",1
"Cell_14243","LHA",1
"Cell_14253","LHA",1
"Cell_14289","LHA",1
"Cell_14415","LHA",1
"Cell_14518","LHA",1
"Cell_14881","LHA",1
"Cell_15207","LHA",1
"Cell_15238","LHA",1
"Cell_15265","LHA",1
"Cell_15295","LHA",1
"Cell_15369","LHA",1
"Cell_15457","LHA",1
"Cell_15963","LHA",1
"Cell_16264","LHA",1
"Cell_16310","LHA",1
"Cell_16453","LHA",1
"Cell_16494","LHA",1
"Cell_17248","LHA",1
"Cell_17998","LHA",1
"Cell_18077","LHA",0.999999999999999
"Cell_18798","LHA",1
"Cell_19093","LHA",1
"Cell_19108","LHA",1
"Cell_19152","LHA",1
"Cell_19470","LHA",1
"Cell_19476","LHA",1
"Cell_19648","LHA",1
"Cell_19838","LHA",1
"Cell_19869","LHA",0.971251255375004
"Cell_20049","LHA",1
"Cell_20204","LHA",1
"Cell_20255","LHA",1
"Cell_20324","LHA",1
"Cell_20401","LHA",1
"Cell_20744","LHA",1
"Cell_21033","LHA",1
"Cell_21068","LHA",1
"Cell_21249","LHA",1
"Cell_21309","LHA",1
"Cell_21555","LHA",1
"Cell_21668","LHA",1
"Cell_21725","LHA",1
"Cell_21735","LHA",1
"Cell_21771","LHA",1
"Cell_21912","LHA",1
"Cell_22226","LHA",1
"Cell_22229","LHA",1
"Cell_22490","LHA",1
"Cell_22658","LHA",1
"Cell_22949","LHA",1
"Cell_23198","LHA",1
"Cell_23275","LHA",1
"Cell_23303","LHA",1
"Cell_23501","LHA",1
"Cell_23621","LHA",1
"Cell_23849","LHA",1
"Cell_24267","LHA",1
"Cell_24364","LHA",1
"Cell_24515","LHA",1
"Cell_24582","LHA",1
"Cell_24638","LHA",0.999999999999999
"Cell_24835","LHA",0.999999999999999
"Cell_25223","LHA",1
"Cell_25377","LHA",1
"Cell_25628","LHA",1
"Cell_25749","LHA",1
"Cell_25808","LHA",1
"Cell_26007","LHA",1
"Cell_26330","LHA",1
"Cell_26606","LHA",1
"Cell_26624","LHA",1
"Cell_26651","LHA",1
"Cell_26749","LHA",1
"Cell_26807","LHA",1
"Cell_26993","LHA",1
"Cell_27198","LHA",1
"Cell_27523","LHA",1
"Cell_27549","LHA",1
"Cell_27816","LHA",1
"Cell_27853","LHA",1
"Cell_28328","LHA",1
"Cell_28490","LHA",1
"Cell_28562","LHA",1
"Cell_28584","LHA",1
"Cell_28661","LHA",1
"Cell_28677","LHA",1
"Cell_28741","LHA",1
"Cell_28801","LHA",1
"Cell_29129","LHA",1
"Cell_29466","LHA",1
"Cell_29521","LHA",1
"Cell_29552","LHA",1
"Cell_29603","LHA",1
"Cell_29744","LHA",1
"Cell_29781","LHA",1
"Cell_29924","LHA",1
"Cell_30086","LHA",1
"Cell_30101","LHA",1
"Cell_30165","LHA",1
"Cell_30206","LHA",1
"Cell_30361","LHA",0.999999999999999
"Cell_30875","LHA",1
"Cell_31245","LHA",1
"Cell_31286","LHA",1
"Cell_31377","LHA",1
"Cell_31420","LHA",1
"Cell_31570","LHA",1
"Cell_32055","LHA",1
"Cell_32101","LHA",1
"Cell_32126","LHA",1
"Cell_32491","LHA",1
"Cell_32775","LHA",1
"Cell_32793","LHA",1
"Cell_32796","LHA",1
"Cell_33420","LHA",1
"Cell_33460","LHA",1
"Cell_33805","LHA",1
"Cell_33963","LHA",1
"Cell_34746","LHA",1
"Cell_34975","LHA",0.994985709205881
"Cell_35083","LHA",1
"Cell_35363","LHA",1
"Cell_35387","LHA",1
"Cell_35506","LHA",1
"Cell_35863","LHA",1
"Cell_36054","LHA",1
"Cell_36096","LHA",1
"Cell_36109","LHA",1
"Cell_36150","LHA",1
"Cell_36302","LHA",1
"Cell_36426","LHA",1
"Cell_36439","LHA",1
"Cell_36463","LHA",1
"Cell_36647","LHA",1
"Cell_36675","LHA",1
"Cell_36837","LHA",1
"Cell_37003","LHA",1
"Cell_37150","LHA",1
"Cell_37782","LHA",1
"Cell_38059","LHA",1
"Cell_38364","LHA",1
"Cell_38465","LHA",1
"Cell_38712","LHA",1
"Cell_38954","LHA",1
"Cell_39006","LHA",1
"Cell_39356","LHA",1
"Cell_39361","LHA",1
"Cell_39541","LHA",1
"Cell_39951","LHA",1
"Cell_39967","LHA",1
"Cell_39992","LHA",1
"Cell_40057","LHA",1
"Cell_40241","LHA",1
"Cell_40282","LHA",1
"Cell_40428","LHA",1
"Cell_40464","LHA",1
"Cell_40568","LHA",1
"Cell_40866","LHA",1
"Cell_40929","LHA",1
"Cell_41244","LHA",1
"Cell_41623","LHA",1
"Cell_41728","LHA",0.999999999999999
"Cell_42077","LHA",0.988165255474829
"Cell_42123","LHA",1
"Cell_42297","LHA",1
"Cell_42622","LHA",1
"Cell_42639","LHA",1
"Cell_42687","LHA",1
"Cell_42939","LHA",1
"Cell_43038","LHA",1
"Cell_43060","LHA",1
"Cell_43168","LHA",1
"Cell_43454","LHA",1
"Cell_43610","LHA",1
"Cell_43690","LHA",1
"Cell_43732","LHA",1
"Cell_43782","LHA",1
"Cell_43960","LHA",1
"Cell_44002","LHA",1
"Cell_44188","LHA",1
"Cell_44265","LHA",0.999988911916726
"Cell_44596","LHA",1
"Cell_44704","LHA",1
"Cell_44903","LHA",1
"Cell_45197","LHA",1
"Cell_45204","LHA",1
"Cell_45225","LHA",1
"Cell_45231","LHA",1
"Cell_35110","LHA",1
"Cell_31","LHA",1
"Cell_5274","LHA",1
"Cell_9365","LHA",1
"Cell_9441","LHA",1
"Cell_9793","LHA",1
"Cell_11144","LHA",1
"Cell_11342","LHA",1
"Cell_11693","LHA",1
"Cell_13775","LHA",1
"Cell_21113","LHA",1
"Cell_21286","LHA",0.999999999999999
"Cell_22728","LHA",1
"Cell_26656","LHA",1
"Cell_28862","LHA",1
"Cell_31200","LHA",1
"Cell_34164","LHA",1
"Cell_35622","LHA",1
"Cell_37216","LHA",1
"Cell_39428","LHA",1
"Cell_40969","LHA",1
"Cell_44509","LHA",1
"Cell_44751","LHA",1
"Cell_44777","LHA",0.964473653694907
"Cell_44636","LHA",1
"Cell_892","LHA",1
"Cell_4750","LHA",1
"Cell_4853","LHA",1
"Cell_3248","LHA",1
"Cell_4465","LHA",1
"Cell_14902","LHA",1
"Cell_15836","LHA",1
"Cell_16058","LHA",1
"Cell_17032","LHA",1
"Cell_19661","LHA",1
"Cell_25022","LHA",1
"Cell_25457","LHA",1
"Cell_25463","LHA",1
"Cell_26411","LHA",1
"Cell_27390","LHA",1
"Cell_27616","LHA",1
"Cell_29553","LHA",1
"Cell_29821","LHA",1
"Cell_31329","LHA",1
"Cell_31520","LHA",1
"Cell_32051","LHA",1
"Cell_32309","LHA",1
"Cell_37332","LHA",1
"Cell_38393","LHA",1
"Cell_41486","LHA",1
"Cell_43798","LHA",1
"Cell_44249","LHA",1
"Cell_218","LHA",1
"Cell_772","LHA",1
"Cell_1370","LHA",1
"Cell_3155","LHA",1
"Cell_4232","LHA",1
"Cell_5530","LHA",1
"Cell_7409","LHA",0.999999999999999
"Cell_8206","LHA",1
"Cell_9461","LHA",1
"Cell_9702","LHA",1
"Cell_10667","LHA",1
"Cell_10745","LHA",1
"Cell_12241","LHA",0.999999999999999
"Cell_12717","LHA",1
"Cell_13574","LHA",1
"Cell_13584","LHA",1
"Cell_14445","LHA",1
"Cell_15087","LHA",1
"Cell_16824","LHA",1
"Cell_17393","LHA",1
"Cell_17428","LHA",1
"Cell_18499","LHA",1
"Cell_19008","LHA",1
"Cell_19831","LHA",1
"Cell_20524","LHA",1
"Cell_21047","LHA",1
"Cell_21190","LHA",1
"Cell_21227","LHA",1
"Cell_22267","LHA",1
"Cell_22398","LHA",1
"Cell_22472","LHA",1
"Cell_23522","LHA",1
"Cell_24401","LHA",1
"Cell_24614","LHA",1
"Cell_25806","LHA",1
"Cell_26465","LHA",1
"Cell_26467","LHA",1
"Cell_26801","LHA",1
"Cell_27228","LHA",1
"Cell_27919","LHA",1
"Cell_29406","LHA",1
"Cell_29729","LHA",1
"Cell_31437","LHA",1
"Cell_31441","LHA",1
"Cell_31469","LHA",1
"Cell_32122","LHA",1
"Cell_33009","LHA",1
"Cell_33610","LHA",1
"Cell_35286","LHA",0.999999999999999
"Cell_35894","LHA",1
"Cell_35917","LHA",1
"Cell_36127","LHA",1
"Cell_37048","LHA",1
"Cell_37388","LHA",1
"Cell_37875","LHA",1
"Cell_38805","LHA",1
"Cell_39497","LHA",1
"Cell_39510","LHA",1
"Cell_39595","LHA",1
"Cell_39639","LHA",0.999999999999999
"Cell_40362","LHA",1
"Cell_40436","LHA",1
"Cell_41412","LHA",1
"Cell_42350","LHA",1
"Cell_42689","LHA",1
"Cell_42727","LHA",0.999801663877817
"Cell_42764","LHA",0.999999999999999
"Cell_43643","LHA",1
"Cell_43759","LHA",1
"Cell_44052","LHA",1
"Cell_44453","LHA",1
"Cell_19533","LHA",1
"Cell_35321","LHA",1
"Cell_27994","LHA",1
"Cell_30939","LHA",0.987863279159431
"Cell_19857","LHA",0.973203162920519
"Cell_3654","LHA",1
"Cell_4745","LHA",1
"Cell_10541","LHA",1
"Cell_13785","LHA",1
"Cell_21827","LHA",1
"Cell_22722","LHA",1
"Cell_27975","LHA",1
"Cell_34918","LHA",1
"Cell_21304","LHA",1
"Cell_36356","LHA",1
"Cell_36543","LHA",1
"Cell_18236","LHA",1
"Cell_4807","LHA",1
"Cell_21343","LHA",1
"Cell_21884","LHA",1
"Cell_22952","LHA",1
"Cell_36366","LHA",1
"Cell_37377","LHA",1
"Cell_43950","LHA",1
"Cell_14231","LHA",1
"Cell_2444","LHA",1
"Cell_2712","LHA",1
"Cell_2817","LHA",1
"Cell_23636","LHA",1
"Cell_43340","LHA",1
"Cell_185","DMHa",1
"Cell_1280","DMHa",1
"Cell_2104","DMHa",1
"Cell_2649","DMHa",1
"Cell_2651","DMHa",1
"Cell_3161","DMHa",1
"Cell_5128","DMHa",1
"Cell_7727","DMHa",1
"Cell_8617","DMHa",1
"Cell_10222","DMHa",1
"Cell_10603","DMHa",1
"Cell_12499","DMHa",1
"Cell_15355","DMHa",1
"Cell_16386","DMHa",1
"Cell_16408","DMHa",1
"Cell_17811","DMHa",1
"Cell_18341","DMHa",1
"Cell_19967","DMHa",0.997746391726388
"Cell_20298","DMHa",1
"Cell_22582","DMHa",1
"Cell_22899","DMHa",0.963850167607216
"Cell_23828","DMHa",1
"Cell_24465","DMHa",1
"Cell_24859","DMHa",1
"Cell_26533","DMHa",0.999999999999999
"Cell_26877","DMHa",1
"Cell_27118","DMHa",1
"Cell_28606","DMHa",1
"Cell_29988","DMHa",1
"Cell_30270","DMHa",0.976702715545298
"Cell_30717","DMHa",1
"Cell_30764","DMHa",1
"Cell_31948","DMHa",1
"Cell_32142","DMHa",1
"Cell_32479","DMHa",1
"Cell_32619","DMHa",1
"Cell_33777","DMHa",1
"Cell_34071","DMHa",1
"Cell_34712","DMHa",1
"Cell_35334","DMHa",1
"Cell_36583","DMHa",1
"Cell_37080","DMHa",1
"Cell_37869","DMHa",1
"Cell_38347","DMHa",1
"Cell_40958","DMHa",1
"Cell_42988","DMHa",1
"Cell_43162","DMHa",1
"Cell_43480","DMHa",1
"Cell_44106","DMHa",1
"Cell_45097","DMHa",1
"Cell_851","DMHa",1
"Cell_1551","DMHa",1
"Cell_1968","DMHa",1
"Cell_6627","DMHa",1
"Cell_9299","DMHa",1
"Cell_10066","DMHa",1
"Cell_10409","DMHa",1
"Cell_11224","DMHa",1
"Cell_11792","DMHa",1
"Cell_14118","DMHa",1
"Cell_16902","DMHa",1
"Cell_17394","DMHa",1
"Cell_17497","DMHa",1
"Cell_18325","DMHa",1
"Cell_18742","DMHa",0.958195033418597
"Cell_21207","DMHa",1
"Cell_22152","DMHa",1
"Cell_25519","DMHa",1
"Cell_25597","DMHa",1
"Cell_27595","DMHa",1
"Cell_29420","DMHa",1
"Cell_29455","DMHa",1
"Cell_31503","DMHa",1
"Cell_31564","DMHa",1
"Cell_34384","DMHa",1
"Cell_36662","DMHa",1
"Cell_41803","DMHa",1
"Cell_42752","DMHa",1
"Cell_2491","DMHa",1
"Cell_2757","DMHa",1
"Cell_2824","DMHa",1
"Cell_2992","DMHa",1
"Cell_3062","DMHa",1
"Cell_3122","DMHa",1
"Cell_3408","DMHa",1
"Cell_3745","DMHa",1
"Cell_4404","DMHa",0.994483925991667
"Cell_4528","DMHa",1
"Cell_5650","DMHa",1
"Cell_5921","DMHa",1
"Cell_6306","DMHa",1
"Cell_6388","DMHa",1
"Cell_6485","DMHa",1
"Cell_6491","DMHa",1
"Cell_6940","DMHa",1
"Cell_7178","DMHa",1
"Cell_8473","DMHa",0.999999999999999
"Cell_11526","DMHa",1
"Cell_12373","DMHa",1
"Cell_12401","DMHa",1
"Cell_12626","DMHa",1
"Cell_12746","DMHa",1
"Cell_13662","DMHa",1
"Cell_14543","DMHa",1
"Cell_14638","DMHa",1
"Cell_15240","DMHa",1
"Cell_15307","DMHa",1
"Cell_15729","DMHa",1
"Cell_16464","DMHa",1
"Cell_16648","DMHa",1
"Cell_16806","DMHa",1
"Cell_16813","DMHa",1
"Cell_17446","DMHa",1
"Cell_19485","DMHa",0.999948879555376
"Cell_20596","DMHa",1
"Cell_20665","DMHa",1
"Cell_20667","DMHa",1
"Cell_20766","DMHa",1
"Cell_21075","DMHa",1
"Cell_21305","DMHa",1
"Cell_21529","DMHa",1
"Cell_21783","DMHa",1
"Cell_22291","DMHa",1
"Cell_22733","DMHa",0.999999999999999
"Cell_23166","DMHa",1
"Cell_23500","DMHa",1
"Cell_24620","DMHa",1
"Cell_25201","DMHa",1
"Cell_26620","DMHa",1
"Cell_28192","DMHa",1
"Cell_30195","DMHa",1
"Cell_30889","DMHa",1
"Cell_32110","DMHa",1
"Cell_34989","DMHa",1
"Cell_35636","DMHa",1
"Cell_36686","DMHa",1
"Cell_37176","DMHa",1
"Cell_38066","DMHa",1
"Cell_38916","DMHa",1
"Cell_39017","DMHa",1
"Cell_39261","DMHa",1
"Cell_40287","DMHa",1
"Cell_41272","DMHa",1
"Cell_41783","DMHa",1
"Cell_42040","DMHa",1
"Cell_42271","DMHa",1
"Cell_42500","DMHa",1
"Cell_44043","DMHa",1
"Cell_44134","DMHa",1
"Cell_44195","DMHa",1
"Cell_44884","DMHa",1
"Cell_2681","DMHa",1
"Cell_2827","DMHa",1
"Cell_33098","DMHa",1
"Cell_78","DMHa",1
"Cell_136","DMHa",1
"Cell_183","DMHa",1
"Cell_924","DMHa",1
"Cell_2435","DMHa",1
"Cell_3311","DMHa",1
"Cell_4139","DMHa",1
"Cell_4955","DMHa",1
"Cell_5619","DMHa",0.999999999999999
"Cell_6891","DMHa",1
"Cell_7190","DMHa",1
"Cell_7521","DMHa",1
"Cell_7653","DMHa",1
"Cell_7842","DMHa",1
"Cell_7907","DMHa",1
"Cell_9152","DMHa",1
"Cell_9235","DMHa",1
"Cell_9872","DMHa",1
"Cell_10278","DMHa",1
"Cell_12378","DMHa",1
"Cell_12439","DMHa",1
"Cell_13747","DMHa",1
"Cell_13842","DMHa",1
"Cell_14131","DMHa",0.999999999999999
"Cell_14937","DMHa",1
"Cell_15579","DMHa",1
"Cell_15957","DMHa",1
"Cell_15959","DMHa",1
"Cell_16200","DMHa",1
"Cell_16980","DMHa",1
"Cell_17460","DMHa",1
"Cell_17584","DMHa",1
"Cell_17664","DMHa",1
"Cell_18000","DMHa",1
"Cell_18126","DMHa",1
"Cell_18445","DMHa",0.996790006574549
"Cell_19094","DMHa",1
"Cell_19809","DMHa",1
"Cell_22044","DMHa",1
"Cell_22170","DMHa",1
"Cell_22348","DMHa",0.999999999999999
"Cell_24335","DMHa",1
"Cell_25133","DMHa",1
"Cell_25297","DMHa",1
"Cell_25814","DMHa",1
"Cell_26011","DMHa",1
"Cell_26397","DMHa",1
"Cell_26460","DMHa",1
"Cell_27927","DMHa",1
"Cell_28450","DMHa",1
"Cell_29779","DMHa",1
"Cell_29810","DMHa",1
"Cell_30197","DMHa",1
"Cell_30268","DMHa",1
"Cell_30887","DMHa",1
"Cell_31591","DMHa",1
"Cell_31643","DMHa",1
"Cell_31995","DMHa",1
"Cell_32063","DMHa",1
"Cell_33200","DMHa",1
"Cell_33210","DMHa",1
"Cell_34199","DMHa",1
"Cell_36223","DMHa",1
"Cell_36826","DMHa",1
"Cell_38828","DMHa",1
"Cell_39383","DMHa",1
"Cell_40143","DMHa",1
"Cell_40441","DMHa",0.999999999999999
"Cell_41125","DMHa",1
"Cell_43401","DMHa",1
"Cell_43947","DMHa",1
"Cell_12623","DMHa",1
"Cell_22482","DMHa",1
"Cell_23701","DMHa",1
"Cell_31222","DMHa",1
"Cell_37429","DMHa",1
"Cell_114","DMHa",1
"Cell_443","DMHa",1
"Cell_2663","DMHa",1
"Cell_3074","DMHa",1
"Cell_4663","DMHa",1
"Cell_19797","DMHa",1
"Cell_19950","DMHa",0.999999999999999
"Cell_30815","DMHa",1
"Cell_30928","DMHa",1
"Cell_32846","DMHa",1
"Cell_41893","DMHa",1
"Cell_42112","DMHa",0.999718188065893
"Cell_44553","DMHa",1
"Cell_565","DMHa",1
"Cell_5699","DMHa",1
"Cell_9754","DMHa",1
"Cell_12667","DMHa",1
"Cell_14376","DMHa",0.985956615441985
"Cell_24206","DMHa",1
"Cell_27263","DMHa",1
"Cell_35227","DMHa",1
"Cell_35487","DMHa",1
"Cell_37951","DMHa",1
"Cell_38595","DMHa",1
"Cell_40395","DMHa",1
"Cell_41036","DMHa",1
"Cell_41333","DMHa",1
"Cell_41991","DMHa",1
"Cell_42483","DMHa",1
"Cell_42909","DMHa",1
"Cell_44020","DMHa",1
"Cell_6","DMHa",1
"Cell_37","DMHa",0.969111546967742
"Cell_94","DMHa",0.99666336193295
"Cell_543","DMHa",1
"Cell_605","DMHa",1
"Cell_791","DMHa",1
"Cell_1311","DMHa",1
"Cell_1449","DMHa",1
"Cell_1934","DMHa",1
"Cell_2333","DMHa",1
"Cell_2439","DMHa",1
"Cell_2659","DMHa",1
"Cell_2813","DMHa",1
"Cell_2816","DMHa",1
"Cell_2882","DMHa",1
"Cell_3013","DMHa",1
"Cell_3043","DMHa",1
"Cell_3413","DMHa",1
"Cell_3504","DMHa",1
"Cell_3687","DMHa",1
"Cell_3837","DMHa",1
"Cell_3959","DMHa",1
"Cell_4160","DMHa",1
"Cell_4487","DMHa",1
"Cell_5819","DMHa",1
"Cell_7004","DMHa",1
"Cell_7154","DMHa",1
"Cell_7163","DMHa",1
"Cell_7614","DMHa",1
"Cell_7648","DMHa",1
"Cell_8163","DMHa",1
"Cell_8443","DMHa",1
"Cell_8824","DMHa",1
"Cell_9757","DMHa",1
"Cell_9836","DMHa",1
"Cell_10274","DMHa",1
"Cell_10968","DMHa",1
"Cell_11106","DMHa",1
"Cell_11138","DMHa",1
"Cell_11233","DMHa",1
"Cell_11376","DMHa",1
"Cell_11457","DMHa",1
"Cell_11979","DMHa",1
"Cell_11990","DMHa",1
"Cell_12195","DMHa",1
"Cell_12933","DMHa",1
"Cell_13024","DMHa",1
"Cell_13267","DMHa",1
"Cell_13730","DMHa",1
"Cell_13771","DMHa",1
"Cell_14199","DMHa",1
"Cell_14323","DMHa",1
"Cell_14369","DMHa",1
"Cell_14425","DMHa",1
"Cell_14799","DMHa",1
"Cell_14964","DMHa",1
"Cell_16032","DMHa",1
"Cell_16330","DMHa",1
"Cell_17534","DMHa",1
"Cell_17723","DMHa",1
"Cell_17744","DMHa",1
"Cell_18749","DMHa",1
"Cell_19412","DMHa",1
"Cell_19621","DMHa",1
"Cell_20160","DMHa",1
"Cell_20191","DMHa",1
"Cell_20591","DMHa",0.979045145803061
"Cell_20843","DMHa",1
"Cell_21438","DMHa",1
"Cell_22504","DMHa",1
"Cell_22584","DMHa",1
"Cell_22745","DMHa",1
"Cell_22801","DMHa",1
"Cell_23006","DMHa",1
"Cell_23038","DMHa",1
"Cell_23122","DMHa",1
"Cell_23147","DMHa",1
"Cell_23373","DMHa",1
"Cell_24075","DMHa",1
"Cell_24333","DMHa",1
"Cell_24644","DMHa",1
"Cell_25060","DMHa",1
"Cell_25134","DMHa",1
"Cell_25157","DMHa",1
"Cell_25196","DMHa",1
"Cell_26197","DMHa",1
"Cell_26215","DMHa",1
"Cell_26777","DMHa",1
"Cell_27576","DMHa",1
"Cell_27690","DMHa",1
"Cell_27767","DMHa",0.999090888275645
"Cell_27960","DMHa",1
"Cell_28580","DMHa",1
"Cell_28843","DMHa",1
"Cell_29324","DMHa",1
"Cell_29537","DMHa",1
"Cell_30233","DMHa",1
"Cell_30602","DMHa",1
"Cell_31440","DMHa",1
"Cell_31521","DMHa",1
"Cell_32129","DMHa",1
"Cell_32752","DMHa",1
"Cell_33021","DMHa",1
"Cell_33698","DMHa",0.968226165720262
"Cell_33779","DMHa",1
"Cell_33857","DMHa",1
"Cell_34108","DMHa",1
"Cell_34134","DMHa",1
"Cell_34533","DMHa",1
"Cell_34553","DMHa",1
"Cell_34567","DMHa",1
"Cell_35282","DMHa",1
"Cell_35407","DMHa",1
"Cell_36346","DMHa",0.999999999999999
"Cell_36481","DMHa",1
"Cell_36497","DMHa",1
"Cell_36510","DMHa",1
"Cell_36708","DMHa",1
"Cell_36808","DMHa",1
"Cell_37222","DMHa",1
"Cell_37450","DMHa",1
"Cell_37760","DMHa",1
"Cell_37890","DMHa",0.961477402628194
"Cell_37919","DMHa",1
"Cell_39064","DMHa",1
"Cell_39132","DMHa",1
"Cell_39495","DMHa",1
"Cell_41051","DMHa",1
"Cell_41330","DMHa",1
"Cell_41530","DMHa",1
"Cell_41626","DMHa",1
"Cell_42292","DMHa",1
"Cell_42574","DMHa",1
"Cell_43547","DMHa",1
"Cell_43946","DMHa",1
"Cell_44530","DMHa",1
"Cell_44570","DMHa",1
"Cell_44940","DMHa",1
"Cell_45071","DMHa",1
"Cell_45160","DMHa",1
"Cell_45177","DMHa",1
"Cell_45207","DMHa",1
"Cell_45241","DMHa",1
"Cell_511","DMHa",1
"Cell_1750","DMHa",1
"Cell_1861","DMHa",1
"Cell_2279","DMHa",0.999999999999999
"Cell_3719","DMHa",1
"Cell_3733","DMHa",0.999999999999999
"Cell_4220","DMHa",1
"Cell_5667","DMHa",1
"Cell_6742","DMHa",1
"Cell_6894","DMHa",1
"Cell_7094","DMHa",1
"Cell_7299","DMHa",1
"Cell_7725","DMHa",1
"Cell_8052","DMHa",1
"Cell_8060","DMHa",1
"Cell_8409","DMHa",1
"Cell_8626","DMHa",1
"Cell_10008","DMHa",0.999999999999999
"Cell_11590","DMHa",1
"Cell_12603","DMHa",1
"Cell_12788","DMHa",1
"Cell_13056","DMHa",1
"Cell_13072","DMHa",1
"Cell_13525","DMHa",1
"Cell_14657","DMHa",1
"Cell_14893","DMHa",1
"Cell_15126","DMHa",1
"Cell_15169","DMHa",1
"Cell_15174","DMHa",1
"Cell_16309","DMHa",1
"Cell_17417","DMHa",1
"Cell_17623","DMHa",1
"Cell_17838","DMHa",1
"Cell_19049","DMHa",1
"Cell_19144","DMHa",1
"Cell_19190","DMHa",1
"Cell_19219","DMHa",1
"Cell_20273","DMHa",1
"Cell_20291","DMHa",1
"Cell_20805","DMHa",1
"Cell_21260","DMHa",1
"Cell_21747","DMHa",1
"Cell_22248","DMHa",1
"Cell_23405","DMHa",1
"Cell_25079","DMHa",0.999999999999999
"Cell_25581","DMHa",1
"Cell_27319","DMHa",1
"Cell_27336","DMHa",1
"Cell_28263","DMHa",1
"Cell_28514","DMHa",1
"Cell_28930","DMHa",1
"Cell_29649","DMHa",1
"Cell_32808","DMHa",0.999999999999999
"Cell_34117","DMHa",1
"Cell_34791","DMHa",1
"Cell_35361","DMHa",1
"Cell_35390","DMHa",1
"Cell_35511","DMHa",1
"Cell_36725","DMHa",1
"Cell_37346","DMHa",0.95167508372242
"Cell_39575","DMHa",1
"Cell_40114","DMHa",1
"Cell_41524","DMHa",1
"Cell_41836","DMHa",1
"Cell_42039","DMHa",1
"Cell_42583","DMHa",1
"Cell_43085","DMHa",1
"Cell_43779","DMHa",1
"Cell_1413","DMHa",1
"Cell_21276","DMHa",1
"Cell_17054","DMHa",1
"Cell_39446","DMHa",1
"Cell_13473","DMHa",1
"Cell_21250","DMHa",1
"Cell_27741","DMHa",1
"Cell_29736","DMHa",1
"Cell_39996","DMHa",1
"Cell_43059","DMHa",1
"Cell_45043","DMHa",1
"Cell_5505","DMHa",1
"Cell_14255","DMHa",1
"Cell_15496","DMHa",1
"Cell_20077","DMHa",1
"Cell_22898","DMHa",1
"Cell_25793","DMHa",1
"Cell_7348","DMHa",1
"Cell_37046","DMHa",1
"Cell_37835","DMHa",1
"Cell_227","Isocortex",1
"Cell_19150","Isocortex",1
"Cell_19804","Isocortex",1
"Cell_14674","Isocortex",1
"Cell_23584","Isocortex",1
"Cell_25780","Isocortex",1
"Cell_30283","Isocortex",1
"Cell_30444","Isocortex",1
"Cell_11906","Isocortex",1
"Cell_8546","Isocortex",1
"Cell_31929","Isocortex",1
"Cell_9574","Isocortex",1
"Cell_11001","Isocortex",1
"Cell_25483","Isocortex",1
"Cell_15192","Isocortex",1
"Cell_15538","Isocortex",1
"Cell_16240","Isocortex",1
"Cell_16297","Isocortex",1
"Cell_18425","Isocortex",1
"Cell_18503","Isocortex",0.952285170368434
"Cell_26821","Isocortex",1
"Cell_30191","Isocortex",1
"Cell_33891","Isocortex",1
"Cell_40256","Isocortex",1
"Cell_43705","Isocortex",1
"Cell_15660","Isocortex",1
"Cell_21675","Isocortex",1
"Cell_21954","Isocortex",1
"Cell_22580","Isocortex",1
"Cell_31376","Isocortex",0.961665113857127
"Cell_36642","Isocortex",1
"Cell_40021","Isocortex",1
"Cell_43931","Isocortex",1
"Cell_44944","Isocortex",1
"Cell_3825","Isocortex",1
"Cell_10090","Isocortex",1
"Cell_43392","Isocortex",1
"Cell_14153","Isocortex",1
"Cell_14387","Isocortex",1
"Cell_25102","Isocortex",1
"Cell_35667","Isocortex",1
"Cell_45010","Isocortex",1
"Cell_255","Isocortex",1
"Cell_3212","Isocortex",1
"Cell_11485","Isocortex",1
"Cell_14147","Isocortex",1
"Cell_14493","Isocortex",1
"Cell_20490","Isocortex",1
"Cell_24208","Isocortex",1
"Cell_25286","Isocortex",1
"Cell_28119","Isocortex",1
"Cell_40909","Isocortex",1
"Cell_12235","Isocortex",1
"Cell_12722","Isocortex",1
"Cell_17854","Isocortex",1
"Cell_20267","Isocortex",1
"Cell_43048","Isocortex",1
"Cell_4901","Isocortex",1
"Cell_14002","Isocortex",1
"Cell_14622","Isocortex",1
"Cell_15536","Isocortex",1
"Cell_16044","Isocortex",1
"Cell_17067","Isocortex",1
"Cell_18636","Isocortex",1
"Cell_18897","Isocortex",1
"Cell_20703","Isocortex",1
"Cell_21401","Isocortex",1
"Cell_22312","Isocortex",1
"Cell_24205","Isocortex",1
"Cell_24759","Isocortex",1
"Cell_24877","Isocortex",1
"Cell_25987","Isocortex",1
"Cell_26637","Isocortex",1
"Cell_27245","Isocortex",1
"Cell_27790","Isocortex",1
"Cell_28592","Isocortex",1
"Cell_29593","Isocortex",1
"Cell_29720","Isocortex",1
"Cell_30399","Isocortex",1
"Cell_31502","Isocortex",1
"Cell_33834","Isocortex",1
"Cell_35911","Isocortex",1
"Cell_37741","Isocortex",1
"Cell_37799","Isocortex",1
"Cell_38795","Isocortex",1
"Cell_39715","Isocortex",1
"Cell_41355","Isocortex",1
"Cell_1039","Isocortex",1
"Cell_4942","Isocortex",1
"Cell_17858","Isocortex",1
"Cell_39134","Isocortex",1
"Cell_159","Isocortex",1
"Cell_840","Isocortex",1
"Cell_3914","Isocortex",1
"Cell_5112","Isocortex",1
"Cell_5198","Isocortex",1
"Cell_7114","Isocortex",1
"Cell_7478","Isocortex",1
"Cell_9902","Isocortex",1
"Cell_15184","Isocortex",1
"Cell_15861","Isocortex",1
"Cell_15983","Isocortex",1
"Cell_19794","Isocortex",1
"Cell_20971","Isocortex",1
"Cell_21107","Isocortex",1
"Cell_21543","Isocortex",1
"Cell_22456","Isocortex",1
"Cell_24547","Isocortex",1
"Cell_28460","Isocortex",1
"Cell_29754","Isocortex",1
"Cell_35956","Isocortex",1
"Cell_38736","Isocortex",1
"Cell_42267","Isocortex",1
"Cell_42441","Isocortex",1
"Cell_12579","Isocortex",1
"Cell_12949","Isocortex",1
"Cell_7401","Isocortex",1
"Cell_22109","Isocortex",1
"Cell_99","Isocortex",1
"Cell_986","Isocortex",1
"Cell_1181","Isocortex",1
"Cell_1786","Isocortex",1
"Cell_1918","Isocortex",1
"Cell_2701","Isocortex",0.996402696937872
"Cell_2706","Isocortex",1
"Cell_2804","Isocortex",1
"Cell_3195","Isocortex",1
"Cell_3997","Isocortex",1
"Cell_4088","Isocortex",1
"Cell_4908","Isocortex",1
"Cell_4948","Isocortex",1
"Cell_5683","Isocortex",1
"Cell_5693","Isocortex",1
"Cell_6295","Isocortex",1
"Cell_7684","Isocortex",1
"Cell_7745","Isocortex",1
"Cell_8935","Isocortex",1
"Cell_8955","Isocortex",1
"Cell_9609","Isocortex",1
"Cell_10661","Isocortex",1
"Cell_10891","Isocortex",1
"Cell_11024","Isocortex",1
"Cell_11833","Isocortex",1
"Cell_12911","Isocortex",1
"Cell_13364","Isocortex",1
"Cell_13456","Isocortex",1
"Cell_13742","Isocortex",1
"Cell_14515","Isocortex",1
"Cell_15602","Isocortex",1
"Cell_15909","Isocortex",1
"Cell_16194","Isocortex",1
"Cell_16295","Isocortex",1
"Cell_16602","Isocortex",1
"Cell_16791","Isocortex",1
"Cell_17382","Isocortex",1
"Cell_18550","Isocortex",1
"Cell_18892","Isocortex",0.999999999999999
"Cell_19715","Isocortex",1
"Cell_19810","Isocortex",1
"Cell_20332","Isocortex",1
"Cell_20837","Isocortex",1
"Cell_21183","Isocortex",1
"Cell_21609","Isocortex",1
"Cell_22083","Isocortex",0.999999999999999
"Cell_22298","Isocortex",1
"Cell_22337","Isocortex",1
"Cell_22421","Isocortex",1
"Cell_23656","Isocortex",1
"Cell_23836","Isocortex",1
"Cell_24014","Isocortex",1
"Cell_24301","Isocortex",1
"Cell_25027","Isocortex",1
"Cell_25118","Isocortex",1
"Cell_25941","Isocortex",1
"Cell_26439","Isocortex",1
"Cell_26466","Isocortex",1
"Cell_26540","Isocortex",1
"Cell_26773","Isocortex",1
"Cell_27413","Isocortex",1
"Cell_28183","Isocortex",1
"Cell_28687","Isocortex",1
"Cell_28724","Isocortex",1
"Cell_28933","Isocortex",1
"Cell_29897","Isocortex",1
"Cell_30319","Isocortex",1
"Cell_30843","Isocortex",1
"Cell_30874","Isocortex",1
"Cell_31724","Isocortex",0.999999999999999
"Cell_31797","Isocortex",1
"Cell_32555","Isocortex",1
"Cell_32615","Isocortex",1
"Cell_32722","Isocortex",1
"Cell_33031","Isocortex",1
"Cell_33046","Isocortex",1
"Cell_33714","Isocortex",1
"Cell_34328","Isocortex",1
"Cell_34641","Isocortex",1
"Cell_34974","Isocortex",1
"Cell_36013","Isocortex",1
"Cell_36122","Isocortex",1
"Cell_36265","Isocortex",1
"Cell_36388","Isocortex",1
"Cell_36782","Isocortex",1
"Cell_36838","Isocortex",1
"Cell_36857","Isocortex",1
"Cell_37087","Isocortex",1
"Cell_37455","Isocortex",1
"Cell_37692","Isocortex",1
"Cell_39338","Isocortex",1
"Cell_40000","Isocortex",1
"Cell_41782","Isocortex",1
"Cell_41980","Isocortex",1
"Cell_43091","Isocortex",1
"Cell_44054","Isocortex",1
"Cell_44081","Isocortex",1
"Cell_44803","Isocortex",1
"Cell_45015","Isocortex",1
"Cell_45066","Isocortex",1
"Cell_45081","Isocortex",0.999999999999999
"Cell_403","Isocortex",1
"Cell_1015","Isocortex",0.995951349019348
"Cell_1136","Isocortex",1
"Cell_1229","Isocortex",1
"Cell_1644","Isocortex",1
"Cell_1779","Isocortex",1
"Cell_2078","Isocortex",0.999999999999999
"Cell_2224","Isocortex",1
"Cell_2573","Isocortex",1
"Cell_3528","Isocortex",1
"Cell_3631","Isocortex",1
"Cell_3640","Isocortex",1
"Cell_4029","Isocortex",1
"Cell_4361","Isocortex",1
"Cell_4411","Isocortex",1
"Cell_4709","Isocortex",1
"Cell_5100","Isocortex",1
"Cell_5121","Isocortex",1
"Cell_6481","Isocortex",0.999999999999999
"Cell_6487","Isocortex",1
"Cell_6565","Isocortex",1
"Cell_7601","Isocortex",1
"Cell_7649","Isocortex",1
"Cell_7668","Isocortex",1
"Cell_8238","Isocortex",1
"Cell_8342","Isocortex",1
"Cell_8581","Isocortex",1
"Cell_9083","Isocortex",0.999999999999999
"Cell_9208","Isocortex",1
"Cell_9361","Isocortex",1
"Cell_9907","Isocortex",1
"Cell_10070","Isocortex",1
"Cell_10705","Isocortex",1
"Cell_11490","Isocortex",0.999999999999999
"Cell_11582","Isocortex",1
"Cell_12312","Isocortex",1
"Cell_12539","Isocortex",1
"Cell_12814","Isocortex",1
"Cell_12922","Isocortex",0.999999999999999
"Cell_13414","Isocortex",1
"Cell_13507","Isocortex",1
"Cell_13564","Isocortex",1
"Cell_13929","Isocortex",1
"Cell_14455","Isocortex",1
"Cell_14624","Isocortex",1
"Cell_15430","Isocortex",1
"Cell_15551","Isocortex",1
"Cell_15727","Isocortex",1
"Cell_15772","Isocortex",1
"Cell_16413","Isocortex",1
"Cell_16674","Isocortex",0.999999999999999
"Cell_16768","Isocortex",1
"Cell_16844","Isocortex",1
"Cell_17183","Isocortex",1
"Cell_17691","Isocortex",1
"Cell_18021","Isocortex",0.999999999999999
"Cell_18265","Isocortex",1
"Cell_18355","Isocortex",1
"Cell_18776","Isocortex",1
"Cell_19862","Isocortex",1
"Cell_20583","Isocortex",1
"Cell_20816","Isocortex",1
"Cell_20902","Isocortex",1
"Cell_21408","Isocortex",1
"Cell_21946","Isocortex",1
"Cell_21962","Isocortex",1
"Cell_22048","Isocortex",1
"Cell_22230","Isocortex",1
"Cell_22556","Isocortex",0.953300925735534
"Cell_22680","Isocortex",1
"Cell_22867","Isocortex",1
"Cell_23044","Isocortex",1
"Cell_23579","Isocortex",0.999999999999999
"Cell_24304","Isocortex",1
"Cell_24758","Isocortex",1
"Cell_24868","Isocortex",1
"Cell_25235","Isocortex",1
"Cell_25236","Isocortex",1
"Cell_25677","Isocortex",1
"Cell_25763","Isocortex",1
"Cell_25984","Isocortex",1
"Cell_26290","Isocortex",1
"Cell_26457","Isocortex",1
"Cell_26504","Isocortex",1
"Cell_26735","Isocortex",1
"Cell_27388","Isocortex",1
"Cell_27442","Isocortex",1
"Cell_27792","Isocortex",1
"Cell_27887","Isocortex",1
"Cell_28872","Isocortex",1
"Cell_28959","Isocortex",1
"Cell_29298","Isocortex",1
"Cell_30042","Isocortex",1
"Cell_30754","Isocortex",0.999999999999999
"Cell_30840","Isocortex",1
"Cell_31138","Isocortex",1
"Cell_31453","Isocortex",1
"Cell_32150","Isocortex",1
"Cell_32654","Isocortex",1
"Cell_32710","Isocortex",1
"Cell_32768","Isocortex",1
"Cell_33095","Isocortex",1
"Cell_33146","Isocortex",1
"Cell_33645","Isocortex",1
"Cell_34064","Isocortex",1
"Cell_34485","Isocortex",1
"Cell_35423","Isocortex",1
"Cell_35808","Isocortex",1
"Cell_35880","Isocortex",1
"Cell_36519","Isocortex",1
"Cell_37094","Isocortex",1
"Cell_37493","Isocortex",1
"Cell_37858","Isocortex",1
"Cell_38130","Isocortex",1
"Cell_38236","Isocortex",1
"Cell_38485","Isocortex",1
"Cell_38494","Isocortex",1
"Cell_38772","Isocortex",1
"Cell_38796","Isocortex",1
"Cell_40391","Isocortex",1
"Cell_40702","Isocortex",1
"Cell_40979","Isocortex",1
"Cell_41699","Isocortex",1
"Cell_42051","Isocortex",1
"Cell_42083","Isocortex",1
"Cell_44479","Isocortex",1
"Cell_44763","Isocortex",1
"Cell_45257","Isocortex",1
"Cell_67","Isocortex",1
"Cell_69","Isocortex",1
"Cell_151","Isocortex",1
"Cell_153","Isocortex",1
"Cell_177","Isocortex",1
"Cell_320","Isocortex",1
"Cell_524","Isocortex",1
"Cell_606","Isocortex",1
"Cell_720","Isocortex",1
"Cell_1059","Isocortex",1
"Cell_1093","Isocortex",1
"Cell_1163","Isocortex",1
"Cell_1708","Isocortex",1
"Cell_1919","Isocortex",1
"Cell_1963","Isocortex",1
"Cell_2160","Isocortex",1
"Cell_2802","Isocortex",1
"Cell_2870","Isocortex",0.999999999999999
"Cell_3118","Isocortex",1
"Cell_3562","Isocortex",1
"Cell_3742","Isocortex",1
"Cell_3971","Isocortex",1
"Cell_4198","Isocortex",1
"Cell_4614","Isocortex",1
"Cell_4972","Isocortex",1
"Cell_5099","Isocortex",1
"Cell_5102","Isocortex",1
"Cell_5433","Isocortex",1
"Cell_5545","Isocortex",1
"Cell_5632","Isocortex",1
"Cell_5649","Isocortex",1
"Cell_5725","Isocortex",1
"Cell_5837","Isocortex",1
"Cell_5948","Isocortex",1
"Cell_6020","Isocortex",1
"Cell_6336","Isocortex",1
"Cell_6439","Isocortex",1
"Cell_6507","Isocortex",1
"Cell_7263","Isocortex",0.999999999999999
"Cell_7498","Isocortex",0.999879939598551
"Cell_7787","Isocortex",1
"Cell_8205","Isocortex",1
"Cell_8365","Isocortex",1
"Cell_9024","Isocortex",1
"Cell_9300","Isocortex",1
"Cell_9348","Isocortex",1
"Cell_9594","Isocortex",1
"Cell_9649","Isocortex",1
"Cell_9729","Isocortex",1
"Cell_9834","Isocortex",1
"Cell_9939","Isocortex",1
"Cell_10048","Isocortex",1
"Cell_10091","Isocortex",1
"Cell_11007","Isocortex",0.999999999999999
"Cell_11090","Isocortex",1
"Cell_11408","Isocortex",1
"Cell_11798","Isocortex",1
"Cell_11819","Isocortex",1
"Cell_11954","Isocortex",1
"Cell_12008","Isocortex",1
"Cell_12149","Isocortex",1
"Cell_12360","Isocortex",1
"Cell_12434","Isocortex",1
"Cell_12785","Isocortex",1
"Cell_12985","Isocortex",1
"Cell_13116","Isocortex",1
"Cell_13164","Isocortex",1
"Cell_13260","Isocortex",1
"Cell_13561","Isocortex",1
"Cell_13622","Isocortex",1
"Cell_13830","Isocortex",1
"Cell_13995","Isocortex",1
"Cell_14142","Isocortex",1
"Cell_14155","Isocortex",1
"Cell_14254","Isocortex",1
"Cell_14440","Isocortex",1
"Cell_14478","Isocortex",1
"Cell_15109","Isocortex",1
"Cell_15629","Isocortex",1
"Cell_16101","Isocortex",1
"Cell_16537","Isocortex",1
"Cell_16709","Isocortex",1
"Cell_16759","Isocortex",1
"Cell_16760","Isocortex",1
"Cell_16981","Isocortex",1
"Cell_17107","Isocortex",1
"Cell_17197","Isocortex",1
"Cell_17569","Isocortex",1
"Cell_17672","Isocortex",1
"Cell_17716","Isocortex",1
"Cell_18446","Isocortex",1
"Cell_18569","Isocortex",1
"Cell_18637","Isocortex",1
"Cell_18879","Isocortex",1
"Cell_18999","Isocortex",1
"Cell_19255","Isocortex",1
"Cell_19481","Isocortex",1
"Cell_19642","Isocortex",1
"Cell_19821","Isocortex",1
"Cell_19884","Isocortex",1
"Cell_19952","Isocortex",1
"Cell_19963","Isocortex",1
"Cell_20038","Isocortex",1
"Cell_20457","Isocortex",1
"Cell_20695","Isocortex",1
"Cell_20722","Isocortex",1
"Cell_21396","Isocortex",1
"Cell_21568","Isocortex",1
"Cell_21863","Isocortex",1
"Cell_21881","Isocortex",1
"Cell_21941","Isocortex",0.999456747707121
"Cell_22221","Isocortex",1
"Cell_22287","Isocortex",1
"Cell_22306","Isocortex",1
"Cell_22432","Isocortex",1
"Cell_22588","Isocortex",1
"Cell_22890","Isocortex",1
"Cell_23505","Isocortex",1
"Cell_24628","Isocortex",1
"Cell_24713","Isocortex",1
"Cell_24735","Isocortex",1
"Cell_24817","Isocortex",1
"Cell_24947","Isocortex",1
"Cell_25077","Isocortex",1
"Cell_25503","Isocortex",1
"Cell_25580","Isocortex",1
"Cell_25754","Isocortex",1
"Cell_26016","Isocortex",1
"Cell_26074","Isocortex",1
"Cell_26729","Isocortex",1
"Cell_27025","Isocortex",1
"Cell_27035","Isocortex",1
"Cell_27119","Isocortex",1
"Cell_27126","Isocortex",1
"Cell_27204","Isocortex",1
"Cell_27430","Isocortex",1
"Cell_27697","Isocortex",1
"Cell_28208","Isocortex",1
"Cell_28236","Isocortex",1
"Cell_28479","Isocortex",1
"Cell_28678","Isocortex",1
"Cell_28729","Isocortex",1
"Cell_29258","Isocortex",1
"Cell_29268","Isocortex",1
"Cell_29276","Isocortex",0.980382540446812
"Cell_29415","Isocortex",1
"Cell_29564","Isocortex",1
"Cell_29602","Isocortex",1
"Cell_29777","Isocortex",0.999999999999999
"Cell_29847","Isocortex",1
"Cell_29881","Isocortex",1
"Cell_29933","Isocortex",1
"Cell_30016","Isocortex",1
"Cell_30373","Isocortex",1
"Cell_30617","Isocortex",1
"Cell_30696","Isocortex",1
"Cell_31080","Isocortex",0.998648988514881
"Cell_31082","Isocortex",1
"Cell_31093","Isocortex",1
"Cell_31096","Isocortex",1
"Cell_31165","Isocortex",1
"Cell_31387","Isocortex",1
"Cell_32088","Isocortex",1
"Cell_33279","Isocortex",1
"Cell_33297","Isocortex",1
"Cell_33387","Isocortex",1
"Cell_33569","Isocortex",1
"Cell_34435","Isocortex",1
"Cell_34444","Isocortex",1
"Cell_34798","Isocortex",1
"Cell_34870","Isocortex",1
"Cell_35061","Isocortex",1
"Cell_35174","Isocortex",1
"Cell_35263","Isocortex",1
"Cell_35381","Isocortex",1
"Cell_35406","Isocortex",1
"Cell_35445","Isocortex",1
"Cell_35546","Isocortex",1
"Cell_35589","Isocortex",0.999312592926915
"Cell_35933","Isocortex",1
"Cell_36123","Isocortex",1
"Cell_36397","Isocortex",1
"Cell_36398","Isocortex",1
"Cell_36541","Isocortex",1
"Cell_36570","Isocortex",1
"Cell_36612","Isocortex",0.966881867682676
"Cell_36664","Isocortex",1
"Cell_37036","Isocortex",1
"Cell_37071","Isocortex",1
"Cell_37099","Isocortex",1
"Cell_37188","Isocortex",1
"Cell_37549","Isocortex",0.999999999999999
"Cell_37550","Isocortex",1
"Cell_37607","Isocortex",1
"Cell_37633","Isocortex",1
"Cell_37645","Isocortex",1
"Cell_37733","Isocortex",1
"Cell_37954","Isocortex",1
"Cell_38039","Isocortex",1
"Cell_38085","Isocortex",1
"Cell_38157","Isocortex",1
"Cell_38247","Isocortex",1
"Cell_38905","Isocortex",1
"Cell_38947","Isocortex",1
"Cell_38974","Isocortex",1
"Cell_39172","Isocortex",1
"Cell_39645","Isocortex",1
"Cell_40020","Isocortex",1
"Cell_40213","Isocortex",1
"Cell_40368","Isocortex",1
"Cell_40540","Isocortex",1
"Cell_40947","Isocortex",1
"Cell_41321","Isocortex",1
"Cell_42036","Isocortex",1
"Cell_42066","Isocortex",1
"Cell_42124","Isocortex",1
"Cell_42163","Isocortex",1
"Cell_42203","Isocortex",1
"Cell_43178","Isocortex",1
"Cell_43194","Isocortex",1
"Cell_43780","Isocortex",1
"Cell_44376","Isocortex",1
"Cell_44864","Isocortex",1
"Cell_372","Isocortex",1
"Cell_4350","Isocortex",1
"Cell_5185","Isocortex",0.999999999999999
"Cell_8945","Isocortex",1
"Cell_10582","Isocortex",1
"Cell_10972","Isocortex",1
"Cell_16717","Isocortex",1
"Cell_21562","Isocortex",1
"Cell_22055","Isocortex",1
"Cell_24283","Isocortex",1
"Cell_26910","Isocortex",1
"Cell_30347","Isocortex",1
"Cell_34839","Isocortex",1
"Cell_35973","Isocortex",1
"Cell_37119","Isocortex",1
"Cell_37289","Isocortex",1
"Cell_38166","Isocortex",1
"Cell_39710","Isocortex",1
"Cell_44750","Isocortex",1
"Cell_2208","Isocortex",1
"Cell_4879","Isocortex",1
"Cell_9332","Isocortex",1
"Cell_13294","Isocortex",1
"Cell_16399","Isocortex",1
"Cell_19501","Isocortex",1
"Cell_20813","Isocortex",1
"Cell_20897","Isocortex",1
"Cell_23802","Isocortex",1
"Cell_30248","Isocortex",1
"Cell_38099","Isocortex",1
"Cell_44130","Isocortex",1
"Cell_586","Isocortex",1
"Cell_2308","Isocortex",0.999999999999999
"Cell_4280","Isocortex",1
"Cell_4317","Isocortex",1
"Cell_4846","Isocortex",1
"Cell_5922","Isocortex",1
"Cell_5931","Isocortex",0.999999999999999
"Cell_6980","Isocortex",1
"Cell_7969","Isocortex",1
"Cell_8025","Isocortex",1
"Cell_9063","Isocortex",1
"Cell_9992","Isocortex",1
"Cell_10173","Isocortex",1
"Cell_10309","Isocortex",1
"Cell_11273","Isocortex",1
"Cell_12117","Isocortex",1
"Cell_12798","Isocortex",1
"Cell_12889","Isocortex",0.999999999999999
"Cell_14539","Isocortex",1
"Cell_15462","Isocortex",1
"Cell_16903","Isocortex",1
"Cell_17644","Isocortex",1
"Cell_18736","Isocortex",1
"Cell_18959","Isocortex",1
"Cell_20683","Isocortex",0.999999999999999
"Cell_20743","Isocortex",1
"Cell_21612","Isocortex",1
"Cell_23042","Isocortex",1
"Cell_24846","Isocortex",1
"Cell_25635","Isocortex",1
"Cell_26056","Isocortex",1
"Cell_26571","Isocortex",1
"Cell_27659","Isocortex",1
"Cell_30105","Isocortex",1
"Cell_31992","Isocortex",1
"Cell_32279","Isocortex",1
"Cell_33745","Isocortex",1
"Cell_34241","Isocortex",1
"Cell_36116","Isocortex",0.999511885605163
"Cell_37752","Isocortex",1
"Cell_38490","Isocortex",1
"Cell_39206","Isocortex",1
"Cell_40140","Isocortex",1
"Cell_40192","Isocortex",1
"Cell_41253","Isocortex",1
"Cell_42697","Isocortex",1
"Cell_43267","Isocortex",1
"Cell_44866","Isocortex",1
"Cell_755","Isocortex",1
"Cell_1162","Isocortex",1
"Cell_2149","Isocortex",1
"Cell_2345","Isocortex",1
"Cell_2473","Isocortex",1
"Cell_2685","Isocortex",1
"Cell_3255","Isocortex",1
"Cell_3571","Isocortex",1
"Cell_3576","Isocortex",1
"Cell_4627","Isocortex",1
"Cell_5174","Isocortex",1
"Cell_5700","Isocortex",1
"Cell_5775","Isocortex",1
"Cell_5846","Isocortex",1
"Cell_6293","Isocortex",1
"Cell_7743","Isocortex",1
"Cell_7988","Isocortex",1
"Cell_8134","Isocortex",1
"Cell_8675","Isocortex",1
"Cell_8869","Isocortex",1
"Cell_9296","Isocortex",1
"Cell_9667","Isocortex",1
"Cell_9774","Isocortex",1
"Cell_10124","Isocortex",1
"Cell_10150","Isocortex",1
"Cell_10858","Isocortex",1
"Cell_12307","Isocortex",1
"Cell_13484","Isocortex",1
"Cell_14378","Isocortex",1
"Cell_14587","Isocortex",0.999999999999999
"Cell_14771","Isocortex",1
"Cell_15445","Isocortex",1
"Cell_15823","Isocortex",1
"Cell_16099","Isocortex",1
"Cell_16217","Isocortex",1
"Cell_16485","Isocortex",1
"Cell_17385","Isocortex",1
"Cell_17710","Isocortex",1
"Cell_17894","Isocortex",0.999999999999999
"Cell_17935","Isocortex",1
"Cell_17996","Isocortex",1
"Cell_18923","Isocortex",1
"Cell_19283","Isocortex",1
"Cell_19440","Isocortex",1
"Cell_20048","Isocortex",1
"Cell_20757","Isocortex",1
"Cell_21158","Isocortex",1
"Cell_21166","Isocortex",1
"Cell_21921","Isocortex",1
"Cell_21924","Isocortex",1
"Cell_21925","Isocortex",1
"Cell_22158","Isocortex",1
"Cell_22361","Isocortex",1
"Cell_22638","Isocortex",1
"Cell_22698","Isocortex",1
"Cell_22802","Isocortex",0.999999999999999
"Cell_22880","Isocortex",1
"Cell_23351","Isocortex",1
"Cell_23447","Isocortex",1
"Cell_24199","Isocortex",1
"Cell_24584","Isocortex",1
"Cell_24608","Isocortex",1
"Cell_25215","Isocortex",1
"Cell_25786","Isocortex",1
"Cell_25840","Isocortex",1
"Cell_26191","Isocortex",1
"Cell_26449","Isocortex",1
"Cell_26489","Isocortex",1
"Cell_26733","Isocortex",1
"Cell_27175","Isocortex",1
"Cell_28105","Isocortex",1
"Cell_28163","Isocortex",1
"Cell_28810","Isocortex",1
"Cell_28835","Isocortex",1
"Cell_29262","Isocortex",1
"Cell_29501","Isocortex",1
"Cell_29548","Isocortex",1
"Cell_29822","Isocortex",1
"Cell_29894","Isocortex",1
"Cell_30033","Isocortex",1
"Cell_30187","Isocortex",1
"Cell_30882","Isocortex",1
"Cell_30955","Isocortex",1
"Cell_31046","Isocortex",1
"Cell_31449","Isocortex",1
"Cell_31686","Isocortex",1
"Cell_31741","Isocortex",1
"Cell_32589","Isocortex",0.999999999999999
"Cell_32744","Isocortex",1
"Cell_33371","Isocortex",1
"Cell_33571","Isocortex",1
"Cell_33897","Isocortex",1
"Cell_34714","Isocortex",0.999999999999999
"Cell_34852","Isocortex",1
"Cell_35202","Isocortex",1
"Cell_35247","Isocortex",1
"Cell_35866","Isocortex",1
"Cell_35881","Isocortex",1
"Cell_36099","Isocortex",1
"Cell_36555","Isocortex",1
"Cell_36667","Isocortex",1
"Cell_36696","Isocortex",1
"Cell_36981","Isocortex",1
"Cell_38221","Isocortex",0.999999999999999
"Cell_39483","Isocortex",1
"Cell_39773","Isocortex",1
"Cell_40228","Isocortex",0.999999999999999
"Cell_40347","Isocortex",1
"Cell_40386","Isocortex",1
"Cell_40575","Isocortex",1
"Cell_40726","Isocortex",1
"Cell_40882","Isocortex",1
"Cell_41259","Isocortex",1
"Cell_41332","Isocortex",1
"Cell_41832","Isocortex",1
"Cell_42146","Isocortex",1
"Cell_42439","Isocortex",1
"Cell_42504","Isocortex",1
"Cell_42716","Isocortex",1
"Cell_43118","Isocortex",1
"Cell_44060","Isocortex",1
"Cell_44934","Isocortex",1
"Cell_45137","Isocortex",1
"Cell_45234","Isocortex",1
"Cell_5932","Isocortex",1
"Cell_16504","Isocortex",1
"Cell_16995","Isocortex",1
"Cell_41724","Isocortex",1
"Cell_7007","Isocortex",1
"Cell_14398","Isocortex",1
"Cell_38976","Isocortex",1
"Cell_1047","Isocortex",1
"Cell_1420","Isocortex",1
"Cell_2888","Isocortex",1
"Cell_3222","Isocortex",0.999999999999999
"Cell_3270","Isocortex",1
"Cell_3383","Isocortex",1
"Cell_3474","Isocortex",1
"Cell_4067","Isocortex",1
"Cell_4426","Isocortex",1
"Cell_5135","Isocortex",1
"Cell_5582","Isocortex",1
"Cell_5862","Isocortex",1
"Cell_7236","Isocortex",1
"Cell_7296","Isocortex",1
"Cell_7900","Isocortex",1
"Cell_10514","Isocortex",1
"Cell_10668","Isocortex",1
"Cell_12699","Isocortex",1
"Cell_12734","Isocortex",1
"Cell_13304","Isocortex",1
"Cell_14033","Isocortex",1
"Cell_14136","Isocortex",1
"Cell_14438","Isocortex",1
"Cell_15181","Isocortex",1
"Cell_15962","Isocortex",1
"Cell_16009","Isocortex",1
"Cell_16473","Isocortex",1
"Cell_16623","Isocortex",1
"Cell_16653","Isocortex",1
"Cell_17405","Isocortex",1
"Cell_17618","Isocortex",1
"Cell_17636","Isocortex",1
"Cell_18324","Isocortex",1
"Cell_18983","Isocortex",1
"Cell_19313","Isocortex",1
"Cell_21261","Isocortex",1
"Cell_21441","Isocortex",1
"Cell_22342","Isocortex",1
"Cell_22486","Isocortex",1
"Cell_22492","Isocortex",0.994666620057829
"Cell_23246","Isocortex",1
"Cell_23974","Isocortex",1
"Cell_24399","Isocortex",1
"Cell_24503","Isocortex",1
"Cell_24921","Isocortex",1
"Cell_26311","Isocortex",1
"Cell_26682","Isocortex",1
"Cell_26860","Isocortex",1
"Cell_28283","Isocortex",1
"Cell_29352","Isocortex",1
"Cell_30145","Isocortex",1
"Cell_30449","Isocortex",1
"Cell_30524","Isocortex",1
"Cell_30899","Isocortex",1
"Cell_31492","Isocortex",1
"Cell_31723","Isocortex",0.984176372426291
"Cell_31854","Isocortex",1
"Cell_32584","Isocortex",1
"Cell_33054","Isocortex",1
"Cell_33534","Isocortex",1
"Cell_35164","Isocortex",1
"Cell_35398","Isocortex",1
"Cell_36726","Isocortex",1
"Cell_36945","Isocortex",1
"Cell_36975","Isocortex",1
"Cell_37063","Isocortex",1
"Cell_37719","Isocortex",1
"Cell_38055","Isocortex",1
"Cell_38352","Isocortex",0.999999964855007
"Cell_38659","Isocortex",1
"Cell_39173","Isocortex",1
"Cell_39775","Isocortex",1
"Cell_39786","Isocortex",1
"Cell_40437","Isocortex",1
"Cell_41265","Isocortex",1
"Cell_41331","Isocortex",1
"Cell_41936","Isocortex",1
"Cell_42343","Isocortex",1
"Cell_42623","Isocortex",1
"Cell_43325","Isocortex",1
"Cell_43865","Isocortex",1
"Cell_44385","Isocortex",1
"Cell_44968","Isocortex",1
"Cell_7225","Isocortex",1
"Cell_11621","Isocortex",1
"Cell_14642","Isocortex",1
"Cell_31394","Isocortex",1
"Cell_30645","Isocortex",1
"Cell_36788","Isocortex",0.999999999999999
"Cell_26834","Isocortex",1
"Cell_33221","Isocortex",1
"Cell_2790","Isocortex",1
"Cell_34","Isocortex",1
"Cell_1058","Isocortex",1
"Cell_2020","Isocortex",1
"Cell_7038","Isocortex",1
"Cell_9893","Isocortex",1
"Cell_11351","Isocortex",1
"Cell_13787","Isocortex",1
"Cell_14374","Isocortex",1
"Cell_15456","Isocortex",1
"Cell_18885","Isocortex",1
"Cell_20110","Isocortex",1
"Cell_21969","Isocortex",1
"Cell_23930","Isocortex",1
"Cell_24107","Isocortex",1
"Cell_24497","Isocortex",1
"Cell_26643","Isocortex",1
"Cell_29192","Isocortex",1
"Cell_29890","Isocortex",1
"Cell_34093","Isocortex",1
"Cell_36311","Isocortex",1
"Cell_37126","Isocortex",1
"Cell_37810","Isocortex",1
"Cell_38052","Isocortex",1
"Cell_40914","Isocortex",1
"Cell_41270","Isocortex",1
"Cell_42568","Isocortex",1
"Cell_45256","Isocortex",1
"Cell_9409","Isocortex",1
"Cell_20430","Isocortex",1
"Cell_38274","Isocortex",1
"Cell_40903","Isocortex",1
"Cell_51","Isocortex",1
"Cell_359","Isocortex",1
"Cell_473","Isocortex",1
"Cell_1457","Isocortex",1
"Cell_2193","Isocortex",1
"Cell_3345","Isocortex",1
"Cell_3999","Isocortex",1
"Cell_4436","Isocortex",1
"Cell_5571","Isocortex",1
"Cell_5795","Isocortex",1
"Cell_8015","Isocortex",1
"Cell_8087","Isocortex",1
"Cell_9342","Isocortex",0.999999999999999
"Cell_9628","Isocortex",1
"Cell_12382","Isocortex",1
"Cell_12560","Isocortex",1
"Cell_13021","Isocortex",1
"Cell_14129","Isocortex",1
"Cell_14688","Isocortex",1
"Cell_14806","Isocortex",1
"Cell_16675","Isocortex",1
"Cell_17249","Isocortex",0.999999999999999
"Cell_17514","Isocortex",1
"Cell_19089","Isocortex",1
"Cell_19510","Isocortex",1
"Cell_20499","Isocortex",1
"Cell_21211","Isocortex",1
"Cell_22813","Isocortex",1
"Cell_24477","Isocortex",0.950423534119769
"Cell_24819","Isocortex",1
"Cell_24996","Isocortex",1
"Cell_25095","Isocortex",1
"Cell_25674","Isocortex",1
"Cell_26221","Isocortex",1
"Cell_26518","Isocortex",1
"Cell_26681","Isocortex",1
"Cell_26709","Isocortex",0.999999999999999
"Cell_26955","Isocortex",1
"Cell_28390","Isocortex",1
"Cell_28863","Isocortex",1
"Cell_29681","Isocortex",1
"Cell_31090","Isocortex",1
"Cell_32293","Isocortex",1
"Cell_32402","Isocortex",1
"Cell_32786","Isocortex",1
"Cell_33457","Isocortex",1
"Cell_33709","Isocortex",1
"Cell_34823","Isocortex",1
"Cell_35021","Isocortex",1
"Cell_35181","Isocortex",1
"Cell_35451","Isocortex",1
"Cell_35630","Isocortex",0.99180505401091
"Cell_38270","Isocortex",1
"Cell_38304","Isocortex",1
"Cell_38312","Isocortex",1
"Cell_39591","Isocortex",1
"Cell_39681","Isocortex",1
"Cell_39719","Isocortex",1
"Cell_39965","Isocortex",1
"Cell_40393","Isocortex",1
"Cell_41236","Isocortex",1
"Cell_41552","Isocortex",1
"Cell_42119","Isocortex",1
"Cell_42121","Isocortex",1
"Cell_42186","Isocortex",0.976044812494613
"Cell_42533","Isocortex",1
"Cell_43437","Isocortex",1
"Cell_43852","Isocortex",1
"Cell_44480","Isocortex",1
"Cell_44867","Isocortex",1
"Cell_1108","Isocortex",1
"Cell_5321","Isocortex",1
"Cell_10350","Isocortex",1
"Cell_10480","Isocortex",1
"Cell_11064","Isocortex",1
"Cell_18662","Isocortex",0.999999999999999
"Cell_19670","Isocortex",1
"Cell_20699","Isocortex",1
"Cell_20788","Isocortex",1
"Cell_27918","Isocortex",1
"Cell_31045","Isocortex",1
"Cell_32173","Isocortex",1
"Cell_37675","Isocortex",1
"Cell_40740","Isocortex",1
"Cell_41870","Isocortex",1
"Cell_44841","Isocortex",1
"Cell_14064","Isocortex",1
"Cell_19346","Isocortex",1
"Cell_24103","Isocortex",1
"Cell_34346","Isocortex",1
"Cell_1086","Isocortex",1
"Cell_4956","Isocortex",1
"Cell_5613","Isocortex",1
"Cell_13265","Isocortex",1
"Cell_18800","Isocortex",0.999999999999999
"Cell_38399","Isocortex",1
"Cell_8040","Isocortex",1
"Cell_15744","Isocortex",1
"Cell_30344","Isocortex",1
"Cell_42624","Isocortex",1
"Cell_1634","Isocortex",1
"Cell_9743","Isocortex",1
"Cell_19543","Isocortex",0.999998072901361
"Cell_21125","Isocortex",1
"Cell_26614","Isocortex",1
"Cell_33082","Isocortex",1
"Cell_33600","Isocortex",1
"Cell_35865","Isocortex",1
"Cell_36963","Isocortex",1
"Cell_258","CP",1
"Cell_705","CP",1
"Cell_813","CP",1
"Cell_1419","CP",1
"Cell_1486","CP",1
"Cell_2210","CP",1
"Cell_2664","CP",1
"Cell_3253","CP",1
"Cell_3667","CP",1
"Cell_3673","CP",1
"Cell_3851","CP",1
"Cell_3922","CP",1
"Cell_4001","CP",1
"Cell_4181","CP",0.997792701348682
"Cell_4410","CP",0.999999999999999
"Cell_4534","CP",1
"Cell_4678","CP",1
"Cell_4804","CP",1
"Cell_4857","CP",1
"Cell_4944","CP",1
"Cell_5231","CP",1
"Cell_5548","CP",1
"Cell_5844","CP",1
"Cell_5965","CP",1
"Cell_6051","CP",1
"Cell_6112","CP",1
"Cell_6875","CP",1
"Cell_6974","CP",1
"Cell_7753","CP",1
"Cell_8819","CP",1
"Cell_9425","CP",1
"Cell_9449","CP",1
"Cell_9560","CP",1
"Cell_10049","CP",1
"Cell_10156","CP",1
"Cell_10554","CP",1
"Cell_10626","CP",1
"Cell_11720","CP",1
"Cell_12171","CP",1
"Cell_12264","CP",1
"Cell_12353","CP",1
"Cell_12451","CP",1
"Cell_12837","CP",1
"Cell_13331","CP",1
"Cell_13538","CP",1
"Cell_13936","CP",1
"Cell_14049","CP",1
"Cell_14330","CP",1
"Cell_14392","CP",1
"Cell_14562","CP",1
"Cell_14858","CP",1
"Cell_15012","CP",1
"Cell_16714","CP",1
"Cell_16773","CP",1
"Cell_16840","CP",1
"Cell_17410","CP",1
"Cell_17681","CP",1
"Cell_18820","CP",1
"Cell_18939","CP",1
"Cell_19374","CP",1
"Cell_20391","CP",1
"Cell_20742","CP",1
"Cell_20776","CP",1
"Cell_20927","CP",1
"Cell_21060","CP",1
"Cell_21319","CP",1
"Cell_21402","CP",1
"Cell_21679","CP",1
"Cell_22017","CP",1
"Cell_22132","CP",1
"Cell_22159","CP",1
"Cell_22399","CP",1
"Cell_22741","CP",1
"Cell_23372","CP",1
"Cell_24291","CP",1
"Cell_25303","CP",1
"Cell_26625","CP",1
"Cell_26694","CP",1
"Cell_27158","CP",1
"Cell_27483","CP",1
"Cell_27893","CP",1
"Cell_28699","CP",1
"Cell_29358","CP",1
"Cell_29947","CP",1
"Cell_30069","CP",1
"Cell_30300","CP",1
"Cell_30738","CP",1
"Cell_30739","CP",1
"Cell_30798","CP",1
"Cell_31866","CP",1
"Cell_32713","CP",1
"Cell_32830","CP",1
"Cell_33027","CP",1
"Cell_33357","CP",1
"Cell_33432","CP",1
"Cell_33482","CP",1
"Cell_33885","CP",1
"Cell_34032","CP",1
"Cell_34584","CP",1
"Cell_34948","CP",1
"Cell_35042","CP",1
"Cell_35220","CP",0.999999999999999
"Cell_35297","CP",1
"Cell_35391","CP",1
"Cell_35648","CP",1
"Cell_36083","CP",1
"Cell_36442","CP",1
"Cell_36716","CP",1
"Cell_36905","CP",1
"Cell_37026","CP",1
"Cell_37133","CP",1
"Cell_37523","CP",1
"Cell_37593","CP",1
"Cell_37684","CP",1
"Cell_37808","CP",1
"Cell_38290","CP",1
"Cell_38952","CP",1
"Cell_38956","CP",1
"Cell_40101","CP",1
"Cell_40664","CP",1
"Cell_40928","CP",1
"Cell_41382","CP",1
"Cell_41600","CP",1
"Cell_41625","CP",1
"Cell_41978","CP",1
"Cell_42218","CP",1
"Cell_42266","CP",1
"Cell_42606","CP",1
"Cell_43177","CP",1
"Cell_43201","CP",1
"Cell_43530","CP",1
"Cell_43622","CP",1
"Cell_44489","CP",1
"Cell_44619","CP",1
"Cell_44752","CP",1
"Cell_45136","CP",1
"Cell_45149","CP",1
"Cell_1115","CP",1
"Cell_2419","CP",1
"Cell_5484","CP",1
"Cell_6426","CP",1
"Cell_7246","CP",1
"Cell_12313","CP",1
"Cell_16006","CP",1
"Cell_16461","CP",1
"Cell_22164","CP",0.999783940507082
"Cell_24209","CP",1
"Cell_27021","CP",1
"Cell_27220","CP",1
"Cell_29854","CP",1
"Cell_31527","CP",1
"Cell_32747","CP",1
"Cell_35180","CP",1
"Cell_35240","CP",1
"Cell_37353","CP",1
"Cell_43293","CP",1
"Cell_120","CP",1
"Cell_156","CP",1
"Cell_972","CP",1
"Cell_1029","CP",1
"Cell_1242","CP",1
"Cell_2480","CP",1
"Cell_2980","CP",1
"Cell_3279","CP",1
"Cell_3880","CP",1
"Cell_4208","CP",1
"Cell_6666","CP",1
"Cell_6688","CP",1
"Cell_6772","CP",1
"Cell_7047","CP",1
"Cell_7339","CP",1
"Cell_7485","CP",1
"Cell_7977","CP",1
"Cell_8364","CP",1
"Cell_9108","CP",0.999999999999999
"Cell_9273","CP",1
"Cell_9597","CP",1
"Cell_9762","CP",1
"Cell_9889","CP",1
"Cell_10840","CP",1
"Cell_12405","CP",1
"Cell_12470","CP",1
"Cell_12552","CP",1
"Cell_13111","CP",1
"Cell_13763","CP",1
"Cell_14311","CP",1
"Cell_14510","CP",1
"Cell_15372","CP",1
"Cell_15939","CP",1
"Cell_16094","CP",1
"Cell_16106","CP",1
"Cell_17887","CP",1
"Cell_18099","CP",0.999999999999999
"Cell_18323","CP",1
"Cell_19225","CP",0.990490056463268
"Cell_19430","CP",1
"Cell_20177","CP",1
"Cell_20608","CP",1
"Cell_20675","CP",1
"Cell_20770","CP",1
"Cell_21124","CP",1
"Cell_21228","CP",1
"Cell_21316","CP",1
"Cell_21820","CP",1
"Cell_22469","CP",1
"Cell_22586","CP",1
"Cell_22850","CP",1
"Cell_23191","CP",1
"Cell_24007","CP",1
"Cell_24327","CP",1
"Cell_25313","CP",1
"Cell_25404","CP",1
"Cell_27588","CP",1
"Cell_27704","CP",1
"Cell_27828","CP",1
"Cell_28111","CP",1
"Cell_28642","CP",0.999999999999999
"Cell_29379","CP",1
"Cell_32283","CP",1
"Cell_32910","CP",1
"Cell_33606","CP",1
"Cell_34727","CP",1
"Cell_34819","CP",1
"Cell_35011","CP",1
"Cell_35153","CP",1
"Cell_35274","CP",1
"Cell_36105","CP",1
"Cell_36164","CP",1
"Cell_36816","CP",1
"Cell_37020","CP",1
"Cell_37198","CP",1
"Cell_37235","CP",1
"Cell_37547","CP",1
"Cell_38489","CP",1
"Cell_39340","CP",1
"Cell_39593","CP",1
"Cell_40032","CP",1
"Cell_40067","CP",1
"Cell_41096","CP",1
"Cell_41142","CP",1
"Cell_41309","CP",1
"Cell_41394","CP",1
"Cell_41576","CP",1
"Cell_42515","CP",1
"Cell_42578","CP",1
"Cell_43007","CP",1
"Cell_43851","CP",1
"Cell_44745","CP",1
"Cell_7022","CP",1
"Cell_10825","CP",1
"Cell_11150","CP",1
"Cell_22502","CP",1
"Cell_32356","CP",1
"Cell_33622","CP",1
"Cell_35969","CP",1
"Cell_39392","CP",1
"Cell_39652","CP",1
"Cell_40124","CP",1
"Cell_41292","CP",1
"Cell_43393","CP",1
"Cell_1587","CP",1
"Cell_9544","CP",1
"Cell_13516","CP",1
"Cell_15335","CP",1
"Cell_15229","CP",1
"Cell_15564","CP",1
"Cell_31778","CP",1
"Cell_40780","CP",1
"Cell_1811","CP",1
"Cell_11005","CP",1
"Cell_657","CP",1
"Cell_739","CP",1
"Cell_1002","CP",1
"Cell_1177","CP",1
"Cell_1673","CP",1
"Cell_1726","CP",1
"Cell_4244","CP",1
"Cell_5038","CP",1
"Cell_5394","CP",1
"Cell_5626","CP",1
"Cell_5793","CP",1
"Cell_7290","CP",1
"Cell_8677","CP",1
"Cell_9996","CP",1
"Cell_10492","CP",1
"Cell_10747","CP",1
"Cell_11984","CP",1
"Cell_12174","CP",1
"Cell_12239","CP",1
"Cell_12430","CP",1
"Cell_13544","CP",1
"Cell_14101","CP",1
"Cell_16641","CP",1
"Cell_16676","CP",1
"Cell_17060","CP",1
"Cell_17122","CP",1
"Cell_17353","CP",1
"Cell_18523","CP",1
"Cell_18618","CP",1
"Cell_18727","CP",1
"Cell_18816","CP",1
"Cell_19016","CP",1
"Cell_19102","CP",1
"Cell_19206","CP",1
"Cell_19243","CP",1
"Cell_20425","CP",1
"Cell_21030","CP",1
"Cell_21220","CP",1
"Cell_24166","CP",1
"Cell_24243","CP",1
"Cell_24566","CP",0.990029322278729
"Cell_26419","CP",0.999995874169042
"Cell_26473","CP",1
"Cell_27370","CP",1
"Cell_27721","CP",1
"Cell_28319","CP",1
"Cell_28483","CP",1
"Cell_28846","CP",1
"Cell_28860","CP",1
"Cell_32316","CP",1
"Cell_32412","CP",1
"Cell_34640","CP",1
"Cell_36526","CP",0.999999999999999
"Cell_37200","CP",1
"Cell_37392","CP",1
"Cell_37939","CP",1
"Cell_38229","CP",1
"Cell_39666","CP",1
"Cell_39795","CP",1
"Cell_41172","CP",1
"Cell_41396","CP",1
"Cell_42354","CP",1
"Cell_42560","CP",1
"Cell_43817","CP",1
"Cell_44004","CP",1
"Cell_300","CP",1
"Cell_395","CP",1
"Cell_417","CP",1
"Cell_436","CP",1
"Cell_580","CP",1
"Cell_653","CP",1
"Cell_672","CP",1
"Cell_697","CP",1
"Cell_750","CP",1
"Cell_805","CP",1
"Cell_943","CP",1
"Cell_973","CP",1
"Cell_1101","CP",1
"Cell_1322","CP",1
"Cell_1389","CP",1
"Cell_1415","CP",1
"Cell_1545","CP",1
"Cell_1864","CP",1
"Cell_1957","CP",1
"Cell_2090","CP",1
"Cell_2390","CP",1
"Cell_2393","CP",1
"Cell_2469","CP",1
"Cell_2505","CP",1
"Cell_2617","CP",1
"Cell_2721","CP",1
"Cell_2765","CP",1
"Cell_2786","CP",1
"Cell_2990","CP",1
"Cell_3083","CP",1
"Cell_3180","CP",1
"Cell_3189","CP",1
"Cell_3308","CP",1
"Cell_3322","CP",1
"Cell_3456","CP",1
"Cell_3480","CP",1
"Cell_3485","CP",1
"Cell_3495","CP",1
"Cell_3895","CP",1
"Cell_4156","CP",1
"Cell_4209","CP",1
"Cell_4291","CP",1
"Cell_4312","CP",1
"Cell_4560","CP",1
"Cell_4636","CP",0.999999999999999
"Cell_4691","CP",1
"Cell_4705","CP",1
"Cell_4723","CP",1
"Cell_4829","CP",1
"Cell_4904","CP",1
"Cell_5013","CP",0.999999999999999
"Cell_5087","CP",1
"Cell_5148","CP",1
"Cell_5187","CP",1
"Cell_5212","CP",1
"Cell_5283","CP",1
"Cell_5325","CP",1
"Cell_5389","CP",1
"Cell_5517","CP",1
"Cell_5597","CP",1
"Cell_5639","CP",1
"Cell_5641","CP",0.997226422814351
"Cell_6021","CP",1
"Cell_6273","CP",1
"Cell_6412","CP",1
"Cell_6462","CP",1
"Cell_6465","CP",1
"Cell_6486","CP",1
"Cell_6533","CP",1
"Cell_6587","CP",1
"Cell_6640","CP",1
"Cell_6789","CP",1
"Cell_6836","CP",1
"Cell_6845","CP",1
"Cell_7180","CP",1
"Cell_7265","CP",1
"Cell_7273","CP",1
"Cell_7305","CP",1
"Cell_7397","CP",1
"Cell_7399","CP",0.999999999999999
"Cell_7487","CP",1
"Cell_7645","CP",1
"Cell_7677","CP",1
"Cell_7775","CP",1
"Cell_7795","CP",1
"Cell_8171","CP",1
"Cell_8182","CP",1
"Cell_8541","CP",1
"Cell_8663","CP",1
"Cell_8715","CP",1
"Cell_8962","CP",1
"Cell_8964","CP",1
"Cell_9019","CP",1
"Cell_9072","CP",1
"Cell_9078","CP",1
"Cell_9092","CP",1
"Cell_9121","CP",1
"Cell_9149","CP",1
"Cell_9239","CP",1
"Cell_9257","CP",1
"Cell_9410","CP",1
"Cell_9499","CP",1
"Cell_9515","CP",1
"Cell_9545","CP",1
"Cell_9637","CP",1
"Cell_9731","CP",1
"Cell_10098","CP",1
"Cell_10303","CP",1
"Cell_10427","CP",1
"Cell_10478","CP",1
"Cell_10575","CP",1
"Cell_10584","CP",1
"Cell_10881","CP",1
"Cell_10895","CP",1
"Cell_10958","CP",1
"Cell_10976","CP",1
"Cell_11165","CP",1
"Cell_11338","CP",1
"Cell_11436","CP",1
"Cell_11471","CP",1
"Cell_11512","CP",1
"Cell_11723","CP",1
"Cell_11938","CP",1
"Cell_11944","CP",1
"Cell_11952","CP",1
"Cell_12120","CP",1
"Cell_12140","CP",1
"Cell_12182","CP",1
"Cell_12219","CP",1
"Cell_12280","CP",1
"Cell_12340","CP",1
"Cell_12354","CP",1
"Cell_12511","CP",1
"Cell_12543","CP",1
"Cell_12549","CP",1
"Cell_12591","CP",1
"Cell_12618","CP",1
"Cell_12633","CP",1
"Cell_12635","CP",1
"Cell_12766","CP",1
"Cell_12795","CP",1
"Cell_12947","CP",1
"Cell_13045","CP",1
"Cell_13141","CP",1
"Cell_13248","CP",1
"Cell_13454","CP",1
"Cell_13665","CP",1
"Cell_13666","CP",1
"Cell_13779","CP",1
"Cell_13788","CP",1
"Cell_13813","CP",1
"Cell_13998","CP",1
"Cell_14027","CP",1
"Cell_14105","CP",1
"Cell_14219","CP",1
"Cell_14237","CP",1
"Cell_14408","CP",1
"Cell_14419","CP",1
"Cell_14824","CP",1
"Cell_14898","CP",1
"Cell_14950","CP",1
"Cell_15052","CP",1
"Cell_15055","CP",1
"Cell_15346","CP",1
"Cell_15347","CP",1
"Cell_15435","CP",1
"Cell_15510","CP",1
"Cell_15577","CP",1
"Cell_15831","CP",1
"Cell_15896","CP",1
"Cell_15902","CP",1
"Cell_15932","CP",1
"Cell_15961","CP",1
"Cell_16448","CP",1
"Cell_16463","CP",1
"Cell_16775","CP",1
"Cell_16880","CP",1
"Cell_16919","CP",1
"Cell_16936","CP",1
"Cell_16946","CP",1
"Cell_17093","CP",1
"Cell_17137","CP",1
"Cell_17422","CP",1
"Cell_17424","CP",1
"Cell_17459","CP",1
"Cell_17542","CP",0.999999999999999
"Cell_18007","CP",1
"Cell_18320","CP",1
"Cell_18321","CP",0.952700966803176
"Cell_18328","CP",1
"Cell_18334","CP",1
"Cell_18539","CP",1
"Cell_18619","CP",1
"Cell_18891","CP",1
"Cell_18986","CP",1
"Cell_18997","CP",1
"Cell_19182","CP",1
"Cell_19241","CP",1
"Cell_19266","CP",1
"Cell_19380","CP",1
"Cell_19401","CP",1
"Cell_19450","CP",1
"Cell_19493","CP",1
"Cell_19595","CP",1
"Cell_20042","CP",1
"Cell_20338","CP",1
"Cell_20373","CP",1
"Cell_20386","CP",1
"Cell_20620","CP",1
"Cell_20730","CP",1
"Cell_20800","CP",1
"Cell_20892","CP",1
"Cell_20951","CP",1
"Cell_21121","CP",1
"Cell_21150","CP",1
"Cell_21174","CP",1
"Cell_21344","CP",1
"Cell_21385","CP",1
"Cell_21417","CP",1
"Cell_21693","CP",1
"Cell_21758","CP",1
"Cell_21759","CP",1
"Cell_21787","CP",1
"Cell_21788","CP",1
"Cell_21793","CP",1
"Cell_21982","CP",1
"Cell_22133","CP",1
"Cell_22209","CP",1
"Cell_22380","CP",1
"Cell_22405","CP",1
"Cell_22468","CP",1
"Cell_22513","CP",1
"Cell_22535","CP",1
"Cell_22667","CP",1
"Cell_23018","CP",1
"Cell_23217","CP",1
"Cell_23410","CP",1
"Cell_23442","CP",1
"Cell_23445","CP",1
"Cell_23682","CP",1
"Cell_23909","CP",1
"Cell_24066","CP",1
"Cell_24097","CP",1
"Cell_24179","CP",1
"Cell_24654","CP",0.999999999999999
"Cell_24668","CP",1
"Cell_24684","CP",1
"Cell_24751","CP",1
"Cell_24807","CP",1
"Cell_24884","CP",1
"Cell_24889","CP",1
"Cell_24963","CP",1
"Cell_25075","CP",1
"Cell_25088","CP",1
"Cell_25144","CP",1
"Cell_25165","CP",1
"Cell_25185","CP",1
"Cell_25277","CP",1
"Cell_25516","CP",1
"Cell_25541","CP",1
"Cell_25860","CP",1
"Cell_26013","CP",1
"Cell_26047","CP",1
"Cell_26081","CP",1
"Cell_26322","CP",1
"Cell_26328","CP",1
"Cell_26386","CP",1
"Cell_26437","CP",1
"Cell_26445","CP",1
"Cell_26524","CP",1
"Cell_26568","CP",1
"Cell_26740","CP",1
"Cell_26879","CP",1
"Cell_26897","CP",1
"Cell_26965","CP",0.99892344012556
"Cell_26969","CP",1
"Cell_27013","CP",1
"Cell_27088","CP",1
"Cell_27100","CP",1
"Cell_27107","CP",1
"Cell_27177","CP",0.999999999999999
"Cell_27277","CP",1
"Cell_27380","CP",1
"Cell_27448","CP",1
"Cell_27609","CP",1
"Cell_27676","CP",0.999999999952432
"Cell_27713","CP",1
"Cell_27716","CP",1
"Cell_27759","CP",1
"Cell_27763","CP",1
"Cell_27787","CP",1
"Cell_27811","CP",1
"Cell_28077","CP",1
"Cell_28256","CP",1
"Cell_28366","CP",1
"Cell_28558","CP",1
"Cell_28670","CP",0.999999999999999
"Cell_28691","CP",1
"Cell_28701","CP",1
"Cell_28704","CP",1
"Cell_28755","CP",1
"Cell_28787","CP",1
"Cell_28894","CP",1
"Cell_28953","CP",0.999999999999999
"Cell_29004","CP",1
"Cell_29017","CP",1
"Cell_29031","CP",1
"Cell_29045","CP",1
"Cell_29082","CP",1
"Cell_29122","CP",1
"Cell_29556","CP",1
"Cell_29674","CP",1
"Cell_29796","CP",1
"Cell_29799","CP",1
"Cell_29811","CP",1
"Cell_30038","CP",1
"Cell_30054","CP",0.999999999999999
"Cell_30113","CP",1
"Cell_30326","CP",1
"Cell_30474","CP",1
"Cell_30624","CP",1
"Cell_30676","CP",1
"Cell_30713","CP",1
"Cell_30752","CP",1
"Cell_31017","CP",1
"Cell_31124","CP",1
"Cell_31235","CP",1
"Cell_31287","CP",1
"Cell_31412","CP",1
"Cell_31433","CP",1
"Cell_31588","CP",1
"Cell_31614","CP",1
"Cell_31630","CP",1
"Cell_31835","CP",1
"Cell_31849","CP",1
"Cell_31862","CP",1
"Cell_32070","CP",1
"Cell_32156","CP",1
"Cell_32210","CP",1
"Cell_32255","CP",1
"Cell_32448","CP",1
"Cell_32471","CP",1
"Cell_32551","CP",1
"Cell_32782","CP",1
"Cell_32840","CP",1
"Cell_32959","CP",1
"Cell_33137","CP",1
"Cell_33572","CP",1
"Cell_33574","CP",1
"Cell_33593","CP",1
"Cell_33632","CP",1
"Cell_33711","CP",1
"Cell_33840","CP",1
"Cell_33849","CP",1
"Cell_34159","CP",1
"Cell_34286","CP",1
"Cell_34464","CP",1
"Cell_34519","CP",1
"Cell_34570","CP",1
"Cell_34867","CP",1
"Cell_35205","CP",1
"Cell_35233","CP",1
"Cell_35285","CP",1
"Cell_35295","CP",1
"Cell_35332","CP",1
"Cell_35521","CP",1
"Cell_35583","CP",1
"Cell_35702","CP",1
"Cell_35757","CP",1
"Cell_35781","CP",1
"Cell_35918","CP",1
"Cell_36384","CP",1
"Cell_36432","CP",1
"Cell_36512","CP",1
"Cell_36588","CP",1
"Cell_36774","CP",1
"Cell_36886","CP",1
"Cell_36943","CP",1
"Cell_37128","CP",1
"Cell_37175","CP",1
"Cell_37208","CP",1
"Cell_37292","CP",0.999999999999999
"Cell_37315","CP",1
"Cell_37488","CP",1
"Cell_37712","CP",1
"Cell_37827","CP",1
"Cell_37916","CP",1
"Cell_37941","CP",1
"Cell_37995","CP",1
"Cell_38239","CP",1
"Cell_38307","CP",1
"Cell_38313","CP",1
"Cell_38484","CP",1
"Cell_38522","CP",1
"Cell_38523","CP",1
"Cell_38679","CP",1
"Cell_38717","CP",1
"Cell_38759","CP",1
"Cell_39048","CP",1
"Cell_39066","CP",1
"Cell_39165","CP",1
"Cell_39215","CP",1
"Cell_39249","CP",1
"Cell_39393","CP",1
"Cell_39726","CP",1
"Cell_39783","CP",1
"Cell_39950","CP",1
"Cell_40121","CP",1
"Cell_40390","CP",1
"Cell_40445","CP",1
"Cell_40529","CP",1
"Cell_40689","CP",1
"Cell_40705","CP",1
"Cell_40746","CP",1
"Cell_41219","CP",1
"Cell_41399","CP",1
"Cell_41469","CP",1
"Cell_41747","CP",1
"Cell_41777","CP",1
"Cell_41961","CP",1
"Cell_41963","CP",1
"Cell_42013","CP",1
"Cell_42038","CP",1
"Cell_42137","CP",1
"Cell_42183","CP",1
"Cell_42216","CP",1
"Cell_42273","CP",1
"Cell_42400","CP",1
"Cell_42418","CP",1
"Cell_42625","CP",1
"Cell_42655","CP",1
"Cell_42824","CP",0.999999999999999
"Cell_42827","CP",1
"Cell_43051","CP",1
"Cell_43064","CP",1
"Cell_43076","CP",0.999999999999999
"Cell_43079","CP",1
"Cell_43095","CP",1
"Cell_43197","CP",1
"Cell_43399","CP",1
"Cell_43709","CP",1
"Cell_43862","CP",1
"Cell_43995","CP",1
"Cell_44089","CP",1
"Cell_44166","CP",1
"Cell_44176","CP",1
"Cell_44348","CP",1
"Cell_44392","CP",1
"Cell_44398","CP",1
"Cell_44417","CP",1
"Cell_44444","CP",1
"Cell_44598","CP",1
"Cell_44655","CP",1
"Cell_44722","CP",1
"Cell_44795","CP",1
"Cell_44830","CP",1
"Cell_44870","CP",1
"Cell_44915","CP",1
"Cell_45167","CP",1
"Cell_45172","CP",1
"Cell_256","CP",1
"Cell_257","CP",1
"Cell_390","CP",1
"Cell_415","CP",0.999999999999999
"Cell_485","CP",1
"Cell_775","CP",0.999999999999999
"Cell_783","CP",1
"Cell_1085","CP",1
"Cell_1119","CP",1
"Cell_1709","CP",1
"Cell_1728","CP",1
"Cell_1942","CP",1
"Cell_2101","CP",1
"Cell_2226","CP",1
"Cell_2367","CP",1
"Cell_2547","CP",1
"Cell_2780","CP",1
"Cell_3002","CP",1
"Cell_3302","CP",1
"Cell_3321","CP",1
"Cell_3359","CP",1
"Cell_3421","CP",1
"Cell_3596","CP",1
"Cell_3691","CP",1
"Cell_3951","CP",1
"Cell_4007","CP",1
"Cell_4020","CP",1
"Cell_4113","CP",1
"Cell_4301","CP",1
"Cell_4503","CP",1
"Cell_4693","CP",1
"Cell_4903","CP",1
"Cell_5139","CP",1
"Cell_5364","CP",1
"Cell_5436","CP",1
"Cell_5569","CP",1
"Cell_5798","CP",1
"Cell_5941","CP",1
"Cell_6059","CP",1
"Cell_6130","CP",1
"Cell_6245","CP",1
"Cell_6540","CP",1
"Cell_6557","CP",1
"Cell_6716","CP",1
"Cell_7346","CP",1
"Cell_7368","CP",1
"Cell_7387","CP",1
"Cell_7508","CP",1
"Cell_8523","CP",1
"Cell_8830","CP",1
"Cell_9090","CP",1
"Cell_9398","CP",1
"Cell_9456","CP",1
"Cell_9538","CP",1
"Cell_10006","CP",1
"Cell_10207","CP",1
"Cell_10357","CP",1
"Cell_10391","CP",1
"Cell_10585","CP",1
"Cell_10652","CP",1
"Cell_11072","CP",1
"Cell_11319","CP",1
"Cell_11565","CP",1
"Cell_11976","CP",1
"Cell_12157","CP",1
"Cell_12318","CP",1
"Cell_12331","CP",1
"Cell_12355","CP",1
"Cell_12377","CP",1
"Cell_12731","CP",1
"Cell_12909","CP",0.999999999999999
"Cell_12972","CP",1
"Cell_13150","CP",1
"Cell_13209","CP",1
"Cell_13297","CP",1
"Cell_13332","CP",1
"Cell_13410","CP",1
"Cell_13545","CP",1
"Cell_13568","CP",1
"Cell_13580","CP",1
"Cell_13600","CP",1
"Cell_13884","CP",1
"Cell_13887","CP",1
"Cell_13941","CP",1
"Cell_14050","CP",1
"Cell_14130","CP",1
"Cell_14349","CP",1
"Cell_14531","CP",1
"Cell_14682","CP",1
"Cell_14707","CP",1
"Cell_14724","CP",1
"Cell_14941","CP",1
"Cell_15142","CP",1
"Cell_15633","CP",1
"Cell_15639","CP",1
"Cell_15644","CP",1
"Cell_15760","CP",1
"Cell_15766","CP",1
"Cell_15859","CP",1
"Cell_16105","CP",1
"Cell_16149","CP",1
"Cell_16221","CP",1
"Cell_16458","CP",1
"Cell_16486","CP",1
"Cell_16630","CP",1
"Cell_16853","CP",1
"Cell_17457","CP",0.955274169953013
"Cell_17518","CP",1
"Cell_17633","CP",1
"Cell_18059","CP",1
"Cell_18272","CP",1
"Cell_18327","CP",1
"Cell_18351","CP",1
"Cell_19013","CP",1
"Cell_19171","CP",1
"Cell_19633","CP",1
"Cell_19654","CP",0.999999999999999
"Cell_19785","CP",1
"Cell_19825","CP",1
"Cell_19828","CP",1
"Cell_20284","CP",1
"Cell_20541","CP",1
"Cell_20804","CP",1
"Cell_20907","CP",1
"Cell_20946","CP",0.984246349140129
"Cell_21077","CP",1
"Cell_21508","CP",1
"Cell_21705","CP",1
"Cell_21957","CP",1
"Cell_22046","CP",1
"Cell_22416","CP",1
"Cell_22579","CP",1
"Cell_22637","CP",1
"Cell_22857","CP",1
"Cell_22883","CP",1
"Cell_22905","CP",1
"Cell_23440","CP",1
"Cell_23551","CP",1
"Cell_23563","CP",1
"Cell_23630","CP",1
"Cell_23748","CP",1
"Cell_23910","CP",0.999332834551572
"Cell_24008","CP",1
"Cell_24218","CP",1
"Cell_24263","CP",1
"Cell_24857","CP",1
"Cell_24871","CP",1
"Cell_24956","CP",1
"Cell_24981","CP",1
"Cell_25012","CP",1
"Cell_25120","CP",1
"Cell_25237","CP",1
"Cell_25321","CP",1
"Cell_25408","CP",1
"Cell_25790","CP",1
"Cell_25824","CP",1
"Cell_25965","CP",1
"Cell_25989","CP",1
"Cell_26046","CP",1
"Cell_26377","CP",1
"Cell_26516","CP",1
"Cell_26541","CP",1
"Cell_26667","CP",1
"Cell_26929","CP",1
"Cell_27080","CP",1
"Cell_27489","CP",1
"Cell_27494","CP",1
"Cell_27507","CP",1
"Cell_27736","CP",1
"Cell_27800","CP",1
"Cell_27878","CP",1
"Cell_28089","CP",1
"Cell_28359","CP",1
"Cell_28533","CP",1
"Cell_28855","CP",1
"Cell_29217","CP",1
"Cell_29318","CP",1
"Cell_29818","CP",1
"Cell_29986","CP",1
"Cell_30108","CP",1
"Cell_30111","CP",0.999999999999999
"Cell_30380","CP",1
"Cell_30440","CP",1
"Cell_30641","CP",1
"Cell_30854","CP",1
"Cell_30980","CP",1
"Cell_31136","CP",1
"Cell_31244","CP",1
"Cell_31452","CP",1
"Cell_31756","CP",0.999918528999119
"Cell_31858","CP",1
"Cell_32073","CP",1
"Cell_32154","CP",1
"Cell_32167","CP",1
"Cell_32533","CP",1
"Cell_32620","CP",1
"Cell_32706","CP",1
"Cell_33227","CP",1
"Cell_33512","CP",1
"Cell_33521","CP",1
"Cell_33623","CP",1
"Cell_33672","CP",1
"Cell_33866","CP",1
"Cell_33884","CP",1
"Cell_33886","CP",1
"Cell_33896","CP",1
"Cell_34066","CP",1
"Cell_34096","CP",1
"Cell_34681","CP",1
"Cell_35036","CP",1
"Cell_35208","CP",1
"Cell_35380","CP",0.999999999999999
"Cell_35413","CP",1
"Cell_35442","CP",1
"Cell_35617","CP",1
"Cell_35961","CP",1
"Cell_36110","CP",1
"Cell_36128","CP",1
"Cell_36173","CP",1
"Cell_36227","CP",1
"Cell_36257","CP",1
"Cell_36581","CP",1
"Cell_36689","CP",1
"Cell_36993","CP",1
"Cell_37245","CP",1
"Cell_37303","CP",1
"Cell_37396","CP",1
"Cell_37449","CP",1
"Cell_37683","CP",1
"Cell_37759","CP",0.999999999999999
"Cell_37818","CP",1
"Cell_37879","CP",1
"Cell_38128","CP",1
"Cell_38818","CP",1
"Cell_39110","CP",1
"Cell_39143","CP",1
"Cell_39284","CP",1
"Cell_39364","CP",1
"Cell_39404","CP",1
"Cell_39677","CP",1
"Cell_39723","CP",0.999999999999999
"Cell_39851","CP",1
"Cell_39974","CP",1
"Cell_40079","CP",1
"Cell_40314","CP",1
"Cell_40483","CP",1
"Cell_40617","CP",1
"Cell_40714","CP",1
"Cell_40784","CP",1
"Cell_40948","CP",1
"Cell_40978","CP",1
"Cell_41060","CP",1
"Cell_41130","CP",1
"Cell_41311","CP",1
"Cell_42071","CP",1
"Cell_42084","CP",1
"Cell_42294","CP",1
"Cell_42436","CP",1
"Cell_42556","CP",1
"Cell_42590","CP",1
"Cell_42635","CP",1
"Cell_42688","CP",1
"Cell_42811","CP",1
"Cell_42857","CP",1
"Cell_42859","CP",1
"Cell_43526","CP",1
"Cell_43534","CP",1
"Cell_43558","CP",1
"Cell_43649","CP",1
"Cell_43725","CP",1
"Cell_43846","CP",1
"Cell_44036","CP",1
"Cell_44495","CP",1
"Cell_44560","CP",1
"Cell_44753","CP",1
"Cell_44800","CP",1
"Cell_44816","CP",1
"Cell_45021","CP",1
"Cell_45105","CP",1
"Cell_45117","CP",1
"Cell_45206","CP",1
"Cell_1962","CP",1
"Cell_33343","CP",0.999999999999999
"Cell_35189","CP",1
"Cell_35747","CP",1
"Cell_319","CP",1
"Cell_585","CP",1
"Cell_655","CP",1
"Cell_1299","CP",1
"Cell_1872","CP",1
"Cell_2053","CP",1
"Cell_2845","CP",1
"Cell_4290","CP",1
"Cell_4666","CP",1
"Cell_5606","CP",1
"Cell_5615","CP",1
"Cell_5976","CP",1
"Cell_6151","CP",1
"Cell_6453","CP",1
"Cell_8235","CP",1
"Cell_8284","CP",1
"Cell_8461","CP",1
"Cell_9358","CP",1
"Cell_10028","CP",1
"Cell_10380","CP",1
"Cell_10381","CP",1
"Cell_10645","CP",1
"Cell_10871","CP",1
"Cell_12309","CP",1
"Cell_12954","CP",1
"Cell_13221","CP",1
"Cell_13676","CP",1
"Cell_14026","CP",1
"Cell_14335","CP",1
"Cell_14402","CP",1
"Cell_14696","CP",1
"Cell_15841","CP",1
"Cell_17151","CP",1
"Cell_18440","CP",1
"Cell_19930","CP",1
"Cell_20415","CP",1
"Cell_20603","CP",1
"Cell_21225","CP",1
"Cell_22346","CP",1
"Cell_22471","CP",1
"Cell_22781","CP",1
"Cell_22887","CP",1
"Cell_23346","CP",1
"Cell_23611","CP",1
"Cell_26379","CP",1
"Cell_27904","CP",1
"Cell_27943","CP",1
"Cell_28627","CP",0.999999999999999
"Cell_29588","CP",1
"Cell_29608","CP",1
"Cell_29664","CP",1
"Cell_29901","CP",1
"Cell_30929","CP",1
"Cell_30948","CP",1
"Cell_31737","CP",1
"Cell_32382","CP",1
"Cell_32823","CP",1
"Cell_34171","CP",1
"Cell_34269","CP",1
"Cell_34595","CP",1
"Cell_34604","CP",1
"Cell_34857","CP",1
"Cell_35685","CP",1
"Cell_36020","CP",1
"Cell_36043","CP",1
"Cell_36222","CP",1
"Cell_36482","CP",1
"Cell_37361","CP",1
"Cell_38134","CP",1
"Cell_38423","CP",1
"Cell_38572","CP",1
"Cell_38951","CP",1
"Cell_39074","CP",1
"Cell_39423","CP",1
"Cell_39740","CP",1
"Cell_39864","CP",1
"Cell_40847","CP",1
"Cell_41065","CP",1
"Cell_41215","CP",1
"Cell_41918","CP",1
"Cell_42355","CP",1
"Cell_42766","CP",1
"Cell_43102","CP",1
"Cell_43974","CP",1
"Cell_44113","CP",1
"Cell_44476","CP",1
"Cell_45028","CP",1
"Cell_33","CP",1
"Cell_58","CP",1
"Cell_714","CP",1
"Cell_732","CP",1
"Cell_736","CP",1
"Cell_900","CP",1
"Cell_1187","CP",1
"Cell_1231","CP",0.96903331392353
"Cell_1363","CP",1
"Cell_1580","CP",1
"Cell_2209","CP",1
"Cell_2282","CP",1
"Cell_2506","CP",1
"Cell_3036","CP",1
"Cell_3091","CP",1
"Cell_3261","CP",1
"Cell_3677","CP",1
"Cell_3739","CP",1
"Cell_3792","CP",1
"Cell_3834","CP",1
"Cell_4116","CP",1
"Cell_4742","CP",1
"Cell_4780","CP",1
"Cell_4832","CP",1
"Cell_4989","CP",1
"Cell_5142","CP",1
"Cell_5287","CP",1
"Cell_5567","CP",1
"Cell_5584","CP",1
"Cell_5949","CP",1
"Cell_6164","CP",1
"Cell_6175","CP",1
"Cell_6392","CP",1
"Cell_6567","CP",1
"Cell_6615","CP",1
"Cell_6842","CP",1
"Cell_6956","CP",1
"Cell_7311","CP",1
"Cell_7440","CP",1
"Cell_7663","CP",1
"Cell_7864","CP",1
"Cell_8286","CP",1
"Cell_8313","CP",1
"Cell_8346","CP",1
"Cell_8440","CP",1
"Cell_8613","CP",1
"Cell_8790","CP",1
"Cell_8792","CP",1
"Cell_9399","CP",1
"Cell_9660","CP",1
"Cell_9822","CP",1
"Cell_9987","CP",1
"Cell_10095","CP",1
"Cell_10396","CP",1
"Cell_10545","CP",1
"Cell_11664","CP",1
"Cell_12089","CP",1
"Cell_12521","CP",0.999999999999999
"Cell_12582","CP",1
"Cell_12999","CP",1
"Cell_13050","CP",0.999999999999999
"Cell_13060","CP",1
"Cell_13140","CP",1
"Cell_14354","CP",1
"Cell_14437","CP",1
"Cell_14497","CP",1
"Cell_14520","CP",1
"Cell_14853","CP",1
"Cell_14908","CP",1
"Cell_15194","CP",1
"Cell_15352","CP",1
"Cell_15813","CP",1
"Cell_16232","CP",1
"Cell_16409","CP",1
"Cell_16584","CP",1
"Cell_17329","CP",1
"Cell_17678","CP",1
"Cell_17734","CP",1
"Cell_18276","CP",1
"Cell_19200","CP",1
"Cell_19649","CP",0.999999999999999
"Cell_19745","CP",1
"Cell_19897","CP",1
"Cell_20288","CP",1
"Cell_21163","CP",1
"Cell_21505","CP",1
"Cell_21545","CP",1
"Cell_21571","CP",1
"Cell_21664","CP",1
"Cell_22625","CP",1
"Cell_22676","CP",1
"Cell_22712","CP",1
"Cell_23335","CP",1
"Cell_23347","CP",1
"Cell_23368","CP",1
"Cell_23675","CP",1
"Cell_23853","CP",1
"Cell_23936","CP",1
"Cell_24443","CP",1
"Cell_24548","CP",1
"Cell_25162","CP",1
"Cell_25665","CP",1
"Cell_26055","CP",1
"Cell_26244","CP",1
"Cell_26686","CP",1
"Cell_26977","CP",1
"Cell_27191","CP",1
"Cell_27197","CP",1
"Cell_27284","CP",1
"Cell_27762","CP",1
"Cell_28298","CP",1
"Cell_28329","CP",1
"Cell_28482","CP",1
"Cell_29123","CP",1
"Cell_29211","CP",1
"Cell_29459","CP",1
"Cell_29579","CP",1
"Cell_29637","CP",1
"Cell_29787","CP",1
"Cell_29860","CP",1
"Cell_30152","CP",1
"Cell_30661","CP",1
"Cell_30859","CP",1
"Cell_30970","CP",1
"Cell_31680","CP",1
"Cell_31905","CP",1
"Cell_32177","CP",1
"Cell_32425","CP",1
"Cell_32685","CP",1
"Cell_33445","CP",1
"Cell_33803","CP",0.990162862258056
"Cell_34075","CP",1
"Cell_34377","CP",1
"Cell_34405","CP",1
"Cell_34530","CP",1
"Cell_34538","CP",1
"Cell_34764","CP",1
"Cell_35767","CP",1
"Cell_35905","CP",1
"Cell_36928","CP",1
"Cell_37272","CP",1
"Cell_37505","CP",1
"Cell_37803","CP",0.999839860754479
"Cell_38006","CP",1
"Cell_38195","CP",1
"Cell_38691","CP",0.999999999999999
"Cell_38964","CP",1
"Cell_39535","CP",1
"Cell_40244","CP",1
"Cell_41257","CP",1
"Cell_41767","CP",1
"Cell_42151","CP",1
"Cell_43013","CP",1
"Cell_43326","CP",1
"Cell_43565","CP",1
"Cell_43606","CP",1
"Cell_44092","CP",1
"Cell_44664","CP",1
"Cell_518","CP",1
"Cell_18837","CP",0.961031563480404
"Cell_37766","CP",1
"Cell_38387","CP",1
"Cell_1714","CP",1
"Cell_6430","CP",1
"Cell_9317","CP",1
"Cell_11140","CP",1
"Cell_33454","CP",1
"Cell_4286","CP",1
"Cell_5485","CP",1
"Cell_3223","CP",1
"Cell_3406","CP",1
"Cell_6057","CP",1
"Cell_6226","CP",1
"Cell_7762","CP",1
"Cell_15607","CP",1
"Cell_23085","CP",1
"Cell_29982","CP",1
"Cell_30832","CP",1
"Cell_27584","CP",1
"Cell_33325","CP",1
"Cell_77","CP",1
"Cell_740","CP",1
"Cell_897","CP",1
"Cell_1346","CP",1
"Cell_2654","CP",1
"Cell_2702","CP",1
"Cell_2738","CP",1
"Cell_3352","CP",1
"Cell_3454","CP",1
"Cell_3689","CP",1
"Cell_3702","CP",1
"Cell_3937","CP",1
"Cell_4061","CP",1
"Cell_5130","CP",0.999999999999999
"Cell_6400","CP",1
"Cell_6564","CP",1
"Cell_6965","CP",1
"Cell_6966","CP",1
"Cell_7352","CP",1
"Cell_7917","CP",1
"Cell_8093","CP",1
"Cell_8151","CP",1
"Cell_8170","CP",1
"Cell_8237","CP",1
"Cell_8883","CP",1
"Cell_9045","CP",1
"Cell_9138","CP",1
"Cell_9310","CP",1
"Cell_9633","CP",1
"Cell_9772","CP",1
"Cell_9930","CP",0.999999999999999
"Cell_10206","CP",1
"Cell_10678","CP",1
"Cell_11118","CP",1
"Cell_11576","CP",1
"Cell_12131","CP",1
"Cell_12851","CP",1
"Cell_12907","CP",1
"Cell_13636","CP",1
"Cell_13740","CP",1
"Cell_14019","CP",1
"Cell_14228","CP",1
"Cell_14291","CP",1
"Cell_14662","CP",1
"Cell_14744","CP",1
"Cell_14842","CP",1
"Cell_14904","CP",1
"Cell_15326","CP",1
"Cell_15514","CP",1
"Cell_15554","CP",1
"Cell_15586","CP",1
"Cell_15595","CP",1
"Cell_15620","CP",1
"Cell_16152","CP",1
"Cell_16460","CP",1
"Cell_16723","CP",1
"Cell_16786","CP",1
"Cell_17028","CP",1
"Cell_17414","CP",1
"Cell_18525","CP",1
"Cell_19267","CP",1
"Cell_19404","CP",1
"Cell_19426","CP",1
"Cell_19895","CP",1
"Cell_19951","CP",0.968033504933208
"Cell_20217","CP",1
"Cell_20769","CP",1
"Cell_20777","CP",1
"Cell_20854","CP",1
"Cell_21551","CP",1
"Cell_21613","CP",1
"Cell_22488","CP",1
"Cell_22497","CP",1
"Cell_23207","CP",1
"Cell_23365","CP",1
"Cell_23689","CP",1
"Cell_23951","CP",1
"Cell_24181","CP",1
"Cell_24805","CP",1
"Cell_25209","CP",1
"Cell_25521","CP",1
"Cell_25882","CP",1
"Cell_26598","CP",1
"Cell_26839","CP",1
"Cell_27211","CP",1
"Cell_27902","CP",1
"Cell_28286","CP",1
"Cell_29214","CP",1
"Cell_29659","CP",1
"Cell_29730","CP",0.999999999999999
"Cell_29790","CP",1
"Cell_29798","CP",1
"Cell_29983","CP",1
"Cell_30432","CP",1
"Cell_31578","CP",1
"Cell_31590","CP",1
"Cell_31984","CP",1
"Cell_33091","CP",0.999999999999999
"Cell_33247","CP",1
"Cell_33410","CP",1
"Cell_33842","CP",1
"Cell_33856","CP",1
"Cell_33912","CP",1
"Cell_33935","CP",1
"Cell_34124","CP",1
"Cell_34470","CP",1
"Cell_34627","CP",1
"Cell_34697","CP",1
"Cell_35147","CP",1
"Cell_35197","CP",1
"Cell_35238","CP",1
"Cell_35244","CP",1
"Cell_35267","CP",1
"Cell_35276","CP",1
"Cell_35883","CP",1
"Cell_37025","CP",1
"Cell_37090","CP",1
"Cell_37406","CP",1
"Cell_37732","CP",1
"Cell_37933","CP",1
"Cell_38168","CP",1
"Cell_38309","CP",1
"Cell_39585","CP",1
"Cell_39769","CP",1
"Cell_39966","CP",1
"Cell_41337","CP",1
"Cell_41353","CP",1
"Cell_41499","CP",1
"Cell_42575","CP",1
"Cell_42577","CP",1
"Cell_42951","CP",1
"Cell_43078","CP",1
"Cell_43180","CP",1
"Cell_44109","CP",1
"Cell_44688","CP",1
"Cell_45203","CP",1
"Cell_45277","CP",1
"Cell_2353","CP",1
"Cell_5728","CP",1
"Cell_32384","CP",1
"Cell_40016","CP",1
"Cell_409","CP",1
"Cell_1702","CP",1
"Cell_1735","CP",1
"Cell_2529","CP",1
"Cell_3578","CP",1
"Cell_3871","CP",1
"Cell_4513","CP",1
"Cell_4776","CP",1
"Cell_4881","CP",1
"Cell_4966","CP",0.999999999999999
"Cell_5066","CP",1
"Cell_5339","CP",1
"Cell_5747","CP",1
"Cell_5915","CP",1
"Cell_6433","CP",1
"Cell_7239","CP",1
"Cell_7731","CP",0.999999999999999
"Cell_10005","CP",1
"Cell_10105","CP",1
"Cell_10315","CP",1
"Cell_10481","CP",1
"Cell_10591","CP",1
"Cell_10935","CP",1
"Cell_11116","CP",1
"Cell_11158","CP",1
"Cell_11572","CP",1
"Cell_12729","CP",1
"Cell_13054","CP",0.999999999999999
"Cell_13357","CP",1
"Cell_14271","CP",1
"Cell_14759","CP",1
"Cell_14968","CP",1
"Cell_15742","CP",1
"Cell_15806","CP",1
"Cell_16190","CP",1
"Cell_19107","CP",1
"Cell_19299","CP",1
"Cell_20563","CP",1
"Cell_20696","CP",1
"Cell_20706","CP",1
"Cell_21525","CP",1
"Cell_24090","CP",1
"Cell_25258","CP",1
"Cell_25274","CP",1
"Cell_28003","CP",1
"Cell_30680","CP",1
"Cell_31699","CP",1
"Cell_32272","CP",1
"Cell_32570","CP",1
"Cell_33225","CP",1
"Cell_34267","CP",1
"Cell_36950","CP",1
"Cell_37886","CP",1
"Cell_39153","CP",1
"Cell_39163","CP",1
"Cell_39171","CP",1
"Cell_39778","CP",1
"Cell_40232","CP",1
"Cell_40250","CP",1
"Cell_40830","CP",1
"Cell_40966","CP",1
"Cell_42053","CP",1
"Cell_42794","CP",1
"Cell_237","CP",1
"Cell_3213","CP",1
"Cell_5324","CP",1
"Cell_6868","CP",1
"Cell_23474","CP",1
"Cell_23844","CP",1
"Cell_27935","CP",1
"Cell_30185","CP",1
"Cell_38908","CP",1
"Cell_44812","CP",1
"Cell_16756","CP",1
"Cell_6970","CP",1
"Cell_9303","CP",1
"Cell_9530","CP",1
"Cell_36892","CP",0.999999999999999
"Cell_20","CP",1
"Cell_194","CP",1
"Cell_239","CP",1
"Cell_340","CP",1
"Cell_492","CP",1
"Cell_636","CP",1
"Cell_637","CP",1
"Cell_687","CP",1
"Cell_781","CP",1
"Cell_1020","CP",1
"Cell_1206","CP",1
"Cell_1268","CP",1
"Cell_1393","CP",1
"Cell_1407","CP",1
"Cell_1620","CP",1
"Cell_1802","CP",1
"Cell_2077","CP",1
"Cell_2929","CP",1
"Cell_3190","CP",1
"Cell_3224","CP",1
"Cell_3295","CP",1
"Cell_3642","CP",1
"Cell_3821","CP",1
"Cell_4605","CP",1
"Cell_4877","CP",1
"Cell_5036","CP",1
"Cell_5072","CP",1
"Cell_5201","CP",1
"Cell_5343","CP",1
"Cell_5678","CP",1
"Cell_5772","CP",1
"Cell_5860","CP",1
"Cell_5934","CP",1
"Cell_5981","CP",1
"Cell_6115","CP",1
"Cell_6347","CP",1
"Cell_6361","CP",1
"Cell_6384","CP",1
"Cell_6921","CP",1
"Cell_7098","CP",1
"Cell_7230","CP",1
"Cell_7456","CP",1
"Cell_7555","CP",1
"Cell_7739","CP",1
"Cell_7748","CP",1
"Cell_8104","CP",1
"Cell_8310","CP",1
"Cell_8455","CP",1
"Cell_8621","CP",1
"Cell_8684","CP",1
"Cell_9137","CP",1
"Cell_9209","CP",1
"Cell_9214","CP",1
"Cell_9812","CP",1
"Cell_10118","CP",1
"Cell_10120","CP",1
"Cell_10185","CP",1
"Cell_10421","CP",1
"Cell_10596","CP",1
"Cell_10778","CP",1
"Cell_10801","CP",1
"Cell_11414","CP",1
"Cell_11462","CP",0.999999999999999
"Cell_11629","CP",1
"Cell_11809","CP",1
"Cell_11826","CP",1
"Cell_11859","CP",1
"Cell_11882","CP",1
"Cell_11932","CP",1
"Cell_12134","CP",1
"Cell_12348","CP",1
"Cell_12550","CP",1
"Cell_12801","CP",0.999999999999999
"Cell_13341","CP",1
"Cell_13638","CP",1
"Cell_13892","CP",1
"Cell_13915","CP",1
"Cell_13965","CP",1
"Cell_14091","CP",1
"Cell_14367","CP",1
"Cell_14512","CP",1
"Cell_14550","CP",1
"Cell_14931","CP",1
"Cell_15132","CP",1
"Cell_15137","CP",1
"Cell_15160","CP",0.999999999999999
"Cell_15243","CP",1
"Cell_15313","CP",1
"Cell_15320","CP",1
"Cell_15575","CP",1
"Cell_15848","CP",1
"Cell_16429","CP",1
"Cell_16471","CP",1
"Cell_16581","CP",1
"Cell_17044","CP",1
"Cell_17104","CP",1
"Cell_17196","CP",1
"Cell_17499","CP",1
"Cell_17563","CP",1
"Cell_17736","CP",1
"Cell_17752","CP",1
"Cell_17770","CP",1
"Cell_17809","CP",1
"Cell_17978","CP",0.979428479984435
"Cell_17991","CP",1
"Cell_18065","CP",1
"Cell_18474","CP",1
"Cell_18747","CP",0.999999999999999
"Cell_18779","CP",0.999999999999999
"Cell_18894","CP",1
"Cell_19066","CP",1
"Cell_19349","CP",1
"Cell_19413","CP",1
"Cell_19646","CP",1
"Cell_19819","CP",1
"Cell_20089","CP",1
"Cell_20189","CP",1
"Cell_20393","CP",1
"Cell_20973","CP",1
"Cell_21083","CP",1
"Cell_21134","CP",1
"Cell_21262","CP",1
"Cell_21274","CP",1
"Cell_21745","CP",1
"Cell_21807","CP",1
"Cell_22207","CP",1
"Cell_22241","CP",1
"Cell_22675","CP",1
"Cell_22814","CP",1
"Cell_22918","CP",1
"Cell_22977","CP",1
"Cell_23113","CP",1
"Cell_23163","CP",1
"Cell_23257","CP",1
"Cell_23330","CP",1
"Cell_23525","CP",1
"Cell_23560","CP",1
"Cell_24049","CP",1
"Cell_24071","CP",1
"Cell_24101","CP",1
"Cell_24192","CP",1
"Cell_24348","CP",1
"Cell_24485","CP",1
"Cell_24492","CP",1
"Cell_24615","CP",1
"Cell_24722","CP",1
"Cell_24852","CP",1
"Cell_25244","CP",0.999999999999999
"Cell_25846","CP",1
"Cell_26219","CP",1
"Cell_26441","CP",1
"Cell_26578","CP",0.999999999999999
"Cell_26688","CP",1
"Cell_26753","CP",1
"Cell_26830","CP",1
"Cell_26916","CP",1
"Cell_27754","CP",1
"Cell_27850","CP",1
"Cell_28240","CP",1
"Cell_28248","CP",1
"Cell_28374","CP",1
"Cell_28444","CP",1
"Cell_28601","CP",1
"Cell_29010","CP",1
"Cell_29059","CP",1
"Cell_29261","CP",1
"Cell_29319","CP",1
"Cell_29337","CP",1
"Cell_29895","CP",1
"Cell_29948","CP",1
"Cell_30138","CP",1
"Cell_30816","CP",1
"Cell_30871","CP",1
"Cell_30903","CP",1
"Cell_31170","CP",1
"Cell_31233","CP",1
"Cell_31445","CP",1
"Cell_31507","CP",1
"Cell_31593","CP",1
"Cell_31711","CP",1
"Cell_32132","CP",1
"Cell_32181","CP",1
"Cell_32189","CP",1
"Cell_32273","CP",1
"Cell_32513","CP",1
"Cell_32716","CP",1
"Cell_32739","CP",1
"Cell_32926","CP",1
"Cell_33189","CP",1
"Cell_33348","CP",1
"Cell_33444","CP",1
"Cell_33504","CP",1
"Cell_33815","CP",1
"Cell_33910","CP",1
"Cell_34151","CP",1
"Cell_34254","CP",1
"Cell_34518","CP",1
"Cell_34539","CP",1
"Cell_34599","CP",1
"Cell_34607","CP",1
"Cell_34670","CP",1
"Cell_34863","CP",1
"Cell_35167","CP",1
"Cell_35254","CP",1
"Cell_35270","CP",1
"Cell_35604","CP",1
"Cell_36052","CP",1
"Cell_36394","CP",1
"Cell_36437","CP",1
"Cell_36438","CP",0.999999999999999
"Cell_36893","CP",1
"Cell_36926","CP",0.999999999999999
"Cell_37064","CP",1
"Cell_37193","CP",1
"Cell_37284","CP",1
"Cell_37376","CP",1
"Cell_37756","CP",1
"Cell_38124","CP",1
"Cell_38434","CP",1
"Cell_38553","CP",1
"Cell_38661","CP",1
"Cell_39252","CP",1
"Cell_39558","CP",1
"Cell_40130","CP",1
"Cell_40160","CP",1
"Cell_40510","CP",1
"Cell_40614","CP",1
"Cell_40751","CP",1
"Cell_41421","CP",1
"Cell_41438","CP",1
"Cell_41442","CP",1
"Cell_41781","CP",1
"Cell_41798","CP",1
"Cell_42866","CP",0.999999999999999
"Cell_42876","CP",1
"Cell_43222","CP",1
"Cell_43452","CP",1
"Cell_43634","CP",1
"Cell_43976","CP",1
"Cell_44414","CP",1
"Cell_44454","CP",1
"Cell_44461","CP",1
"Cell_44513","CP",1
"Cell_45090","CP",1
"Cell_45218","CP",1
"Cell_333","CP",1
"Cell_347","CP",1
"Cell_807","CP",1
"Cell_1069","CP",1
"Cell_1355","CP",1
"Cell_1593","CP",1
"Cell_2167","CP",1
"Cell_2494","CP",1
"Cell_2498","CP",1
"Cell_3805","CP",1
"Cell_5053","CP",1
"Cell_5120","CP",1
"Cell_5214","CP",1
"Cell_5543","CP",1
"Cell_5737","CP",1
"Cell_6276","CP",1
"Cell_7076","CP",1
"Cell_8200","CP",1
"Cell_8351","CP",1
"Cell_8447","CP",1
"Cell_9086","CP",1
"Cell_9525","CP",0.999999999999999
"Cell_10993","CP",1
"Cell_11708","CP",1
"Cell_11740","CP",1
"Cell_11945","CP",1
"Cell_13896","CP",1
"Cell_16665","CP",1
"Cell_17006","CP",1
"Cell_19082","CP",1
"Cell_19638","CP",1
"Cell_20613","CP",1
"Cell_21504","CP",1
"Cell_21849","CP",1
"Cell_22167","CP",1
"Cell_24256","CP",1
"Cell_24970","CP",1
"Cell_28002","CP",1
"Cell_28744","CP",1
"Cell_29094","CP",1
"Cell_29136","CP",1
"Cell_29765","CP",1
"Cell_30901","CP",1
"Cell_31577","CP",1
"Cell_32097","CP",1
"Cell_32423","CP",1
"Cell_32717","CP",1
"Cell_32749","CP",1
"Cell_32803","CP",1
"Cell_33680","CP",1
"Cell_34737","CP",1
"Cell_35483","CP",1
"Cell_36895","CP",0.999999999999999
"Cell_39612","CP",1
"Cell_40037","CP",1
"Cell_40981","CP",1
"Cell_41066","CP",1
"Cell_41537","CP",1
"Cell_42376","CP",1
"Cell_42383","CP",1
"Cell_43506","CP",1
"Cell_43767","CP",1
"Cell_44025","CP",1
"Cell_44990","CP",1
"Cell_45039","CP",1
"Cell_39463","CP",1
"Cell_39926","CP",1
"Cell_3245","CP",1
"Cell_7157","CP",1
"Cell_9049","CP",1
"Cell_11079","CP",1
"Cell_17070","CP",1
"Cell_17125","CP",1
"Cell_18494","CP",1
"Cell_18560","CP",1
"Cell_20433","CP",1
"Cell_22321","CP",1
"Cell_28478","CP",1
"Cell_30162","CP",1
"Cell_31127","CP",1
"Cell_33773","CP",1
"Cell_34721","CP",1
"Cell_39085","CP",1
"Cell_40396","CP",1
"Cell_40787","CP",1
"Cell_42091","CP",1
"Cell_478","CP",0.999999999999999
"Cell_1260","CP",1
"Cell_4162","CP",1
"Cell_4515","CP",1
"Cell_5308","CP",1
"Cell_5956","CP",1
"Cell_5988","CP",1
"Cell_8341","CP",1
"Cell_10570","CP",1
"Cell_10614","CP",1
"Cell_11427","CP",1
"Cell_11476","CP",1
"Cell_12896","CP",1
"Cell_15386","CP",1
"Cell_15431","CP",1
"Cell_16175","CP",1
"Cell_16215","CP",1
"Cell_16575","CP",1
"Cell_17143","CP",1
"Cell_17334","CP",1
"Cell_23306","CP",1
"Cell_24321","CP",1
"Cell_27423","CP",1
"Cell_30278","CP",1
"Cell_33554","CP",1
"Cell_34123","CP",1
"Cell_34617","CP",1
"Cell_38394","CP",1
"Cell_41688","CP",1
"Cell_6655","CP",1
"Cell_23668","CP",1
"Cell_9225","CP",1
"Cell_16267","CP",1
"Cell_18709","CP",1
"Cell_22192","CP",1
"Cell_28820","CP",1
"Cell_29503","CP",1
"Cell_6882","CP",1
"Cell_23477","CP",1
"Cell_30563","CP",1
"Cell_33209","CP",0.999999999999999
"Cell_35790","CP",1
"Cell_39599","CP",1
"Cell_44030","CP",1
"Cell_613","CP",1
"Cell_13223","CP",1
"Cell_29064","CP",1
"Cell_32135","CP",1
"Cell_38078","CP",1
"Cell_41950","CP",1
"Cell_479","CP",1
"Cell_6482","CP",1
"Cell_7686","CP",1
"Cell_7757","CP",1
"Cell_9621","CP",1
"Cell_10393","CP",1
"Cell_13721","CP",0.999999999999999
"Cell_17240","CP",1
"Cell_20409","CP",1
"Cell_20629","CP",1
"Cell_20903","CP",1
"Cell_21826","CP",1
"Cell_24416","CP",1
"Cell_32176","CP",1
"Cell_37202","CP",1
"Cell_39309","CP",1
"Cell_41888","CP",1
"Cell_42644","CP",1
"Cell_3917","CP",1
"Cell_4414","CP",1
"Cell_6081","CP",1
"Cell_8429","CP",0.999999999999999
"Cell_9351","CP",1
"Cell_18909","CP",1
"Cell_18992","CP",1
"Cell_23299","CP",1
"Cell_29478","CP",1
"Cell_30060","CP",1
"Cell_33197","CP",1
"Cell_34313","CP",1
"Cell_35981","CP",0.999999999999999
"Cell_36024","CP",1
"Cell_261","Isocortex",1
"Cell_10623","Isocortex",1
"Cell_11343","Isocortex",1
"Cell_27666","Isocortex",1
"Cell_35365","Isocortex",1
"Cell_21852","Isocortex",1
"Cell_34234","Isocortex",0.972540022138056
"Cell_7455","Isocortex",1
"Cell_9881","Isocortex",1
"Cell_13625","Isocortex",1
"Cell_15594","Isocortex",1
"Cell_18571","Isocortex",1
"Cell_20190","Isocortex",1
"Cell_24770","Isocortex",1
"Cell_24931","Isocortex",1
"Cell_25015","Isocortex",0.98911182282044
"Cell_26629","Isocortex",1
"Cell_31004","Isocortex",1
"Cell_33036","Isocortex",1
"Cell_35198","Isocortex",1
"Cell_40065","Isocortex",1
"Cell_43133","Isocortex",1
"Cell_7314","Isocortex",1
"Cell_14519","Isocortex",1
"Cell_14521","Isocortex",1
"Cell_16390","Isocortex",1
"Cell_16551","Isocortex",1
"Cell_23942","Isocortex",1
"Cell_23953","Isocortex",1
"Cell_31830","Isocortex",1
"Cell_34625","Isocortex",1
"Cell_42103","Isocortex",1
"Cell_43212","Isocortex",1
"Cell_17467","Isocortex",1
"Cell_32718","Isocortex",1
"Cell_33417","Isocortex",1
"Cell_2007","Isocortex",1
"Cell_2485","Isocortex",1
"Cell_2729","Isocortex",1
"Cell_2969","Isocortex",1
"Cell_7804","Isocortex",1
"Cell_9659","Isocortex",1
"Cell_9861","Isocortex",1
"Cell_11591","Isocortex",1
"Cell_14593","Isocortex",1
"Cell_14797","Isocortex",1
"Cell_16755","Isocortex",1
"Cell_19802","Isocortex",1
"Cell_20549","Isocortex",1
"Cell_21732","Isocortex",1
"Cell_25976","Isocortex",1
"Cell_26266","Isocortex",1
"Cell_27120","Isocortex",1
"Cell_27671","Isocortex",0.988897892335871
"Cell_28035","Isocortex",1
"Cell_28902","Isocortex",1
"Cell_29399","Isocortex",1
"Cell_39899","Isocortex",1
"Cell_40340","Isocortex",1
"Cell_41000","Isocortex",1
"Cell_41299","Isocortex",1
"Cell_43278","Isocortex",1
"Cell_179","Isocortex",1
"Cell_267","Isocortex",1
"Cell_397","Isocortex",1
"Cell_623","Isocortex",1
"Cell_679","Isocortex",1
"Cell_685","Isocortex",1
"Cell_716","Isocortex",1
"Cell_815","Isocortex",1
"Cell_1351","Isocortex",1
"Cell_1684","Isocortex",1
"Cell_1788","Isocortex",1
"Cell_2377","Isocortex",1
"Cell_2647","Isocortex",1
"Cell_2742","Isocortex",1
"Cell_3435","Isocortex",1
"Cell_3791","Isocortex",1
"Cell_4047","Isocortex",1
"Cell_4195","Isocortex",1
"Cell_4910","Isocortex",1
"Cell_5230","Isocortex",1
"Cell_5410","Isocortex",1
"Cell_6008","Isocortex",1
"Cell_6013","Isocortex",1
"Cell_6375","Isocortex",1
"Cell_6916","Isocortex",1
"Cell_7280","Isocortex",1
"Cell_7955","Isocortex",1
"Cell_8583","Isocortex",1
"Cell_8713","Isocortex",1
"Cell_8783","Isocortex",1
"Cell_8997","Isocortex",1
"Cell_10401","Isocortex",1
"Cell_10898","Isocortex",1
"Cell_12490","Isocortex",1
"Cell_12520","Isocortex",1
"Cell_12757","Isocortex",1
"Cell_12805","Isocortex",1
"Cell_13710","Isocortex",1
"Cell_14238","Isocortex",1
"Cell_14641","Isocortex",1
"Cell_15239","Isocortex",1
"Cell_15726","Isocortex",1
"Cell_15815","Isocortex",1
"Cell_15916","Isocortex",1
"Cell_16244","Isocortex",1
"Cell_16320","Isocortex",1
"Cell_16954","Isocortex",1
"Cell_16960","Isocortex",1
"Cell_17315","Isocortex",1
"Cell_17653","Isocortex",1
"Cell_17732","Isocortex",1
"Cell_17766","Isocortex",1
"Cell_17899","Isocortex",1
"Cell_18211","Isocortex",1
"Cell_18861","Isocortex",1
"Cell_18990","Isocortex",1
"Cell_19034","Isocortex",1
"Cell_19074","Isocortex",0.992614738674157
"Cell_20100","Isocortex",1
"Cell_20345","Isocortex",1
"Cell_20657","Isocortex",1
"Cell_20979","Isocortex",1
"Cell_22709","Isocortex",1
"Cell_23890","Isocortex",1
"Cell_23895","Isocortex",1
"Cell_24637","Isocortex",1
"Cell_25736","Isocortex",1
"Cell_26255","Isocortex",1
"Cell_26583","Isocortex",0.958675990495435
"Cell_28334","Isocortex",1
"Cell_28377","Isocortex",1
"Cell_29695","Isocortex",1
"Cell_29992","Isocortex",1
"Cell_30360","Isocortex",1
"Cell_30759","Isocortex",1
"Cell_32263","Isocortex",1
"Cell_32850","Isocortex",1
"Cell_32954","Isocortex",1
"Cell_33037","Isocortex",1
"Cell_33394","Isocortex",1
"Cell_33577","Isocortex",1
"Cell_34523","Isocortex",1
"Cell_34754","Isocortex",1
"Cell_35057","Isocortex",1
"Cell_35824","Isocortex",1
"Cell_36360","Isocortex",1
"Cell_37847","Isocortex",1
"Cell_37901","Isocortex",1
"Cell_38374","Isocortex",1
"Cell_38802","Isocortex",1
"Cell_40088","Isocortex",1
"Cell_40319","Isocortex",0.975949372814598
"Cell_41144","Isocortex",1
"Cell_41521","Isocortex",1
"Cell_44154","Isocortex",1
"Cell_44650","Isocortex",1
"Cell_44845","Isocortex",1
"Cell_394","Isocortex",1
"Cell_1035","Isocortex",1
"Cell_1127","Isocortex",1
"Cell_2203","Isocortex",1
"Cell_2266","Isocortex",1
"Cell_3094","Isocortex",1
"Cell_4089","Isocortex",1
"Cell_4926","Isocortex",1
"Cell_6205","Isocortex",1
"Cell_6991","Isocortex",1
"Cell_7755","Isocortex",1
"Cell_8181","Isocortex",1
"Cell_8570","Isocortex",1
"Cell_9480","Isocortex",1
"Cell_9797","Isocortex",1
"Cell_10264","Isocortex",1
"Cell_10979","Isocortex",1
"Cell_11799","Isocortex",1
"Cell_11884","Isocortex",1
"Cell_12841","Isocortex",1
"Cell_13735","Isocortex",1
"Cell_13865","Isocortex",1
"Cell_15077","Isocortex",1
"Cell_15598","Isocortex",1
"Cell_16170","Isocortex",1
"Cell_16872","Isocortex",1
"Cell_17349","Isocortex",1
"Cell_17433","Isocortex",1
"Cell_18134","Isocortex",1
"Cell_18856","Isocortex",1
"Cell_19310","Isocortex",1
"Cell_20084","Isocortex",1
"Cell_20155","Isocortex",1
"Cell_21255","Isocortex",1
"Cell_23947","Isocortex",1
"Cell_24512","Isocortex",1
"Cell_25491","Isocortex",1
"Cell_25666","Isocortex",1
"Cell_28671","Isocortex",1
"Cell_29043","Isocortex",1
"Cell_29525","Isocortex",1
"Cell_29636","Isocortex",1
"Cell_29825","Isocortex",1
"Cell_31174","Isocortex",1
"Cell_31320","Isocortex",1
"Cell_32172","Isocortex",1
"Cell_32766","Isocortex",1
"Cell_34350","Isocortex",1
"Cell_35785","Isocortex",1
"Cell_36533","Isocortex",1
"Cell_36757","Isocortex",1
"Cell_37874","Isocortex",1
"Cell_38336","Isocortex",1
"Cell_38773","Isocortex",0.999999999999999
"Cell_38945","Isocortex",1
"Cell_38971","Isocortex",1
"Cell_38987","Isocortex",1
"Cell_39388","Isocortex",1
"Cell_39421","Isocortex",1
"Cell_40811","Isocortex",1
"Cell_40813","Isocortex",1
"Cell_41095","Isocortex",1
"Cell_43364","Isocortex",1
"Cell_43801","Isocortex",1
"Cell_44018","Isocortex",1
"Cell_44883","Isocortex",1
"Cell_45063","Isocortex",1
"Cell_7271","Isocortex",1
"Cell_34885","Isocortex",1
"Cell_6566","Isocortex",1
"Cell_41202","Isocortex",1
"Cell_1466","Isocortex",1
"Cell_2312","Isocortex",1
"Cell_3326","Isocortex",1
"Cell_3911","Isocortex",1
"Cell_4033","Isocortex",1
"Cell_4205","Isocortex",1
"Cell_4310","Isocortex",1
"Cell_5114","Isocortex",1
"Cell_5380","Isocortex",1
"Cell_6422","Isocortex",1
"Cell_7554","Isocortex",1
"Cell_9773","Isocortex",1
"Cell_11784","Isocortex",1
"Cell_12725","Isocortex",1
"Cell_12948","Isocortex",1
"Cell_14694","Isocortex",1
"Cell_17806","Isocortex",1
"Cell_18509","Isocortex",1
"Cell_21102","Isocortex",0.953216304519351
"Cell_21479","Isocortex",1
"Cell_23039","Isocortex",1
"Cell_25896","Isocortex",1
"Cell_26356","Isocortex",1
"Cell_29395","Isocortex",1
"Cell_29557","Isocortex",1
"Cell_30276","Isocortex",1
"Cell_30890","Isocortex",1
"Cell_33077","Isocortex",1
"Cell_33275","Isocortex",1
"Cell_38178","Isocortex",1
"Cell_40444","Isocortex",1
"Cell_42033","Isocortex",1
"Cell_42049","Isocortex",1
"Cell_42366","Isocortex",1
"Cell_42948","Isocortex",1
"Cell_43639","Isocortex",1
"Cell_43989","Isocortex",1
"Cell_2475","Isocortex",1
"Cell_5312","Isocortex",1
"Cell_6037","Isocortex",1
"Cell_7647","Isocortex",1
"Cell_11641","Isocortex",1
"Cell_13904","Isocortex",1
"Cell_14082","Isocortex",0.970186961757768
"Cell_14110","Isocortex",1
"Cell_17663","Isocortex",1
"Cell_19753","Isocortex",1
"Cell_23013","Isocortex",1
"Cell_26286","Isocortex",1
"Cell_26866","Isocortex",1
"Cell_33301","Isocortex",1
"Cell_34049","Isocortex",1
"Cell_34326","Isocortex",1
"Cell_38097","Isocortex",1
"Cell_38348","Isocortex",1
"Cell_39711","Isocortex",1
"Cell_39838","Isocortex",1
"Cell_40506","Isocortex",0.992248356914391
"Cell_45079","Isocortex",1
"Cell_4730","Isocortex",1
"Cell_12702","Isocortex",1
"Cell_26112","Isocortex",1
"Cell_349","Isocortex",1
"Cell_501","Isocortex",1
"Cell_1246","Isocortex",1
"Cell_1254","Isocortex",1
"Cell_1994","Isocortex",1
"Cell_3645","Isocortex",1
"Cell_4184","Isocortex",1
"Cell_4474","Isocortex",1
"Cell_5371","Isocortex",1
"Cell_6444","Isocortex",1
"Cell_6445","Isocortex",1
"Cell_6876","Isocortex",1
"Cell_7563","Isocortex",1
"Cell_7776","Isocortex",1
"Cell_10606","Isocortex",1
"Cell_12934","Isocortex",1
"Cell_14395","Isocortex",1
"Cell_15777","Isocortex",1
"Cell_17239","Isocortex",1
"Cell_17450","Isocortex",1
"Cell_18281","Isocortex",1
"Cell_20231","Isocortex",1
"Cell_21154","Isocortex",1
"Cell_27644","Isocortex",1
"Cell_28727","Isocortex",1
"Cell_30244","Isocortex",1
"Cell_31760","Isocortex",1
"Cell_31908","Isocortex",1
"Cell_37845","Isocortex",1
"Cell_39632","Isocortex",1
"Cell_40463","Isocortex",1
"Cell_40504","Isocortex",1
"Cell_40989","Isocortex",0.999999999999999
"Cell_41577","Isocortex",1
"Cell_44680","Isocortex",1
"Cell_11431","Isocortex",1
"Cell_14574","Isocortex",1
"Cell_21740","Isocortex",0.999999999999999
"Cell_22189","Isocortex",1
"Cell_24426","Isocortex",1
"Cell_28992","Isocortex",1
"Cell_29719","Isocortex",1
"Cell_38408","Isocortex",1
"Cell_43496","Isocortex",1
"Cell_4598","Isocortex",1
"Cell_34701","Isocortex",1
"Cell_23591","Isocortex",1
"Cell_24346","Isocortex",1
"Cell_8415","Isocortex",1
"Cell_24188","Isocortex",1
"Cell_28937","Isocortex",1
"Cell_37703","Isocortex",1
"Cell_33938","Isocortex",1
"Cell_1650","Isocortex",1
"Cell_8890","Isocortex",0.999999999999999
"Cell_19264","Isocortex",1
"Cell_25963","Isocortex",1
"Cell_28140","Isocortex",1
"Cell_28409","Isocortex",1
"Cell_29966","Isocortex",1
"Cell_31369","Isocortex",1
"Cell_39195","Isocortex",1
"Cell_2314","Isocortex",0.951872039111754
"Cell_13249","Isocortex",1
"Cell_15610","Isocortex",1
"Cell_27487","Isocortex",1
"Cell_29647","Isocortex",1
"Cell_37811","Isocortex",1
"Cell_17152","Isocortex",1
"Cell_34945","Isocortex",1
"Cell_43961","Isocortex",1
"Cell_10521","Isocortex",1
"Cell_16336","Isocortex",1
"Cell_19704","Isocortex",1
"Cell_27925","Isocortex",1
"Cell_36235","Isocortex",1
"Cell_43658","Isocortex",1
"Cell_38616","Isocortex",1
"Cell_16000","Isocortex",1
"Cell_21439","Isocortex",1
"Cell_26003","Isocortex",1
"Cell_296","CEAm",1
"Cell_777","CEAm",1
"Cell_3252","CEAm",1
"Cell_4755","CEAm",1
"Cell_6146","CEAm",1
"Cell_7372","CEAm",1
"Cell_8371","CEAm",1
"Cell_9201","CEAm",1
"Cell_9373","CEAm",1
"Cell_12156","CEAm",1
"Cell_16134","CEAm",1
"Cell_16562","CEAm",1
"Cell_16819","CEAm",1
"Cell_17003","CEAm",1
"Cell_18028","CEAm",1
"Cell_18431","CEAm",1
"Cell_20033","CEAm",0.987063734254678
"Cell_20304","CEAm",1
"Cell_27647","CEAm",0.999999999999999
"Cell_28273","CEAm",1
"Cell_28511","CEAm",1
"Cell_30873","CEAm",1
"Cell_33946","CEAm",1
"Cell_34860","CEAm",1
"Cell_35455","CEAm",1
"Cell_35467","CEAm",1
"Cell_36915","CEAm",1
"Cell_38404","CEAm",1
"Cell_40335","CEAm",1
"Cell_41114","CEAm",1
"Cell_44221","CEAm",1
"Cell_1074","CEAm",1
"Cell_5897","CEAm",1
"Cell_8149","CEAm",0.999999999999999
"Cell_18773","CEAm",1
"Cell_431","CEAm",1
"Cell_808","CEAm",0.999425273738806
"Cell_1667","CEAm",0.999999999999999
"Cell_2180","CEAm",1
"Cell_2204","CEAm",1
"Cell_5561","CEAm",1
"Cell_6203","CEAm",1
"Cell_7218","CEAm",1
"Cell_8078","CEAm",1
"Cell_8623","CEAm",1
"Cell_11128","CEAm",1
"Cell_11747","CEAm",1
"Cell_11890","CEAm",1
"Cell_17130","CEAm",0.999999999999999
"Cell_19439","CEAm",1
"Cell_21970","CEAm",1
"Cell_23169","CEAm",1
"Cell_23431","CEAm",1
"Cell_24212","CEAm",1
"Cell_28243","CEAm",1
"Cell_33066","CEAm",1
"Cell_34770","CEAm",1
"Cell_35489","CEAm",1
"Cell_36790","CEAm",1
"Cell_36938","CEAm",1
"Cell_38529","CEAm",1
"Cell_40601","CEAm",1
"Cell_40874","CEAm",1
"Cell_40893","CEAm",1
"Cell_44547","CEAm",1
"Cell_44554","CEAm",1
"Cell_45086","CEAm",1
"Cell_25281","CEAm",1
"Cell_974","CEAm",0.973544546809471
"Cell_4952","CEAm",1
"Cell_11209","CEAm",1
"Cell_13120","CEAm",1
"Cell_14552","CEAm",1
"Cell_19686","CEAm",1
"Cell_24350","CEAm",1
"Cell_28635","CEAm",1
"Cell_32005","CEAm",1
"Cell_42032","CEAm",1
"Cell_24460","CEAm",1
"Cell_31220","CEAm",1
"Cell_6608","CEAm",0.999981859980771
"Cell_9517","CEAm",1
"Cell_24210","CEAm",1
"Cell_30678","CEAm",1
"Cell_40883","CEAm",1
"Cell_1416","CEAm",0.998331819051777
"Cell_2162","CEAm",1
"Cell_2875","CEAm",1
"Cell_3398","CEAm",1
"Cell_10884","CEAm",1
"Cell_13211","CEAm",1
"Cell_13310","CEAm",1
"Cell_13988","CEAm",1
"Cell_15921","CEAm",1
"Cell_18066","CEAm",1
"Cell_20351","CEAm",1
"Cell_22031","CEAm",1
"Cell_28418","CEAm",0.991943633638916
"Cell_30452","CEAm",1
"Cell_35720","CEAm",1
"Cell_36473","CEAm",1
"Cell_36863","CEAm",1
"Cell_40392","CEAm",1
"Cell_42010","CEAm",1
"Cell_533","CEAm",1
"Cell_1546","CEAm",1
"Cell_1736","CEAm",1
"Cell_1975","CEAm",1
"Cell_1978","CEAm",1
"Cell_2085","CEAm",1
"Cell_2185","CEAm",1
"Cell_2240","CEAm",1
"Cell_2428","CEAm",1
"Cell_2862","CEAm",0.999999999999999
"Cell_3372","CEAm",1
"Cell_3769","CEAm",1
"Cell_4023","CEAm",1
"Cell_4358","CEAm",1
"Cell_4883","CEAm",1
"Cell_5030","CEAm",1
"Cell_5284","CEAm",1
"Cell_5608","CEAm",1
"Cell_5661","CEAm",1
"Cell_5885","CEAm",0.996240269118723
"Cell_6131","CEAm",1
"Cell_6299","CEAm",1
"Cell_7512","CEAm",1
"Cell_8155","CEAm",1
"Cell_8368","CEAm",1
"Cell_8695","CEAm",1
"Cell_8902","CEAm",0.99961263278131
"Cell_9189","CEAm",1
"Cell_9451","CEAm",1
"Cell_9540","CEAm",1
"Cell_11039","CEAm",1
"Cell_12684","CEAm",1
"Cell_12760","CEAm",1
"Cell_12910","CEAm",1
"Cell_12941","CEAm",1
"Cell_13110","CEAm",1
"Cell_13301","CEAm",1
"Cell_13386","CEAm",1
"Cell_14148","CEAm",0.999999999999999
"Cell_15799","CEAm",1
"Cell_16788","CEAm",1
"Cell_16863","CEAm",1
"Cell_17265","CEAm",1
"Cell_17984","CEAm",1
"Cell_18515","CEAm",1
"Cell_19303","CEAm",1
"Cell_19442","CEAm",1
"Cell_19852","CEAm",1
"Cell_20484","CEAm",1
"Cell_20601","CEAm",1
"Cell_20682","CEAm",1
"Cell_20905","CEAm",1
"Cell_21226","CEAm",1
"Cell_22460","CEAm",1
"Cell_22793","CEAm",1
"Cell_23165","CEAm",1
"Cell_23380","CEAm",1
"Cell_23433","CEAm",1
"Cell_25031","CEAm",1
"Cell_26712","CEAm",1
"Cell_27298","CEAm",1
"Cell_27493","CEAm",1
"Cell_28050","CEAm",1
"Cell_28056","CEAm",1
"Cell_29639","CEAm",1
"Cell_30500","CEAm",0.999999999999999
"Cell_31567","CEAm",1
"Cell_32326","CEAm",1
"Cell_32593","CEAm",1
"Cell_32975","CEAm",1
"Cell_33462","CEAm",1
"Cell_33526","CEAm",0.999999999999999
"Cell_34354","CEAm",1
"Cell_34591","CEAm",1
"Cell_35105","CEAm",1
"Cell_37371","CEAm",1
"Cell_37462","CEAm",1
"Cell_37682","CEAm",1
"Cell_37730","CEAm",1
"Cell_37819","CEAm",0.999571539273072
"Cell_38565","CEAm",1
"Cell_39162","CEAm",0.999999999999999
"Cell_39661","CEAm",1
"Cell_40218","CEAm",1
"Cell_40838","CEAm",0.994183610897653
"Cell_42045","CEAm",1
"Cell_42147","CEAm",1
"Cell_42474","CEAm",1
"Cell_42690","CEAm",1
"Cell_42920","CEAm",1
"Cell_43271","CEAm",1
"Cell_43420","CEAm",1
"Cell_44445","CEAm",0.999999999999999
"Cell_44945","CEAm",1
"Cell_44953","CEAm",1
"Cell_45011","CEAm",1
"Cell_45251","CEAm",1
"Cell_73","CEAm",1
"Cell_106","CEAm",1
"Cell_480","CEAm",1
"Cell_1142","CEAm",1
"Cell_1237","CEAm",1
"Cell_1491","CEAm",1
"Cell_1866","CEAm",1
"Cell_2025","CEAm",1
"Cell_2076","CEAm",1
"Cell_2223","CEAm",1
"Cell_3005","CEAm",1
"Cell_4992","CEAm",0.992475090664545
"Cell_7307","CEAm",1
"Cell_8651","CEAm",1
"Cell_8954","CEAm",1
"Cell_9798","CEAm",1
"Cell_11426","CEAm",1
"Cell_12212","CEAm",1
"Cell_12346","CEAm",1
"Cell_12643","CEAm",1
"Cell_12678","CEAm",1
"Cell_12844","CEAm",1
"Cell_13434","CEAm",1
"Cell_13718","CEAm",1
"Cell_13991","CEAm",1
"Cell_14171","CEAm",1
"Cell_16798","CEAm",1
"Cell_17358","CEAm",1
"Cell_17659","CEAm",1
"Cell_18487","CEAm",0.999999999999999
"Cell_19028","CEAm",1
"Cell_19173","CEAm",1
"Cell_22352","CEAm",1
"Cell_22784","CEAm",1
"Cell_22969","CEAm",1
"Cell_24744","CEAm",1
"Cell_24872","CEAm",1
"Cell_25820","CEAm",1
"Cell_26720","CEAm",1
"Cell_27750","CEAm",1
"Cell_29207","CEAm",1
"Cell_29307","CEAm",1
"Cell_29436","CEAm",0.999999999999999
"Cell_31003","CEAm",1
"Cell_31370","CEAm",1
"Cell_31439","CEAm",1
"Cell_32369","CEAm",1
"Cell_33511","CEAm",1
"Cell_33760","CEAm",1
"Cell_34020","CEAm",1
"Cell_36841","CEAm",1
"Cell_38074","CEAm",1
"Cell_38226","CEAm",1
"Cell_38331","CEAm",1
"Cell_38460","CEAm",1
"Cell_38508","CEAm",1
"Cell_38722","CEAm",1
"Cell_38885","CEAm",1
"Cell_40845","CEAm",1
"Cell_41022","CEAm",1
"Cell_41286","CEAm",1
"Cell_41594","CEAm",0.999999999999999
"Cell_41632","CEAm",1
"Cell_41801","CEAm",1
"Cell_42113","CEAm",1
"Cell_42853","CEAm",1
"Cell_43431","CEAm",1
"Cell_43958","CEAm",1
"Cell_44137","CEAm",1
"Cell_44471","CEAm",1
"Cell_2711","CEAm",1
"Cell_5512","CEAm",1
"Cell_10886","CEAm",1
"Cell_10975","CEAm",1
"Cell_13914","CEAm",1
"Cell_15914","CEAm",1
"Cell_19962","CEAm",1
"Cell_20346","CEAm",1
"Cell_20553","CEAm",1
"Cell_22642","CEAm",1
"Cell_22847","CEAm",1
"Cell_28414","CEAm",1
"Cell_29668","CEAm",1
"Cell_30258","CEAm",1
"Cell_433","CEAm",1
"Cell_1928","CEAm",1
"Cell_2657","CEAm",1
"Cell_4255","CEAm",1
"Cell_6160","CEAm",1
"Cell_7646","CEAm",1
"Cell_8051","CEAm",1
"Cell_9742","CEAm",1
"Cell_10911","CEAm",1
"Cell_13043","CEAm",1
"Cell_13425","CEAm",1
"Cell_13861","CEAm",1
"Cell_16016","CEAm",1
"Cell_16818","CEAm",1
"Cell_17884","CEAm",1
"Cell_20104","CEAm",0.989155600638047
"Cell_20175","CEAm",1
"Cell_20372","CEAm",1
"Cell_21655","CEAm",1
"Cell_22517","CEAm",1
"Cell_22552","CEAm",1
"Cell_23831","CEAm",1
"Cell_25683","CEAm",1
"Cell_29522","CEAm",1
"Cell_31464","CEAm",1
"Cell_31961","CEAm",1
"Cell_32128","CEAm",1
"Cell_36860","CEAm",1
"Cell_37816","CEAm",1
"Cell_40267","CEAm",0.995872615800482
"Cell_42315","CEAm",1
"Cell_1971","CEAm",1
"Cell_11538","CEAm",1
"Cell_18055","CEAm",1
"Cell_26194","CEAm",1
"Cell_34830","CEAm",1
"Cell_34425","CEAm",1
"Cell_3933","CEAm",1
"Cell_36698","CEAm",1
"Cell_37424","CEAm",1
"Cell_3455","CEAm",1
"Cell_2201","CEAm",1
"Cell_4351","CEAm",1
"Cell_4741","CEAm",1
"Cell_12072","CEAm",1
"Cell_13696","CEAm",1
"Cell_15241","CEAm",1
"Cell_16828","CEAm",1
"Cell_17535","CEAm",1
"Cell_18091","CEAm",1
"Cell_18483","CEAm",1
"Cell_21598","CEAm",1
"Cell_25478","CEAm",1
"Cell_25744","CEAm",1
"Cell_26230","CEAm",1
"Cell_26967","CEAm",1
"Cell_28655","CEAm",1
"Cell_28948","CEAm",1
"Cell_40156","CEAm",1
"Cell_43121","CEAm",1
"Cell_43973","CEAm",1
"Cell_45239","CEAm",1
"Cell_11896","CEAm",1
"Cell_11927","CEAm",1
"Cell_13365","CEAm",1
"Cell_14698","CEAm",1
"Cell_2490","CEAm",1
"Cell_3496","CEAm",1
"Cell_4161","CEAm",1
"Cell_5826","CEAm",1
"Cell_6338","CEAm",1
"Cell_6910","CEAm",1
"Cell_7650","CEAm",1
"Cell_8692","CEAm",1
"Cell_9290","CEAm",1
"Cell_11596","CEAm",1
"Cell_14057","CEAm",1
"Cell_19036","CEAm",1
"Cell_20024","CEAm",1
"Cell_23532","CEAm",1
"Cell_23721","CEAm",1
"Cell_26067","CEAm",1
"Cell_29198","CEAm",1
"Cell_29937","CEAm",1
"Cell_30773","CEAm",0.983408627814617
"Cell_31159","CEAm",1
"Cell_32961","CEAm",1
"Cell_41726","CEAm",1
"Cell_5766","CEAm",1
"Cell_9184","CEAm",1
"Cell_5161","CEAm",1
"Cell_24476","CEAm",1
"Cell_25059","CEAm",1
"Cell_32689","CEAm",1
"Cell_42985","CEAm",1
"Cell_38438","CEAm",1
"Cell_44200","CEAm",1
"Cell_10763","CEAm",1
"Cell_18136","CEAm",1
"Cell_43275","CEAm",1
"Cell_20203","CEAm",1
"Cell_303","Isocortex",1
"Cell_16732","Isocortex",1
"Cell_32331","Isocortex",1
"Cell_33697","Isocortex",1
"Cell_12236","Isocortex",1
"Cell_15230","Isocortex",1
"Cell_16909","Isocortex",1
"Cell_26999","Isocortex",1
"Cell_36046","Isocortex",1
"Cell_40211","Isocortex",1
"Cell_41457","Isocortex",1
"Cell_42027","Isocortex",1
"Cell_42587","Isocortex",1
"Cell_6774","Isocortex",1
"Cell_14283","Isocortex",1
"Cell_18802","Isocortex",1
"Cell_19507","Isocortex",1
"Cell_35953","Isocortex",1
"Cell_37731","Isocortex",1
"Cell_42696","Isocortex",1
"Cell_44116","Isocortex",1
"Cell_10249","Isocortex",1
"Cell_33220","Isocortex",1
"Cell_3749","Isocortex",1
"Cell_35129","Isocortex",1
"Cell_4473","Isocortex",1
"Cell_6397","Isocortex",1
"Cell_7099","Isocortex",1
"Cell_20796","Isocortex",1
"Cell_21595","Isocortex",1
"Cell_26381","Isocortex",1
"Cell_34480","Isocortex",1
"Cell_34546","Isocortex",1
"Cell_2429","Isocortex",1
"Cell_10560","Isocortex",1
"Cell_11080","Isocortex",1
"Cell_17560","Isocortex",1
"Cell_22103","Isocortex",1
"Cell_22426","Isocortex",1
"Cell_33848","Isocortex",0.99993125859168
"Cell_33853","Isocortex",1
"Cell_39997","Isocortex",1
"Cell_11003","Isocortex",1
"Cell_1045","Isocortex",1
"Cell_1951","Isocortex",0.994711327430757
"Cell_2168","Isocortex",1
"Cell_7560","Isocortex",1
"Cell_8938","Isocortex",0.976769896731278
"Cell_9294","Isocortex",1
"Cell_11174","Isocortex",0.999999999999999
"Cell_12500","Isocortex",1
"Cell_16609","Isocortex",1
"Cell_18451","Isocortex",1
"Cell_19471","Isocortex",1
"Cell_19615","Isocortex",1
"Cell_21616","Isocortex",1
"Cell_22549","Isocortex",1
"Cell_23952","Isocortex",1
"Cell_26280","Isocortex",1
"Cell_28393","Isocortex",1
"Cell_28821","Isocortex",1
"Cell_32839","Isocortex",1
"Cell_33621","Isocortex",1
"Cell_33733","Isocortex",1
"Cell_33930","Isocortex",1
"Cell_34578","Isocortex",1
"Cell_37173","Isocortex",1
"Cell_39276","Isocortex",1
"Cell_39620","Isocortex",1
"Cell_41956","Isocortex",1
"Cell_42424","Isocortex",1
"Cell_42855","Isocortex",1
"Cell_43255","Isocortex",1
"Cell_43415","Isocortex",1
"Cell_28836","Isocortex",1
"Cell_19742","Isocortex",0.999990693203819
"Cell_45165","Isocortex",1
"Cell_1844","Isocortex",1
"Cell_3603","Isocortex",1
"Cell_3753","Isocortex",1
"Cell_4847","Isocortex",0.983685806635366
"Cell_15804","Isocortex",1
"Cell_16150","Isocortex",1
"Cell_19065","Isocortex",1
"Cell_25740","Isocortex",1
"Cell_33651","Isocortex",1
"Cell_35766","Isocortex",1
"Cell_38509","Isocortex",0.996481506241376
"Cell_42214","Isocortex",1
"Cell_42392","Isocortex",1
"Cell_19693","Isocortex",1
"Cell_30231","Isocortex",1
"Cell_3192","Isocortex",1
"Cell_20636","Isocortex",1
"Cell_25388","Isocortex",1
"Cell_33317","Isocortex",1
"Cell_9546","Isocortex",1
"Cell_18645","Isocortex",1
"Cell_27485","Isocortex",1
"Cell_31940","Isocortex",0.985683722893122
"Cell_583","Isocortex",1
"Cell_12007","Isocortex",1
"Cell_14990","Isocortex",1
"Cell_16543","Isocortex",1
"Cell_31978","Isocortex",1
"Cell_33662","Isocortex",1
"Cell_311","MEAad",1
"Cell_532","MEAad",1
"Cell_1031","MEAad",1
"Cell_2177","MEAad",1
"Cell_2776","MEAad",1
"Cell_2897","MEAad",1
"Cell_3763","MEAad",1
"Cell_4938","MEAad",1
"Cell_5900","MEAad",1
"Cell_6041","MEAad",1
"Cell_6234","MEAad",1
"Cell_7481","MEAad",1
"Cell_8410","MEAad",1
"Cell_10516","MEAad",1
"Cell_10836","MEAad",1
"Cell_11661","MEAad",1
"Cell_12764","MEAad",1
"Cell_13439","MEAad",1
"Cell_13821","MEAad",1
"Cell_14315","MEAad",1
"Cell_15205","MEAad",1
"Cell_15283","MEAad",1
"Cell_15868","MEAad",0.999999999999999
"Cell_16237","MEAad",1
"Cell_16778","MEAad",1
"Cell_16979","MEAad",1
"Cell_17473","MEAad",1
"Cell_17641","MEAad",1
"Cell_18072","MEAad",1
"Cell_18125","MEAad",1
"Cell_18437","MEAad",1
"Cell_18511","MEAad",1
"Cell_19330","MEAad",1
"Cell_20916","MEAad",1
"Cell_21039","MEAad",1
"Cell_21753","MEAad",1
"Cell_22067","MEAad",1
"Cell_22520","MEAad",1
"Cell_22971","MEAad",1
"Cell_23531","MEAad",1
"Cell_23876","MEAad",1
"Cell_25765","MEAad",1
"Cell_25977","MEAad",1
"Cell_26538","MEAad",1
"Cell_26794","MEAad",1
"Cell_27764","MEAad",1
"Cell_28680","MEAad",1
"Cell_31558","MEAad",1
"Cell_33867","MEAad",1
"Cell_35131","MEAad",1
"Cell_36027","MEAad",1
"Cell_36607","MEAad",1
"Cell_36618","MEAad",1
"Cell_37534","MEAad",1
"Cell_38143","MEAad",1
"Cell_38337","MEAad",1
"Cell_39478","MEAad",1
"Cell_39487","MEAad",1
"Cell_40015","MEAad",1
"Cell_40264","MEAad",1
"Cell_40458","MEAad",1
"Cell_40688","MEAad",1
"Cell_41037","MEAad",1
"Cell_42368","MEAad",1
"Cell_42465","MEAad",1
"Cell_42541","MEAad",1
"Cell_42732","MEAad",1
"Cell_42982","MEAad",1
"Cell_43522","MEAad",1
"Cell_43596","MEAad",1
"Cell_43884","MEAad",1
"Cell_44201","MEAad",1
"Cell_44228","MEAad",1
"Cell_44440","MEAad",1
"Cell_45158","MEAad",1
"Cell_2125","MEAad",1
"Cell_4916","MEAad",1
"Cell_10021","MEAad",1
"Cell_15419","MEAad",1
"Cell_19185","MEAad",1
"Cell_20786","MEAad",1
"Cell_29062","MEAad",1
"Cell_30964","MEAad",1
"Cell_32965","MEAad",1
"Cell_35043","MEAad",1
"Cell_44313","MEAad",1
"Cell_742","MEAad",1
"Cell_1924","MEAad",1
"Cell_3501","MEAad",1
"Cell_4125","MEAad",1
"Cell_4174","MEAad",1
"Cell_4651","MEAad",1
"Cell_4714","MEAad",1
"Cell_4971","MEAad",1
"Cell_5010","MEAad",1
"Cell_5082","MEAad",1
"Cell_5208","MEAad",1
"Cell_5787","MEAad",1
"Cell_6189","MEAad",1
"Cell_6644","MEAad",1
"Cell_6781","MEAad",1
"Cell_6804","MEAad",1
"Cell_7852","MEAad",1
"Cell_8528","MEAad",1
"Cell_9073","MEAad",1
"Cell_9856","MEAad",1
"Cell_10621","MEAad",1
"Cell_11099","MEAad",1
"Cell_11355","MEAad",0.999999999999999
"Cell_11772","MEAad",1
"Cell_12774","MEAad",1
"Cell_13040","MEAad",1
"Cell_13326","MEAad",1
"Cell_13857","MEAad",1
"Cell_15080","MEAad",1
"Cell_15930","MEAad",1
"Cell_16103","MEAad",1
"Cell_18194","MEAad",1
"Cell_19072","MEAad",1
"Cell_19375","MEAad",1
"Cell_21103","MEAad",1
"Cell_21311","MEAad",1
"Cell_21660","MEAad",1
"Cell_21907","MEAad",1
"Cell_22176","MEAad",1
"Cell_23751","MEAad",1
"Cell_23976","MEAad",1
"Cell_24334","MEAad",1
"Cell_25655","MEAad",1
"Cell_26032","MEAad",1
"Cell_26730","MEAad",1
"Cell_26986","MEAad",1
"Cell_27169","MEAad",1
"Cell_27880","MEAad",1
"Cell_30809","MEAad",1
"Cell_31163","MEAad",1
"Cell_32386","MEAad",1
"Cell_32475","MEAad",1
"Cell_32933","MEAad",1
"Cell_32955","MEAad",1
"Cell_34643","MEAad",1
"Cell_34777","MEAad",1
"Cell_36355","MEAad",1
"Cell_38106","MEAad",1
"Cell_38122","MEAad",1
"Cell_38533","MEAad",1
"Cell_39978","MEAad",1
"Cell_41076","MEAad",1
"Cell_41381","MEAad",1
"Cell_41523","MEAad",1
"Cell_41533","MEAad",1
"Cell_42062","MEAad",1
"Cell_42291","MEAad",1
"Cell_42711","MEAad",1
"Cell_44813","MEAad",1
"Cell_317","MEAad",1
"Cell_769","MEAad",1
"Cell_874","MEAad",1
"Cell_1586","MEAad",1
"Cell_2690","MEAad",1
"Cell_2788","MEAad",1
"Cell_3063","MEAad",1
"Cell_3582","MEAad",1
"Cell_4278","MEAad",1
"Cell_4540","MEAad",1
"Cell_4863","MEAad",1
"Cell_4983","MEAad",1
"Cell_5164","MEAad",1
"Cell_5468","MEAad",1
"Cell_5482","MEAad",1
"Cell_6341","MEAad",1
"Cell_6483","MEAad",1
"Cell_6743","MEAad",1
"Cell_6832","MEAad",1
"Cell_6843","MEAad",1
"Cell_6932","MEAad",1
"Cell_7027","MEAad",1
"Cell_7125","MEAad",1
"Cell_7600","MEAad",1
"Cell_7819","MEAad",0.999999999999999
"Cell_7935","MEAad",1
"Cell_8407","MEAad",1
"Cell_9284","MEAad",1
"Cell_9482","MEAad",1
"Cell_9678","MEAad",1
"Cell_10061","MEAad",1
"Cell_10171","MEAad",1
"Cell_10320","MEAad",1
"Cell_10388","MEAad",1
"Cell_10692","MEAad",1
"Cell_10710","MEAad",1
"Cell_10727","MEAad",1
"Cell_10787","MEAad",1
"Cell_10817","MEAad",1
"Cell_10844","MEAad",1
"Cell_11278","MEAad",1
"Cell_11838","MEAad",1
"Cell_11843","MEAad",1
"Cell_11849","MEAad",1
"Cell_12514","MEAad",1
"Cell_12830","MEAad",1
"Cell_12945","MEAad",1
"Cell_13127","MEAad",1
"Cell_13560","MEAad",1
"Cell_13879","MEAad",1
"Cell_13964","MEAad",1
"Cell_14036","MEAad",1
"Cell_14156","MEAad",1
"Cell_14808","MEAad",1
"Cell_15131","MEAad",1
"Cell_15257","MEAad",1
"Cell_15416","MEAad",1
"Cell_15687","MEAad",1
"Cell_15739","MEAad",1
"Cell_15755","MEAad",1
"Cell_15775","MEAad",1
"Cell_16074","MEAad",1
"Cell_16193","MEAad",1
"Cell_16206","MEAad",1
"Cell_16207","MEAad",0.999999999999999
"Cell_16270","MEAad",1
"Cell_16384","MEAad",1
"Cell_17079","MEAad",1
"Cell_17127","MEAad",1
"Cell_17215","MEAad",1
"Cell_17271","MEAad",1
"Cell_17531","MEAad",1
"Cell_17731","MEAad",1
"Cell_18210","MEAad",1
"Cell_18231","MEAad",1
"Cell_18349","MEAad",1
"Cell_18393","MEAad",0.999999999999999
"Cell_18598","MEAad",1
"Cell_19051","MEAad",1
"Cell_19600","MEAad",1
"Cell_19943","MEAad",1
"Cell_20476","MEAad",1
"Cell_21048","MEAad",1
"Cell_21095","MEAad",0.999999999999999
"Cell_21164","MEAad",1
"Cell_21241","MEAad",1
"Cell_21361","MEAad",0.999750602412158
"Cell_21464","MEAad",1
"Cell_21768","MEAad",1
"Cell_21842","MEAad",1
"Cell_22201","MEAad",1
"Cell_22438","MEAad",1
"Cell_22547","MEAad",1
"Cell_23652","MEAad",1
"Cell_23695","MEAad",1
"Cell_23712","MEAad",1
"Cell_23766","MEAad",1
"Cell_24009","MEAad",1
"Cell_24036","MEAad",0.996145903638913
"Cell_24037","MEAad",1
"Cell_24448","MEAad",1
"Cell_24520","MEAad",1
"Cell_24702","MEAad",1
"Cell_24726","MEAad",1
"Cell_24814","MEAad",1
"Cell_24833","MEAad",0.999999999999999
"Cell_25524","MEAad",1
"Cell_25530","MEAad",1
"Cell_26022","MEAad",1
"Cell_26023","MEAad",1
"Cell_26561","MEAad",1
"Cell_26818","MEAad",1
"Cell_26878","MEAad",1
"Cell_26954","MEAad",1
"Cell_26987","MEAad",1
"Cell_27043","MEAad",1
"Cell_27700","MEAad",1
"Cell_27705","MEAad",0.999999999999999
"Cell_27836","MEAad",1
"Cell_28131","MEAad",1
"Cell_28213","MEAad",1
"Cell_28952","MEAad",1
"Cell_29291","MEAad",1
"Cell_29381","MEAad",1
"Cell_29393","MEAad",1
"Cell_29453","MEAad",1
"Cell_29864","MEAad",1
"Cell_30279","MEAad",1
"Cell_30917","MEAad",1
"Cell_31019","MEAad",1
"Cell_31404","MEAad",1
"Cell_31430","MEAad",1
"Cell_31466","MEAad",1
"Cell_31571","MEAad",1
"Cell_32266","MEAad",1
"Cell_32462","MEAad",1
"Cell_32554","MEAad",1
"Cell_32611","MEAad",1
"Cell_32804","MEAad",1
"Cell_32815","MEAad",1
"Cell_33104","MEAad",1
"Cell_33267","MEAad",1
"Cell_33568","MEAad",1
"Cell_33594","MEAad",1
"Cell_33747","MEAad",1
"Cell_33752","MEAad",0.999999999999999
"Cell_34195","MEAad",1
"Cell_34400","MEAad",1
"Cell_34474","MEAad",1
"Cell_34609","MEAad",1
"Cell_34620","MEAad",1
"Cell_34667","MEAad",1
"Cell_34761","MEAad",1
"Cell_34762","MEAad",1
"Cell_34985","MEAad",1
"Cell_35007","MEAad",1
"Cell_35025","MEAad",1
"Cell_35293","MEAad",1
"Cell_35439","MEAad",1
"Cell_35861","MEAad",1
"Cell_36009","MEAad",1
"Cell_37287","MEAad",1
"Cell_37821","MEAad",1
"Cell_38049","MEAad",1
"Cell_38361","MEAad",1
"Cell_38437","MEAad",1
"Cell_38478","MEAad",1
"Cell_38627","MEAad",1
"Cell_38867","MEAad",1
"Cell_39235","MEAad",1
"Cell_39552","MEAad",1
"Cell_39633","MEAad",1
"Cell_39644","MEAad",1
"Cell_39805","MEAad",1
"Cell_40031","MEAad",0.999999999999999
"Cell_40064","MEAad",1
"Cell_40095","MEAad",1
"Cell_40370","MEAad",1
"Cell_41080","MEAad",1
"Cell_41425","MEAad",1
"Cell_41481","MEAad",1
"Cell_41585","MEAad",1
"Cell_41941","MEAad",1
"Cell_41943","MEAad",1
"Cell_42204","MEAad",1
"Cell_42557","MEAad",1
"Cell_42717","MEAad",1
"Cell_42719","MEAad",1
"Cell_42749","MEAad",1
"Cell_42902","MEAad",1
"Cell_42947","MEAad",0.997803688706769
"Cell_43043","MEAad",1
"Cell_43209","MEAad",1
"Cell_43425","MEAad",1
"Cell_43462","MEAad",1
"Cell_43491","MEAad",1
"Cell_43545","MEAad",1
"Cell_43839","MEAad",1
"Cell_43885","MEAad",1
"Cell_44168","MEAad",1
"Cell_45113","MEAad",1
"Cell_45182","MEAad",1
"Cell_1493","MEAad",1
"Cell_31487","MEAad",1
"Cell_39434","MEAad",1
"Cell_22894","MEAad",1
"Cell_941","MEAad",1
"Cell_1043","MEAad",1
"Cell_2449","MEAad",1
"Cell_3978","MEAad",1
"Cell_6560","MEAad",1
"Cell_7749","MEAad",1
"Cell_8933","MEAad",1
"Cell_9102","MEAad",1
"Cell_10354","MEAad",1
"Cell_13385","MEAad",1
"Cell_14297","MEAad",1
"Cell_20414","MEAad",1
"Cell_20713","MEAad",1
"Cell_20875","MEAad",1
"Cell_21608","MEAad",1
"Cell_24737","MEAad",1
"Cell_25517","MEAad",1
"Cell_27937","MEAad",1
"Cell_32029","MEAad",1
"Cell_32583","MEAad",1
"Cell_33564","MEAad",1
"Cell_34027","MEAad",1
"Cell_34078","MEAad",1
"Cell_34881","MEAad",1
"Cell_35683","MEAad",1
"Cell_36551","MEAad",1
"Cell_38765","MEAad",1
"Cell_41797","MEAad",1
"Cell_41834","MEAad",1
"Cell_42829","MEAad",1
"Cell_216","MEAad",1
"Cell_269","MEAad",1
"Cell_621","MEAad",1
"Cell_776","MEAad",1
"Cell_823","MEAad",0.999999999999999
"Cell_1013","MEAad",1
"Cell_1470","MEAad",1
"Cell_1706","MEAad",1
"Cell_1733","MEAad",1
"Cell_1950","MEAad",1
"Cell_2153","MEAad",1
"Cell_2409","MEAad",1
"Cell_2492","MEAad",1
"Cell_2735","MEAad",1
"Cell_2785","MEAad",1
"Cell_2793","MEAad",1
"Cell_3850","MEAad",1
"Cell_3974","MEAad",1
"Cell_4103","MEAad",1
"Cell_4492","MEAad",1
"Cell_4985","MEAad",1
"Cell_5464","MEAad",1
"Cell_5590","MEAad",1
"Cell_5601","MEAad",1
"Cell_5943","MEAad",1
"Cell_6240","MEAad",0.999999999999999
"Cell_6308","MEAad",1
"Cell_6449","MEAad",1
"Cell_6669","MEAad",1
"Cell_7012","MEAad",1
"Cell_7326","MEAad",1
"Cell_7395","MEAad",1
"Cell_7491","MEAad",1
"Cell_7771","MEAad",1
"Cell_8023","MEAad",1
"Cell_8070","MEAad",1
"Cell_8081","MEAad",1
"Cell_8157","MEAad",1
"Cell_8246","MEAad",0.999999999999999
"Cell_8477","MEAad",1
"Cell_9182","MEAad",1
"Cell_9249","MEAad",1
"Cell_9819","MEAad",1
"Cell_9976","MEAad",1
"Cell_10026","MEAad",1
"Cell_10375","MEAad",1
"Cell_10777","MEAad",1
"Cell_11195","MEAad",1
"Cell_11425","MEAad",1
"Cell_11701","MEAad",1
"Cell_12190","MEAad",1
"Cell_12254","MEAad",1
"Cell_13215","MEAad",1
"Cell_13286","MEAad",1
"Cell_13518","MEAad",1
"Cell_14106","MEAad",1
"Cell_14134","MEAad",1
"Cell_14348","MEAad",1
"Cell_14372","MEAad",1
"Cell_14391","MEAad",1
"Cell_14736","MEAad",1
"Cell_15057","MEAad",1
"Cell_15140","MEAad",1
"Cell_15285","MEAad",1
"Cell_15392","MEAad",1
"Cell_15573","MEAad",1
"Cell_16086","MEAad",1
"Cell_16197","MEAad",1
"Cell_16578","MEAad",1
"Cell_16758","MEAad",1
"Cell_16783","MEAad",1
"Cell_17112","MEAad",1
"Cell_17294","MEAad",1
"Cell_17333","MEAad",1
"Cell_17366","MEAad",1
"Cell_18030","MEAad",1
"Cell_18116","MEAad",1
"Cell_18137","MEAad",1
"Cell_18287","MEAad",1
"Cell_18887","MEAad",1
"Cell_19057","MEAad",1
"Cell_19464","MEAad",1
"Cell_19554","MEAad",0.992011672611888
"Cell_19860","MEAad",1
"Cell_20012","MEAad",1
"Cell_20081","MEAad",1
"Cell_21136","MEAad",1
"Cell_21270","MEAad",0.979361830168911
"Cell_22212","MEAad",1
"Cell_22561","MEAad",1
"Cell_22739","MEAad",1
"Cell_22824","MEAad",1
"Cell_22962","MEAad",1
"Cell_23099","MEAad",1
"Cell_23180","MEAad",1
"Cell_23395","MEAad",0.999999999999999
"Cell_24248","MEAad",1
"Cell_24275","MEAad",1
"Cell_24276","MEAad",1
"Cell_24440","MEAad",1
"Cell_24908","MEAad",0.999999999999999
"Cell_24999","MEAad",1
"Cell_25275","MEAad",1
"Cell_25283","MEAad",1
"Cell_25318","MEAad",1
"Cell_25358","MEAad",1
"Cell_25391","MEAad",1
"Cell_25409","MEAad",0.999999999999999
"Cell_25498","MEAad",1
"Cell_25502","MEAad",1
"Cell_25606","MEAad",0.999851838070711
"Cell_25701","MEAad",1
"Cell_26049","MEAad",1
"Cell_26136","MEAad",1
"Cell_26488","MEAad",1
"Cell_27190","MEAad",1
"Cell_27532","MEAad",1
"Cell_27583","MEAad",1
"Cell_27604","MEAad",1
"Cell_27610","MEAad",1
"Cell_27743","MEAad",1
"Cell_27953","MEAad",1
"Cell_28167","MEAad",1
"Cell_28249","MEAad",1
"Cell_28720","MEAad",1
"Cell_29011","MEAad",1
"Cell_29237","MEAad",1
"Cell_29604","MEAad",1
"Cell_29958","MEAad",1
"Cell_30097","MEAad",1
"Cell_30131","MEAad",1
"Cell_30402","MEAad",1
"Cell_30414","MEAad",1
"Cell_30654","MEAad",1
"Cell_31139","MEAad",1
"Cell_31190","MEAad",1
"Cell_31693","MEAad",1
"Cell_31738","MEAad",1
"Cell_31928","MEAad",1
"Cell_32291","MEAad",1
"Cell_32511","MEAad",1
"Cell_32520","MEAad",1
"Cell_33000","MEAad",1
"Cell_33492","MEAad",1
"Cell_33689","MEAad",1
"Cell_33791","MEAad",1
"Cell_33973","MEAad",1
"Cell_34002","MEAad",1
"Cell_34023","MEAad",1
"Cell_34801","MEAad",1
"Cell_34891","MEAad",1
"Cell_35462","MEAad",1
"Cell_35606","MEAad",1
"Cell_35629","MEAad",1
"Cell_36258","MEAad",0.983254268216774
"Cell_36295","MEAad",1
"Cell_36416","MEAad",1
"Cell_36592","MEAad",1
"Cell_36833","MEAad",1
"Cell_36989","MEAad",1
"Cell_37171","MEAad",1
"Cell_37291","MEAad",1
"Cell_37393","MEAad",1
"Cell_37416","MEAad",1
"Cell_37490","MEAad",1
"Cell_37519","MEAad",1
"Cell_37648","MEAad",1
"Cell_37859","MEAad",1
"Cell_37931","MEAad",1
"Cell_38135","MEAad",1
"Cell_38325","MEAad",1
"Cell_38479","MEAad",1
"Cell_38900","MEAad",1
"Cell_39044","MEAad",1
"Cell_39232","MEAad",1
"Cell_39519","MEAad",1
"Cell_39658","MEAad",1
"Cell_39937","MEAad",1
"Cell_39986","MEAad",1
"Cell_40402","MEAad",1
"Cell_40496","MEAad",1
"Cell_40636","MEAad",1
"Cell_40815","MEAad",1
"Cell_40822","MEAad",0.999999999999999
"Cell_40991","MEAad",1
"Cell_41395","MEAad",1
"Cell_41612","MEAad",1
"Cell_42233","MEAad",1
"Cell_42323","MEAad",1
"Cell_42570","MEAad",1
"Cell_42729","MEAad",1
"Cell_42869","MEAad",1
"Cell_42975","MEAad",1
"Cell_43438","MEAad",1
"Cell_43531","MEAad",1
"Cell_43560","MEAad",1
"Cell_43636","MEAad",1
"Cell_43844","MEAad",1
"Cell_44202","MEAad",1
"Cell_44318","MEAad",1
"Cell_44367","MEAad",0.999999999999999
"Cell_44861","MEAad",1
"Cell_44974","MEAad",1
"Cell_588","MEAad",1
"Cell_1094","MEAad",1
"Cell_1277","MEAad",1
"Cell_1533","MEAad",1
"Cell_2166","MEAad",1
"Cell_2421","MEAad",1
"Cell_3078","MEAad",1
"Cell_3104","MEAad",1
"Cell_3889","MEAad",1
"Cell_4048","MEAad",1
"Cell_4538","MEAad",1
"Cell_5019","MEAad",1
"Cell_5065","MEAad",1
"Cell_5234","MEAad",1
"Cell_5291","MEAad",1
"Cell_5689","MEAad",1
"Cell_5762","MEAad",1
"Cell_5776","MEAad",1
"Cell_6187","MEAad",1
"Cell_6727","MEAad",1
"Cell_7011","MEAad",1
"Cell_8123","MEAad",1
"Cell_10019","MEAad",1
"Cell_10499","MEAad",1
"Cell_10679","MEAad",1
"Cell_10784","MEAad",1
"Cell_10981","MEAad",1
"Cell_11599","MEAad",1
"Cell_12136","MEAad",1
"Cell_12441","MEAad",1
"Cell_13008","MEAad",1
"Cell_13272","MEAad",1
"Cell_13460","MEAad",1
"Cell_14382","MEAad",1
"Cell_14773","MEAad",1
"Cell_15268","MEAad",1
"Cell_15330","MEAad",1
"Cell_15466","MEAad",1
"Cell_16013","MEAad",1
"Cell_16095","MEAad",1
"Cell_16155","MEAad",1
"Cell_16556","MEAad",1
"Cell_16683","MEAad",1
"Cell_16871","MEAad",1
"Cell_17404","MEAad",1
"Cell_18938","MEAad",1
"Cell_19870","MEAad",1
"Cell_20952","MEAad",1
"Cell_21233","MEAad",1
"Cell_21971","MEAad",1
"Cell_22269","MEAad",1
"Cell_22956","MEAad",1
"Cell_23124","MEAad",1
"Cell_23667","MEAad",1
"Cell_23937","MEAad",1
"Cell_24521","MEAad",1
"Cell_24824","MEAad",1
"Cell_24964","MEAad",1
"Cell_26086","MEAad",1
"Cell_26354","MEAad",1
"Cell_26500","MEAad",1
"Cell_26737","MEAad",1
"Cell_26778","MEAad",1
"Cell_26783","MEAad",1
"Cell_27123","MEAad",1
"Cell_27636","MEAad",1
"Cell_27677","MEAad",1
"Cell_28021","MEAad",1
"Cell_28310","MEAad",1
"Cell_28623","MEAad",1
"Cell_29213","MEAad",1
"Cell_29289","MEAad",1
"Cell_29320","MEAad",1
"Cell_29939","MEAad",1
"Cell_30032","MEAad",0.999942910074385
"Cell_30204","MEAad",1
"Cell_30837","MEAad",1
"Cell_31010","MEAad",1
"Cell_31043","MEAad",1
"Cell_31064","MEAad",1
"Cell_31213","MEAad",1
"Cell_31468","MEAad",1
"Cell_31477","MEAad",1
"Cell_31659","MEAad",1
"Cell_31806","MEAad",1
"Cell_31864","MEAad",1
"Cell_32925","MEAad",1
"Cell_32991","MEAad",1
"Cell_33132","MEAad",1
"Cell_33549","MEAad",1
"Cell_33590","MEAad",1
"Cell_33718","MEAad",1
"Cell_33954","MEAad",1
"Cell_34198","MEAad",1
"Cell_34392","MEAad",1
"Cell_34623","MEAad",1
"Cell_35176","MEAad",0.999999999999999
"Cell_35268","MEAad",1
"Cell_35441","MEAad",1
"Cell_35547","MEAad",1
"Cell_36042","MEAad",1
"Cell_36378","MEAad",1
"Cell_37035","MEAad",1
"Cell_37179","MEAad",1
"Cell_37660","MEAad",1
"Cell_37725","MEAad",1
"Cell_39227","MEAad",0.999999999999999
"Cell_39692","MEAad",1
"Cell_39752","MEAad",1
"Cell_40113","MEAad",1
"Cell_40427","MEAad",1
"Cell_40519","MEAad",1
"Cell_41050","MEAad",1
"Cell_41184","MEAad",1
"Cell_41429","MEAad",1
"Cell_41669","MEAad",1
"Cell_41787","MEAad",1
"Cell_41867","MEAad",1
"Cell_42673","MEAad",1
"Cell_42867","MEAad",1
"Cell_43215","MEAad",1
"Cell_43396","MEAad",1
"Cell_43718","MEAad",1
"Cell_43843","MEAad",1
"Cell_43920","MEAad",1
"Cell_44315","MEAad",1
"Cell_45131","MEAad",1
"Cell_45278","MEAad",1
"Cell_3031","MEAad",1
"Cell_4216","MEAad",1
"Cell_4887","MEAad",1
"Cell_8139","MEAad",1
"Cell_9666","MEAad",1
"Cell_11223","MEAad",1
"Cell_15565","MEAad",1
"Cell_15920","MEAad",1
"Cell_17505","MEAad",1
"Cell_19143","MEAad",1
"Cell_23049","MEAad",1
"Cell_33372","MEAad",1
"Cell_35713","MEAad",1
"Cell_37266","MEAad",1
"Cell_37716","MEAad",1
"Cell_40495","MEAad",1
"Cell_40761","MEAad",1
"Cell_41266","MEAad",1
"Cell_41719","MEAad",1
"Cell_42612","MEAad",1
"Cell_1228","MEAad",1
"Cell_2011","MEAad",1
"Cell_2921","MEAad",1
"Cell_4034","MEAad",1
"Cell_8739","MEAad",1
"Cell_9883","MEAad",1
"Cell_9923","MEAad",1
"Cell_10418","MEAad",1
"Cell_10751","MEAad",1
"Cell_11469","MEAad",1
"Cell_12587","MEAad",0.999999999999999
"Cell_13210","MEAad",0.999999999999999
"Cell_13359","MEAad",1
"Cell_13725","MEAad",1
"Cell_14173","MEAad",0.970803747352889
"Cell_14635","MEAad",1
"Cell_15177","MEAad",1
"Cell_15976","MEAad",1
"Cell_16926","MEAad",1
"Cell_17590","MEAad",1
"Cell_18500","MEAad",1
"Cell_20526","MEAad",1
"Cell_20622","MEAad",1
"Cell_20863","MEAad",1
"Cell_21916","MEAad",1
"Cell_21917","MEAad",1
"Cell_22006","MEAad",1
"Cell_23138","MEAad",1
"Cell_25248","MEAad",1
"Cell_26278","MEAad",1
"Cell_26976","MEAad",1
"Cell_27105","MEAad",1
"Cell_27645","MEAad",1
"Cell_28566","MEAad",1
"Cell_32252","MEAad",1
"Cell_32493","MEAad",1
"Cell_33537","MEAad",1
"Cell_33588","MEAad",1
"Cell_37805","MEAad",1
"Cell_41909","MEAad",0.999999999999999
"Cell_42593","MEAad",1
"Cell_3712","MEAad",1
"Cell_8511","MEAad",1
"Cell_14099","MEAad",1
"Cell_21069","MEAad",0.999999999999999
"Cell_23699","MEAad",1
"Cell_33013","MEAad",1
"Cell_35481","MEAad",1
"Cell_1021","MEAad",1
"Cell_6030","MEAad",1
"Cell_6726","MEAad",1
"Cell_9541","MEAad",1
"Cell_14627","MEAad",1
"Cell_18974","MEAad",1
"Cell_19783","MEAad",1
"Cell_23803","MEAad",1
"Cell_27520","MEAad",1
"Cell_35296","MEAad",1
"Cell_36855","MEAad",1
"Cell_38977","MEAad",1
"Cell_40899","MEAad",1
"Cell_41554","MEAad",1
"Cell_41686","MEAad",1
"Cell_24989","MEAad",1
"Cell_40523","MEAad",1
"Cell_42679","MEAad",0.971910754986872
"Cell_43359","MEAad",1
"Cell_29299","MEAad",1
"Cell_3430","MEAad",1
"Cell_7890","MEAad",1
"Cell_20091","MEAad",1
"Cell_30691","MEAad",1
"Cell_34976","MEAad",0.999387114607404
"Cell_35383","MEAad",1
"Cell_40052","MEAad",1
"Cell_40808","MEAad",1
"Cell_44747","MEAad",1
"Cell_45194","MEAad",1
"Cell_6919","MEAad",1
"Cell_35913","MEAad",1
"Cell_36885","MEAad",1
"Cell_28718","MEAad",1
"Cell_29061","MEAad",1
"Cell_5026","MEAad",1
"Cell_13064","MEAad",1
"Cell_40975","MEAad",0.999999999999999
"Cell_40819","MEAad",1
"Cell_419","VMHdm",0.999999999999999
"Cell_1869","VMHdm",1
"Cell_5028","VMHdm",1
"Cell_5092","VMHdm",1
"Cell_5300","VMHdm",1
"Cell_5408","VMHdm",1
"Cell_6869","VMHdm",1
"Cell_7227","VMHdm",1
"Cell_7607","VMHdm",1
"Cell_7992","VMHdm",1
"Cell_8554","VMHdm",1
"Cell_8761","VMHdm",1
"Cell_9012","VMHdm",1
"Cell_9211","VMHdm",1
"Cell_9275","VMHdm",1
"Cell_9375","VMHdm",1
"Cell_10905","VMHdm",1
"Cell_11827","VMHdm",1
"Cell_12989","VMHdm",1
"Cell_13839","VMHdm",1
"Cell_14290","VMHdm",1
"Cell_15850","VMHdm",1
"Cell_16283","VMHdm",1
"Cell_17087","VMHdm",1
"Cell_17453","VMHdm",1
"Cell_17561","VMHdm",1
"Cell_18587","VMHdm",0.991710833409043
"Cell_20258","VMHdm",1
"Cell_21108","VMHdm",1
"Cell_21223","VMHdm",1
"Cell_21265","VMHdm",1
"Cell_21993","VMHdm",1
"Cell_23343","VMHdm",0.999999999999999
"Cell_23607","VMHdm",0.999999999999999
"Cell_25560","VMHdm",1
"Cell_25573","VMHdm",1
"Cell_25800","VMHdm",1
"Cell_28990","VMHdm",1
"Cell_30063","VMHdm",1
"Cell_31488","VMHdm",1
"Cell_31538","VMHdm",1
"Cell_32060","VMHdm",1
"Cell_32641","VMHdm",1
"Cell_35925","VMHdm",1
"Cell_36489","VMHdm",1
"Cell_36492","VMHdm",0.982268301370476
"Cell_36579","VMHdm",1
"Cell_36776","VMHdm",0.958738788512937
"Cell_37215","VMHdm",1
"Cell_37846","VMHdm",1
"Cell_38062","VMHdm",1
"Cell_40224","VMHdm",1
"Cell_40291","VMHdm",1
"Cell_40320","VMHdm",1
"Cell_40521","VMHdm",1
"Cell_40567","VMHdm",0.952582346727136
"Cell_41075","VMHdm",1
"Cell_41093","VMHdm",1
"Cell_44046","VMHdm",1
"Cell_44972","VMHdm",1
"Cell_2621","VMHdm",1
"Cell_4500","VMHdm",1
"Cell_17090","VMHdm",1
"Cell_19889","VMHdm",1
"Cell_24352","VMHdm",1
"Cell_29219","VMHdm",1
"Cell_41903","VMHdm",1
"Cell_42194","VMHdm",1
"Cell_45271","VMHdm",1
"Cell_1149","VMHdm",1
"Cell_1429","VMHdm",1
"Cell_2840","VMHdm",1
"Cell_4142","VMHdm",1
"Cell_4256","VMHdm",1
"Cell_4929","VMHdm",1
"Cell_6423","VMHdm",1
"Cell_7067","VMHdm",1
"Cell_7538","VMHdm",1
"Cell_8881","VMHdm",1
"Cell_8910","VMHdm",1
"Cell_11335","VMHdm",1
"Cell_11390","VMHdm",1
"Cell_12086","VMHdm",1
"Cell_12807","VMHdm",1
"Cell_16341","VMHdm",1
"Cell_17156","VMHdm",1
"Cell_19119","VMHdm",1
"Cell_21687","VMHdm",1
"Cell_21738","VMHdm",1
"Cell_22256","VMHdm",1
"Cell_24858","VMHdm",1
"Cell_26111","VMHdm",1
"Cell_27194","VMHdm",1
"Cell_27352","VMHdm",1
"Cell_29326","VMHdm",1
"Cell_29632","VMHdm",1
"Cell_30035","VMHdm",1
"Cell_31598","VMHdm",1
"Cell_31977","VMHdm",1
"Cell_33704","VMHdm",1
"Cell_34999","VMHdm",1
"Cell_39200","VMHdm",1
"Cell_40759","VMHdm",1
"Cell_40853","VMHdm",1
"Cell_40864","VMHdm",1
"Cell_44035","VMHdm",1
"Cell_44361","VMHdm",0.999999999999999
"Cell_5444","VMHdm",1
"Cell_21182","VMHdm",1
"Cell_24923","VMHdm",1
"Cell_34522","VMHdm",1
"Cell_37590","VMHdm",1
"Cell_3133","VMHdm",1
"Cell_7836","VMHdm",1
"Cell_9364","VMHdm",1
"Cell_10060","VMHdm",1
"Cell_13278","VMHdm",1
"Cell_18859","VMHdm",1
"Cell_21662","VMHdm",1
"Cell_24893","VMHdm",1
"Cell_30394","VMHdm",1
"Cell_35817","VMHdm",1
"Cell_37779","VMHdm",1
"Cell_40036","VMHdm",1
"Cell_43155","VMHdm",1
"Cell_43540","VMHdm",1
"Cell_43911","VMHdm",1
"Cell_44250","VMHdm",1
"Cell_14599","VMHdm",1
"Cell_18470","VMHdm",1
"Cell_4197","VMHdm",1
"Cell_7122","VMHdm",1
"Cell_11854","VMHdm",1
"Cell_11917","VMHdm",1
"Cell_17657","VMHdm",1
"Cell_17936","VMHdm",1
"Cell_18241","VMHdm",1
"Cell_39223","VMHdm",1
"Cell_39844","VMHdm",1
"Cell_42676","VMHdm",0.984758902053196
"Cell_3847","VMHdm",1
"Cell_4386","VMHdm",1
"Cell_10526","VMHdm",1
"Cell_12163","VMHdm",0.961625755404591
"Cell_13868","VMHdm",1
"Cell_18497","VMHdm",1
"Cell_19716","VMHdm",1
"Cell_19814","VMHdm",1
"Cell_19850","VMHdm",1
"Cell_20715","VMHdm",1
"Cell_22557","VMHdm",1
"Cell_24579","VMHdm",1
"Cell_38400","VMHdm",1
"Cell_42031","VMHdm",1
"Cell_1095","VMHdm",1
"Cell_4760","VMHdm",1
"Cell_5250","VMHdm",1
"Cell_5448","VMHdm",1
"Cell_6071","VMHdm",1
"Cell_6358","VMHdm",1
"Cell_6393","VMHdm",0.960387578463216
"Cell_6826","VMHdm",1
"Cell_7244","VMHdm",1
"Cell_7474","VMHdm",1
"Cell_7916","VMHdm",1
"Cell_7925","VMHdm",0.999999999999999
"Cell_8006","VMHdm",1
"Cell_8418","VMHdm",1
"Cell_8744","VMHdm",1
"Cell_8899","VMHdm",1
"Cell_9050","VMHdm",1
"Cell_9279","VMHdm",1
"Cell_9864","VMHdm",1
"Cell_11226","VMHdm",1
"Cell_11460","VMHdm",1
"Cell_11645","VMHdm",1
"Cell_12446","VMHdm",1
"Cell_12848","VMHdm",1
"Cell_13682","VMHdm",1
"Cell_14266","VMHdm",1
"Cell_14809","VMHdm",1
"Cell_15982","VMHdm",1
"Cell_16043","VMHdm",1
"Cell_16292","VMHdm",1
"Cell_16387","VMHdm",1
"Cell_17020","VMHdm",1
"Cell_19214","VMHdm",1
"Cell_19228","VMHdm",1
"Cell_19498","VMHdm",1
"Cell_19502","VMHdm",1
"Cell_19551","VMHdm",1
"Cell_20651","VMHdm",1
"Cell_21576","VMHdm",1
"Cell_21786","VMHdm",1
"Cell_22473","VMHdm",1
"Cell_22726","VMHdm",1
"Cell_23783","VMHdm",1
"Cell_23981","VMHdm",0.999999999999999
"Cell_23998","VMHdm",1
"Cell_26157","VMHdm",0.959647372076211
"Cell_26634","VMHdm",1
"Cell_26906","VMHdm",1
"Cell_28395","VMHdm",1
"Cell_29348","VMHdm",1
"Cell_29665","VMHdm",1
"Cell_29816","VMHdm",1
"Cell_30072","VMHdm",1
"Cell_30381","VMHdm",1
"Cell_30658","VMHdm",1
"Cell_31523","VMHdm",1
"Cell_31589","VMHdm",1
"Cell_31625","VMHdm",1
"Cell_31792","VMHdm",1
"Cell_31876","VMHdm",1
"Cell_32540","VMHdm",1
"Cell_34083","VMHdm",1
"Cell_34614","VMHdm",1
"Cell_35393","VMHdm",1
"Cell_35927","VMHdm",1
"Cell_36392","VMHdm",1
"Cell_37330","VMHdm",1
"Cell_37499","VMHdm",1
"Cell_37839","VMHdm",1
"Cell_37862","VMHdm",1
"Cell_37938","VMHdm",1
"Cell_38735","VMHdm",1
"Cell_39915","VMHdm",1
"Cell_39953","VMHdm",1
"Cell_40607","VMHdm",1
"Cell_41574","VMHdm",1
"Cell_42718","VMHdm",1
"Cell_44120","VMHdm",0.999999505488495
"Cell_44325","VMHdm",1
"Cell_44377","VMHdm",1
"Cell_1892","VMHdm",1
"Cell_2045","VMHdm",1
"Cell_4137","VMHdm",0.999999999999999
"Cell_4721","VMHdm",1
"Cell_12568","VMHdm",1
"Cell_13461","VMHdm",1
"Cell_13597","VMHdm",1
"Cell_15645","VMHdm",1
"Cell_16858","VMHdm",1
"Cell_18518","VMHdm",1
"Cell_18762","VMHdm",1
"Cell_18868","VMHdm",1
"Cell_20002","VMHdm",1
"Cell_24397","VMHdm",1
"Cell_25728","VMHdm",0.980965481852424
"Cell_26134","VMHdm",1
"Cell_29743","VMHdm",1
"Cell_29910","VMHdm",1
"Cell_32318","VMHdm",0.953256684606952
"Cell_32636","VMHdm",1
"Cell_33117","VMHdm",1
"Cell_35779","VMHdm",1
"Cell_39873","VMHdm",1
"Cell_40831","VMHdm",1
"Cell_40984","VMHdm",1
"Cell_43536","VMHdm",1
"Cell_44550","VMHdm",1
"Cell_4186","VMHdm",1
"Cell_13090","VMHdm",1
"Cell_24679","VMHdm",1
"Cell_39313","VMHdm",1
"Cell_2169","VMHdm",1
"Cell_23072","VMHdm",1
"Cell_43268","VMHdm",0.999862009337652
"Cell_17541","VMHdm",0.999999917450163
"Cell_422","CTXsp",1
"Cell_1362","CTXsp",1
"Cell_4319","CTXsp",1
"Cell_5876","CTXsp",1
"Cell_7695","CTXsp",1
"Cell_8211","CTXsp",1
"Cell_10527","CTXsp",1
"Cell_16227","CTXsp",0.960171544279799
"Cell_19229","CTXsp",1
"Cell_20890","CTXsp",1
"Cell_29842","CTXsp",1
"Cell_33329","CTXsp",1
"Cell_36259","CTXsp",1
"Cell_39867","CTXsp",1
"Cell_9115","CTXsp",1
"Cell_15528","CTXsp",1
"Cell_28196","CTXsp",1
"Cell_1003","CTXsp",1
"Cell_7028","CTXsp",1
"Cell_7892","CTXsp",1
"Cell_8298","CTXsp",0.999999999999999
"Cell_8727","CTXsp",1
"Cell_16739","CTXsp",1
"Cell_25766","CTXsp",1
"Cell_28651","CTXsp",1
"Cell_31134","CTXsp",1
"Cell_32736","CTXsp",1
"Cell_34340","CTXsp",1
"Cell_39037","CTXsp",0.983055956520872
"Cell_41357","CTXsp",1
"Cell_41561","CTXsp",1
"Cell_41689","CTXsp",1
"Cell_43999","CTXsp",1
"Cell_2496","CTXsp",1
"Cell_3553","CTXsp",0.999999999999999
"Cell_5344","CTXsp",0.977941164447576
"Cell_23915","CTXsp",1
"Cell_33333","CTXsp",1
"Cell_34750","CTXsp",1
"Cell_37030","CTXsp",1
"Cell_16895","CTXsp",1
"Cell_40408","CTXsp",1
"Cell_3670","CTXsp",1
"Cell_10493","CTXsp",1
"Cell_12558","CTXsp",1
"Cell_19714","CTXsp",1
"Cell_23364","CTXsp",1
"Cell_27073","CTXsp",1
"Cell_31149","CTXsp",1
"Cell_41452","CTXsp",1
"Cell_43149","CTXsp",1
"Cell_1168","CTXsp",1
"Cell_1232","CTXsp",1
"Cell_2296","CTXsp",1
"Cell_2661","CTXsp",1
"Cell_2810","CTXsp",0.974783680710658
"Cell_3071","CTXsp",1
"Cell_3250","CTXsp",1
"Cell_3690","CTXsp",1
"Cell_3795","CTXsp",1
"Cell_4655","CTXsp",1
"Cell_5275","CTXsp",1
"Cell_6233","CTXsp",1
"Cell_6702","CTXsp",1
"Cell_6752","CTXsp",1
"Cell_7477","CTXsp",1
"Cell_7632","CTXsp",1
"Cell_7783","CTXsp",1
"Cell_8436","CTXsp",1
"Cell_9040","CTXsp",1
"Cell_9943","CTXsp",1
"Cell_11948","CTXsp",1
"Cell_12519","CTXsp",1
"Cell_12532","CTXsp",1
"Cell_13335","CTXsp",1
"Cell_14514","CTXsp",1
"Cell_14833","CTXsp",1
"Cell_16068","CTXsp",1
"Cell_16456","CTXsp",1
"Cell_17540","CTXsp",1
"Cell_17679","CTXsp",1
"Cell_18141","CTXsp",1
"Cell_18906","CTXsp",1
"Cell_19708","CTXsp",1
"Cell_19996","CTXsp",1
"Cell_20164","CTXsp",1
"Cell_20321","CTXsp",1
"Cell_20467","CTXsp",1
"Cell_20503","CTXsp",1
"Cell_21514","CTXsp",0.972825376807235
"Cell_21764","CTXsp",1
"Cell_21906","CTXsp",1
"Cell_22049","CTXsp",0.973328671738638
"Cell_22335","CTXsp",1
"Cell_22738","CTXsp",1
"Cell_23884","CTXsp",1
"Cell_24116","CTXsp",0.999928506622347
"Cell_24555","CTXsp",1
"Cell_25644","CTXsp",1
"Cell_25797","CTXsp",1
"Cell_26233","CTXsp",1
"Cell_26519","CTXsp",1
"Cell_27077","CTXsp",1
"Cell_27095","CTXsp",1
"Cell_27400","CTXsp",1
"Cell_27689","CTXsp",1
"Cell_27818","CTXsp",1
"Cell_27932","CTXsp",1
"Cell_28032","CTXsp",1
"Cell_28578","CTXsp",1
"Cell_28579","CTXsp",1
"Cell_29205","CTXsp",1
"Cell_29409","CTXsp",1
"Cell_29943","CTXsp",1
"Cell_30182","CTXsp",1
"Cell_30318","CTXsp",1
"Cell_30365","CTXsp",1
"Cell_30397","CTXsp",1
"Cell_30534","CTXsp",1
"Cell_30581","CTXsp",0.996715520051767
"Cell_30628","CTXsp",1
"Cell_30689","CTXsp",1
"Cell_31933","CTXsp",1
"Cell_32218","CTXsp",1
"Cell_32603","CTXsp",1
"Cell_32841","CTXsp",1
"Cell_33561","CTXsp",1
"Cell_34723","CTXsp",1
"Cell_35368","CTXsp",1
"Cell_36161","CTXsp",1
"Cell_36734","CTXsp",1
"Cell_37408","CTXsp",1
"Cell_37595","CTXsp",1
"Cell_38568","CTXsp",1
"Cell_38829","CTXsp",1
"Cell_39690","CTXsp",1
"Cell_39792","CTXsp",1
"Cell_39888","CTXsp",1
"Cell_40767","CTXsp",1
"Cell_44984","CTXsp",1
"Cell_966","CTXsp",1
"Cell_1201","CTXsp",1
"Cell_1606","CTXsp",1
"Cell_1609","CTXsp",0.999999999999999
"Cell_1777","CTXsp",1
"Cell_2893","CTXsp",1
"Cell_4153","CTXsp",1
"Cell_6204","CTXsp",1
"Cell_7559","CTXsp",1
"Cell_7566","CTXsp",1
"Cell_12208","CTXsp",1
"Cell_12291","CTXsp",1
"Cell_14120","CTXsp",1
"Cell_14965","CTXsp",1
"Cell_15402","CTXsp",1
"Cell_15717","CTXsp",1
"Cell_15807","CTXsp",1
"Cell_16638","CTXsp",1
"Cell_17997","CTXsp",1
"Cell_18037","CTXsp",1
"Cell_18733","CTXsp",1
"Cell_18958","CTXsp",1
"Cell_19611","CTXsp",1
"Cell_19626","CTXsp",1
"Cell_20877","CTXsp",1
"Cell_21054","CTXsp",1
"Cell_21586","CTXsp",1
"Cell_21804","CTXsp",1
"Cell_23196","CTXsp",1
"Cell_23550","CTXsp",1
"Cell_24885","CTXsp",0.999999999999999
"Cell_25240","CTXsp",1
"Cell_26042","CTXsp",1
"Cell_27212","CTXsp",1
"Cell_29404","CTXsp",1
"Cell_30934","CTXsp",1
"Cell_31457","CTXsp",1
"Cell_31919","CTXsp",1
"Cell_32253","CTXsp",1
"Cell_32601","CTXsp",1
"Cell_34708","CTXsp",1
"Cell_35486","CTXsp",1
"Cell_36638","CTXsp",1
"Cell_37541","CTXsp",1
"Cell_37589","CTXsp",1
"Cell_38564","CTXsp",1
"Cell_39386","CTXsp",1
"Cell_44418","CTXsp",1
"Cell_45255","CTXsp",1
"Cell_17942","CTXsp",1
"Cell_18049","CTXsp",1
"Cell_31786","CTXsp",1
"Cell_34044","CTXsp",1
"Cell_36147","CTXsp",1
"Cell_38109","CTXsp",1
"Cell_42288","CTXsp",1
"Cell_43338","CTXsp",1
"Cell_45042","CTXsp",1
"Cell_592","CTXsp",1
"Cell_841","CTXsp",1
"Cell_6045","CTXsp",1
"Cell_6962","CTXsp",1
"Cell_8094","CTXsp",1
"Cell_9732","CTXsp",1
"Cell_11612","CTXsp",1
"Cell_18988","CTXsp",1
"Cell_20185","CTXsp",1
"Cell_31878","CTXsp",1
"Cell_37567","CTXsp",1
"Cell_38305","CTXsp",1
"Cell_38652","CTXsp",1
"Cell_39452","CTXsp",1
"Cell_41615","CTXsp",0.999102385620952
"Cell_42019","CTXsp",1
"Cell_42589","CTXsp",1
"Cell_44302","CTXsp",1
"Cell_30968","CTXsp",1
"Cell_40583","CTXsp",1
"Cell_9611","CTXsp",1
"Cell_19702","CTXsp",1
"Cell_32486","CTXsp",1
"Cell_45240","CTXsp",1
"Cell_19845","CTXsp",1
"Cell_27324","CTXsp",1
"Cell_212","CTXsp",1
"Cell_20948","CTXsp",1
"Cell_22359","CTXsp",1
"Cell_36218","CTXsp",1
"Cell_4920","CTXsp",1
"Cell_12013","CTXsp",1
"Cell_21622","CTXsp",1
"Cell_23341","CTXsp",1
"Cell_23435","CTXsp",1
"Cell_34842","CTXsp",1
"Cell_10267","CTXsp",1
"Cell_41014","CTXsp",1
"Cell_26282","CTXsp",1
"Cell_4172","DG-mo",1
"Cell_9401","DG-mo",1
"Cell_10697","DG-mo",0.98889156557166
"Cell_21992","DG-mo",1
"Cell_28879","DG-mo",1
"Cell_32496","DG-mo",1
"Cell_35028","DG-mo",1
"Cell_41596","DG-mo",1
"Cell_43832","DG-mo",1
"Cell_44102","DG-mo",1
"Cell_4021","DG-mo",1
"Cell_5586","DG-mo",1
"Cell_5939","DG-mo",1
"Cell_8778","DG-mo",1
"Cell_11054","DG-mo",1
"Cell_11360","DG-mo",1
"Cell_12350","DG-mo",1
"Cell_12605","DG-mo",1
"Cell_14386","DG-mo",1
"Cell_14465","DG-mo",1
"Cell_15682","DG-mo",1
"Cell_17750","DG-mo",1
"Cell_25152","DG-mo",1
"Cell_28446","DG-mo",0.980493814883159
"Cell_29363","DG-mo",1
"Cell_31248","DG-mo",1
"Cell_35306","DG-mo",1
"Cell_37792","DG-mo",1
"Cell_38676","DG-mo",1
"Cell_5313","DG-mo",1
"Cell_31921","DG-mo",0.999999999999999
"Cell_32963","DG-mo",1
"Cell_35514","DG-mo",1
"Cell_42872","DG-mo",1
"Cell_8635","DG-mo",1
"Cell_10435","DG-mo",1
"Cell_23556","DG-mo",0.993302589333879
"Cell_27546","DG-mo",1
"Cell_29418","DG-mo",1
"Cell_29955","DG-mo",1
"Cell_37820","DG-mo",0.970443963516412
"Cell_5847","DG-mo",1
"Cell_10620","DG-mo",1
"Cell_12483","DG-mo",1
"Cell_21329","DG-mo",1
"Cell_29426","DG-mo",1
"Cell_38497","DG-mo",1
"Cell_3348","DG-mo",1
"Cell_4657","DG-mo",1
"Cell_8227","DG-mo",1
"Cell_11477","DG-mo",0.999166047006759
"Cell_14815","DG-mo",1
"Cell_16559","DG-mo",0.950089155827679
"Cell_18609","DG-mo",1
"Cell_31158","DG-mo",1
"Cell_32219","DG-mo",1
"Cell_34275","DG-mo",1
"Cell_42342","DG-mo",1
"Cell_3165","DG-mo",1
"Cell_4915","DG-mo",1
"Cell_5533","DG-mo",0.980630128135784
"Cell_6010","DG-mo",1
"Cell_7092","DG-mo",1
"Cell_8331","DG-mo",0.995314554409482
"Cell_9160","DG-mo",1
"Cell_9177","DG-mo",0.965806769684345
"Cell_16692","DG-mo",1
"Cell_18083","DG-mo",1
"Cell_18516","DG-mo",1
"Cell_22345","DG-mo",1
"Cell_22790","DG-mo",1
"Cell_23991","DG-mo",1
"Cell_24564","DG-mo",1
"Cell_26843","DG-mo",1
"Cell_27655","DG-mo",1
"Cell_28320","DG-mo",1
"Cell_28811","DG-mo",1
"Cell_29356","DG-mo",1
"Cell_30076","DG-mo",1
"Cell_30459","DG-mo",0.999999999999999
"Cell_31877","DG-mo",1
"Cell_32627","DG-mo",1
"Cell_33113","DG-mo",1
"Cell_34250","DG-mo",1
"Cell_35251","DG-mo",0.991651522229458
"Cell_35273","DG-mo",1
"Cell_35349","DG-mo",1
"Cell_37350","DG-mo",1
"Cell_39571","DG-mo",1
"Cell_41346","DG-mo",1
"Cell_43045","DG-mo",1
"Cell_43498","DG-mo",1
"Cell_44932","DG-mo",1
"Cell_331","DG-mo",1
"Cell_2190","DG-mo",1
"Cell_2300","DG-mo",1
"Cell_2509","DG-mo",1
"Cell_4276","DG-mo",0.987775850218252
"Cell_7152","DG-mo",1
"Cell_10550","DG-mo",1
"Cell_11508","DG-mo",1
"Cell_16025","DG-mo",1
"Cell_17356","DG-mo",1
"Cell_18540","DG-mo",1
"Cell_23236","DG-mo",1
"Cell_23854","DG-mo",1
"Cell_23858","DG-mo",1
"Cell_25493","DG-mo",1
"Cell_28350","DG-mo",1
"Cell_30031","DG-mo",1
"Cell_32152","DG-mo",1
"Cell_37952","DG-mo",1
"Cell_40797","DG-mo",1
"Cell_42584","DG-mo",0.996513919835542
"Cell_42626","DG-mo",0.994886822406279
"Cell_42831","DG-mo",1
"Cell_43914","DG-mo",0.994243506651236
"Cell_44887","DG-mo",1
"Cell_45227","DG-mo",1
"Cell_1255","DG-mo",1
"Cell_5779","DG-mo",1
"Cell_6054","DG-mo",1
"Cell_9948","DG-mo",1
"Cell_12285","DG-mo",0.951076715753475
"Cell_25171","DG-mo",1
"Cell_27474","DG-mo",0.969425130809738
"Cell_30256","DG-mo",1
"Cell_31224","DG-mo",1
"Cell_40944","DG-mo",1
"Cell_41927","DG-mo",1
"Cell_42255","DG-mo",1
"Cell_42466","DG-mo",1
"Cell_42","DG-mo",1
"Cell_322","DG-mo",0.995313856455968
"Cell_1008","DG-mo",0.999996339299982
"Cell_1939","DG-mo",1
"Cell_2694","DG-mo",1
"Cell_5659","DG-mo",1
"Cell_6473","DG-mo",1
"Cell_6963","DG-mo",1
"Cell_7945","DG-mo",1
"Cell_10793","DG-mo",1
"Cell_12330","DG-mo",1
"Cell_12368","DG-mo",1
"Cell_14810","DG-mo",0.999962343844739
"Cell_14961","DG-mo",1
"Cell_15000","DG-mo",1
"Cell_16897","DG-mo",1
"Cell_16955","DG-mo",1
"Cell_18430","DG-mo",1
"Cell_19765","DG-mo",0.999999999999999
"Cell_20721","DG-mo",0.964850677440941
"Cell_20809","DG-mo",1
"Cell_21331","DG-mo",1
"Cell_22907","DG-mo",1
"Cell_23179","DG-mo",1
"Cell_23848","DG-mo",1
"Cell_24854","DG-mo",1
"Cell_25259","DG-mo",1
"Cell_25837","DG-mo",1
"Cell_26569","DG-mo",1
"Cell_26647","DG-mo",1
"Cell_26776","DG-mo",1
"Cell_26952","DG-mo",1
"Cell_26958","DG-mo",1
"Cell_27010","DG-mo",1
"Cell_27389","DG-mo",0.994457155913984
"Cell_27977","DG-mo",1
"Cell_30174","DG-mo",1
"Cell_30357","DG-mo",1
"Cell_31729","DG-mo",0.999981490473812
"Cell_33483","DG-mo",1
"Cell_34063","DG-mo",1
"Cell_34111","DG-mo",0.996724302632345
"Cell_34325","DG-mo",1
"Cell_35088","DG-mo",1
"Cell_35128","DG-mo",1
"Cell_35157","DG-mo",1
"Cell_35341","DG-mo",1
"Cell_35631","DG-mo",1
"Cell_35807","DG-mo",1
"Cell_36722","DG-mo",1
"Cell_37219","DG-mo",1
"Cell_37506","DG-mo",1
"Cell_37619","DG-mo",0.999999999999999
"Cell_39000","DG-mo",1
"Cell_39118","DG-mo",1
"Cell_39137","DG-mo",1
"Cell_41341","DG-mo",1
"Cell_41358","DG-mo",1
"Cell_43380","DG-mo",1
"Cell_44524","DG-mo",1
"Cell_4311","DG-mo",1
"Cell_17415","DG-mo",1
"Cell_17642","DG-mo",1
"Cell_19536","DG-mo",0.958372000717658
"Cell_26566","DG-mo",1
"Cell_28689","DG-mo",1
"Cell_32096","DG-mo",1
"Cell_36443","DG-mo",1
"Cell_5299","DG-mo",1
"Cell_27973","DG-mo",1
"Cell_28574","DG-mo",1
"Cell_36476","DG-mo",1
"Cell_35195","DG-mo",1
"Cell_35992","DG-mo",1
"Cell_39184","DG-mo",1
"Cell_9875","DG-mo",1
"Cell_10829","DG-mo",1
"Cell_20088","DG-mo",0.999998342336325
"Cell_30744","DG-mo",1
"Cell_32312","DG-mo",1
"Cell_39854","DG-mo",1
"Cell_37617","DG-mo",1
"Cell_6319","DG-mo",1
"Cell_40624","DG-mo",1
"Cell_10984","DG-mo",1
"Cell_24516","DG-mo",1
"Cell_31907","DG-mo",1
"Cell_669","SMT",1
"Cell_11030","SMT",1
"Cell_19900","SMT",1
"Cell_20537","SMT",1
"Cell_28228","SMT",1
"Cell_31886","SMT",1
"Cell_32188","SMT",1
"Cell_33525","SMT",1
"Cell_38152","SMT",0.999999999999999
"Cell_39246","SMT",1
"Cell_44798","SMT",1
"Cell_5500","SMT",1
"Cell_35320","SMT",1
"Cell_35628","SMT",1
"Cell_1808","SMT",1
"Cell_2723","SMT",1
"Cell_4970","SMT",1
"Cell_5396","SMT",1
"Cell_6357","SMT",1
"Cell_10281","SMT",1
"Cell_12014","SMT",1
"Cell_13065","SMT",1
"Cell_15472","SMT",1
"Cell_17462","SMT",0.999996788255757
"Cell_24149","SMT",1
"Cell_29592","SMT",1
"Cell_40226","SMT",1
"Cell_41377","SMT",1
"Cell_1534","SMT",1
"Cell_16153","SMT",1
"Cell_17527","SMT",1
"Cell_29834","SMT",1
"Cell_2571","SMT",1
"Cell_10599","SMT",1
"Cell_15504","SMT",1
"Cell_18568","SMT",1
"Cell_18963","SMT",1
"Cell_3566","SMT",1
"Cell_4629","SMT",1
"Cell_30977","SMT",1
"Cell_34822","SMT",1
"Cell_37390","SMT",1
"Cell_42667","SMT",1
"Cell_44831","SMT",1
"Cell_2432","SMT",1
"Cell_4469","SMT",1
"Cell_5809","SMT",1
"Cell_6316","SMT",1
"Cell_8380","SMT",1
"Cell_9164","SMT",1
"Cell_10230","SMT",1
"Cell_10761","SMT",0.999999999999999
"Cell_10897","SMT",1
"Cell_11534","SMT",1
"Cell_11540","SMT",1
"Cell_12055","SMT",1
"Cell_14589","SMT",1
"Cell_15286","SMT",1
"Cell_16349","SMT",1
"Cell_16381","SMT",1
"Cell_16629","SMT",1
"Cell_17217","SMT",1
"Cell_17264","SMT",0.999999999999999
"Cell_17746","SMT",1
"Cell_17773","SMT",1
"Cell_18139","SMT",1
"Cell_20366","SMT",1
"Cell_24687","SMT",0.968234264360605
"Cell_25180","SMT",1
"Cell_27056","SMT",1
"Cell_28078","SMT",1
"Cell_28927","SMT",1
"Cell_31035","SMT",1
"Cell_31771","SMT",1
"Cell_31821","SMT",1
"Cell_31841","SMT",1
"Cell_32714","SMT",1
"Cell_33829","SMT",1
"Cell_34424","SMT",1
"Cell_35014","SMT",1
"Cell_35089","SMT",1
"Cell_35513","SMT",1
"Cell_36141","SMT",1
"Cell_37463","SMT",1
"Cell_38259","SMT",1
"Cell_38837","SMT",1
"Cell_39441","SMT",1
"Cell_39758","SMT",1
"Cell_40895","SMT",1
"Cell_41497","SMT",1
"Cell_41616","SMT",1
"Cell_1854","SMT",1
"Cell_3776","SMT",1
"Cell_4940","SMT",1
"Cell_7116","SMT",0.999999999999999
"Cell_8457","SMT",1
"Cell_10531","SMT",1
"Cell_10563","SMT",1
"Cell_10615","SMT",1
"Cell_10647","SMT",1
"Cell_12714","SMT",1
"Cell_13878","SMT",1
"Cell_16492","SMT",1
"Cell_16639","SMT",1
"Cell_17199","SMT",1
"Cell_17400","SMT",1
"Cell_17588","SMT",1
"Cell_18784","SMT",1
"Cell_19652","SMT",1
"Cell_20007","SMT",1
"Cell_20311","SMT",1
"Cell_20993","SMT",1
"Cell_21114","SMT",1
"Cell_21815","SMT",1
"Cell_22764","SMT",1
"Cell_24122","SMT",1
"Cell_28521","SMT",1
"Cell_28919","SMT",1
"Cell_29563","SMT",1
"Cell_32544","SMT",1
"Cell_35067","SMT",1
"Cell_36129","SMT",1
"Cell_36616","SMT",1
"Cell_37768","SMT",1
"Cell_37940","SMT",1
"Cell_37982","SMT",1
"Cell_39742","SMT",1
"Cell_39895","SMT",1
"Cell_40434","SMT",1
"Cell_41642","SMT",1
"Cell_41966","SMT",1
"Cell_43734","SMT",1
"Cell_43790","SMT",1
"Cell_44339","SMT",0.98089702776193
"Cell_37228","SMT",1
"Cell_12166","SMT",1
"Cell_13599","SMT",1
"Cell_38958","SMT",1
"Cell_43820","SMT",1
"Cell_643","SMT",1
"Cell_2695","SMT",1
"Cell_4324","SMT",1
"Cell_8074","SMT",1
"Cell_11392","SMT",1
"Cell_12237","SMT",1
"Cell_15800","SMT",1
"Cell_17102","SMT",1
"Cell_17205","SMT",1
"Cell_18247","SMT",1
"Cell_18522","SMT",1
"Cell_20886","SMT",1
"Cell_21168","SMT",1
"Cell_26526","SMT",1
"Cell_30034","SMT",1
"Cell_32392","SMT",0.975997317727627
"Cell_38147","SMT",1
"Cell_44014","SMT",1
"Cell_4568","SMT",1
"Cell_19364","SMT",1
"Cell_19542","SMT",1
"Cell_41345","SMT",1
"Cell_31549","SMT",1
"Cell_539","SMT",1
"Cell_3160","SMT",1
"Cell_12641","SMT",1
"Cell_13958","SMT",1
"Cell_16712","SMT",1
"Cell_20071","SMT",1
"Cell_24430","SMT",1
"Cell_26212","SMT",1
"Cell_28809","SMT",1
"Cell_30190","SMT",1
"Cell_35217","SMT",1
"Cell_35344","SMT",1
"Cell_36157","SMT",1
"Cell_39564","SMT",1
"Cell_41159","SMT",1
"Cell_41748","SMT",1
"Cell_42394","SMT",1
"Cell_3288","SMT",1
"Cell_7075","SMT",1
"Cell_27242","SMT",1
"Cell_29111","SMT",1
"Cell_32785","SMT",1
"Cell_33140","SMT",1
"Cell_33641","SMT",1
"Cell_35191","SMT",1
"Cell_37757","SMT",1
"Cell_38683","SMT",1
"Cell_14379","SMT",1
"Cell_18012","SMT",1
"Cell_36575","SMT",1
"Cell_23784","SMT",1
"Cell_38126","SMT",1
"Cell_19609","SMT",1
"Cell_29865","SMT",1
"Cell_8587","SMT",1
"Cell_7304","PR",1
"Cell_8880","PR",1
"Cell_40102","PR",1
"Cell_7786","PR",1
"Cell_19234","PR",1
"Cell_4070","PR",0.957552574018745
"Cell_12003","PR",1
"Cell_17064","PR",1
"Cell_36145","PR",1
"Cell_2734","PR",1
"Cell_4533","PR",1
"Cell_21637","PR",1
"Cell_26979","PR",1
"Cell_33396","PR",1
"Cell_24561","PR",1
"Cell_4529","PR",1
"Cell_5652","PR",1
"Cell_7330","PR",1
"Cell_12565","PR",1
"Cell_23599","PR",1
"Cell_27243","PR",0.97063821913428
"Cell_28265","PR",1
"Cell_28984","PR",1
"Cell_29355","PR",1
"Cell_32093","PR",1
"Cell_11028","PR",1
"Cell_12566","PR",1
"Cell_28732","PR",1
"Cell_5745","PR",1
"Cell_708","ARH",1
"Cell_759","ARH",1
"Cell_821","ARH",1
"Cell_960","ARH",1
"Cell_1178","ARH",1
"Cell_1774","ARH",1
"Cell_2071","ARH",1
"Cell_2217","ARH",1
"Cell_2939","ARH",1
"Cell_3830","ARH",1
"Cell_4464","ARH",1
"Cell_4897","ARH",1
"Cell_4963","ARH",1
"Cell_5000","ARH",1
"Cell_5392","ARH",1
"Cell_5880","ARH",1
"Cell_6937","ARH",1
"Cell_7928","ARH",1
"Cell_8389","ARH",1
"Cell_8627","ARH",1
"Cell_9057","ARH",1
"Cell_9651","ARH",1
"Cell_9849","ARH",1
"Cell_10039","ARH",1
"Cell_10074","ARH",1
"Cell_10325","ARH",1
"Cell_11523","ARH",1
"Cell_11537","ARH",1
"Cell_11743","ARH",1
"Cell_11916","ARH",1
"Cell_12376","ARH",0.999999999999999
"Cell_13158","ARH",1
"Cell_13220","ARH",1
"Cell_13459","ARH",1
"Cell_13620","ARH",1
"Cell_13649","ARH",1
"Cell_13940","ARH",1
"Cell_14403","ARH",1
"Cell_14492","ARH",1
"Cell_14940","ARH",1
"Cell_15275","ARH",1
"Cell_15310","ARH",1
"Cell_15428","ARH",1
"Cell_15809","ARH",1
"Cell_16189","ARH",1
"Cell_16976","ARH",1
"Cell_17376","ARH",1
"Cell_18473","ARH",0.999999999999999
"Cell_19477","ARH",1
"Cell_19517","ARH",1
"Cell_19685","ARH",1
"Cell_20893","ARH",1
"Cell_21013","ARH",1
"Cell_21673","ARH",1
"Cell_22341","ARH",1
"Cell_22575","ARH",1
"Cell_22730","ARH",1
"Cell_23604","ARH",1
"Cell_24389","ARH",1
"Cell_24734","ARH",1
"Cell_25156","ARH",1
"Cell_27591","ARH",1
"Cell_27709","ARH",0.999999999999999
"Cell_30460","ARH",1
"Cell_30725","ARH",1
"Cell_30830","ARH",1
"Cell_32825","ARH",1
"Cell_34140","ARH",1
"Cell_35775","ARH",1
"Cell_36703","ARH",1
"Cell_38833","ARH",1
"Cell_39111","ARH",0.979342595949789
"Cell_39127","ARH",1
"Cell_39283","ARH",1
"Cell_39550","ARH",1
"Cell_39669","ARH",1
"Cell_40406","ARH",1
"Cell_40748","ARH",1
"Cell_40869","ARH",1
"Cell_41336","ARH",1
"Cell_42168","ARH",1
"Cell_42232","ARH",1
"Cell_42588","ARH",0.999999999999999
"Cell_43237","ARH",1
"Cell_44497","ARH",1
"Cell_44895","ARH",1
"Cell_545","ARH",1
"Cell_1505","ARH",1
"Cell_5081","ARH",1
"Cell_6207","ARH",1
"Cell_7734","ARH",1
"Cell_16236","ARH",1
"Cell_18685","ARH",1
"Cell_21523","ARH",1
"Cell_22519","ARH",1
"Cell_27917","ARH",1
"Cell_34402","ARH",1
"Cell_36275","ARH",1
"Cell_37403","ARH",1
"Cell_38410","ARH",1
"Cell_42018","ARH",1
"Cell_42844","ARH",1
"Cell_531","ARH",1
"Cell_1497","ARH",1
"Cell_3384","ARH",1
"Cell_3775","ARH",1
"Cell_4323","ARH",0.999999999999999
"Cell_5813","ARH",1
"Cell_6579","ARH",1
"Cell_6993","ARH",1
"Cell_7381","ARH",1
"Cell_8046","ARH",1
"Cell_12125","ARH",1
"Cell_12482","ARH",1
"Cell_12917","ARH",1
"Cell_14265","ARH",0.999999999999999
"Cell_14887","ARH",1
"Cell_15130","ARH",0.992140614241539
"Cell_18794","ARH",1
"Cell_20279","ARH",1
"Cell_23504","ARH",1
"Cell_24308","ARH",1
"Cell_25295","ARH",1
"Cell_25801","ARH",1
"Cell_25841","ARH",1
"Cell_26687","ARH",1
"Cell_27870","ARH",1
"Cell_28949","ARH",1
"Cell_29034","ARH",1
"Cell_29184","ARH",1
"Cell_29265","ARH",1
"Cell_29340","ARH",1
"Cell_30163","ARH",1
"Cell_31480","ARH",1
"Cell_32175","ARH",1
"Cell_33300","ARH",1
"Cell_33997","ARH",1
"Cell_34237","ARH",1
"Cell_34265","ARH",1
"Cell_34735","ARH",1
"Cell_37056","ARH",1
"Cell_37111","ARH",1
"Cell_37363","ARH",1
"Cell_37474","ARH",1
"Cell_37528","ARH",1
"Cell_37790","ARH",1
"Cell_38174","ARH",1
"Cell_38925","ARH",1
"Cell_39129","ARH",1
"Cell_39940","ARH",1
"Cell_41424","ARH",1
"Cell_42046","ARH",1
"Cell_42307","ARH",1
"Cell_42398","ARH",1
"Cell_42814","ARH",1
"Cell_43026","ARH",0.999999999999999
"Cell_43297","ARH",1
"Cell_43684","ARH",1
"Cell_44764","ARH",1
"Cell_989","ARH",1
"Cell_8476","ARH",1
"Cell_19811","ARH",0.997737083200984
"Cell_26090","ARH",1
"Cell_30239","ARH",1
"Cell_34092","ARH",1
"Cell_34850","ARH",1
"Cell_35449","ARH",0.998521871893008
"Cell_36117","ARH",1
"Cell_36280","ARH",0.999900843554125
"Cell_40","ARH",1
"Cell_17921","ARH",1
"Cell_19454","ARH",1
"Cell_33248","ARH",1
"Cell_39600","ARH",1
"Cell_5642","ARH",1
"Cell_6518","ARH",1
"Cell_10848","ARH",1
"Cell_10916","ARH",1
"Cell_39046","ARH",1
"Cell_2028","ARH",1
"Cell_10940","ARH",1
"Cell_17980","ARH",1
"Cell_19773","ARH",1
"Cell_20094","ARH",1
"Cell_25403","ARH",1
"Cell_31920","ARH",1
"Cell_32553","ARH",1
"Cell_38504","ARH",1
"Cell_39799","ARH",1
"Cell_40977","ARH",1
"Cell_717","ARH",1
"Cell_971","ARH",0.999999999999999
"Cell_1081","ARH",1
"Cell_1439","ARH",1
"Cell_1843","ARH",1
"Cell_2222","ARH",1
"Cell_2452","ARH",1
"Cell_2567","ARH",1
"Cell_2580","ARH",1
"Cell_2640","ARH",1
"Cell_3014","ARH",1
"Cell_3938","ARH",1
"Cell_4360","ARH",1
"Cell_4461","ARH",1
"Cell_5401","ARH",1
"Cell_6062","ARH",1
"Cell_6066","ARH",1
"Cell_6286","ARH",0.999999999999999
"Cell_6824","ARH",1
"Cell_7994","ARH",1
"Cell_8002","ARH",1
"Cell_8231","ARH",1
"Cell_8406","ARH",1
"Cell_8844","ARH",0.999999999999999
"Cell_8915","ARH",1
"Cell_8927","ARH",1
"Cell_9658","ARH",1
"Cell_10709","ARH",1
"Cell_11511","ARH",1
"Cell_11834","ARH",1
"Cell_12194","ARH",1
"Cell_12753","ARH",1
"Cell_12782","ARH",0.999999999999999
"Cell_13325","ARH",1
"Cell_13575","ARH",1
"Cell_14032","ARH",1
"Cell_14466","ARH",1
"Cell_14787","ARH",1
"Cell_14805","ARH",1
"Cell_14835","ARH",1
"Cell_16367","ARH",1
"Cell_16392","ARH",1
"Cell_17146","ARH",1
"Cell_17628","ARH",1
"Cell_17786","ARH",1
"Cell_18921","ARH",0.998895666880549
"Cell_19146","ARH",1
"Cell_19527","ARH",1
"Cell_19946","ARH",1
"Cell_21509","ARH",1
"Cell_21631","ARH",1
"Cell_21920","ARH",1
"Cell_22056","ARH",1
"Cell_22599","ARH",1
"Cell_23059","ARH",1
"Cell_23119","ARH",1
"Cell_23371","ARH",1
"Cell_23639","ARH",1
"Cell_23767","ARH",1
"Cell_23865","ARH",1
"Cell_24419","ARH",1
"Cell_24965","ARH",1
"Cell_25526","ARH",1
"Cell_27150","ARH",1
"Cell_27512","ARH",1
"Cell_28026","ARH",1
"Cell_28061","ARH",1
"Cell_28750","ARH",1
"Cell_29349","ARH",1
"Cell_29495","ARH",1
"Cell_29595","ARH",1
"Cell_30368","ARH",1
"Cell_30510","ARH",1
"Cell_31037","ARH",1
"Cell_31770","ARH",1
"Cell_32970","ARH",1
"Cell_33074","ARH",1
"Cell_33204","ARH",1
"Cell_33358","ARH",1
"Cell_33802","ARH",1
"Cell_33970","ARH",1
"Cell_34637","ARH",1
"Cell_34873","ARH",1
"Cell_34932","ARH",0.999944650704032
"Cell_35910","ARH",1
"Cell_35948","ARH",1
"Cell_36549","ARH",1
"Cell_36691","ARH",1
"Cell_36899","ARH",1
"Cell_37307","ARH",1
"Cell_37509","ARH",1
"Cell_37780","ARH",1
"Cell_37853","ARH",1
"Cell_37997","ARH",1
"Cell_39348","ARH",1
"Cell_40068","ARH",0.998816687435465
"Cell_41620","ARH",1
"Cell_41847","ARH",0.98610917716746
"Cell_42057","ARH",1
"Cell_42815","ARH",1
"Cell_44032","ARH",1
"Cell_44122","ARH",1
"Cell_44459","ARH",1
"Cell_44904","ARH",1
"Cell_45211","ARH",1
"Cell_1395","ARH",1
"Cell_1983","ARH",0.996238800729449
"Cell_2707","ARH",1
"Cell_4206","ARH",1
"Cell_4318","ARH",1
"Cell_5651","ARH",1
"Cell_6313","ARH",1
"Cell_14218","ARH",1
"Cell_15294","ARH",1
"Cell_21222","ARH",1
"Cell_21587","ARH",1
"Cell_24353","ARH",1
"Cell_25168","ARH",1
"Cell_27408","ARH",1
"Cell_27834","ARH",1
"Cell_29302","ARH",1
"Cell_31465","ARH",1
"Cell_31812","ARH",1
"Cell_34648","ARH",1
"Cell_38622","ARH",1
"Cell_38743","ARH",1
"Cell_40461","ARH",1
"Cell_41628","ARH",1
"Cell_45166","ARH",1
"Cell_6736","ARH",1
"Cell_33586","ARH",1
"Cell_4467","ARH",1
"Cell_16549","ARH",1
"Cell_16847","ARH",1
"Cell_26944","ARH",0.999999999999999
"Cell_13569","ARH",1
"Cell_6595","ARH",1
"Cell_7572","ARH",1
"Cell_41757","ARH",0.959738857584642
"Cell_44192","ARH",1
"Cell_28346","ARH",1
"Cell_35852","ARH",1
"Cell_41770","ARH",1
"Cell_711","VL",1
"Cell_1146","VL",1
"Cell_2458","VL",1
"Cell_3957","VL",1
"Cell_4228","VL",1
"Cell_4477","VL",1
"Cell_6662","VL",1
"Cell_7072","VL",1
"Cell_7216","VL",1
"Cell_7816","VL",1
"Cell_10111","VL",1
"Cell_10995","VL",1
"Cell_11230","VL",1
"Cell_11682","VL",1
"Cell_12849","VL",1
"Cell_13052","VL",1
"Cell_13917","VL",1
"Cell_16969","VL",1
"Cell_18504","VL",1
"Cell_24798","VL",1
"Cell_25352","VL",1
"Cell_27403","VL",1
"Cell_28174","VL",1
"Cell_29098","VL",1
"Cell_31710","VL",1
"Cell_33246","VL",1
"Cell_37380","VL",0.998372888729028
"Cell_37783","VL",1
"Cell_42433","VL",1
"Cell_43657","VL",1
"Cell_2001","VL",1
"Cell_2543","VL",1
"Cell_2609","VL",1
"Cell_4178","VL",1
"Cell_4202","VL",1
"Cell_4429","VL",1
"Cell_4986","VL",1
"Cell_25657","VL",1
"Cell_27894","VL",1
"Cell_29931","VL",1
"Cell_30251","VL",1
"Cell_31612","VL",1
"Cell_38278","VL",1
"Cell_38728","VL",1
"Cell_40246","VL",1
"Cell_44620","VL",1
"Cell_1738","VL",1
"Cell_12833","VL",1
"Cell_15954","VL",1
"Cell_15977","VL",1
"Cell_16594","VL",1
"Cell_16601","VL",1
"Cell_24431","VL",1
"Cell_24588","VL",1
"Cell_26274","VL",1
"Cell_26972","VL",1
"Cell_27007","VL",1
"Cell_34007","VL",1
"Cell_37694","VL",1
"Cell_40640","VL",1
"Cell_34684","VL",1
"Cell_2426","VL",1
"Cell_2871","VL",1
"Cell_4864","VL",1
"Cell_5075","VL",1
"Cell_5465","VL",1
"Cell_6387","VL",1
"Cell_7202","VL",1
"Cell_13345","VL",1
"Cell_13934","VL",1
"Cell_14751","VL",1
"Cell_16028","VL",1
"Cell_16555","VL",1
"Cell_16721","VL",1
"Cell_16966","VL",1
"Cell_18372","VL",1
"Cell_18872","VL",0.953109730562924
"Cell_19524","VL",1
"Cell_20169","VL",1
"Cell_21388","VL",1
"Cell_25529","VL",1
"Cell_29368","VL",1
"Cell_29902","VL",1
"Cell_34169","VL",1
"Cell_34984","VL",1
"Cell_35444","VL",1
"Cell_37231","VL",1
"Cell_38612","VL",1
"Cell_38918","VL",1
"Cell_39015","VL",1
"Cell_42569","VL",1
"Cell_2360","VL",1
"Cell_4592","VL",1
"Cell_15027","VL",1
"Cell_16066","VL",1
"Cell_16733","VL",1
"Cell_16787","VL",1
"Cell_16911","VL",1
"Cell_19053","VL",1
"Cell_20985","VL",1
"Cell_22423","VL",1
"Cell_26920","VL",1
"Cell_34216","VL",1
"Cell_36714","VL",1
"Cell_37259","VL",1
"Cell_40062","VL",1
"Cell_41","VL",0.97076724414024
"Cell_1241","VL",1
"Cell_1289","VL",1
"Cell_4272","VL",1
"Cell_4953","VL",1
"Cell_5327","VL",1
"Cell_7766","VL",1
"Cell_7931","VL",1
"Cell_9089","VL",1
"Cell_11098","VL",1
"Cell_11660","VL",1
"Cell_12613","VL",1
"Cell_17212","VL",1
"Cell_17443","VL",1
"Cell_18155","VL",1
"Cell_19025","VL",1
"Cell_25584","VL",1
"Cell_26719","VL",1
"Cell_27223","VL",1
"Cell_27264","VL",1
"Cell_29281","VL",1
"Cell_29697","VL",1
"Cell_30004","VL",1
"Cell_33675","VL",1
"Cell_33751","VL",1
"Cell_34160","VL",1
"Cell_35401","VL",1
"Cell_36022","VL",1
"Cell_37213","VL",1
"Cell_39112","VL",1
"Cell_41012","VL",1
"Cell_2766","VL",1
"Cell_2819","VL",1
"Cell_4423","VL",1
"Cell_4431","VL",1
"Cell_6309","VL",1
"Cell_7380","VL",0.957074530193252
"Cell_10832","VL",1
"Cell_11082","VL",1
"Cell_12781","VL",1
"Cell_12838","VL",1
"Cell_16098","VL",1
"Cell_16344","VL",1
"Cell_19041","VL",1
"Cell_19271","VL",1
"Cell_19329","VL",1
"Cell_19920","VL",1
"Cell_20584","VL",1
"Cell_20763","VL",1
"Cell_21017","VL",1
"Cell_21297","VL",1
"Cell_22965","VL",1
"Cell_23047","VL",1
"Cell_23519","VL",1
"Cell_24710","VL",1
"Cell_25043","VL",0.999999999999999
"Cell_25558","VL",1
"Cell_30065","VL",1
"Cell_31619","VL",1
"Cell_32348","VL",1
"Cell_33579","VL",1
"Cell_34310","VL",1
"Cell_35760","VL",1
"Cell_35952","VL",0.991303999180438
"Cell_36411","VL",1
"Cell_42950","VL",1
"Cell_44093","VL",1
"Cell_44720","VL",1
"Cell_42319","VL",1
"Cell_34388","VL",1
"Cell_29068","VL",1
"Cell_34035","VL",1
"Cell_41256","VL",1
"Cell_3541","VL",1
"Cell_24220","VL",1
"Cell_5526","VL",1
"Cell_15041","VL",1
"Cell_16353","VL",1
"Cell_17853","VL",1
"Cell_18157","VL",1
"Cell_18638","VL",1
"Cell_22168","VL",0.999999999999999
"Cell_22453","VL",1
"Cell_22603","VL",1
"Cell_26982","VL",1
"Cell_30807","VL",1
"Cell_30906","VL",1
"Cell_31706","VL",1
"Cell_32147","VL",1
"Cell_33205","VL",1
"Cell_36189","VL",1
"Cell_36866","VL",0.964271291044841
"Cell_37596","VL",1
"Cell_38527","VL",1
"Cell_39836","VL",1
"Cell_44782","VL",1
"Cell_1506","VL",1
"Cell_9753","VL",1
"Cell_22570","VL",1
"Cell_35537","VL",0.989866742278012
"Cell_38754","VL",1
"Cell_39094","VL",1
"Cell_45064","VL",1
"Cell_23996","VL",1
"Cell_27509","VL",1
"Cell_448","VL",1
"Cell_5516","VL",1
"Cell_5785","VL",1
"Cell_18562","VL",1
"Cell_18763","VL",1
"Cell_26104","VL",1
"Cell_29839","VL",1
"Cell_30245","VL",1
"Cell_33772","VL",1
"Cell_5145","VL",1
"Cell_5633","VL",1
"Cell_9413","VL",1
"Cell_9551","VL",1
"Cell_26701","VL",1
"Cell_37591","VL",1
"Cell_44103","VL",1
"Cell_41712","VL",1
"Cell_34086","VL",1
"Cell_43426","VL",1
"Cell_19191","VL",1
"Cell_25681","VL",1
"Cell_39531","VL",1
"Cell_43921","VL",1
"Cell_13925","VL",1
"Cell_784","ZI",1
"Cell_1635","ZI",1
"Cell_2408","ZI",1
"Cell_4300","ZI",1
"Cell_8318","ZI",1
"Cell_12129","ZI",1
"Cell_13953","ZI",1
"Cell_15365","ZI",1
"Cell_17416","ZI",1
"Cell_19007","ZI",1
"Cell_21041","ZI",1
"Cell_26135","ZI",0.999990598887506
"Cell_27240","ZI",1
"Cell_28363","ZI",1
"Cell_28559","ZI",1
"Cell_33655","ZI",0.999999999999999
"Cell_34615","ZI",1
"Cell_35651","ZI",1
"Cell_36237","ZI",1
"Cell_36241","ZI",1
"Cell_37927","ZI",1
"Cell_41800","ZI",1
"Cell_1858","ZI",1
"Cell_6904","ZI",1
"Cell_8685","ZI",1
"Cell_8801","ZI",1
"Cell_9259","ZI",1
"Cell_12897","ZI",1
"Cell_15319","ZI",1
"Cell_15377","ZI",1
"Cell_16523","ZI",1
"Cell_28668","ZI",1
"Cell_30953","ZI",1
"Cell_31223","ZI",1
"Cell_31662","ZI",1
"Cell_32680","ZI",1
"Cell_34091","ZI",1
"Cell_34264","ZI",1
"Cell_34572","ZI",1
"Cell_36806","ZI",1
"Cell_38112","ZI",1
"Cell_119","ZI",1
"Cell_123","ZI",1
"Cell_1210","ZI",1
"Cell_3158","ZI",1
"Cell_4101","ZI",1
"Cell_5277","ZI",1
"Cell_5778","ZI",1
"Cell_11430","ZI",0.997865047585413
"Cell_12551","ZI",1
"Cell_14108","ZI",1
"Cell_14689","ZI",1
"Cell_15995","ZI",1
"Cell_16021","ZI",1
"Cell_16125","ZI",1
"Cell_17053","ZI",1
"Cell_17600","ZI",1
"Cell_18097","ZI",1
"Cell_19019","ZI",1
"Cell_19620","ZI",1
"Cell_20054","ZI",1
"Cell_20353","ZI",1
"Cell_21547","ZI",1
"Cell_21824","ZI",1
"Cell_22037","ZI",1
"Cell_22085","ZI",1
"Cell_24933","ZI",1
"Cell_26180","ZI",1
"Cell_28295","ZI",1
"Cell_30198","ZI",1
"Cell_33235","ZI",1
"Cell_33639","ZI",1
"Cell_33770","ZI",1
"Cell_34102","ZI",1
"Cell_35362","ZI",1
"Cell_36373","ZI",1
"Cell_37627","ZI",1
"Cell_38874","ZI",1
"Cell_38895","ZI",1
"Cell_38930","ZI",1
"Cell_39958","ZI",1
"Cell_41138","ZI",1
"Cell_42298","ZI",1
"Cell_43005","ZI",1
"Cell_43693","ZI",1
"Cell_44199","ZI",1
"Cell_25","ZI",1
"Cell_2698","ZI",1
"Cell_4567","ZI",1
"Cell_9096","ZI",1
"Cell_15781","ZI",1
"Cell_15907","ZI",1
"Cell_18138","ZI",1
"Cell_21958","ZI",1
"Cell_22626","ZI",1
"Cell_31390","ZI",1
"Cell_31470","ZI",1
"Cell_31481","ZI",1
"Cell_31937","ZI",1
"Cell_36467","ZI",1
"Cell_39533","ZI",1
"Cell_42974","ZI",1
"Cell_44227","ZI",1
"Cell_44634","ZI",1
"Cell_15616","ZI",1
"Cell_28063","ZI",0.997942382927706
"Cell_34137","ZI",1
"Cell_133","ZI",1
"Cell_6981","ZI",1
"Cell_12300","ZI",1
"Cell_13689","ZI",1
"Cell_17135","ZI",1
"Cell_18581","ZI",1
"Cell_22707","ZI",1
"Cell_23735","ZI",1
"Cell_25054","ZI",1
"Cell_31188","ZI",1
"Cell_31764","ZI",1
"Cell_36739","ZI",1
"Cell_41483","ZI",1
"Cell_41729","ZI",1
"Cell_84","ZI",1
"Cell_402","ZI",1
"Cell_659","ZI",1
"Cell_2732","ZI",1
"Cell_2874","ZI",1
"Cell_3204","ZI",1
"Cell_3537","ZI",1
"Cell_3909","ZI",0.999999999999999
"Cell_4331","ZI",1
"Cell_5224","ZI",1
"Cell_5877","ZI",1
"Cell_6329","ZI",1
"Cell_7688","ZI",1
"Cell_8129","ZI",1
"Cell_8505","ZI",1
"Cell_9222","ZI",1
"Cell_9472","ZI",1
"Cell_9852","ZI",1
"Cell_10096","ZI",0.999999999999999
"Cell_10819","ZI",1
"Cell_11921","ZI",1
"Cell_12324","ZI",1
"Cell_12495","ZI",1
"Cell_13769","ZI",1
"Cell_13824","ZI",1
"Cell_13987","ZI",1
"Cell_14819","ZI",1
"Cell_15534","ZI",1
"Cell_15776","ZI",1
"Cell_15786","ZI",1
"Cell_16002","ZI",1
"Cell_17444","ZI",1
"Cell_18339","ZI",1
"Cell_19038","ZI",1
"Cell_19044","ZI",0.999857123594418
"Cell_19367","ZI",1
"Cell_19494","ZI",1
"Cell_19520","ZI",1
"Cell_19954","ZI",1
"Cell_20069","ZI",1
"Cell_20154","ZI",1
"Cell_21063","ZI",1
"Cell_21266","ZI",1
"Cell_21634","ZI",1
"Cell_21860","ZI",1
"Cell_21889","ZI",1
"Cell_21895","ZI",1
"Cell_21900","ZI",1
"Cell_22371","ZI",1
"Cell_22391","ZI",1
"Cell_22569","ZI",1
"Cell_22701","ZI",1
"Cell_22838","ZI",1
"Cell_22871","ZI",1
"Cell_22986","ZI",1
"Cell_23088","ZI",1
"Cell_23589","ZI",1
"Cell_23901","ZI",1
"Cell_24511","ZI",1
"Cell_24624","ZI",1
"Cell_24935","ZI",1
"Cell_25588","ZI",1
"Cell_25708","ZI",1
"Cell_28139","ZI",1
"Cell_28197","ZI",1
"Cell_28311","ZI",1
"Cell_28849","ZI",1
"Cell_29585","ZI",0.999743761859396
"Cell_29733","ZI",1
"Cell_30387","ZI",0.994064205548902
"Cell_30546","ZI",1
"Cell_32137","ZI",1
"Cell_32178","ZI",0.975641094076748
"Cell_32707","ZI",1
"Cell_34397","ZI",1
"Cell_35949","ZI",1
"Cell_35972","ZI",1
"Cell_36135","ZI",1
"Cell_36796","ZI",1
"Cell_36970","ZI",1
"Cell_37031","ZI",1
"Cell_37145","ZI",1
"Cell_37239","ZI",1
"Cell_37895","ZI",1
"Cell_38010","ZI",1
"Cell_38416","ZI",0.999930035046824
"Cell_39004","ZI",1
"Cell_39605","ZI",1
"Cell_39629","ZI",1
"Cell_40070","ZI",1
"Cell_41323","ZI",1
"Cell_41417","ZI",1
"Cell_41690","ZI",1
"Cell_42085","ZI",0.999999999999999
"Cell_42093","ZI",0.999958946145271
"Cell_42110","ZI",1
"Cell_42611","ZI",1
"Cell_42628","ZI",1
"Cell_42825","ZI",1
"Cell_42917","ZI",1
"Cell_43285","ZI",1
"Cell_44435","ZI",1
"Cell_338","ZI",1
"Cell_498","ZI",1
"Cell_747","ZI",1
"Cell_905","ZI",1
"Cell_1078","ZI",1
"Cell_1336","ZI",1
"Cell_1374","ZI",0.996149047390619
"Cell_1477","ZI",1
"Cell_1521","ZI",1
"Cell_1720","ZI",1
"Cell_1816","ZI",1
"Cell_2039","ZI",1
"Cell_2089","ZI",1
"Cell_2264","ZI",1
"Cell_2683","ZI",1
"Cell_3166","ZI",1
"Cell_3191","ZI",1
"Cell_4340","ZI",1
"Cell_4385","ZI",1
"Cell_4626","ZI",1
"Cell_4837","ZI",1
"Cell_5258","ZI",1
"Cell_5296","ZI",1
"Cell_6572","ZI",1
"Cell_7080","ZI",0.999999999999999
"Cell_7223","ZI",1
"Cell_7415","ZI",0.999999999999999
"Cell_7587","ZI",1
"Cell_7845","ZI",1
"Cell_7882","ZI",1
"Cell_8309","ZI",1
"Cell_8562","ZI",0.999999999999999
"Cell_8746","ZI",1
"Cell_8865","ZI",1
"Cell_10101","ZI",1
"Cell_10198","ZI",1
"Cell_10405","ZI",1
"Cell_10904","ZI",1
"Cell_11222","ZI",1
"Cell_11247","ZI",1
"Cell_11363","ZI",1
"Cell_11365","ZI",1
"Cell_11381","ZI",1
"Cell_11733","ZI",1
"Cell_12092","ZI",1
"Cell_12205","ZI",1
"Cell_12436","ZI",1
"Cell_12562","ZI",1
"Cell_12677","ZI",1
"Cell_12691","ZI",1
"Cell_12739","ZI",1
"Cell_12789","ZI",1
"Cell_12881","ZI",1
"Cell_12990","ZI",1
"Cell_13300","ZI",1
"Cell_13380","ZI",1
"Cell_14584","ZI",0.999999999999999
"Cell_14942","ZI",1
"Cell_14980","ZI",1
"Cell_14984","ZI",1
"Cell_15198","ZI",1
"Cell_15426","ZI",0.973801946558037
"Cell_15605","ZI",1
"Cell_15706","ZI",1
"Cell_16048","ZI",1
"Cell_16245","ZI",1
"Cell_16451","ZI",1
"Cell_16865","ZI",1
"Cell_16915","ZI",1
"Cell_17307","ZI",1
"Cell_17370","ZI",1
"Cell_17392","ZI",1
"Cell_17844","ZI",1
"Cell_17963","ZI",1
"Cell_18202","ZI",1
"Cell_18818","ZI",1
"Cell_18980","ZI",0.999999999999999
"Cell_19421","ZI",1
"Cell_19555","ZI",1
"Cell_19761","ZI",1
"Cell_19858","ZI",0.999999999999999
"Cell_20308","ZI",1
"Cell_20466","ZI",1
"Cell_20478","ZI",1
"Cell_20666","ZI",1
"Cell_20684","ZI",1
"Cell_21094","ZI",1
"Cell_21120","ZI",1
"Cell_21377","ZI",0.998814588258226
"Cell_21880","ZI",1
"Cell_21888","ZI",1
"Cell_22562","ZI",0.999999999999999
"Cell_23679","ZI",1
"Cell_24010","ZI",1
"Cell_24501","ZI",1
"Cell_24623","ZI",1
"Cell_25206","ZI",1
"Cell_25544","ZI",1
"Cell_25645","ZI",1
"Cell_26002","ZI",1
"Cell_26123","ZI",1
"Cell_26131","ZI",1
"Cell_26229","ZI",1
"Cell_26343","ZI",1
"Cell_26607","ZI",1
"Cell_26903","ZI",1
"Cell_27146","ZI",1
"Cell_27748","ZI",1
"Cell_27872","ZI",1
"Cell_28246","ZI",1
"Cell_28617","ZI",1
"Cell_29037","ZI",1
"Cell_29152","ZI",1
"Cell_29245","ZI",1
"Cell_29562","ZI",1
"Cell_29785","ZI",1
"Cell_30351","ZI",0.992707098204065
"Cell_30469","ZI",1
"Cell_30479","ZI",1
"Cell_30693","ZI",0.999999999999999
"Cell_30839","ZI",0.984462365480361
"Cell_31627","ZI",0.999999999999999
"Cell_31942","ZI",1
"Cell_32322","ZI",1
"Cell_32599","ZI",1
"Cell_33162","ZI",1
"Cell_33949","ZI",1
"Cell_34168","ZI",0.999999999999999
"Cell_34923","ZI",1
"Cell_35194","ZI",1
"Cell_35695","ZI",1
"Cell_35801","ZI",1
"Cell_36301","ZI",1
"Cell_36350","ZI",1
"Cell_36362","ZI",1
"Cell_37159","ZI",1
"Cell_37264","ZI",1
"Cell_37308","ZI",1
"Cell_37623","ZI",1
"Cell_37956","ZI",1
"Cell_38083","ZI",1
"Cell_38323","ZI",1
"Cell_39248","ZI",1
"Cell_39350","ZI",1
"Cell_39515","ZI",1
"Cell_39712","ZI",1
"Cell_40516","ZI",1
"Cell_40554","ZI",1
"Cell_40563","ZI",1
"Cell_40856","ZI",1
"Cell_40861","ZI",1
"Cell_41181","ZI",1
"Cell_41404","ZI",1
"Cell_41416","ZI",1
"Cell_41459","ZI",1
"Cell_42995","ZI",1
"Cell_43012","ZI",1
"Cell_43208","ZI",1
"Cell_43488","ZI",1
"Cell_43857","ZI",1
"Cell_44071","ZI",1
"Cell_44457","ZI",1
"Cell_44523","ZI",1
"Cell_44581","ZI",1
"Cell_44802","ZI",1
"Cell_44847","ZI",1
"Cell_44985","ZI",1
"Cell_45041","ZI",1
"Cell_30312","ZI",0.999999999999999
"Cell_39183","ZI",1
"Cell_6828","ZI",1
"Cell_7329","ZI",1
"Cell_12596","ZI",1
"Cell_16757","ZI",0.968761864956771
"Cell_19590","ZI",1
"Cell_21871","ZI",1
"Cell_22355","ZI",1
"Cell_24509","ZI",1
"Cell_28664","ZI",1
"Cell_34446","ZI",0.999999999999999
"Cell_36068","ZI",1
"Cell_25915","ZI",1
"Cell_23317","ZI",1
"Cell_3854","ZI",1
"Cell_195","ZI",1
"Cell_3238","ZI",1
"Cell_4166","ZI",1
"Cell_4880","ZI",1
"Cell_8423","ZI",1
"Cell_8977","ZI",1
"Cell_14065","ZI",1
"Cell_15871","ZI",1
"Cell_16870","ZI",1
"Cell_17245","ZI",1
"Cell_18717","ZI",1
"Cell_27672","ZI",1
"Cell_29852","ZI",1
"Cell_33373","ZI",1
"Cell_39588","ZI",1
"Cell_42473","ZI",1
"Cell_43223","ZI",1
"Cell_683","ZI",1
"Cell_829","ZI",0.968532781262186
"Cell_831","ZI",1
"Cell_1218","ZI",1
"Cell_1539","ZI",1
"Cell_2860","ZI",1
"Cell_3467","ZI",1
"Cell_6853","ZI",1
"Cell_6997","ZI",1
"Cell_7611","ZI",1
"Cell_7876","ZI",1
"Cell_9269","ZI",0.999999999999999
"Cell_10082","ZI",1
"Cell_10205","ZI",1
"Cell_12383","ZI",1
"Cell_12544","ZI",1
"Cell_15634","ZI",1
"Cell_22161","ZI",1
"Cell_22540","ZI",1
"Cell_23427","ZI",1
"Cell_25634","ZI",1
"Cell_27815","ZI",1
"Cell_30003","ZI",1
"Cell_33753","ZI",1
"Cell_34280","ZI",1
"Cell_34558","ZI",1
"Cell_37691","ZI",1
"Cell_39580","ZI",0.971699615308671
"Cell_6266","ZI",1
"Cell_44676","ZI",1
"Cell_33535","ZI",1
"Cell_45006","ZI",1
"Cell_45212","ZI",1
"Cell_2588","ZI",0.999999999999999
"Cell_3509","ZI",1
"Cell_14364","ZI",1
"Cell_23792","ZI",1
"Cell_26549","ZI",1
"Cell_26747","ZI",1
"Cell_40868","ZI",1
"Cell_10733","ZI",1
"Cell_42449","ZI",1
"Cell_17670","ZI",1
"Cell_29054","ZI",1
"Cell_39358","ZI",1
"Cell_36733","ZI",1
"Cell_828","VMHvl",1
"Cell_3699","VMHvl",1
"Cell_3844","VMHvl",1
"Cell_4105","VMHvl",1
"Cell_4927","VMHvl",1
"Cell_5166","VMHvl",0.962082960491945
"Cell_5799","VMHvl",1
"Cell_6380","VMHvl",1
"Cell_6683","VMHvl",1
"Cell_8118","VMHvl",1
"Cell_8822","VMHvl",1
"Cell_9475","VMHvl",1
"Cell_10152","VMHvl",1
"Cell_10799","VMHvl",1
"Cell_13927","VMHvl",1
"Cell_14730","VMHvl",1
"Cell_14769","VMHvl",1
"Cell_15581","VMHvl",1
"Cell_16177","VMHvl",1
"Cell_16403","VMHvl",1
"Cell_17609","VMHvl",1
"Cell_17640","VMHvl",1
"Cell_18365","VMHvl",1
"Cell_18811","VMHvl",1
"Cell_18996","VMHvl",1
"Cell_19576","VMHvl",1
"Cell_23078","VMHvl",1
"Cell_23578","VMHvl",1
"Cell_24207","VMHvl",1
"Cell_24298","VMHvl",1
"Cell_24467","VMHvl",1
"Cell_25437","VMHvl",0.991197581718407
"Cell_25528","VMHvl",1
"Cell_26409","VMHvl",1
"Cell_26537","VMHvl",1
"Cell_27087","VMHvl",0.998076762443002
"Cell_28296","VMHvl",1
"Cell_28507","VMHvl",1
"Cell_29474","VMHvl",1
"Cell_31275","VMHvl",1
"Cell_31294","VMHvl",1
"Cell_32523","VMHvl",1
"Cell_32524","VMHvl",1
"Cell_33051","VMHvl",1
"Cell_33318","VMHvl",1
"Cell_34700","VMHvl",1
"Cell_35301","VMHvl",1
"Cell_37801","VMHvl",1
"Cell_38248","VMHvl",1
"Cell_38752","VMHvl",1
"Cell_38955","VMHvl",1
"Cell_40231","VMHvl",1
"Cell_40364","VMHvl",1
"Cell_41627","VMHvl",1
"Cell_41679","VMHvl",1
"Cell_42237","VMHvl",1
"Cell_42497","VMHvl",1
"Cell_42808","VMHvl",1
"Cell_43015","VMHvl",1
"Cell_43334","VMHvl",0.999999999999999
"Cell_43706","VMHvl",1
"Cell_43855","VMHvl",1
"Cell_7535","VMHvl",1
"Cell_10016","VMHvl",1
"Cell_13894","VMHvl",1
"Cell_15578","VMHvl",1
"Cell_15638","VMHvl",1
"Cell_15970","VMHvl",1
"Cell_22034","VMHvl",1
"Cell_23400","VMHvl",1
"Cell_24194","VMHvl",1
"Cell_30036","VMHvl",1
"Cell_31969","VMHvl",1
"Cell_35634","VMHvl",1
"Cell_36078","VMHvl",1
"Cell_36935","VMHvl",1
"Cell_37896","VMHvl",1
"Cell_37925","VMHvl",1
"Cell_38714","VMHvl",0.999999999999999
"Cell_39410","VMHvl",1
"Cell_43273","VMHvl",1
"Cell_44520","VMHvl",1
"Cell_888","VMHvl",1
"Cell_1686","VMHvl",1
"Cell_1692","VMHvl",1
"Cell_4458","VMHvl",1
"Cell_5322","VMHvl",1
"Cell_6406","VMHvl",1
"Cell_6421","VMHvl",1
"Cell_6448","VMHvl",1
"Cell_6847","VMHvl",0.99779688637474
"Cell_8266","VMHvl",1
"Cell_8731","VMHvl",1
"Cell_9697","VMHvl",1
"Cell_10322","VMHvl",1
"Cell_11793","VMHvl",0.999999999999999
"Cell_11972","VMHvl",1
"Cell_12628","VMHvl",1
"Cell_13973","VMHvl",1
"Cell_14560","VMHvl",1
"Cell_15556","VMHvl",1
"Cell_16362","VMHvl",1
"Cell_16833","VMHvl",1
"Cell_17342","VMHvl",1
"Cell_17498","VMHvl",1
"Cell_17682","VMHvl",1
"Cell_17782","VMHvl",1
"Cell_18411","VMHvl",1
"Cell_18759","VMHvl",1
"Cell_20444","VMHvl",1
"Cell_20719","VMHvl",1
"Cell_21607","VMHvl",1
"Cell_21875","VMHvl",1
"Cell_22071","VMHvl",1
"Cell_22425","VMHvl",1
"Cell_22943","VMHvl",1
"Cell_23025","VMHvl",1
"Cell_23969","VMHvl",1
"Cell_24607","VMHvl",1
"Cell_26960","VMHvl",1
"Cell_27224","VMHvl",1
"Cell_27875","VMHvl",0.999999999999999
"Cell_28221","VMHvl",1
"Cell_28747","VMHvl",1
"Cell_29038","VMHvl",1
"Cell_32162","VMHvl",1
"Cell_32168","VMHvl",1
"Cell_32346","VMHvl",1
"Cell_32437","VMHvl",0.999984040302095
"Cell_34800","VMHvl",1
"Cell_35093","VMHvl",1
"Cell_35098","VMHvl",1
"Cell_35283","VMHvl",1
"Cell_35512","VMHvl",1
"Cell_37576","VMHvl",1
"Cell_37698","VMHvl",1
"Cell_39238","VMHvl",1
"Cell_39258","VMHvl",1
"Cell_39909","VMHvl",1
"Cell_41169","VMHvl",1
"Cell_41567","VMHvl",1
"Cell_44097","VMHvl",1
"Cell_8065","VMHvl",1
"Cell_10151","VMHvl",1
"Cell_10539","VMHvl",1
"Cell_37299","VMHvl",1
"Cell_638","VMHvl",1
"Cell_1271","VMHvl",1
"Cell_1368","VMHvl",1
"Cell_1472","VMHvl",1
"Cell_1565","VMHvl",1
"Cell_1818","VMHvl",1
"Cell_2006","VMHvl",1
"Cell_2129","VMHvl",1
"Cell_3448","VMHvl",1
"Cell_3581","VMHvl",1
"Cell_3588","VMHvl",1
"Cell_3939","VMHvl",1
"Cell_4402","VMHvl",1
"Cell_4722","VMHvl",0.952835088837098
"Cell_5355","VMHvl",1
"Cell_5986","VMHvl",1
"Cell_6262","VMHvl",1
"Cell_6778","VMHvl",1
"Cell_7056","VMHvl",1
"Cell_7462","VMHvl",1
"Cell_8258","VMHvl",1
"Cell_8370","VMHvl",1
"Cell_8458","VMHvl",1
"Cell_9640","VMHvl",1
"Cell_9721","VMHvl",1
"Cell_9865","VMHvl",1
"Cell_9934","VMHvl",1
"Cell_10460","VMHvl",1
"Cell_10931","VMHvl",1
"Cell_11161","VMHvl",1
"Cell_12036","VMHvl",1
"Cell_13350","VMHvl",1
"Cell_13509","VMHvl",1
"Cell_13928","VMHvl",1
"Cell_14399","VMHvl",1
"Cell_15692","VMHvl",1
"Cell_16041","VMHvl",1
"Cell_17297","VMHvl",1
"Cell_17544","VMHvl",1
"Cell_17554","VMHvl",1
"Cell_18033","VMHvl",1
"Cell_18441","VMHvl",1
"Cell_18621","VMHvl",1
"Cell_18760","VMHvl",1
"Cell_19323","VMHvl",1
"Cell_20510","VMHvl",1
"Cell_22146","VMHvl",1
"Cell_22272","VMHvl",1
"Cell_22542","VMHvl",1
"Cell_24026","VMHvl",1
"Cell_25939","VMHvl",1
"Cell_26057","VMHvl",1
"Cell_26636","VMHvl",1
"Cell_26819","VMHvl",1
"Cell_27460","VMHvl",1
"Cell_27465","VMHvl",1
"Cell_28871","VMHvl",1
"Cell_29369","VMHvl",1
"Cell_29442","VMHvl",1
"Cell_30077","VMHvl",1
"Cell_30277","VMHvl",1
"Cell_30370","VMHvl",1
"Cell_31392","VMHvl",1
"Cell_31852","VMHvl",1
"Cell_32220","VMHvl",1
"Cell_34692","VMHvl",1
"Cell_34716","VMHvl",1
"Cell_36553","VMHvl",1
"Cell_36913","VMHvl",1
"Cell_36948","VMHvl",1
"Cell_38670","VMHvl",1
"Cell_39525","VMHvl",1
"Cell_39734","VMHvl",1
"Cell_39834","VMHvl",1
"Cell_40528","VMHvl",1
"Cell_40589","VMHvl",1
"Cell_44118","VMHvl",1
"Cell_1054","VMHvl",1
"Cell_3407","VMHvl",1
"Cell_2548","VMHvl",1
"Cell_24024","VMHvl",1
"Cell_27039","VMHvl",1
"Cell_35185","VMHvl",1
"Cell_44624","VMHvl",1
"Cell_22005","VMHvl",1
"Cell_825","VMHvl",1
"Cell_2395","VMHvl",1
"Cell_5163","VMHvl",1
"Cell_5830","VMHvl",1
"Cell_10058","VMHvl",1
"Cell_10549","VMHvl",1
"Cell_16491","VMHvl",1
"Cell_19700","VMHvl",1
"Cell_20398","VMHvl",1
"Cell_22550","VMHvl",1
"Cell_29783","VMHvl",0.999999999999999
"Cell_33180","VMHvl",1
"Cell_39808","VMHvl",1
"Cell_41197","VMHvl",1
"Cell_1444","VMHvl",1
"Cell_1925","VMHvl",1
"Cell_3637","VMHvl",1
"Cell_5816","VMHvl",1
"Cell_7996","VMHvl",1
"Cell_8593","VMHvl",1
"Cell_8600","VMHvl",1
"Cell_8805","VMHvl",1
"Cell_9010","VMHvl",1
"Cell_9476","VMHvl",1
"Cell_9606","VMHvl",1
"Cell_10410","VMHvl",1
"Cell_10811","VMHvl",1
"Cell_11018","VMHvl",1
"Cell_11242","VMHvl",1
"Cell_11254","VMHvl",1
"Cell_11479","VMHvl",1
"Cell_11685","VMHvl",1
"Cell_11844","VMHvl",1
"Cell_12306","VMHvl",1
"Cell_12715","VMHvl",1
"Cell_12913","VMHvl",1
"Cell_12953","VMHvl",0.985842765453003
"Cell_13151","VMHvl",1
"Cell_13212","VMHvl",1
"Cell_13799","VMHvl",1
"Cell_13851","VMHvl",1
"Cell_14428","VMHvl",1
"Cell_15094","VMHvl",1
"Cell_15297","VMHvl",0.999999999999999
"Cell_15440","VMHvl",1
"Cell_15785","VMHvl",1
"Cell_15870","VMHvl",1
"Cell_17359","VMHvl",1
"Cell_17377","VMHvl",1
"Cell_17425","VMHvl",1
"Cell_17925","VMHvl",1
"Cell_18477","VMHvl",1
"Cell_19673","VMHvl",1
"Cell_21000","VMHvl",1
"Cell_21392","VMHvl",0.998925692213122
"Cell_23237","VMHvl",1
"Cell_23357","VMHvl",1
"Cell_23493","VMHvl",1
"Cell_23746","VMHvl",1
"Cell_23821","VMHvl",1
"Cell_24147","VMHvl",1
"Cell_26021","VMHvl",1
"Cell_26366","VMHvl",1
"Cell_26799","VMHvl",1
"Cell_26828","VMHvl",1
"Cell_26836","VMHvl",1
"Cell_27082","VMHvl",0.993216950583438
"Cell_27593","VMHvl",1
"Cell_27683","VMHvl",1
"Cell_28599","VMHvl",1
"Cell_28791","VMHvl",1
"Cell_29041","VMHvl",1
"Cell_29535","VMHvl",1
"Cell_31272","VMHvl",1
"Cell_31393","VMHvl",0.999999999999999
"Cell_31543","VMHvl",1
"Cell_31750","VMHvl",1
"Cell_32723","VMHvl",1
"Cell_33160","VMHvl",1
"Cell_33164","VMHvl",1
"Cell_33582","VMHvl",1
"Cell_34442","VMHvl",1
"Cell_34571","VMHvl",1
"Cell_35769","VMHvl",1
"Cell_35922","VMHvl",1
"Cell_36066","VMHvl",1
"Cell_36448","VMHvl",1
"Cell_36479","VMHvl",1
"Cell_36480","VMHvl",1
"Cell_36785","VMHvl",1
"Cell_37556","VMHvl",1
"Cell_38745","VMHvl",1
"Cell_39185","VMHvl",1
"Cell_39561","VMHvl",1
"Cell_39741","VMHvl",1
"Cell_40559","VMHvl",1
"Cell_40826","VMHvl",1
"Cell_43484","VMHvl",1
"Cell_44037","VMHvl",1
"Cell_44181","VMHvl",1
"Cell_44562","VMHvl",1
"Cell_849","VMHvl",1
"Cell_4257","VMHvl",1
"Cell_4396","VMHvl",0.976441602378239
"Cell_4416","VMHvl",1
"Cell_4522","VMHvl",1
"Cell_5388","VMHvl",1
"Cell_6999","VMHvl",1
"Cell_7952","VMHvl",1
"Cell_8638","VMHvl",1
"Cell_11407","VMHvl",1
"Cell_11965","VMHvl",1
"Cell_12554","VMHvl",1
"Cell_14080","VMHvl",1
"Cell_16796","VMHvl",1
"Cell_17266","VMHvl",1
"Cell_18696","VMHvl",1
"Cell_20082","VMHvl",1
"Cell_21460","VMHvl",1
"Cell_21825","VMHvl",1
"Cell_23688","VMHvl",1
"Cell_27993","VMHvl",1
"Cell_28605","VMHvl",1
"Cell_31398","VMHvl",1
"Cell_31519","VMHvl",1
"Cell_31555","VMHvl",1
"Cell_31616","VMHvl",1
"Cell_32518","VMHvl",1
"Cell_32552","VMHvl",1
"Cell_33529","VMHvl",1
"Cell_35446","VMHvl",1
"Cell_36761","VMHvl",1
"Cell_37641","VMHvl",1
"Cell_37866","VMHvl",1
"Cell_38576","VMHvl",1
"Cell_38662","VMHvl",1
"Cell_39685","VMHvl",1
"Cell_41471","VMHvl",1
"Cell_42894","VMHvl",1
"Cell_44473","VMHvl",0.999999999999999
"Cell_43714","VMHvl",1
"Cell_28889","VMHvl",1
"Cell_8479","VMHvl",1
"Cell_8804","VMHvl",1
"Cell_35494","VMHvl",1
"Cell_5229","VMHvl",1
"Cell_9134","VMHvl",1
"Cell_35928","VMHvl",1
"Cell_1781","OLF",1
"Cell_8961","OLF",1
"Cell_17203","OLF",1
"Cell_38414","OLF",1
"Cell_3418","OLF",1
"Cell_6584","OLF",1
"Cell_7634","OLF",1
"Cell_22936","OLF",1
"Cell_31172","OLF",1
"Cell_43224","OLF",1
"Cell_30867","OLF",1
"Cell_17218","OLF",1
"Cell_40005","OLF",1
"Cell_17989","OLF",1
"Cell_8075","OLF",1
"Cell_39178","OLF",1
"Cell_43825","OLF",1
"Cell_38978","OLF",0.977786644122538
"Cell_1974","OLF",0.958736573209813
"Cell_14538","OLF",1
"Cell_31671","OLF",1
"Cell_33228","OLF",1
"Cell_33565","OLF",1
"Cell_24343","OLF",1
"Cell_5911","OLF",1
"Cell_1159","CTXsp",1
"Cell_3082","CTXsp",1
"Cell_18443","CTXsp",1
"Cell_20413","CTXsp",1
"Cell_20527","CTXsp",1
"Cell_27028","CTXsp",1
"Cell_30271","CTXsp",1
"Cell_33033","CTXsp",1
"Cell_33155","CTXsp",1
"Cell_38102","CTXsp",0.999999999999999
"Cell_24917","CTXsp",0.999999999999999
"Cell_40712","CTXsp",1
"Cell_44806","CTXsp",1
"Cell_65","CTXsp",1
"Cell_2313","CTXsp",1
"Cell_3172","CTXsp",1
"Cell_8892","CTXsp",1
"Cell_8989","CTXsp",1
"Cell_10408","CTXsp",1
"Cell_15683","CTXsp",1
"Cell_30443","CTXsp",1
"Cell_31529","CTXsp",1
"Cell_34316","CTXsp",1
"Cell_38944","CTXsp",1
"Cell_42823","CTXsp",1
"Cell_1604","CTXsp",1
"Cell_4675","CTXsp",1
"Cell_13708","CTXsp",1
"Cell_17231","CTXsp",1
"Cell_26546","CTXsp",1
"Cell_29828","CTXsp",1
"Cell_31606","CTXsp",1
"Cell_39701","CTXsp",1
"Cell_42468","CTXsp",1
"Cell_1273","CTXsp",1
"Cell_2536","CTXsp",1
"Cell_4260","CTXsp",1
"Cell_12410","CTXsp",1
"Cell_15083","CTXsp",1
"Cell_20995","CTXsp",1
"Cell_34449","CTXsp",1
"Cell_44828","CTXsp",1
"Cell_234","CTXsp",1
"Cell_1376","CTXsp",1
"Cell_2354","CTXsp",1
"Cell_3370","CTXsp",1
"Cell_3646","CTXsp",1
"Cell_5660","CTXsp",1
"Cell_5768","CTXsp",1
"Cell_5912","CTXsp",1
"Cell_7810","CTXsp",1
"Cell_8042","CTXsp",1
"Cell_8913","CTXsp",0.999999999999999
"Cell_14141","CTXsp",1
"Cell_15680","CTXsp",1
"Cell_17033","CTXsp",1
"Cell_17612","CTXsp",1
"Cell_18740","CTXsp",1
"Cell_19674","CTXsp",1
"Cell_23822","CTXsp",1
"Cell_24573","CTXsp",1
"Cell_25402","CTXsp",1
"Cell_28235","CTXsp",1
"Cell_28673","CTXsp",1
"Cell_31352","CTXsp",1
"Cell_31874","CTXsp",1
"Cell_35675","CTXsp",1
"Cell_36538","CTXsp",1
"Cell_36947","CTXsp",1
"Cell_38811","CTXsp",1
"Cell_39702","CTXsp",1
"Cell_42165","CTXsp",1
"Cell_42506","CTXsp",1
"Cell_44761","CTXsp",1
"Cell_2159","CTXsp",1
"Cell_3278","CTXsp",0.999899568678011
"Cell_4682","CTXsp",1
"Cell_5522","CTXsp",1
"Cell_7825","CTXsp",1
"Cell_8296","CTXsp",0.993182457594134
"Cell_10820","CTXsp",1
"Cell_15125","CTXsp",1
"Cell_18993","CTXsp",1
"Cell_24553","CTXsp",1
"Cell_24813","CTXsp",0.999999999999999
"Cell_29957","CTXsp",1
"Cell_30868","CTXsp",1
"Cell_30956","CTXsp",1
"Cell_33550","CTXsp",1
"Cell_34152","CTXsp",1
"Cell_34175","CTXsp",1
"Cell_34529","CTXsp",1
"Cell_38269","CTXsp",1
"Cell_38540","CTXsp",1
"Cell_41663","CTXsp",1
"Cell_41850","CTXsp",1
"Cell_3865","CTXsp",1
"Cell_6858","CTXsp",1
"Cell_9055","CTXsp",1
"Cell_13930","CTXsp",1
"Cell_22414","CTXsp",1
"Cell_35080","CTXsp",1
"Cell_35209","CTXsp",1
"Cell_41207","CTXsp",1
"Cell_43704","CTXsp",1
"Cell_301","CTXsp",1
"Cell_976","CTXsp",1
"Cell_2497","CTXsp",1
"Cell_4158","CTXsp",1
"Cell_7833","CTXsp",0.998696419128062
"Cell_9842","CTXsp",1
"Cell_10160","CTXsp",1
"Cell_10166","CTXsp",1
"Cell_13093","CTXsp",1
"Cell_13124","CTXsp",1
"Cell_13503","CTXsp",1
"Cell_13552","CTXsp",1
"Cell_13741","CTXsp",1
"Cell_15894","CTXsp",1
"Cell_20640","CTXsp",1
"Cell_20802","CTXsp",1
"Cell_24674","CTXsp",1
"Cell_26831","CTXsp",1
"Cell_28164","CTXsp",1
"Cell_30603","CTXsp",1
"Cell_37135","CTXsp",1
"Cell_42209","CTXsp",1
"Cell_28397","CTXsp",1
"Cell_43053","CTXsp",1
"Cell_24309","CTXsp",1
"Cell_29554","CTXsp",1
"Cell_33800","CTXsp",1
"Cell_6389","CTXsp",1
"Cell_38552","CTXsp",1
"Cell_39053","CTXsp",1
"Cell_26678","CTXsp",1
"Cell_20627","CTXsp",1
"Cell_39637","CTXsp",1
"Cell_1308","CTXsp",1
"Cell_3256","CTXsp",1
"Cell_3734","CTXsp",1
"Cell_5206","CTXsp",1
"Cell_7365","CTXsp",1
"Cell_8001","CTXsp",1
"Cell_9591","CTXsp",1
"Cell_9612","CTXsp",1
"Cell_10001","CTXsp",1
"Cell_11061","CTXsp",1
"Cell_13136","CTXsp",1
"Cell_13829","CTXsp",1
"Cell_14680","CTXsp",1
"Cell_17158","CTXsp",1
"Cell_18180","CTXsp",1
"Cell_19835","CTXsp",1
"Cell_21463","CTXsp",1
"Cell_23723","CTXsp",1
"Cell_26975","CTXsp",1
"Cell_27696","CTXsp",1
"Cell_28427","CTXsp",1
"Cell_30961","CTXsp",1
"Cell_31317","CTXsp",0.997186499452085
"Cell_31773","CTXsp",1
"Cell_31820","CTXsp",1
"Cell_32124","CTXsp",1
"Cell_32325","CTXsp",1
"Cell_33473","CTXsp",1
"Cell_34652","CTXsp",1
"Cell_35625","CTXsp",1
"Cell_36823","CTXsp",1
"Cell_37189","CTXsp",1
"Cell_38253","CTXsp",1
"Cell_39416","CTXsp",1
"Cell_41340","CTXsp",1
"Cell_41437","CTXsp",1
"Cell_43351","CTXsp",1
"Cell_44379","CTXsp",1
"Cell_44783","CTXsp",1
"Cell_7268","CTXsp",1
"Cell_10269","CTXsp",1
"Cell_12333","CTXsp",1
"Cell_12529","CTXsp",1
"Cell_24856","CTXsp",1
"Cell_1860","CTXsp",1
"Cell_1871","CTXsp",1
"Cell_2627","CTXsp",1
"Cell_4337","CTXsp",1
"Cell_5814","CTXsp",1
"Cell_6188","CTXsp",1
"Cell_6551","CTXsp",1
"Cell_6617","CTXsp",1
"Cell_8257","CTXsp",1
"Cell_9855","CTXsp",1
"Cell_10752","CTXsp",1
"Cell_12281","CTXsp",1
"Cell_14534","CTXsp",1
"Cell_14792","CTXsp",1
"Cell_15991","CTXsp",0.999999999999999
"Cell_17615","CTXsp",1
"Cell_18464","CTXsp",1
"Cell_18665","CTXsp",1
"Cell_19540","CTXsp",0.982484913621858
"Cell_20098","CTXsp",1
"Cell_20418","CTXsp",1
"Cell_20999","CTXsp",1
"Cell_21694","CTXsp",1
"Cell_25507","CTXsp",1
"Cell_26066","CTXsp",1
"Cell_26715","CTXsp",1
"Cell_26961","CTXsp",1
"Cell_27838","CTXsp",1
"Cell_30302","CTXsp",1
"Cell_31015","CTXsp",1
"Cell_32209","CTXsp",1
"Cell_33414","CTXsp",1
"Cell_34588","CTXsp",1
"Cell_34731","CTXsp",1
"Cell_35743","CTXsp",1
"Cell_36160","CTXsp",1
"Cell_37776","CTXsp",1
"Cell_38150","CTXsp",1
"Cell_40206","CTXsp",1
"Cell_43612","CTXsp",1
"Cell_11935","CTXsp",1
"Cell_16610","CTXsp",1
"Cell_18101","CTXsp",1
"Cell_19105","CTXsp",1
"Cell_25833","CTXsp",1
"Cell_35990","CTXsp",1
"Cell_40651","CTXsp",1
"Cell_190","CTXsp",1
"Cell_1291","CTXsp",1
"Cell_2791","CTXsp",1
"Cell_3894","CTXsp",1
"Cell_5420","CTXsp",1
"Cell_5467","CTXsp",1
"Cell_6502","CTXsp",1
"Cell_8036","CTXsp",1
"Cell_10190","CTXsp",1
"Cell_14708","CTXsp",1
"Cell_17106","CTXsp",1
"Cell_19160","CTXsp",1
"Cell_24878","CTXsp",1
"Cell_25461","CTXsp",1
"Cell_26103","CTXsp",1
"Cell_26384","CTXsp",1
"Cell_28931","CTXsp",1
"Cell_29160","CTXsp",1
"Cell_29163","CTXsp",1
"Cell_30066","CTXsp",1
"Cell_30974","CTXsp",1
"Cell_32605","CTXsp",1
"Cell_33083","CTXsp",1
"Cell_36325","CTXsp",1
"Cell_38430","CTXsp",1
"Cell_41911","CTXsp",1
"Cell_45229","CTXsp",1
"Cell_15507","CTXsp",1
"Cell_16257","CTXsp",0.999999999999999
"Cell_25230","CTXsp",1
"Cell_43788","CTXsp",1
"Cell_3628","CTXsp",1
"Cell_12412","CTXsp",1
"Cell_40449","CTXsp",1
"Cell_8035","CTXsp",1
"Cell_3337","CTXsp",1
"Cell_13022","CTXsp",1
"Cell_16383","CTXsp",1
"Cell_18950","CTXsp",1
"Cell_20785","CTXsp",1
"Cell_24198","CTXsp",1
"Cell_33097","CTXsp",1
"Cell_37078","CTXsp",1
"Cell_42249","CTXsp",1
"Cell_43435","CTXsp",1
"Cell_228","CTXsp",1
"Cell_375","CTXsp",0.969634046482442
"Cell_650","CTXsp",1
"Cell_686","CTXsp",1
"Cell_922","CTXsp",1
"Cell_1276","CTXsp",1
"Cell_1330","CTXsp",1
"Cell_1441","CTXsp",1
"Cell_1729","CTXsp",1
"Cell_2192","CTXsp",1
"Cell_2595","CTXsp",1
"Cell_2942","CTXsp",1
"Cell_3056","CTXsp",1
"Cell_3088","CTXsp",1
"Cell_3574","CTXsp",1
"Cell_4196","CTXsp",1
"Cell_4287","CTXsp",1
"Cell_4732","CTXsp",1
"Cell_5668","CTXsp",1
"Cell_6436","CTXsp",1
"Cell_6438","CTXsp",1
"Cell_7129","CTXsp",1
"Cell_9445","CTXsp",1
"Cell_10127","CTXsp",1
"Cell_10508","CTXsp",1
"Cell_11409","CTXsp",1
"Cell_11597","CTXsp",1
"Cell_11678","CTXsp",1
"Cell_11928","CTXsp",1
"Cell_12361","CTXsp",1
"Cell_13020","CTXsp",1
"Cell_14309","CTXsp",1
"Cell_14417","CTXsp",1
"Cell_14421","CTXsp",1
"Cell_14435","CTXsp",1
"Cell_14656","CTXsp",1
"Cell_15117","CTXsp",1
"Cell_15631","CTXsp",1
"Cell_15667","CTXsp",1
"Cell_16522","CTXsp",1
"Cell_16771","CTXsp",1
"Cell_17083","CTXsp",1
"Cell_17344","CTXsp",1
"Cell_17662","CTXsp",1
"Cell_17862","CTXsp",1
"Cell_18629","CTXsp",1
"Cell_19381","CTXsp",1
"Cell_19433","CTXsp",1
"Cell_19598","CTXsp",1
"Cell_20221","CTXsp",1
"Cell_20247","CTXsp",1
"Cell_20611","CTXsp",1
"Cell_20898","CTXsp",1
"Cell_21176","CTXsp",1
"Cell_21404","CTXsp",1
"Cell_21446","CTXsp",1
"Cell_21729","CTXsp",1
"Cell_22238","CTXsp",1
"Cell_22522","CTXsp",1
"Cell_22711","CTXsp",1
"Cell_22724","CTXsp",1
"Cell_22840","CTXsp",1
"Cell_22870","CTXsp",1
"Cell_23345","CTXsp",1
"Cell_23906","CTXsp",0.952240904415337
"Cell_25637","CTXsp",1
"Cell_25682","CTXsp",1
"Cell_25929","CTXsp",0.999999999999999
"Cell_26362","CTXsp",1
"Cell_26690","CTXsp",1
"Cell_27103","CTXsp",1
"Cell_27747","CTXsp",1
"Cell_27783","CTXsp",1
"Cell_29199","CTXsp",1
"Cell_29626","CTXsp",1
"Cell_29959","CTXsp",1
"Cell_30537","CTXsp",1
"Cell_31040","CTXsp",1
"Cell_31058","CTXsp",1
"Cell_32264","CTXsp",1
"Cell_32832","CTXsp",1
"Cell_32915","CTXsp",0.999999999999999
"Cell_33516","CTXsp",1
"Cell_34243","CTXsp",1
"Cell_34710","CTXsp",1
"Cell_35163","CTXsp",1
"Cell_35746","CTXsp",1
"Cell_35793","CTXsp",1
"Cell_36742","CTXsp",1
"Cell_37002","CTXsp",1
"Cell_37051","CTXsp",1
"Cell_37775","CTXsp",1
"Cell_37804","CTXsp",1
"Cell_38327","CTXsp",1
"Cell_38570","CTXsp",1
"Cell_38866","CTXsp",1
"Cell_41539","CTXsp",1
"Cell_42357","CTXsp",1
"Cell_42526","CTXsp",1
"Cell_42682","CTXsp",1
"Cell_43146","CTXsp",1
"Cell_43249","CTXsp",1
"Cell_43367","CTXsp",1
"Cell_44349","CTXsp",1
"Cell_44695","CTXsp",1
"Cell_45173","CTXsp",0.999999999999999
"Cell_362","CTXsp",1
"Cell_1096","CTXsp",1
"Cell_2361","CTXsp",1
"Cell_3380","CTXsp",1
"Cell_3391","CTXsp",1
"Cell_3437","CTXsp",1
"Cell_5002","CTXsp",1
"Cell_5015","CTXsp",1
"Cell_5055","CTXsp",1
"Cell_5071","CTXsp",1
"Cell_5266","CTXsp",1
"Cell_5374","CTXsp",1
"Cell_6067","CTXsp",1
"Cell_7717","CTXsp",1
"Cell_9271","CTXsp",1
"Cell_9353","CTXsp",1
"Cell_9403","CTXsp",1
"Cell_9453","CTXsp",1
"Cell_9592","CTXsp",1
"Cell_9689","CTXsp",1
"Cell_9823","CTXsp",1
"Cell_10557","CTXsp",1
"Cell_10996","CTXsp",0.999999999999999
"Cell_11097","CTXsp",1
"Cell_11745","CTXsp",1
"Cell_11778","CTXsp",1
"Cell_12578","CTXsp",1
"Cell_12749","CTXsp",1
"Cell_12755","CTXsp",1
"Cell_13290","CTXsp",1
"Cell_13395","CTXsp",1
"Cell_14152","CTXsp",1
"Cell_14777","CTXsp",1
"Cell_14831","CTXsp",1
"Cell_14840","CTXsp",1
"Cell_15237","CTXsp",1
"Cell_15489","CTXsp",1
"Cell_15652","CTXsp",1
"Cell_15996","CTXsp",1
"Cell_16752","CTXsp",1
"Cell_16815","CTXsp",1
"Cell_17321","CTXsp",1
"Cell_17442","CTXsp",1
"Cell_17706","CTXsp",1
"Cell_17992","CTXsp",1
"Cell_18630","CTXsp",1
"Cell_19490","CTXsp",1
"Cell_19666","CTXsp",1
"Cell_19758","CTXsp",1
"Cell_20741","CTXsp",1
"Cell_20749","CTXsp",1
"Cell_21081","CTXsp",1
"Cell_21683","CTXsp",1
"Cell_21726","CTXsp",1
"Cell_22087","CTXsp",1
"Cell_23276","CTXsp",1
"Cell_23334","CTXsp",1
"Cell_24085","CTXsp",1
"Cell_24239","CTXsp",1
"Cell_24496","CTXsp",0.999999999999999
"Cell_24631","CTXsp",1
"Cell_25087","CTXsp",1
"Cell_25204","CTXsp",1
"Cell_26171","CTXsp",1
"Cell_26532","CTXsp",1
"Cell_26784","CTXsp",1
"Cell_26936","CTXsp",1
"Cell_27012","CTXsp",1
"Cell_27467","CTXsp",1
"Cell_27518","CTXsp",1
"Cell_27608","CTXsp",1
"Cell_28367","CTXsp",1
"Cell_29224","CTXsp",1
"Cell_29846","CTXsp",1
"Cell_30692","CTXsp",1
"Cell_31103","CTXsp",1
"Cell_31382","CTXsp",1
"Cell_31687","CTXsp",1
"Cell_32500","CTXsp",1
"Cell_32633","CTXsp",1
"Cell_32737","CTXsp",1
"Cell_33182","CTXsp",1
"Cell_33575","CTXsp",1
"Cell_33715","CTXsp",1
"Cell_34132","CTXsp",1
"Cell_34447","CTXsp",1
"Cell_34469","CTXsp",1
"Cell_35279","CTXsp",1
"Cell_36400","CTXsp",1
"Cell_36444","CTXsp",1
"Cell_36613","CTXsp",1
"Cell_36694","CTXsp",1
"Cell_36888","CTXsp",1
"Cell_36995","CTXsp",1
"Cell_37654","CTXsp",1
"Cell_38076","CTXsp",1
"Cell_38498","CTXsp",1
"Cell_39073","CTXsp",1
"Cell_39705","CTXsp",1
"Cell_40099","CTXsp",1
"Cell_40585","CTXsp",1
"Cell_41579","CTXsp",1
"Cell_41951","CTXsp",1
"Cell_42048","CTXsp",1
"Cell_42958","CTXsp",1
"Cell_43319","CTXsp",1
"Cell_43952","CTXsp",0.999999999999999
"Cell_43964","CTXsp",1
"Cell_44307","CTXsp",1
"Cell_44527","CTXsp",1
"Cell_27551","CTXsp",1
"Cell_32290","CTXsp",1
"Cell_3991","CTXsp",1
"Cell_8203","CTXsp",1
"Cell_8521","CTXsp",1
"Cell_8532","CTXsp",1
"Cell_10292","CTXsp",1
"Cell_17182","CTXsp",1
"Cell_19949","CTXsp",1
"Cell_20643","CTXsp",1
"Cell_24746","CTXsp",1
"Cell_25245","CTXsp",1
"Cell_32935","CTXsp",1
"Cell_33174","CTXsp",1
"Cell_33177","CTXsp",1
"Cell_34843","CTXsp",1
"Cell_39979","CTXsp",1
"Cell_41052","CTXsp",1
"Cell_41413","CTXsp",1
"Cell_704","CTXsp",1
"Cell_2948","CTXsp",0.999999999999999
"Cell_4293","CTXsp",1
"Cell_6635","CTXsp",1
"Cell_7393","CTXsp",1
"Cell_8690","CTXsp",1
"Cell_8721","CTXsp",1
"Cell_8812","CTXsp",1
"Cell_13233","CTXsp",1
"Cell_13437","CTXsp",1
"Cell_15408","CTXsp",1
"Cell_15454","CTXsp",1
"Cell_15893","CTXsp",1
"Cell_16169","CTXsp",1
"Cell_16520","CTXsp",0.951909310362412
"Cell_16989","CTXsp",1
"Cell_17009","CTXsp",1
"Cell_17594","CTXsp",1
"Cell_19784","CTXsp",1
"Cell_20621","CTXsp",1
"Cell_21036","CTXsp",1
"Cell_21326","CTXsp",1
"Cell_21697","CTXsp",1
"Cell_22101","CTXsp",1
"Cell_22759","CTXsp",1
"Cell_23922","CTXsp",1
"Cell_23944","CTXsp",1
"Cell_24234","CTXsp",1
"Cell_24934","CTXsp",1
"Cell_24948","CTXsp",1
"Cell_25795","CTXsp",1
"Cell_26192","CTXsp",1
"Cell_26400","CTXsp",1
"Cell_26865","CTXsp",1
"Cell_27276","CTXsp",1
"Cell_27452","CTXsp",1
"Cell_27719","CTXsp",1
"Cell_28091","CTXsp",1
"Cell_29091","CTXsp",1
"Cell_30900","CTXsp",1
"Cell_31839","CTXsp",1
"Cell_32835","CTXsp",1
"Cell_33679","CTXsp",1
"Cell_34010","CTXsp",1
"Cell_36910","CTXsp",1
"Cell_37033","CTXsp",1
"Cell_42830","CTXsp",1
"Cell_43283","CTXsp",1
"Cell_3289","CTXsp",1
"Cell_5935","CTXsp",1
"Cell_9237","CTXsp",1
"Cell_12997","CTXsp",1
"Cell_19233","CTXsp",1
"Cell_19480","CTXsp",1
"Cell_19970","CTXsp",1
"Cell_20866","CTXsp",1
"Cell_23152","CTXsp",1
"Cell_23647","CTXsp",1
"Cell_26222","CTXsp",1
"Cell_26796","CTXsp",1
"Cell_30012","CTXsp",1
"Cell_35317","CTXsp",1
"Cell_25298","CTXsp",1
"Cell_10788","CTXsp",1
"Cell_22114","CTXsp",1
"Cell_462","CTXsp",1
"Cell_2248","CTXsp",1
"Cell_4176","CTXsp",1
"Cell_5554","CTXsp",1
"Cell_6715","CTXsp",1
"Cell_10503","CTXsp",1
"Cell_16031","CTXsp",1
"Cell_17085","CTXsp",1
"Cell_19764","CTXsp",1
"Cell_21393","CTXsp",1
"Cell_22047","CTXsp",1
"Cell_24685","CTXsp",1
"Cell_27098","CTXsp",1
"Cell_27802","CTXsp",1
"Cell_29269","CTXsp",1
"Cell_29877","CTXsp",1
"Cell_30872","CTXsp",1
"Cell_31580","CTXsp",1
"Cell_32227","CTXsp",0.999999999999999
"Cell_42105","CTXsp",1
"Cell_1083","CTXsp",1
"Cell_13400","CTXsp",1
"Cell_20364","CTXsp",1
"Cell_2082","CTXsp",1
"Cell_14459","CTXsp",1
"Cell_24450","CTXsp",1
"Cell_25863","CTXsp",1
"Cell_28612","CTXsp",1
"Cell_31927","CTXsp",1
"Cell_22668","CTXsp",1
"Cell_27361","CTXsp",1
"Cell_818","CTXsp",1
"Cell_4681","CTXsp",0.999999999999999
"Cell_6799","CTXsp",1
"Cell_10629","CTXsp",1
"Cell_11274","CTXsp",1
"Cell_11443","CTXsp",1
"Cell_25614","CTXsp",1
"Cell_27936","CTXsp",1
"Cell_35078","CTXsp",0.999999999999999
"Cell_39014","CTXsp",1
"Cell_39042","CTXsp",1
"Cell_35738","CTXsp",1
"Cell_30242","CTXsp",1
"Cell_15387","CTXsp",1
"Cell_27011","CTXsp",1
"Cell_24769","CTXsp",1
"Cell_1369","Isocortex",1
"Cell_1665","Isocortex",1
"Cell_5338","Isocortex",1
"Cell_8735","Isocortex",1
"Cell_10057","Isocortex",1
"Cell_11285","Isocortex",1
"Cell_14660","Isocortex",0.999999999999999
"Cell_20571","Isocortex",1
"Cell_6831","Isocortex",1
"Cell_3306","Isocortex",0.995005093235007
"Cell_4869","Isocortex",1
"Cell_8460","Isocortex",1
"Cell_12758","Isocortex",1
"Cell_14679","Isocortex",1
"Cell_30700","Isocortex",1
"Cell_34682","Isocortex",1
"Cell_37882","Isocortex",1
"Cell_38517","Isocortex",1
"Cell_13809","Isocortex",1
"Cell_14628","Isocortex",1
"Cell_8701","Isocortex",1
"Cell_10223","Isocortex",1
"Cell_19789","Isocortex",1
"Cell_22780","Isocortex",1
"Cell_26895","Isocortex",1
"Cell_29699","Isocortex",1
"Cell_30557","Isocortex",1
"Cell_32013","Isocortex",1
"Cell_32026","Isocortex",1
"Cell_34782","Isocortex",1
"Cell_35897","Isocortex",1
"Cell_39292","Isocortex",1
"Cell_956","Isocortex",1
"Cell_1882","Isocortex",1
"Cell_2215","Isocortex",1
"Cell_3145","Isocortex",0.999999999999999
"Cell_3529","Isocortex",0.999999999999999
"Cell_4876","Isocortex",1
"Cell_5588","Isocortex",1
"Cell_5886","Isocortex",1
"Cell_6125","Isocortex",1
"Cell_6330","Isocortex",1
"Cell_6722","Isocortex",1
"Cell_7396","Isocortex",1
"Cell_11152","Isocortex",1
"Cell_11609","Isocortex",1
"Cell_12141","Isocortex",1
"Cell_13181","Isocortex",1
"Cell_13298","Isocortex",1
"Cell_14935","Isocortex",1
"Cell_15086","Isocortex",1
"Cell_16162","Isocortex",1
"Cell_16364","Isocortex",1
"Cell_17211","Isocortex",0.999999999999999
"Cell_17458","Isocortex",1
"Cell_17760","Isocortex",1
"Cell_19087","Isocortex",1
"Cell_19974","Isocortex",1
"Cell_21127","Isocortex",1
"Cell_22251","Isocortex",1
"Cell_22607","Isocortex",1
"Cell_23517","Isocortex",1
"Cell_25292","Isocortex",1
"Cell_25610","Isocortex",1
"Cell_27092","Isocortex",1
"Cell_28065","Isocortex",1
"Cell_28425","Isocortex",1
"Cell_30562","Isocortex",1
"Cell_33257","Isocortex",1
"Cell_33771","Isocortex",1
"Cell_34221","Isocortex",1
"Cell_36690","Isocortex",1
"Cell_36819","Isocortex",0.999717572916056
"Cell_37961","Isocortex",1
"Cell_39130","Isocortex",1
"Cell_39718","Isocortex",0.999999999999999
"Cell_44429","Isocortex",1
"Cell_44979","Isocortex",1
"Cell_1909","Isocortex",1
"Cell_10164","Isocortex",0.976762332835695
"Cell_12169","Isocortex",1
"Cell_16262","Isocortex",1
"Cell_16661","Isocortex",1
"Cell_17121","Isocortex",1
"Cell_18548","Isocortex",1
"Cell_19841","Isocortex",1
"Cell_20229","Isocortex",1
"Cell_20248","Isocortex",1
"Cell_24119","Isocortex",1
"Cell_25169","Isocortex",1
"Cell_25920","Isocortex",1
"Cell_26270","Isocortex",1
"Cell_27196","Isocortex",1
"Cell_28481","Isocortex",1
"Cell_30464","Isocortex",1
"Cell_31954","Isocortex",0.999999999999999
"Cell_32616","Isocortex",1
"Cell_33729","Isocortex",1
"Cell_38543","Isocortex",0.981699066220429
"Cell_39294","Isocortex",1
"Cell_40725","Isocortex",1
"Cell_44214","Isocortex",1
"Cell_44526","Isocortex",1
"Cell_3885","Isocortex",1
"Cell_24867","Isocortex",0.960223184452243
"Cell_27216","Isocortex",1
"Cell_33154","Isocortex",1
"Cell_1916","Isocortex",1
"Cell_6050","Isocortex",1
"Cell_9701","Isocortex",1
"Cell_11985","Isocortex",1
"Cell_12028","Isocortex",0.999999999999999
"Cell_22080","Isocortex",1
"Cell_26091","Isocortex",1
"Cell_29234","Isocortex",1
"Cell_31883","Isocortex",1
"Cell_34200","Isocortex",1
"Cell_34820","Isocortex",1
"Cell_34956","Isocortex",1
"Cell_37281","Isocortex",1
"Cell_37569","Isocortex",1
"Cell_43737","Isocortex",1
"Cell_43834","Isocortex",1
"Cell_43883","Isocortex",1
"Cell_44732","Isocortex",1
"Cell_5713","Isocortex",1
"Cell_13856","Isocortex",1
"Cell_19237","Isocortex",1
"Cell_19240","Isocortex",1
"Cell_35405","Isocortex",1
"Cell_35517","Isocortex",1
"Cell_1935","Isocortex",1
"Cell_2558","Isocortex",1
"Cell_3641","Isocortex",1
"Cell_11252","Isocortex",1
"Cell_13811","Isocortex",1
"Cell_25290","Isocortex",1
"Cell_35682","Isocortex",1
"Cell_36324","Isocortex",1
"Cell_37747","Isocortex",1
"Cell_29770","Isocortex",1
"Cell_26832","Isocortex",1
"Cell_5070","Isocortex",1
"Cell_29290","Isocortex",1
"Cell_39080","Isocortex",1
"Cell_24647","Isocortex",1
"Cell_9951","Isocortex",1
"Cell_13881","Isocortex",1
"Cell_24480","Isocortex",0.999999999999999
"Cell_25091","Isocortex",1
"Cell_32458","Isocortex",1
"Cell_36115","Isocortex",1
"Cell_43894","Isocortex",1
"Cell_8464","Isocortex",1
"Cell_25007","Isocortex",0.982770796663089
"Cell_39072","Isocortex",1
"Cell_2904","Isocortex",1
"Cell_2158","Isocortex",1
"Cell_22331","Isocortex",1
"Cell_1907","Isocortex",0.98803194658972
"Cell_6710","Isocortex",1
"Cell_18573","Isocortex",1
"Cell_1388","MDc",1
"Cell_1693","MDc",1
"Cell_22206","MDc",1
"Cell_37149","MDc",1
"Cell_20554","MDc",1
"Cell_24677","MDc",0.988521676248588
"Cell_33646","MDc",1
"Cell_33822","MDc",1
"Cell_450","MDc",1
"Cell_10459","MDc",0.9925446391203
"Cell_11104","MDc",1
"Cell_11730","MDc",1
"Cell_22243","MDc",1
"Cell_32015","MDc",1
"Cell_36234","MDc",1
"Cell_3524","MDc",1
"Cell_6766","MDc",1
"Cell_17726","MDc",1
"Cell_30791","MDc",1
"Cell_44837","MDc",1
"Cell_6181","MDc",1
"Cell_24170","MDc",1
"Cell_2832","MDc",1
"Cell_13232","MDc",1
"Cell_27207","MDc",1
"Cell_34240","MDc",1
"Cell_43575","MDc",1
"Cell_408","MDc",1
"Cell_774","MDc",1
"Cell_1185","MDc",1
"Cell_1775","MDc",1
"Cell_2070","MDc",1
"Cell_6694","MDc",1
"Cell_7788","MDc",1
"Cell_7914","MDc",1
"Cell_10300","MDc",1
"Cell_13945","MDc",1
"Cell_15101","MDc",1
"Cell_16483","MDc",1
"Cell_19121","MDc",1
"Cell_20044","MDc",1
"Cell_20392","MDc",1
"Cell_21026","MDc",1
"Cell_21808","MDc",1
"Cell_23104","MDc",1
"Cell_24042","MDc",1
"Cell_25149","MDc",1
"Cell_25426","MDc",1
"Cell_26983","MDc",1
"Cell_27627","MDc",1
"Cell_28785","MDc",1
"Cell_29953","MDc",0.999999999999999
"Cell_30141","MDc",1
"Cell_30665","MDc",1
"Cell_31192","MDc",1
"Cell_31728","MDc",1
"Cell_33081","MDc",1
"Cell_33090","MDc",1
"Cell_33490","MDc",1
"Cell_33962","MDc",1
"Cell_34428","MDc",1
"Cell_34600","MDc",0.994612954662127
"Cell_35988","MDc",1
"Cell_36106","MDc",1
"Cell_36719","MDc",0.999999999999999
"Cell_39707","MDc",1
"Cell_40870","MDc",1
"Cell_43101","MDc",1
"Cell_43200","MDc",1
"Cell_22819","MDc",1
"Cell_31705","MDc",1
"Cell_12951","MDc",1
"Cell_15364","MDc",1
"Cell_28289","MDc",1
"Cell_38413","MDc",1
"Cell_41232","MDc",1
"Cell_42409","MDc",1
"Cell_43508","MDc",1
"Cell_44824","MDc",1
"Cell_1221","MDc",1
"Cell_7934","MDc",1
"Cell_9266","MDc",1
"Cell_12885","MDc",1
"Cell_13804","MDc",1
"Cell_24398","MDc",1
"Cell_26868","MDc",1
"Cell_29096","MDc",1
"Cell_32426","MDc",1
"Cell_7234","MDc",1
"Cell_42104","MDc",1
"Cell_591","MDc",1
"Cell_13704","MDc",1
"Cell_17743","MDc",1
"Cell_18386","MDc",1
"Cell_25364","MDc",0.999999999999999
"Cell_32826","MDc",1
"Cell_34440","MDc",1
"Cell_35751","MDc",1
"Cell_36357","MDc",1
"Cell_44568","MDc",0.999999999999999
"Cell_760","MDc",1
"Cell_10295","MDc",1
"Cell_34705","MDc",1
"Cell_37522","MDc",1
"Cell_17043","MDc",1
"Cell_27568","MDc",1
"Cell_29607","MDc",1
"Cell_30294","MDc",1
"Cell_2099","MDc",1
"Cell_264","MDc",0.959449471450518
"Cell_3148","MDc",1
"Cell_23867","MDc",1
"Cell_29515","MDc",1
"Cell_36760","MDc",1
"Cell_20022","MDc",1
"Cell_20508","MDc",1
"Cell_33674","MDc",1
"Cell_38162","MDc",1
"Cell_22576","MDc",1
"Cell_41768","MDc",1
"Cell_1445","Isocortex",1
"Cell_2809","Isocortex",1
"Cell_14276","Isocortex",1
"Cell_33613","Isocortex",1
"Cell_35872","Isocortex",1
"Cell_40138","Isocortex",1
"Cell_36635","Isocortex",1
"Cell_91","Isocortex",1
"Cell_7020","Isocortex",1
"Cell_11420","Isocortex",1
"Cell_16631","Isocortex",1
"Cell_37049","Isocortex",1
"Cell_5593","Isocortex",1
"Cell_27849","Isocortex",1
"Cell_30044","Isocortex",1
"Cell_36957","Isocortex",1
"Cell_37352","Isocortex",1
"Cell_38933","Isocortex",1
"Cell_18044","Isocortex",1
"Cell_1716","Isocortex",1
"Cell_1768","Isocortex",0.999999999999999
"Cell_2593","Isocortex",1
"Cell_3612","Isocortex",1
"Cell_4553","Isocortex",1
"Cell_6892","Isocortex",1
"Cell_7435","Isocortex",1
"Cell_8024","Isocortex",1
"Cell_8564","Isocortex",1
"Cell_8577","Isocortex",1
"Cell_8757","Isocortex",0.999999999999999
"Cell_9023","Isocortex",1
"Cell_9323","Isocortex",0.999999999999999
"Cell_9429","Isocortex",1
"Cell_9880","Isocortex",1
"Cell_10509","Isocortex",1
"Cell_10776","Isocortex",1
"Cell_11205","Isocortex",1
"Cell_12583","Isocortex",0.999999999999999
"Cell_13234","Isocortex",1
"Cell_13447","Isocortex",1
"Cell_15872","Isocortex",1
"Cell_17603","Isocortex",1
"Cell_17981","Isocortex",1
"Cell_19188","Isocortex",1
"Cell_19985","Isocortex",1
"Cell_20087","Isocortex",1
"Cell_20845","Isocortex",1
"Cell_22075","Isocortex",1
"Cell_22268","Isocortex",1
"Cell_22623","Isocortex",1
"Cell_23066","Isocortex",1
"Cell_24115","Isocortex",1
"Cell_24299","Isocortex",1
"Cell_25285","Isocortex",1
"Cell_27628","Isocortex",1
"Cell_28432","Isocortex",1
"Cell_28498","Isocortex",1
"Cell_28932","Isocortex",1
"Cell_29869","Isocortex",1
"Cell_29927","Isocortex",1
"Cell_30026","Isocortex",1
"Cell_31856","Isocortex",1
"Cell_32536","Isocortex",1
"Cell_32809","Isocortex",1
"Cell_33707","Isocortex",1
"Cell_33810","Isocortex",1
"Cell_34797","Isocortex",1
"Cell_34978","Isocortex",1
"Cell_35223","Isocortex",1
"Cell_35590","Isocortex",1
"Cell_36645","Isocortex",1
"Cell_38392","Isocortex",1
"Cell_38569","Isocortex",1
"Cell_38953","Isocortex",1
"Cell_39914","Isocortex",1
"Cell_40820","Isocortex",1
"Cell_41714","Isocortex",1
"Cell_43695","Isocortex",1
"Cell_44162","Isocortex",1
"Cell_44920","Isocortex",1
"Cell_45098","Isocortex",1
"Cell_45123","Isocortex",1
"Cell_577","Isocortex",1
"Cell_2013","Isocortex",1
"Cell_2280","Isocortex",1
"Cell_2650","Isocortex",1
"Cell_2787","Isocortex",1
"Cell_3502","Isocortex",1
"Cell_3784","Isocortex",1
"Cell_4362","Isocortex",1
"Cell_4802","Isocortex",1
"Cell_5428","Isocortex",1
"Cell_6671","Isocortex",1
"Cell_7018","Isocortex",0.999999999999999
"Cell_7651","Isocortex",1
"Cell_8291","Isocortex",1
"Cell_8402","Isocortex",1
"Cell_8686","Isocortex",1
"Cell_10689","Isocortex",1
"Cell_10814","Isocortex",1
"Cell_10859","Isocortex",1
"Cell_12167","Isocortex",1
"Cell_12199","Isocortex",1
"Cell_13355","Isocortex",1
"Cell_14067","Isocortex",1
"Cell_14252","Isocortex",1
"Cell_14823","Isocortex",1
"Cell_15128","Isocortex",1
"Cell_16596","Isocortex",1
"Cell_17074","Isocortex",1
"Cell_17181","Isocortex",0.999999999999999
"Cell_17855","Isocortex",1
"Cell_18053","Isocortex",1
"Cell_18300","Isocortex",1
"Cell_18482","Isocortex",1
"Cell_18670","Isocortex",1
"Cell_19752","Isocortex",1
"Cell_19839","Isocortex",1
"Cell_20645","Isocortex",1
"Cell_20873","Isocortex",1
"Cell_22430","Isocortex",1
"Cell_22441","Isocortex",1
"Cell_23481","Isocortex",1
"Cell_23631","Isocortex",0.999988838816983
"Cell_25136","Isocortex",1
"Cell_25273","Isocortex",0.993624862292219
"Cell_25500","Isocortex",1
"Cell_26040","Isocortex",1
"Cell_26809","Isocortex",1
"Cell_26956","Isocortex",1
"Cell_27262","Isocortex",1
"Cell_28723","Isocortex",1
"Cell_28881","Isocortex",1
"Cell_29827","Isocortex",1
"Cell_30158","Isocortex",1
"Cell_31974","Isocortex",1
"Cell_33167","Isocortex",1
"Cell_34206","Isocortex",1
"Cell_34211","Isocortex",1
"Cell_34707","Isocortex",1
"Cell_34988","Isocortex",1
"Cell_35200","Isocortex",1
"Cell_35986","Isocortex",1
"Cell_36014","Isocortex",1
"Cell_37122","Isocortex",1
"Cell_37418","Isocortex",1
"Cell_38351","Isocortex",0.985883657906455
"Cell_38353","Isocortex",1
"Cell_38449","Isocortex",1
"Cell_38452","Isocortex",1
"Cell_38868","Isocortex",1
"Cell_39034","Isocortex",1
"Cell_39684","Isocortex",1
"Cell_40235","Isocortex",1
"Cell_40309","Isocortex",1
"Cell_40698","Isocortex",1
"Cell_41753","Isocortex",1
"Cell_44244","Isocortex",1
"Cell_44301","Isocortex",1
"Cell_1128","Isocortex",1
"Cell_1519","Isocortex",1
"Cell_2420","Isocortex",1
"Cell_3202","Isocortex",1
"Cell_3618","Isocortex",1
"Cell_3813","Isocortex",0.968286950209484
"Cell_4234","Isocortex",1
"Cell_5060","Isocortex",1
"Cell_5317","Isocortex",1
"Cell_5628","Isocortex",1
"Cell_6838","Isocortex",1
"Cell_7070","Isocortex",1
"Cell_8483","Isocortex",1
"Cell_9556","Isocortex",1
"Cell_9733","Isocortex",1
"Cell_9779","Isocortex",1
"Cell_10188","Isocortex",1
"Cell_10818","Isocortex",1
"Cell_12206","Isocortex",0.999999999999999
"Cell_12249","Isocortex",1
"Cell_14078","Isocortex",1
"Cell_14185","Isocortex",1
"Cell_15186","Isocortex",1
"Cell_15383","Isocortex",0.999999999999999
"Cell_15391","Isocortex",1
"Cell_15704","Isocortex",1
"Cell_16423","Isocortex",1
"Cell_16708","Isocortex",1
"Cell_17481","Isocortex",1
"Cell_17551","Isocortex",1
"Cell_19011","Isocortex",1
"Cell_20015","Isocortex",1
"Cell_20196","Isocortex",1
"Cell_20375","Isocortex",1
"Cell_20520","Isocortex",1
"Cell_21510","Isocortex",1
"Cell_21685","Isocortex",1
"Cell_22303","Isocortex",1
"Cell_23233","Isocortex",1
"Cell_23698","Isocortex",1
"Cell_24141","Isocortex",1
"Cell_24924","Isocortex",1
"Cell_24937","Isocortex",1
"Cell_25771","Isocortex",1
"Cell_25944","Isocortex",1
"Cell_26429","Isocortex",1
"Cell_26582","Isocortex",1
"Cell_26718","Isocortex",1
"Cell_27629","Isocortex",1
"Cell_27795","Isocortex",1
"Cell_27958","Isocortex",0.999999999999999
"Cell_28084","Isocortex",1
"Cell_28224","Isocortex",1
"Cell_28453","Isocortex",1
"Cell_28509","Isocortex",1
"Cell_31522","Isocortex",1
"Cell_31941","Isocortex",1
"Cell_32721","Isocortex",1
"Cell_37101","Isocortex",1
"Cell_38723","Isocortex",1
"Cell_41751","Isocortex",1
"Cell_42133","Isocortex",1
"Cell_42457","Isocortex",1
"Cell_42646","Isocortex",1
"Cell_43231","Isocortex",0.999999999999999
"Cell_44477","Isocortex",0.999999999999999
"Cell_12267","Isocortex",1
"Cell_41047","Isocortex",1
"Cell_12133","Isocortex",1
"Cell_23492","Isocortex",1
"Cell_43527","Isocortex",1
"Cell_182","Isocortex",1
"Cell_1570","Isocortex",1
"Cell_4460","Isocortex",1
"Cell_8230","Isocortex",1
"Cell_10985","Isocortex",1
"Cell_11631","Isocortex",1
"Cell_13399","Isocortex",1
"Cell_13680","Isocortex",1
"Cell_14044","Isocortex",0.989830088473638
"Cell_18586","Isocortex",1
"Cell_18728","Isocortex",1
"Cell_21870","Isocortex",1
"Cell_25086","Isocortex",1
"Cell_25559","Isocortex",1
"Cell_26641","Isocortex",1
"Cell_27365","Isocortex",1
"Cell_29284","Isocortex",1
"Cell_29734","Isocortex",1
"Cell_34085","Isocortex",1
"Cell_35358","Isocortex",1
"Cell_39107","Isocortex",1
"Cell_42231","Isocortex",1
"Cell_43740","Isocortex",1
"Cell_44966","Isocortex",1
"Cell_2373","Isocortex",1
"Cell_4017","Isocortex",1
"Cell_5059","Isocortex",1
"Cell_8343","Isocortex",1
"Cell_9391","Isocortex",1
"Cell_9397","Isocortex",1
"Cell_9583","Isocortex",1
"Cell_10214","Isocortex",1
"Cell_10971","Isocortex",1
"Cell_11395","Isocortex",1
"Cell_12421","Isocortex",1
"Cell_12899","Isocortex",1
"Cell_12969","Isocortex",1
"Cell_15467","Isocortex",1
"Cell_15649","Isocortex",1
"Cell_17166","Isocortex",1
"Cell_19338","Isocortex",1
"Cell_19980","Isocortex",1
"Cell_20434","Isocortex",0.999999999999999
"Cell_24446","Isocortex",1
"Cell_24490","Isocortex",1
"Cell_26087","Isocortex",1
"Cell_26252","Isocortex",1
"Cell_27273","Isocortex",1
"Cell_29005","Isocortex",1
"Cell_31240","Isocortex",1
"Cell_32023","Isocortex",1
"Cell_32667","Isocortex",1
"Cell_33796","Isocortex",1
"Cell_34232","Isocortex",1
"Cell_35968","Isocortex",1
"Cell_37097","Isocortex",1
"Cell_39098","Isocortex",1
"Cell_39263","Isocortex",0.995441298427576
"Cell_39303","Isocortex",1
"Cell_39522","Isocortex",1
"Cell_41773","Isocortex",1
"Cell_42840","Isocortex",1
"Cell_44006","Isocortex",1
"Cell_44672","Isocortex",0.999999999999999
"Cell_45058","Isocortex",1
"Cell_140","Isocortex",1
"Cell_1071","Isocortex",1
"Cell_3607","Isocortex",1
"Cell_4077","Isocortex",1
"Cell_5215","Isocortex",1
"Cell_6405","Isocortex",1
"Cell_7500","Isocortex",1
"Cell_7995","Isocortex",1
"Cell_9062","Isocortex",1
"Cell_9952","Isocortex",1
"Cell_10341","Isocortex",0.999999999999999
"Cell_11268","Isocortex",0.999999999999999
"Cell_13273","Isocortex",1
"Cell_15847","Isocortex",1
"Cell_16239","Isocortex",0.999999999999999
"Cell_17011","Isocortex",1
"Cell_17658","Isocortex",1
"Cell_18495","Isocortex",1
"Cell_18741","Isocortex",1
"Cell_18785","Isocortex",1
"Cell_21487","Isocortex",1
"Cell_23760","Isocortex",1
"Cell_24513","Isocortex",1
"Cell_24961","Isocortex",1
"Cell_26655","Isocortex",1
"Cell_27108","Isocortex",1
"Cell_27742","Isocortex",1
"Cell_29174","Isocortex",1
"Cell_29745","Isocortex",1
"Cell_30847","Isocortex",1
"Cell_30914","Isocortex",1
"Cell_31279","Isocortex",1
"Cell_31497","Isocortex",1
"Cell_32307","Isocortex",1
"Cell_33390","Isocortex",1
"Cell_34334","Isocortex",1
"Cell_35100","Isocortex",1
"Cell_35307","Isocortex",1
"Cell_36721","Isocortex",1
"Cell_37098","Isocortex",1
"Cell_37943","Isocortex",1
"Cell_38371","Isocortex",1
"Cell_38902","Isocortex",1
"Cell_40066","Isocortex",1
"Cell_40275","Isocortex",1
"Cell_40526","Isocortex",1
"Cell_44713","Isocortex",1
"Cell_7820","Isocortex",0.983253736684247
"Cell_16599","Isocortex",1
"Cell_19534","Isocortex",1
"Cell_2324","Isocortex",0.999999999999999
"Cell_6728","Isocortex",1
"Cell_8958","Isocortex",1
"Cell_13271","Isocortex",1
"Cell_14717","Isocortex",1
"Cell_18095","Isocortex",0.999999999999999
"Cell_22574","Isocortex",1
"Cell_22608","Isocortex",1
"Cell_27129","Isocortex",1
"Cell_28408","Isocortex",1
"Cell_34404","Isocortex",1
"Cell_37218","Isocortex",1
"Cell_45030","Isocortex",1
"Cell_2961","Isocortex",1
"Cell_3806","Isocortex",1
"Cell_5294","Isocortex",1
"Cell_8299","Isocortex",1
"Cell_9955","Isocortex",1
"Cell_12104","Isocortex",1
"Cell_12426","Isocortex",1
"Cell_12791","Isocortex",0.999999999999999
"Cell_13882","Isocortex",1
"Cell_14913","Isocortex",1
"Cell_14966","Isocortex",1
"Cell_15115","Isocortex",1
"Cell_15196","Isocortex",1
"Cell_17922","Isocortex",1
"Cell_18230","Isocortex",1
"Cell_21302","Isocortex",1
"Cell_22317","Isocortex",1
"Cell_24671","Isocortex",0.999999999999999
"Cell_29970","Isocortex",1
"Cell_30468","Isocortex",1
"Cell_32195","Isocortex",1
"Cell_32909","Isocortex",1
"Cell_35722","Isocortex",1
"Cell_37039","Isocortex",1
"Cell_38763","Isocortex",1
"Cell_40960","Isocortex",1
"Cell_41649","Isocortex",1
"Cell_41889","Isocortex",1
"Cell_44115","Isocortex",1
"Cell_45000","Isocortex",1
"Cell_11545","Isocortex",1
"Cell_11776","Isocortex",1
"Cell_15541","Isocortex",0.999999999999999
"Cell_15679","Isocortex",1
"Cell_21173","Isocortex",1
"Cell_22761","Isocortex",1
"Cell_24897","Isocortex",1
"Cell_26579","Isocortex",1
"Cell_28336","Isocortex",1
"Cell_28888","Isocortex",1
"Cell_34668","Isocortex",1
"Cell_44469","Isocortex",1
"Cell_33213","Isocortex",1
"Cell_33801","Isocortex",1
"Cell_6915","Isocortex",1
"Cell_7008","Isocortex",1
"Cell_10248","Isocortex",1
"Cell_15658","Isocortex",1
"Cell_21429","Isocortex",1
"Cell_23344","Isocortex",1
"Cell_27791","Isocortex",1
"Cell_29126","Isocortex",1
"Cell_45024","Isocortex",1
"Cell_45033","Isocortex",1
"Cell_2839","Isocortex",1
"Cell_16115","Isocortex",1
"Cell_21376","Isocortex",1
"Cell_21937","Isocortex",1
"Cell_30047","Isocortex",1
"Cell_40762","Isocortex",1
"Cell_31007","Isocortex",1
"Cell_1671","Isocortex",0.999999999999999
"Cell_9147","Isocortex",1
"Cell_22183","Isocortex",1
"Cell_24427","Isocortex",1
"Cell_30448","Isocortex",1
"Cell_40013","Isocortex",1
"Cell_5240","Isocortex",1
"Cell_20187","Isocortex",1
"Cell_2286","Isocortex",1
"Cell_2957","Isocortex",1
"Cell_4221","Isocortex",1
"Cell_4703","Isocortex",1
"Cell_9179","Isocortex",1
"Cell_9191","Isocortex",1
"Cell_9295","Isocortex",1
"Cell_10617","Isocortex",1
"Cell_10653","Isocortex",1
"Cell_12058","Isocortex",1
"Cell_15135","Isocortex",1
"Cell_15480","Isocortex",1
"Cell_16700","Isocortex",1
"Cell_18244","Isocortex",1
"Cell_18270","Isocortex",1
"Cell_20193","Isocortex",1
"Cell_21472","Isocortex",1
"Cell_21582","Isocortex",1
"Cell_23598","Isocortex",1
"Cell_24022","Isocortex",1
"Cell_25838","Isocortex",1
"Cell_30673","Isocortex",1
"Cell_31542","Isocortex",1
"Cell_32127","Isocortex",1
"Cell_36976","Isocortex",0.999411099962663
"Cell_45125","Isocortex",1
"Cell_6975","Isocortex",1
"Cell_2958","Isocortex",1
"Cell_8594","Isocortex",1
"Cell_13000","Isocortex",1
"Cell_15363","Isocortex",1
"Cell_20772","Isocortex",1
"Cell_28458","Isocortex",1
"Cell_39379","Isocortex",0.954816654062704
"Cell_3451","Isocortex",1
"Cell_834","Isocortex",1
"Cell_3463","Isocortex",1
"Cell_3804","Isocortex",1
"Cell_4094","Isocortex",1
"Cell_4855","Isocortex",0.999999999999999
"Cell_5647","Isocortex",1
"Cell_6665","Isocortex",1
"Cell_7096","Isocortex",1
"Cell_7241","Isocortex",1
"Cell_8039","Isocortex",1
"Cell_8953","Isocortex",1
"Cell_10067","Isocortex",1
"Cell_10522","Isocortex",1
"Cell_12287","Isocortex",1
"Cell_13237","Isocortex",1
"Cell_13302","Isocortex",1
"Cell_15010","Isocortex",0.999999999999999
"Cell_15691","Isocortex",1
"Cell_16059","Isocortex",1
"Cell_16600","Isocortex",0.999999999999999
"Cell_17119","Isocortex",1
"Cell_17296","Isocortex",1
"Cell_17582","Isocortex",1
"Cell_19153","Isocortex",1
"Cell_19460","Isocortex",1
"Cell_20728","Isocortex",1
"Cell_21398","Isocortex",1
"Cell_21440","Isocortex",1
"Cell_23167","Isocortex",0.999999999999999
"Cell_23214","Isocortex",1
"Cell_24860","Isocortex",1
"Cell_24966","Isocortex",1
"Cell_25848","Isocortex",1
"Cell_27344","Isocortex",1
"Cell_29837","Isocortex",1
"Cell_30793","Isocortex",1
"Cell_30951","Isocortex",1
"Cell_31094","Isocortex",1
"Cell_31371","Isocortex",1
"Cell_32247","Isocortex",1
"Cell_32711","Isocortex",1
"Cell_32831","Isocortex",1
"Cell_33290","Isocortex",1
"Cell_33920","Isocortex",1
"Cell_34320","Isocortex",1
"Cell_35154","Isocortex",1
"Cell_35605","Isocortex",1
"Cell_35679","Isocortex",0.999999999999999
"Cell_36179","Isocortex",1
"Cell_36964","Isocortex",1
"Cell_38503","Isocortex",1
"Cell_38782","Isocortex",1
"Cell_38820","Isocortex",1
"Cell_39187","Isocortex",1
"Cell_39537","Isocortex",1
"Cell_40055","Isocortex",0.999999999999999
"Cell_41239","Isocortex",1
"Cell_41637","Isocortex",1
"Cell_41859","Isocortex",1
"Cell_42125","Isocortex",1
"Cell_42603","Isocortex",1
"Cell_44064","Isocortex",1
"Cell_44706","Isocortex",1
"Cell_12","Isocortex",1
"Cell_512","Isocortex",1
"Cell_930","Isocortex",0.999977263482268
"Cell_2859","Isocortex",1
"Cell_3282","Isocortex",1
"Cell_4556","Isocortex",1
"Cell_5989","Isocortex",1
"Cell_6211","Isocortex",1
"Cell_6681","Isocortex",1
"Cell_6998","Isocortex",1
"Cell_7423","Isocortex",1
"Cell_7746","Isocortex",1
"Cell_7768","Isocortex",1
"Cell_8069","Isocortex",1
"Cell_8274","Isocortex",1
"Cell_8482","Isocortex",1
"Cell_9302","Isocortex",1
"Cell_9974","Isocortex",1
"Cell_10084","Isocortex",1
"Cell_10609","Isocortex",1
"Cell_10649","Isocortex",1
"Cell_11656","Isocortex",0.999999999999999
"Cell_11878","Isocortex",1
"Cell_14436","Isocortex",1
"Cell_14506","Isocortex",1
"Cell_16187","Isocortex",1
"Cell_17115","Isocortex",1
"Cell_17155","Isocortex",1
"Cell_17172","Isocortex",1
"Cell_17372","Isocortex",1
"Cell_18084","Isocortex",1
"Cell_18160","Isocortex",1
"Cell_18528","Isocortex",1
"Cell_21415","Isocortex",1
"Cell_21480","Isocortex",1
"Cell_21624","Isocortex",0.984669620674041
"Cell_22253","Isocortex",1
"Cell_22266","Isocortex",1
"Cell_22981","Isocortex",1
"Cell_23071","Isocortex",1
"Cell_24473","Isocortex",0.999999999999999
"Cell_24887","Isocortex",1
"Cell_25387","Isocortex",1
"Cell_25400","Isocortex",1
"Cell_26370","Isocortex",1
"Cell_26886","Isocortex",1
"Cell_26989","Isocortex",1
"Cell_27283","Isocortex",1
"Cell_27668","Isocortex",1
"Cell_27680","Isocortex",1
"Cell_29120","Isocortex",1
"Cell_29715","Isocortex",1
"Cell_29928","Isocortex",1
"Cell_30043","Isocortex",1
"Cell_30526","Isocortex",1
"Cell_30643","Isocortex",1
"Cell_30794","Isocortex",1
"Cell_31072","Isocortex",1
"Cell_31146","Isocortex",1
"Cell_31903","Isocortex",1
"Cell_32165","Isocortex",1
"Cell_32433","Isocortex",1
"Cell_32780","Isocortex",1
"Cell_33211","Isocortex",1
"Cell_34545","Isocortex",1
"Cell_34765","Isocortex",1
"Cell_35081","Isocortex",1
"Cell_35162","Isocortex",1
"Cell_35199","Isocortex",1
"Cell_36391","Isocortex",1
"Cell_36627","Isocortex",0.994416666360035
"Cell_36795","Isocortex",1
"Cell_36936","Isocortex",1
"Cell_37630","Isocortex",1
"Cell_37917","Isocortex",1
"Cell_38301","Isocortex",1
"Cell_38514","Isocortex",1
"Cell_38562","Isocortex",1
"Cell_39462","Isocortex",1
"Cell_39944","Isocortex",1
"Cell_40612","Isocortex",1
"Cell_41466","Isocortex",1
"Cell_41815","Isocortex",1
"Cell_42171","Isocortex",1
"Cell_42198","Isocortex",0.999999999999999
"Cell_42395","Isocortex",1
"Cell_42419","Isocortex",1
"Cell_42761","Isocortex",1
"Cell_43233","Isocortex",1
"Cell_43257","Isocortex",1
"Cell_45002","Isocortex",1
"Cell_356","Isocortex",1
"Cell_730","Isocortex",1
"Cell_854","Isocortex",1
"Cell_1098","Isocortex",1
"Cell_1245","Isocortex",1
"Cell_1373","Isocortex",1
"Cell_1414","Isocortex",1
"Cell_1500","Isocortex",1
"Cell_1555","Isocortex",1
"Cell_1824","Isocortex",1
"Cell_2849","Isocortex",1
"Cell_3598","Isocortex",1
"Cell_3610","Isocortex",1
"Cell_4031","Isocortex",1
"Cell_4110","Isocortex",1
"Cell_4296","Isocortex",0.999999999999999
"Cell_4484","Isocortex",1
"Cell_4549","Isocortex",1
"Cell_4551","Isocortex",1
"Cell_4695","Isocortex",1
"Cell_5095","Isocortex",1
"Cell_5414","Isocortex",1
"Cell_5535","Isocortex",1
"Cell_5555","Isocortex",1
"Cell_5759","Isocortex",1
"Cell_5841","Isocortex",1
"Cell_6083","Isocortex",1
"Cell_6334","Isocortex",1
"Cell_7318","Isocortex",1
"Cell_7349","Isocortex",1
"Cell_7428","Isocortex",1
"Cell_7547","Isocortex",1
"Cell_7638","Isocortex",1
"Cell_8003","Isocortex",1
"Cell_8121","Isocortex",1
"Cell_8923","Isocortex",1
"Cell_9175","Isocortex",1
"Cell_9648","Isocortex",1
"Cell_9699","Isocortex",1
"Cell_9887","Isocortex",1
"Cell_10036","Isocortex",1
"Cell_10148","Isocortex",1
"Cell_11068","Isocortex",1
"Cell_11166","Isocortex",1
"Cell_11553","Isocortex",1
"Cell_11919","Isocortex",1
"Cell_12225","Isocortex",1
"Cell_12879","Isocortex",1
"Cell_12938","Isocortex",1
"Cell_13214","Isocortex",1
"Cell_13530","Isocortex",1
"Cell_13640","Isocortex",1
"Cell_14060","Isocortex",1
"Cell_14594","Isocortex",1
"Cell_14955","Isocortex",1
"Cell_15464","Isocortex",1
"Cell_15736","Isocortex",1
"Cell_16614","Isocortex",1
"Cell_16625","Isocortex",1
"Cell_16705","Isocortex",1
"Cell_17461","Isocortex",1
"Cell_17634","Isocortex",1
"Cell_17725","Isocortex",1
"Cell_18350","Isocortex",1
"Cell_18572","Isocortex",1
"Cell_18927","Isocortex",1
"Cell_18948","Isocortex",1
"Cell_18967","Isocortex",1
"Cell_18998","Isocortex",1
"Cell_19029","Isocortex",1
"Cell_19085","Isocortex",1
"Cell_19827","Isocortex",1
"Cell_20020","Isocortex",1
"Cell_20131","Isocortex",0.999999999999999
"Cell_20136","Isocortex",1
"Cell_20213","Isocortex",1
"Cell_20410","Isocortex",1
"Cell_20986","Isocortex",1
"Cell_21217","Isocortex",1
"Cell_21447","Isocortex",1
"Cell_21617","Isocortex",1
"Cell_21671","Isocortex",0.999999999999999
"Cell_21813","Isocortex",1
"Cell_22257","Isocortex",0.987263940591245
"Cell_22702","Isocortex",1
"Cell_22809","Isocortex",1
"Cell_22859","Isocortex",1
"Cell_22874","Isocortex",1
"Cell_23224","Isocortex",1
"Cell_23491","Isocortex",1
"Cell_23557","Isocortex",1
"Cell_24278","Isocortex",1
"Cell_24605","Isocortex",1
"Cell_24627","Isocortex",1
"Cell_24888","Isocortex",1
"Cell_25260","Isocortex",1
"Cell_25309","Isocortex",1
"Cell_25346","Isocortex",1
"Cell_25906","Isocortex",1
"Cell_25933","Isocortex",1
"Cell_26376","Isocortex",0.955052994448684
"Cell_26416","Isocortex",1
"Cell_26535","Isocortex",1
"Cell_26705","Isocortex",1
"Cell_26758","Isocortex",1
"Cell_27008","Isocortex",1
"Cell_27036","Isocortex",1
"Cell_27157","Isocortex",1
"Cell_27548","Isocortex",1
"Cell_27558","Isocortex",1
"Cell_27928","Isocortex",1
"Cell_28125","Isocortex",1
"Cell_28129","Isocortex",1
"Cell_28257","Isocortex",1
"Cell_28262","Isocortex",1
"Cell_28278","Isocortex",1
"Cell_28326","Isocortex",1
"Cell_28598","Isocortex",1
"Cell_28916","Isocortex",1
"Cell_28939","Isocortex",1
"Cell_29615","Isocortex",1
"Cell_29851","Isocortex",1
"Cell_30144","Isocortex",0.99787677534145
"Cell_30332","Isocortex",1
"Cell_30462","Isocortex",1
"Cell_30579","Isocortex",1
"Cell_30707","Isocortex",1
"Cell_31066","Isocortex",0.999096502515961
"Cell_31300","Isocortex",1
"Cell_31301","Isocortex",1
"Cell_31443","Isocortex",1
"Cell_31525","Isocortex",1
"Cell_31531","Isocortex",1
"Cell_31638","Isocortex",1
"Cell_31808","Isocortex",1
"Cell_32647","Isocortex",1
"Cell_32728","Isocortex",1
"Cell_32908","Isocortex",1
"Cell_33006","Isocortex",1
"Cell_33106","Isocortex",0.999999999999999
"Cell_33268","Isocortex",1
"Cell_34247","Isocortex",1
"Cell_35155","Isocortex",1
"Cell_35694","Isocortex",1
"Cell_35696","Isocortex",1
"Cell_36171","Isocortex",1
"Cell_36172","Isocortex",1
"Cell_36611","Isocortex",1
"Cell_36864","Isocortex",1
"Cell_37000","Isocortex",1
"Cell_37069","Isocortex",1
"Cell_37177","Isocortex",1
"Cell_37503","Isocortex",1
"Cell_37697","Isocortex",1
"Cell_37744","Isocortex",1
"Cell_37971","Isocortex",1
"Cell_38235","Isocortex",1
"Cell_38596","Isocortex",1
"Cell_38969","Isocortex",1
"Cell_38985","Isocortex",1
"Cell_39439","Isocortex",1
"Cell_39475","Isocortex",1
"Cell_39481","Isocortex",1
"Cell_39747","Isocortex",1
"Cell_40063","Isocortex",1
"Cell_40220","Isocortex",1
"Cell_40489","Isocortex",1
"Cell_40641","Isocortex",1
"Cell_40862","Isocortex",1
"Cell_41137","Isocortex",1
"Cell_41179","Isocortex",1
"Cell_41221","Isocortex",1
"Cell_41349","Isocortex",1
"Cell_41384","Isocortex",1
"Cell_41873","Isocortex",1
"Cell_41973","Isocortex",1
"Cell_42087","Isocortex",1
"Cell_42227","Isocortex",1
"Cell_42518","Isocortex",1
"Cell_42591","Isocortex",1
"Cell_42992","Isocortex",1
"Cell_44175","Isocortex",1
"Cell_44516","Isocortex",1
"Cell_44905","Isocortex",1
"Cell_45031","Isocortex",1
"Cell_2406","Isocortex",1
"Cell_2616","Isocortex",1
"Cell_2628","Isocortex",1
"Cell_5491","Isocortex",1
"Cell_40126","Isocortex",0.963940545571933
"Cell_2605","Isocortex",1
"Cell_19115","Isocortex",1
"Cell_27014","Isocortex",1
"Cell_28981","Isocortex",1
"Cell_31943","Isocortex",1
"Cell_33738","Isocortex",1
"Cell_35926","Isocortex",1
"Cell_35966","Isocortex",1
"Cell_36348","Isocortex",0.999853173401762
"Cell_42813","Isocortex",1
"Cell_555","Isocortex",1
"Cell_7450","Isocortex",1
"Cell_8924","Isocortex",1
"Cell_9036","Isocortex",1
"Cell_10130","Isocortex",1
"Cell_10722","Isocortex",1
"Cell_11366","Isocortex",1
"Cell_14827","Isocortex",1
"Cell_15732","Isocortex",1
"Cell_16695","Isocortex",1
"Cell_18551","Isocortex",1
"Cell_20942","Isocortex",1
"Cell_21751","Isocortex",1
"Cell_21810","Isocortex",1
"Cell_23388","Isocortex",1
"Cell_26680","Isocortex",1
"Cell_27139","Isocortex",1
"Cell_27706","Isocortex",1
"Cell_28264","Isocortex",1
"Cell_32394","Isocortex",1
"Cell_34223","Isocortex",1
"Cell_37710","Isocortex",1
"Cell_39984","Isocortex",1
"Cell_40793","Isocortex",1
"Cell_43113","Isocortex",1
"Cell_44557","Isocortex",1
"Cell_44665","Isocortex",1
"Cell_44962","Isocortex",1
"Cell_14368","Isocortex",1
"Cell_694","Isocortex",1
"Cell_987","Isocortex",1
"Cell_1507","Isocortex",1
"Cell_1943","Isocortex",1
"Cell_2370","Isocortex",1
"Cell_3312","Isocortex",1
"Cell_3580","Isocortex",1
"Cell_3790","Isocortex",1
"Cell_4130","Isocortex",1
"Cell_5679","Isocortex",1
"Cell_5833","Isocortex",1
"Cell_6035","Isocortex",1
"Cell_7422","Isocortex",1
"Cell_7947","Isocortex",1
"Cell_7974","Isocortex",1
"Cell_8066","Isocortex",1
"Cell_8207","Isocortex",1
"Cell_8796","Isocortex",1
"Cell_8978","Isocortex",1
"Cell_9534","Isocortex",1
"Cell_9789","Isocortex",1
"Cell_9896","Isocortex",1
"Cell_11606","Isocortex",1
"Cell_12201","Isocortex",1
"Cell_12476","Isocortex",1
"Cell_14681","Isocortex",1
"Cell_14957","Isocortex",0.999999999999999
"Cell_15211","Isocortex",1
"Cell_15527","Isocortex",1
"Cell_15829","Isocortex",1
"Cell_16084","Isocortex",1
"Cell_16404","Isocortex",1
"Cell_16406","Isocortex",1
"Cell_17019","Isocortex",1
"Cell_17605","Isocortex",1
"Cell_19320","Isocortex",1
"Cell_19352","Isocortex",1
"Cell_19617","Isocortex",1
"Cell_19987","Isocortex",1
"Cell_20163","Isocortex",0.998942724068237
"Cell_20472","Isocortex",1
"Cell_20497","Isocortex",1
"Cell_20672","Isocortex",1
"Cell_21413","Isocortex",1
"Cell_22172","Isocortex",1
"Cell_22313","Isocortex",1
"Cell_24070","Isocortex",1
"Cell_24110","Isocortex",1
"Cell_26167","Isocortex",1
"Cell_26512","Isocortex",1
"Cell_26556","Isocortex",1
"Cell_27142","Isocortex",1
"Cell_27570","Isocortex",1
"Cell_28220","Isocortex",1
"Cell_28410","Isocortex",1
"Cell_28475","Isocortex",1
"Cell_28782","Isocortex",1
"Cell_29040","Isocortex",1
"Cell_29071","Isocortex",1
"Cell_29775","Isocortex",1
"Cell_30194","Isocortex",1
"Cell_31572","Isocortex",1
"Cell_33187","Isocortex",1
"Cell_33269","Isocortex",1
"Cell_33933","Isocortex",1
"Cell_34585","Isocortex",1
"Cell_35420","Isocortex",1
"Cell_37413","Isocortex",1
"Cell_37652","Isocortex",1
"Cell_37964","Isocortex",1
"Cell_38044","Isocortex",1
"Cell_38415","Isocortex",1
"Cell_38639","Isocortex",1
"Cell_40198","Isocortex",1
"Cell_40566","Isocortex",1
"Cell_41786","Isocortex",1
"Cell_42508","Isocortex",1
"Cell_42744","Isocortex",1
"Cell_44474","Isocortex",1
"Cell_25089","Isocortex",1
"Cell_41592","Isocortex",1
"Cell_9432","Isocortex",1
"Cell_19998","Isocortex",1
"Cell_31884","Isocortex",1
"Cell_44659","Isocortex",1
"Cell_23137","Isocortex",1
"Cell_25803","Isocortex",1
"Cell_795","Isocortex",1
"Cell_2182","Isocortex",1
"Cell_3132","Isocortex",1
"Cell_5427","Isocortex",1
"Cell_7188","Isocortex",1
"Cell_8700","Isocortex",1
"Cell_8858","Isocortex",1
"Cell_12214","Isocortex",1
"Cell_12829","Isocortex",1
"Cell_13375","Isocortex",1
"Cell_16499","Isocortex",0.999999999999999
"Cell_18867","Isocortex",1
"Cell_19199","Isocortex",1
"Cell_20428","Isocortex",1
"Cell_21317","Isocortex",1
"Cell_24478","Isocortex",1
"Cell_26850","Isocortex",1
"Cell_26949","Isocortex",1
"Cell_27055","Isocortex",1
"Cell_27775","Isocortex",1
"Cell_28068","Isocortex",1
"Cell_29493","Isocortex",1
"Cell_30886","Isocortex",1
"Cell_33232","Isocortex",1
"Cell_34730","Isocortex",0.999999999999999
"Cell_42340","Isocortex",1
"Cell_42564","Isocortex",1
"Cell_44167","Isocortex",1
"Cell_45132","Isocortex",1
"Cell_35366","Isocortex",1
"Cell_28852","Isocortex",1
"Cell_40285","Isocortex",1
"Cell_2737","Isocortex",1
"Cell_2911","Isocortex",1
"Cell_3216","Isocortex",1
"Cell_12363","Isocortex",1
"Cell_16080","Isocortex",1
"Cell_17821","Isocortex",1
"Cell_20521","Isocortex",1
"Cell_22789","Isocortex",1
"Cell_25692","Isocortex",1
"Cell_26498","Isocortex",1
"Cell_27632","Isocortex",1
"Cell_28797","Isocortex",1
"Cell_32166","Isocortex",1
"Cell_34671","Isocortex",1
"Cell_34846","Isocortex",1
"Cell_36055","Isocortex",1
"Cell_37784","Isocortex",1
"Cell_37884","Isocortex",1
"Cell_38096","Isocortex",1
"Cell_380","Isocortex",1
"Cell_1173","Isocortex",1
"Cell_3811","Isocortex",1
"Cell_4889","Isocortex",1
"Cell_8908","Isocortex",1
"Cell_12815","Isocortex",1
"Cell_16627","Isocortex",1
"Cell_19060","Isocortex",1
"Cell_20915","Isocortex",1
"Cell_22118","Isocortex",1
"Cell_22997","Isocortex",1
"Cell_25695","Isocortex",1
"Cell_26509","Isocortex",1
"Cell_27586","Isocortex",1
"Cell_33540","Isocortex",1
"Cell_40720","Isocortex",1
"Cell_40849","Isocortex",1
"Cell_23778","Isocortex",1
"Cell_1117","Isocortex",1
"Cell_36741","Isocortex",1
"Cell_38088","Isocortex",1
"Cell_42501","Isocortex",1
"Cell_7542","Isocortex",1
"Cell_8540","Isocortex",1
"Cell_9847","Isocortex",1
"Cell_11445","Isocortex",1
"Cell_14501","Isocortex",1
"Cell_19738","Isocortex",1
"Cell_21104","Isocortex",1
"Cell_21707","Isocortex",1
"Cell_22921","Isocortex",1
"Cell_23965","Isocortex",1
"Cell_26183","Isocortex",1
"Cell_33956","Isocortex",1
"Cell_37068","Isocortex",1
"Cell_41759","Isocortex",1
"Cell_41910","Isocortex",1
"Cell_45083","Isocortex",1
"Cell_15433","Isocortex",1
"Cell_484","Isocortex",1
"Cell_3558","Isocortex",1
"Cell_3972","Isocortex",0.999999999999999
"Cell_5908","Isocortex",1
"Cell_10932","Isocortex",1
"Cell_13698","Isocortex",1
"Cell_19908","Isocortex",1
"Cell_21359","Isocortex",1
"Cell_21677","Isocortex",1
"Cell_22934","Isocortex",1
"Cell_26109","Isocortex",1
"Cell_29932","Isocortex",1
"Cell_30290","Isocortex",1
"Cell_44170","Isocortex",1
"Cell_42367","Isocortex",1
"Cell_1832","OLF",1
"Cell_5487","OLF",1
"Cell_8192","OLF",1
"Cell_10805","OLF",1
"Cell_10887","OLF",1
"Cell_11816","OLF",1
"Cell_17436","OLF",1
"Cell_18279","OLF",1
"Cell_18462","OLF",1
"Cell_19456","OLF",1
"Cell_21080","OLF",1
"Cell_23090","OLF",1
"Cell_23950","OLF",1
"Cell_24272","OLF",1
"Cell_25654","OLF",1
"Cell_25731","OLF",1
"Cell_27137","OLF",1
"Cell_27884","OLF",0.954773515064848
"Cell_28058","OLF",1
"Cell_28731","OLF",1
"Cell_29994","OLF",1
"Cell_31302","OLF",1
"Cell_32421","OLF",1
"Cell_35272","OLF",1
"Cell_36167","OLF",1
"Cell_42329","OLF",1
"Cell_44558","OLF",1
"Cell_44852","OLF",1
"Cell_20034","OLF",1
"Cell_1106","OLF",1
"Cell_2186","OLF",1
"Cell_2351","OLF",1
"Cell_3045","OLF",1
"Cell_3664","OLF",1
"Cell_10792","OLF",1
"Cell_11004","OLF",1
"Cell_15047","OLF",1
"Cell_15857","OLF",1
"Cell_18854","OLF",1
"Cell_19473","OLF",1
"Cell_21602","OLF",1
"Cell_22098","OLF",1
"Cell_25575","OLF",1
"Cell_30008","OLF",1
"Cell_32081","OLF",1
"Cell_33368","OLF",1
"Cell_33692","OLF",1
"Cell_36063","OLF",1
"Cell_38675","OLF",1
"Cell_40872","OLF",1
"Cell_41849","OLF",0.999999999999999
"Cell_44877","OLF",1
"Cell_14307","OLF",1
"Cell_14570","OLF",1
"Cell_16580","OLF",1
"Cell_18316","OLF",1
"Cell_24971","OLF",1
"Cell_26399","OLF",1
"Cell_26442","OLF",1
"Cell_33271","OLF",1
"Cell_34515","OLF",1
"Cell_34636","OLF",1
"Cell_38775","OLF",1
"Cell_38931","OLF",1
"Cell_10360","OLF",1
"Cell_15354","OLF",1
"Cell_29029","OLF",1
"Cell_31551","OLF",1
"Cell_35252","OLF",1
"Cell_43481","OLF",1
"Cell_441","OLF",0.999999999999999
"Cell_1282","OLF",1
"Cell_1436","OLF",1
"Cell_2220","OLF",1
"Cell_2693","OLF",1
"Cell_2820","OLF",1
"Cell_2834","OLF",1
"Cell_3812","OLF",1
"Cell_4006","OLF",1
"Cell_4990","OLF",1
"Cell_5367","OLF",1
"Cell_8397","OLF",1
"Cell_8565","OLF",1
"Cell_9362","OLF",1
"Cell_10081","OLF",1
"Cell_10154","OLF",1
"Cell_11435","OLF",1
"Cell_11525","OLF",1
"Cell_11564","OLF",1
"Cell_12108","OLF",1
"Cell_12387","OLF",1
"Cell_13515","OLF",1
"Cell_13595","OLF",1
"Cell_14753","OLF",1
"Cell_14911","OLF",1
"Cell_15839","OLF",1
"Cell_16057","OLF",1
"Cell_16515","OLF",1
"Cell_16746","OLF",1
"Cell_17241","OLF",1
"Cell_17409","OLF",1
"Cell_17863","OLF",0.975120009339441
"Cell_17949","OLF",1
"Cell_18288","OLF",1
"Cell_18538","OLF",1
"Cell_21014","OLF",0.994669650609358
"Cell_21177","OLF",1
"Cell_21252","OLF",1
"Cell_21287","OLF",1
"Cell_22008","OLF",1
"Cell_23053","OLF",1
"Cell_23399","OLF",1
"Cell_23685","OLF",1
"Cell_23731","OLF",1
"Cell_23826","OLF",1
"Cell_24522","OLF",1
"Cell_25897","OLF",1
"Cell_26529","OLF",1
"Cell_29157","OLF",1
"Cell_29357","OLF",1
"Cell_30102","OLF",1
"Cell_30424","OLF",1
"Cell_30518","OLF",1
"Cell_30622","OLF",1
"Cell_32765","OLF",1
"Cell_33598","OLF",1
"Cell_35168","OLF",1
"Cell_35316","OLF",0.990566120211535
"Cell_35450","OLF",1
"Cell_35668","OLF",1
"Cell_36468","OLF",1
"Cell_36771","OLF",1
"Cell_36780","OLF",0.99999898777607
"Cell_38276","OLF",1
"Cell_38281","OLF",1
"Cell_38911","OLF",1
"Cell_40466","OLF",1
"Cell_41473","OLF",1
"Cell_41802","OLF",1
"Cell_42527","OLF",1
"Cell_1576","OLF",1
"Cell_1803","OLF",1
"Cell_1965","OLF",1
"Cell_2306","OLF",1
"Cell_2658","OLF",1
"Cell_2932","OLF",1
"Cell_5870","OLF",1
"Cell_5923","OLF",1
"Cell_6693","OLF",1
"Cell_10374","OLF",1
"Cell_12624","OLF",1
"Cell_19719","OLF",1
"Cell_24127","OLF",1
"Cell_24531","OLF",1
"Cell_25878","OLF",1
"Cell_26188","OLF",1
"Cell_28204","OLF",1
"Cell_29127","OLF",1
"Cell_29470","OLF",1
"Cell_31924","OLF",1
"Cell_33045","OLF",1
"Cell_36619","OLF",0.999999999999999
"Cell_39115","OLF",1
"Cell_42854","OLF",1
"Cell_1434","OLF",1
"Cell_6493","OLF",1
"Cell_16613","OLF",1
"Cell_20294","OLF",1
"Cell_23020","OLF",1
"Cell_25658","OLF",1
"Cell_27464","OLF",1
"Cell_31825","OLF",1
"Cell_35023","OLF",1
"Cell_35575","OLF",1
"Cell_38227","OLF",1
"Cell_41318","OLF",1
"Cell_1542","OLF",1
"Cell_2331","OLF",1
"Cell_3061","OLF",1
"Cell_10997","OLF",1
"Cell_13801","OLF",1
"Cell_16183","OLF",1
"Cell_19937","OLF",1
"Cell_28365","OLF",1
"Cell_31162","OLF",1
"Cell_32562","OLF",1
"Cell_35595","OLF",1
"Cell_36379","OLF",1
"Cell_36580","OLF",1
"Cell_39138","OLF",1
"Cell_13125","OLF",1
"Cell_44254","OLF",1
"Cell_1970","OLF",1
"Cell_3414","OLF",1
"Cell_3417","OLF",1
"Cell_3887","OLF",1
"Cell_4243","OLF",1
"Cell_5138","OLF",1
"Cell_7095","OLF",1
"Cell_8992","OLF",1
"Cell_9734","OLF",1
"Cell_10768","OLF",0.999994782298682
"Cell_11486","OLF",1
"Cell_12311","OLF",1
"Cell_14903","OLF",1
"Cell_15711","OLF",1
"Cell_17290","OLF",1
"Cell_17927","OLF",1
"Cell_17986","OLF",1
"Cell_19291","OLF",1
"Cell_20436","OLF",1
"Cell_20938","OLF",1
"Cell_21719","OLF",1
"Cell_22829","OLF",1
"Cell_23837","OLF",1
"Cell_24669","OLF",1
"Cell_28200","OLF",1
"Cell_28495","OLF",1
"Cell_28934","OLF",0.996317763005517
"Cell_29499","OLF",1
"Cell_29596","OLF",1
"Cell_29612","OLF",1
"Cell_30262","OLF",1
"Cell_30341","OLF",1
"Cell_31249","OLF",1
"Cell_32145","OLF",1
"Cell_32281","OLF",1
"Cell_32875","OLF",1
"Cell_34297","OLF",1
"Cell_34337","OLF",1
"Cell_34541","OLF",1
"Cell_35399","OLF",1
"Cell_35459","OLF",1
"Cell_35643","OLF",1
"Cell_35901","OLF",1
"Cell_36845","OLF",1
"Cell_37017","OLF",1
"Cell_37485","OLF",1
"Cell_37665","OLF",1
"Cell_37842","OLF",1
"Cell_38487","OLF",1
"Cell_38788","OLF",1
"Cell_39106","OLF",0.994719894971477
"Cell_39370","OLF",1
"Cell_39840","OLF",1
"Cell_40560","OLF",1
"Cell_44556","OLF",1
"Cell_45049","OLF",1
"Cell_16906","OLF",1
"Cell_18813","OLF",1
"Cell_20954","OLF",1
"Cell_42213","OLF",1
"Cell_1628","OLF",1
"Cell_2829","OLF",1
"Cell_6457","OLF",1
"Cell_7598","OLF",1
"Cell_10841","OLF",1
"Cell_12218","OLF",1
"Cell_13391","OLF",1
"Cell_14544","OLF",1
"Cell_16133","OLF",1
"Cell_18070","OLF",1
"Cell_18289","OLF",0.999795420081559
"Cell_18444","OLF",1
"Cell_18488","OLF",1
"Cell_19385","OLF",1
"Cell_20201","OLF",1
"Cell_21986","OLF",1
"Cell_22622","OLF",1
"Cell_22703","OLF",1
"Cell_25254","OLF",1
"Cell_36485","OLF",1
"Cell_36829","OLF",1
"Cell_43598","OLF",1
"Cell_44259","OLF",1
"Cell_44693","OLF",1
"Cell_556","OLF",1
"Cell_1597","OLF",1
"Cell_2340","OLF",1
"Cell_2552","OLF",1
"Cell_3121","OLF",1
"Cell_5426","OLF",1
"Cell_8481","OLF",1
"Cell_10327","OLF",1
"Cell_10707","OLF",1
"Cell_10872","OLF",1
"Cell_12679","OLF",1
"Cell_15432","OLF",1
"Cell_16100","OLF",0.999999999999999
"Cell_16143","OLF",1
"Cell_16545","OLF",1
"Cell_16645","OLF",1
"Cell_16724","OLF",1
"Cell_16845","OLF",1
"Cell_18195","OLF",1
"Cell_19667","OLF",1
"Cell_19736","OLF",1
"Cell_22475","OLF",1
"Cell_23943","OLF",1
"Cell_24470","OLF",1
"Cell_24541","OLF",1
"Cell_25486","OLF",1
"Cell_25998","OLF",1
"Cell_26691","OLF",1
"Cell_27686","OLF",1
"Cell_29226","OLF",1
"Cell_32459","OLF",1
"Cell_33184","OLF",1
"Cell_34385","OLF",1
"Cell_34423","OLF",1
"Cell_34803","OLF",1
"Cell_36323","OLF",1
"Cell_39158","OLF",1
"Cell_39477","OLF",1
"Cell_39980","OLF",1
"Cell_40348","OLF",1
"Cell_40699","OLF",1
"Cell_40786","OLF",1
"Cell_40994","OLF",1
"Cell_41317","OLF",1
"Cell_41908","OLF",1
"Cell_43930","OLF",1
"Cell_6301","OLF",1
"Cell_9408","OLF",1
"Cell_18723","OLF",1
"Cell_23949","OLF",1
"Cell_33102","OLF",1
"Cell_34029","OLF",1
"Cell_39955","OLF",1
"Cell_23750","OLF",1
"Cell_42960","OLF",1
"Cell_560","OLF",1
"Cell_3346","OLF",1
"Cell_4356","OLF",1
"Cell_7473","OLF",1
"Cell_7848","OLF",1
"Cell_12478","OLF",1
"Cell_14418","OLF",1
"Cell_16809","OLF",1
"Cell_19801","OLF",1
"Cell_28022","OLF",1
"Cell_31115","OLF",1
"Cell_37335","OLF",1
"Cell_37602","OLF",1
"Cell_42309","OLF",1
"Cell_205","OLF",1
"Cell_283","OLF",1
"Cell_449","OLF",1
"Cell_476","OLF",1
"Cell_651","OLF",1
"Cell_764","OLF",1
"Cell_1182","OLF",1
"Cell_1361","OLF",1
"Cell_2004","OLF",1
"Cell_2008","OLF",1
"Cell_2042","OLF",1
"Cell_2047","OLF",0.967053872014889
"Cell_2084","OLF",1
"Cell_2441","OLF",1
"Cell_2514","OLF",1
"Cell_2566","OLF",1
"Cell_2611","OLF",1
"Cell_3134","OLF",1
"Cell_3453","OLF",1
"Cell_3696","OLF",1
"Cell_3779","OLF",1
"Cell_3966","OLF",1
"Cell_4329","OLF",1
"Cell_4406","OLF",1
"Cell_4493","OLF",1
"Cell_4683","OLF",1
"Cell_5281","OLF",1
"Cell_5303","OLF",1
"Cell_5457","OLF",1
"Cell_5691","OLF",1
"Cell_5696","OLF",1
"Cell_6167","OLF",1
"Cell_6563","OLF",1
"Cell_6787","OLF",1
"Cell_6788","OLF",1
"Cell_7037","OLF",1
"Cell_7065","OLF",1
"Cell_7404","OLF",1
"Cell_7483","OLF",1
"Cell_7643","OLF",1
"Cell_7792","OLF",1
"Cell_7930","OLF",1
"Cell_8345","OLF",1
"Cell_8352","OLF",1
"Cell_8378","OLF",1
"Cell_8524","OLF",1
"Cell_8649","OLF",1
"Cell_8688","OLF",1
"Cell_9345","OLF",1
"Cell_10199","OLF",1
"Cell_10245","OLF",1
"Cell_10299","OLF",1
"Cell_10491","OLF",1
"Cell_10779","OLF",1
"Cell_11031","OLF",1
"Cell_11514","OLF",1
"Cell_11586","OLF",1
"Cell_11791","OLF",1
"Cell_11949","OLF",1
"Cell_11967","OLF",1
"Cell_12991","OLF",1
"Cell_13197","OLF",1
"Cell_13245","OLF",1
"Cell_13333","OLF",1
"Cell_13475","OLF",1
"Cell_13648","OLF",0.987645159901488
"Cell_13803","OLF",1
"Cell_14306","OLF",1
"Cell_14630","OLF",1
"Cell_14741","OLF",1
"Cell_14848","OLF",0.998664293428428
"Cell_14884","OLF",1
"Cell_15096","OLF",1
"Cell_15157","OLF",1
"Cell_15261","OLF",1
"Cell_15393","OLF",1
"Cell_15490","OLF",1
"Cell_15709","OLF",1
"Cell_15819","OLF",1
"Cell_16096","OLF",1
"Cell_16535","OLF",1
"Cell_16912","OLF",1
"Cell_17077","OLF",1
"Cell_17728","OLF",1
"Cell_17944","OLF",1
"Cell_18501","OLF",1
"Cell_18970","OLF",0.999999999999999
"Cell_19067","OLF",1
"Cell_19196","OLF",1
"Cell_19396","OLF",1
"Cell_19449","OLF",1
"Cell_19618","OLF",1
"Cell_19770","OLF",1
"Cell_19910","OLF",1
"Cell_19991","OLF",1
"Cell_20019","OLF",1
"Cell_20464","OLF",1
"Cell_20801","OLF",1
"Cell_20867","OLF",1
"Cell_21202","OLF",1
"Cell_21342","OLF",1
"Cell_21430","OLF",1
"Cell_21506","OLF",1
"Cell_22063","OLF",1
"Cell_22407","OLF",1
"Cell_22422","OLF",1
"Cell_22748","OLF",1
"Cell_22796","OLF",0.979751013861987
"Cell_23048","OLF",1
"Cell_23074","OLF",0.999999999999999
"Cell_23075","OLF",1
"Cell_23174","OLF",1
"Cell_23286","OLF",1
"Cell_23734","OLF",1
"Cell_24013","OLF",1
"Cell_24038","OLF",1
"Cell_24118","OLF",1
"Cell_24134","OLF",1
"Cell_24139","OLF",1
"Cell_24802","OLF",1
"Cell_24905","OLF",1
"Cell_25192","OLF",1
"Cell_25485","OLF",1
"Cell_25537","OLF",1
"Cell_25960","OLF",1
"Cell_25961","OLF",1
"Cell_26115","OLF",1
"Cell_26816","OLF",1
"Cell_27076","OLF",1
"Cell_27176","OLF",0.999999999999999
"Cell_27349","OLF",1
"Cell_27515","OLF",1
"Cell_27688","OLF",1
"Cell_28099","OLF",1
"Cell_28210","OLF",1
"Cell_28429","OLF",1
"Cell_28440","OLF",1
"Cell_28712","OLF",1
"Cell_29203","OLF",1
"Cell_29286","OLF",1
"Cell_29676","OLF",1
"Cell_29809","OLF",1
"Cell_30081","OLF",1
"Cell_30122","OLF",1
"Cell_30749","OLF",1
"Cell_30828","OLF",1
"Cell_31426","OLF",1
"Cell_32084","OLF",0.999999999999999
"Cell_32597","OLF",1
"Cell_32877","OLF",1
"Cell_32889","OLF",0.999999999999999
"Cell_33350","OLF",1
"Cell_33363","OLF",1
"Cell_33433","OLF",1
"Cell_33609","OLF",1
"Cell_33694","OLF",1
"Cell_34725","OLF",1
"Cell_34789","OLF",1
"Cell_35266","OLF",1
"Cell_35676","OLF",1
"Cell_35754","OLF",1
"Cell_36168","OLF",1
"Cell_36347","OLF",1
"Cell_36472","OLF",1
"Cell_36707","OLF",1
"Cell_37009","OLF",1
"Cell_37089","OLF",1
"Cell_37132","OLF",0.995993768872099
"Cell_37438","OLF",1
"Cell_37687","OLF",1
"Cell_38034","OLF",1
"Cell_38154","OLF",1
"Cell_38155","OLF",1
"Cell_38262","OLF",0.992213459017487
"Cell_38355","OLF",1
"Cell_38363","OLF",0.999999999999999
"Cell_38537","OLF",1
"Cell_38734","OLF",1
"Cell_38771","OLF",1
"Cell_38817","OLF",1
"Cell_39231","OLF",1
"Cell_39435","OLF",1
"Cell_39662","OLF",1
"Cell_40115","OLF",1
"Cell_40345","OLF",1
"Cell_40405","OLF",1
"Cell_40722","OLF",1
"Cell_40777","OLF",1
"Cell_41099","OLF",1
"Cell_41308","OLF",1
"Cell_41324","OLF",1
"Cell_41380","OLF",1
"Cell_41547","OLF",1
"Cell_41725","OLF",1
"Cell_41741","OLF",0.999999999999999
"Cell_41913","OLF",1
"Cell_41923","OLF",1
"Cell_42002","OLF",1
"Cell_42118","OLF",1
"Cell_42616","OLF",1
"Cell_42804","OLF",1
"Cell_42877","OLF",1
"Cell_43191","OLF",1
"Cell_43546","OLF",1
"Cell_43813","OLF",1
"Cell_44042","OLF",1
"Cell_44632","OLF",1
"Cell_45129","OLF",1
"Cell_132","OLF",1
"Cell_230","OLF",1
"Cell_298","OLF",1
"Cell_722","OLF",1
"Cell_1123","OLF",0.999400170298559
"Cell_1501","OLF",1
"Cell_1516","OLF",1
"Cell_1591","OLF",1
"Cell_1741","OLF",1
"Cell_1937","OLF",1
"Cell_2154","OLF",1
"Cell_2318","OLF",1
"Cell_3781","OLF",1
"Cell_3969","OLF",1
"Cell_4193","OLF",1
"Cell_4702","OLF",1
"Cell_5016","OLF",1
"Cell_5332","OLF",1
"Cell_5656","OLF",1
"Cell_5671","OLF",1
"Cell_5805","OLF",1
"Cell_5978","OLF",0.999596330656659
"Cell_6957","OLF",0.999999999999999
"Cell_7302","OLF",1
"Cell_7465","OLF",1
"Cell_8452","OLF",1
"Cell_8502","OLF",1
"Cell_8724","OLF",1
"Cell_8762","OLF",1
"Cell_9390","OLF",1
"Cell_9550","OLF",1
"Cell_9795","OLF",1
"Cell_10241","OLF",1
"Cell_10719","OLF",0.963214158705574
"Cell_12124","OLF",1
"Cell_12435","OLF",1
"Cell_12639","OLF",1
"Cell_12959","OLF",1
"Cell_13029","OLF",1
"Cell_13406","OLF",1
"Cell_13723","OLF",1
"Cell_13817","OLF",1
"Cell_14317","OLF",0.971925464991967
"Cell_14721","OLF",1
"Cell_14729","OLF",0.999999999999999
"Cell_14993","OLF",0.964696412057488
"Cell_15519","OLF",1
"Cell_15603","OLF",1
"Cell_16054","OLF",1
"Cell_16077","OLF",1
"Cell_16325","OLF",1
"Cell_16604","OLF",1
"Cell_17258","OLF",1
"Cell_18564","OLF",1
"Cell_19671","OLF",1
"Cell_19941","OLF",1
"Cell_20009","OLF",1
"Cell_20192","OLF",1
"Cell_21034","OLF",1
"Cell_21564","OLF",1
"Cell_21674","OLF",1
"Cell_22000","OLF",1
"Cell_22014","OLF",1
"Cell_22179","OLF",1
"Cell_22326","OLF",1
"Cell_22581","OLF",1
"Cell_22998","OLF",1
"Cell_23728","OLF",1
"Cell_23883","OLF",1
"Cell_25484","OLF",1
"Cell_25589","OLF",1
"Cell_25979","OLF",1
"Cell_26451","OLF",1
"Cell_27304","OLF",0.999999999999999
"Cell_28075","OLF",1
"Cell_28488","OLF",1
"Cell_28604","OLF",1
"Cell_29408","OLF",1
"Cell_29789","OLF",1
"Cell_29794","OLF",1
"Cell_30207","OLF",1
"Cell_30892","OLF",1
"Cell_31405","OLF",1
"Cell_31882","OLF",1
"Cell_32743","OLF",1
"Cell_33724","OLF",1
"Cell_33740","OLF",1
"Cell_34347","OLF",1
"Cell_34555","OLF",1
"Cell_34582","OLF",1
"Cell_34715","OLF",1
"Cell_35074","OLF",1
"Cell_35218","OLF",1
"Cell_35693","OLF",1
"Cell_35904","OLF",1
"Cell_36023","OLF",1
"Cell_36158","OLF",1
"Cell_36351","OLF",1
"Cell_36682","OLF",0.995213313767648
"Cell_37207","OLF",1
"Cell_37518","OLF",1
"Cell_38894","OLF",1
"Cell_39011","OLF",1
"Cell_39052","OLF",1
"Cell_39360","OLF",1
"Cell_39368","OLF",0.994980658099529
"Cell_40609","OLF",1
"Cell_40708","OLF",1
"Cell_40967","OLF",1
"Cell_41035","OLF",1
"Cell_41116","OLF",1
"Cell_41278","OLF",1
"Cell_41458","OLF",1
"Cell_41492","OLF",1
"Cell_42760","OLF",1
"Cell_43355","OLF",1
"Cell_43681","OLF",1
"Cell_45019","OLF",1
"Cell_96","OLF",1
"Cell_139","OLF",1
"Cell_1423","OLF",1
"Cell_7390","OLF",1
"Cell_9420","OLF",0.986626269121997
"Cell_9602","OLF",1
"Cell_11633","OLF",1
"Cell_11667","OLF",0.999535533294868
"Cell_11842","OLF",1
"Cell_12288","OLF",1
"Cell_12323","OLF",1
"Cell_13238","OLF",1
"Cell_14983","OLF",0.999749806536994
"Cell_15345","OLF",1
"Cell_17024","OLF",1
"Cell_17039","OLF",1
"Cell_17840","OLF",1
"Cell_18566","OLF",1
"Cell_19696","OLF",1
"Cell_19906","OLF",1
"Cell_20369","OLF",1
"Cell_21755","OLF",1
"Cell_22064","OLF",1
"Cell_22683","OLF",1
"Cell_24707","OLF",1
"Cell_25751","OLF",1
"Cell_26603","OLF",0.959070455994506
"Cell_27982","OLF",1
"Cell_29513","OLF",1
"Cell_29582","OLF",1
"Cell_30856","OLF",1
"Cell_31135","OLF",1
"Cell_32169","OLF",1
"Cell_32899","OLF",1
"Cell_34276","OLF",1
"Cell_35160","OLF",1
"Cell_37107","OLF",1
"Cell_38283","OLF",1
"Cell_39380","OLF",1
"Cell_40460","OLF",1
"Cell_40986","OLF",1
"Cell_41361","OLF",1
"Cell_41868","OLF",1
"Cell_42126","OLF",1
"Cell_42193","OLF",1
"Cell_42244","OLF",1
"Cell_42303","OLF",1
"Cell_42326","OLF",1
"Cell_43158","OLF",0.997691344646184
"Cell_43661","OLF",1
"Cell_1326","OLF",1
"Cell_1789","OLF",1
"Cell_1945","OLF",1
"Cell_2205","OLF",1
"Cell_2569","OLF",1
"Cell_3827","OLF",1
"Cell_3980","OLF",0.983158842902468
"Cell_4254","OLF",1
"Cell_4559","OLF",1
"Cell_4856","OLF",1
"Cell_4959","OLF",1
"Cell_5707","OLF",1
"Cell_6484","OLF",1
"Cell_6510","OLF",1
"Cell_7513","OLF",1
"Cell_8702","OLF",1
"Cell_9240","OLF",1
"Cell_10046","OLF",1
"Cell_10219","OLF",1
"Cell_10915","OLF",1
"Cell_11535","OLF",1
"Cell_11930","OLF",1
"Cell_12069","OLF",1
"Cell_12952","OLF",1
"Cell_13614","OLF",1
"Cell_13641","OLF",1
"Cell_13796","OLF",1
"Cell_14928","OLF",1
"Cell_16882","OLF",1
"Cell_17454","OLF",1
"Cell_18004","OLF",1
"Cell_18079","OLF",1
"Cell_18678","OLF",1
"Cell_18845","OLF",1
"Cell_19204","OLF",1
"Cell_19365","OLF",1
"Cell_19548","OLF",1
"Cell_19923","OLF",1
"Cell_19972","OLF",1
"Cell_20005","OLF",1
"Cell_20407","OLF",1
"Cell_20832","OLF",1
"Cell_21285","OLF",1
"Cell_21293","OLF",1
"Cell_21577","OLF",1
"Cell_21769","OLF",1
"Cell_21951","OLF",1
"Cell_22072","OLF",1
"Cell_22333","OLF",1
"Cell_23005","OLF",1
"Cell_23526","OLF",1
"Cell_25722","OLF",1
"Cell_27891","OLF",1
"Cell_28120","OLF",1
"Cell_28459","OLF",1
"Cell_28763","OLF",1
"Cell_29432","OLF",1
"Cell_29941","OLF",1
"Cell_30288","OLF",1
"Cell_31707","OLF",1
"Cell_32335","OLF",1
"Cell_32675","OLF",1
"Cell_33748","OLF",1
"Cell_33785","OLF",1
"Cell_34126","OLF",1
"Cell_34272","OLF",1
"Cell_34833","OLF",1
"Cell_35172","OLF",1
"Cell_35551","OLF",1
"Cell_35654","OLF",1
"Cell_35909","OLF",1
"Cell_36851","OLF",1
"Cell_37538","OLF",1
"Cell_38288","OLF",1
"Cell_38600","OLF",1
"Cell_38924","OLF",1
"Cell_39757","OLF",1
"Cell_40073","OLF",1
"Cell_41721","OLF",1
"Cell_41840","OLF",1
"Cell_41906","OLF",1
"Cell_43358","OLF",1
"Cell_43766","OLF",1
"Cell_44667","OLF",1
"Cell_45150","OLF",1
"Cell_16088","OLF",1
"Cell_22708","OLF",1
"Cell_32617","OLF",1
"Cell_1121","OLF",1
"Cell_9994","OLF",1
"Cell_12874","OLF",1
"Cell_34481","OLF",1
"Cell_43463","OLF",1
"Cell_12840","OLF",1
"Cell_215","OLF",1
"Cell_6550","OLF",1
"Cell_7452","OLF",1
"Cell_9912","OLF",1
"Cell_30729","OLF",1
"Cell_37354","OLF",1
"Cell_40647","OLF",0.973447042909473
"Cell_22792","OLF",1
"Cell_11330","OLF",1
"Cell_24395","OLF",1
"Cell_30595","OLF",0.95012190411899
"Cell_13888","OLF",1
"Cell_1990","Isocortex",1
"Cell_10982","Isocortex",1
"Cell_23654","Isocortex",1
"Cell_32294","Isocortex",0.999999999999999
"Cell_32867","Isocortex",0.996502320338986
"Cell_37983","Isocortex",1
"Cell_43971","Isocortex",1
"Cell_42511","Isocortex",1
"Cell_6680","Isocortex",1
"Cell_15569","Isocortex",1
"Cell_16260","Isocortex",1
"Cell_17872","Isocortex",1
"Cell_19902","Isocortex",1
"Cell_24437","Isocortex",1
"Cell_25098","Isocortex",1
"Cell_26305","Isocortex",1
"Cell_31550","Isocortex",1
"Cell_32299","Isocortex",1
"Cell_35184","Isocortex",1
"Cell_39759","Isocortex",1
"Cell_942","Isocortex",1
"Cell_7823","Isocortex",1
"Cell_7921","Isocortex",1
"Cell_10348","Isocortex",1
"Cell_10361","Isocortex",1
"Cell_22350","Isocortex",1
"Cell_27495","Isocortex",1
"Cell_28470","Isocortex",1
"Cell_38636","Isocortex",1
"Cell_44452","Isocortex",1
"Cell_1742","Isocortex",1
"Cell_24458","Isocortex",1
"Cell_24529","Isocortex",1
"Cell_1525","Isocortex",1
"Cell_5189","Isocortex",1
"Cell_6625","Isocortex",1
"Cell_6821","Isocortex",1
"Cell_9048","Isocortex",1
"Cell_9171","Isocortex",1
"Cell_9336","Isocortex",1
"Cell_11125","Isocortex",1
"Cell_12127","Isocortex",1
"Cell_13092","Isocortex",0.999999999999999
"Cell_13157","Isocortex",1
"Cell_13404","Isocortex",1
"Cell_13442","Isocortex",1
"Cell_15774","Isocortex",1
"Cell_16842","Isocortex",1
"Cell_17065","Isocortex",1
"Cell_19691","Isocortex",1
"Cell_20473","Isocortex",1
"Cell_22173","Isocortex",1
"Cell_23633","Isocortex",1
"Cell_23807","Isocortex",1
"Cell_25139","Isocortex",1
"Cell_25379","Isocortex",1
"Cell_25590","Isocortex",1
"Cell_29437","Isocortex",1
"Cell_29543","Isocortex",1
"Cell_30013","Isocortex",1
"Cell_32280","Isocortex",1
"Cell_32407","Isocortex",1
"Cell_33229","Isocortex",1
"Cell_34026","Isocortex",1
"Cell_37468","Isocortex",1
"Cell_38577","Isocortex",1
"Cell_40439","Isocortex",0.999999999999999
"Cell_41514","Isocortex",1
"Cell_42408","Isocortex",1
"Cell_1582","Isocortex",1
"Cell_4049","Isocortex",1
"Cell_5680","Isocortex",1
"Cell_6708","Isocortex",1
"Cell_8131","Isocortex",1
"Cell_10238","Isocortex",1
"Cell_13046","Isocortex",0.999999999999999
"Cell_13073","Isocortex",1
"Cell_16039","Isocortex",1
"Cell_16568","Isocortex",1
"Cell_17585","Isocortex",1
"Cell_17692","Isocortex",0.996931314255812
"Cell_18175","Isocortex",1
"Cell_28806","Isocortex",0.969578508860008
"Cell_31230","Isocortex",1
"Cell_32377","Isocortex",1
"Cell_40398","Isocortex",1
"Cell_41089","Isocortex",1
"Cell_41651","Isocortex",1
"Cell_42934","Isocortex",1
"Cell_43242","Isocortex",1
"Cell_43301","Isocortex",1
"Cell_43503","Isocortex",1
"Cell_45193","Isocortex",1
"Cell_11689","Isocortex",1
"Cell_40442","Isocortex",1
"Cell_407","Isocortex",1
"Cell_1611","Isocortex",1
"Cell_2456","Isocortex",1
"Cell_4641","Isocortex",1
"Cell_4753","Isocortex",1
"Cell_8156","Isocortex",1
"Cell_8856","Isocortex",1
"Cell_10042","Isocortex",1
"Cell_22955","Isocortex",1
"Cell_25718","Isocortex",0.999999999999999
"Cell_26099","Isocortex",1
"Cell_27292","Isocortex",1
"Cell_32138","Isocortex",1
"Cell_34364","Isocortex",1
"Cell_34452","Isocortex",1
"Cell_43243","Isocortex",1
"Cell_25514","Isocortex",1
"Cell_26894","Isocortex",1
"Cell_19999","Isocortex",1
"Cell_35437","Isocortex",1
"Cell_5186","Isocortex",1
"Cell_11637","Isocortex",1
"Cell_18376","Isocortex",1
"Cell_21851","Isocortex",1
"Cell_32445","Isocortex",1
"Cell_4828","Isocortex",1
"Cell_15730","Isocortex",1
"Cell_18052","Isocortex",1
"Cell_31791","Isocortex",1
"Cell_39250","Isocortex",1
"Cell_41682","Isocortex",1
"Cell_43216","Isocortex",0.953619825163916
"Cell_809","GPi",1
"Cell_6594","GPi",1
"Cell_9094","GPi",1
"Cell_42242","GPi",1
"Cell_9014","GPi",1
"Cell_12109","GPi",1
"Cell_34890","GPi",1
"Cell_38436","GPi",1
"Cell_41026","GPi",1
"Cell_41601","GPi",1
"Cell_45153","GPi",1
"Cell_5589","GPi",1
"Cell_33708","GPi",1
"Cell_36822","GPi",1
"Cell_38927","GPi",1
"Cell_41210","GPi",1
"Cell_268","GPi",1
"Cell_2436","GPi",1
"Cell_2671","GPi",0.999999999999999
"Cell_3488","GPi",1
"Cell_5481","GPi",1
"Cell_6033","GPi",1
"Cell_10359","GPi",1
"Cell_11034","GPi",1
"Cell_17201","GPi",0.98557378736794
"Cell_19195","GPi",1
"Cell_31186","GPi",1
"Cell_34995","GPi",1
"Cell_40955","GPi",1
"Cell_7086","GPi",1
"Cell_21320","GPi",0.999999999999999
"Cell_3703","GPi",1
"Cell_6183","GPi",1
"Cell_42164","GPi",1
"Cell_13431","GPi",1
"Cell_3315","GPi",1
"Cell_11207","GPi",1
"Cell_13338","GPi",0.993602915077926
"Cell_18505","GPi",1
"Cell_22275","GPi",1
"Cell_23818","GPi",1
"Cell_32082","GPi",1
"Cell_35965","GPi",1
"Cell_39809","GPi",1
"Cell_460","GPi",1
"Cell_2607","GPi",1
"Cell_5621","GPi",1
"Cell_8174","GPi",1
"Cell_8424","GPi",1
"Cell_13720","GPi",1
"Cell_16589","GPi",1
"Cell_18040","GPi",1
"Cell_20394","GPi",1
"Cell_20714","GPi",1
"Cell_21386","GPi",1
"Cell_21507","GPi",1
"Cell_24324","GPi",1
"Cell_31324","GPi",1
"Cell_35763","GPi",1
"Cell_36434","GPi",1
"Cell_38369","GPi",1
"Cell_38816","GPi",1
"Cell_42686","GPi",1
"Cell_2244","GPi",1
"Cell_5236","GPi",0.994099332815259
"Cell_11056","GPi",1
"Cell_21140","GPi",1
"Cell_23293","GPi",1
"Cell_25099","GPi",1
"Cell_25532","GPi",1
"Cell_3445","GPi",1
"Cell_8153","GPi",1
"Cell_9730","GPi",1
"Cell_22774","GPi",1
"Cell_26723","GPi",0.999999999999999
"Cell_39811","GPi",1
"Cell_26424","GPi",1
"Cell_22318","GPi",1
"Cell_9844","GPi",1
"Cell_2145","Isocortex",1
"Cell_4226","Isocortex",1
"Cell_10310","Isocortex",1
"Cell_16825","Isocortex",1
"Cell_19004","Isocortex",1
"Cell_20138","Isocortex",1
"Cell_40201","Isocortex",1
"Cell_5729","Isocortex",1
"Cell_39465","Isocortex",0.984942713256254
"Cell_430","Isocortex",1
"Cell_953","Isocortex",1
"Cell_4395","Isocortex",1
"Cell_44580","Isocortex",1
"Cell_4884","Isocortex",1
"Cell_5276","Isocortex",1
"Cell_5695","Isocortex",1
"Cell_7997","Isocortex",1
"Cell_11091","Isocortex",1
"Cell_12425","Isocortex",1
"Cell_12442","Isocortex",1
"Cell_16426","Isocortex",1
"Cell_23729","Isocortex",1
"Cell_29446","Isocortex",1
"Cell_38844","Isocortex",0.99976391974468
"Cell_23426","Isocortex",0.964897894956305
"Cell_29172","Isocortex",1
"Cell_43573","Isocortex",1
"Cell_609","Isocortex",1
"Cell_5909","Isocortex",1
"Cell_5940","Isocortex",1
"Cell_7010","Isocortex",1
"Cell_8552","Isocortex",1
"Cell_11012","Isocortex",1
"Cell_13572","Isocortex",1
"Cell_16738","Isocortex",1
"Cell_23158","Isocortex",1
"Cell_23786","Isocortex",1
"Cell_25064","Isocortex",1
"Cell_29253","Isocortex",1
"Cell_30639","Isocortex",1
"Cell_34950","Isocortex",1
"Cell_39616","Isocortex",1
"Cell_40344","Isocortex",1
"Cell_42967","Isocortex",1
"Cell_43449","Isocortex",1
"Cell_44525","Isocortex",1
"Cell_866","Isocortex",1
"Cell_2311","Isocortex",1
"Cell_7879","Isocortex",0.999999999999999
"Cell_7938","Isocortex",0.999999999999999
"Cell_13089","Isocortex",1
"Cell_13465","Isocortex",1
"Cell_17656","Isocortex",1
"Cell_22820","Isocortex",1
"Cell_26206","Isocortex",1
"Cell_26638","Isocortex",1
"Cell_27749","Isocortex",1
"Cell_29138","Isocortex",1
"Cell_29714","Isocortex",1
"Cell_34197","Isocortex",1
"Cell_38986","Isocortex",1
"Cell_44213","Isocortex",1
"Cell_1046","Isocortex",1
"Cell_2753","Isocortex",1
"Cell_10020","Isocortex",1
"Cell_13343","Isocortex",1
"Cell_14226","Isocortex",1
"Cell_19363","Isocortex",1
"Cell_28188","Isocortex",1
"Cell_30741","Isocortex",1
"Cell_36119","Isocortex",1
"Cell_38015","Isocortex",1
"Cell_38502","Isocortex",1
"Cell_44267","Isocortex",1
"Cell_25611","Isocortex",1
"Cell_28372","Isocortex",1
"Cell_3882","Isocortex",1
"Cell_23752","Isocortex",1
"Cell_29678","Isocortex",1
"Cell_36407","Isocortex",1
"Cell_8465","Isocortex",1
"Cell_11855","Isocortex",1
"Cell_21093","Isocortex",1
"Cell_39904","Isocortex",0.950337653761832
"Cell_1485","Isocortex",1
"Cell_7971","Isocortex",0.999999999999999
"Cell_12607","Isocortex",1
"Cell_15838","Isocortex",1
"Cell_2326","CEAl",1
"Cell_10454","CEAl",1
"Cell_14270","CEAl",1
"Cell_19103","CEAl",1
"Cell_40412","CEAl",1
"Cell_40927","CEAl",1
"Cell_6797","CEAl",1
"Cell_11561","CEAl",0.999999999999999
"Cell_16019","CEAl",1
"Cell_17708","CEAl",1
"Cell_18129","CEAl",1
"Cell_19187","CEAl",1
"Cell_20142","CEAl",1
"Cell_27972","CEAl",1
"Cell_31585","CEAl",1
"Cell_40350","CEAl",1
"Cell_14994","CEAl",0.999999999999999
"Cell_305","CEAl",1
"Cell_8420","CEAl",1
"Cell_14069","CEAl",1
"Cell_26875","CEAl",1
"Cell_26947","CEAl",1
"Cell_35600","CEAl",1
"Cell_42548","CEAl",1
"Cell_1874","CEAl",1
"Cell_8325","CEAl",1
"Cell_11529","CEAl",1
"Cell_12270","CEAl",1
"Cell_12540","CEAl",1
"Cell_15152","CEAl",1
"Cell_17993","CEAl",1
"Cell_18379","CEAl",1
"Cell_18555","CEAl",1
"Cell_19297","CEAl",1
"Cell_19458","CEAl",1
"Cell_20693","CEAl",1
"Cell_23960","CEAl",1
"Cell_24779","CEAl",1
"Cell_25127","CEAl",1
"Cell_29377","CEAl",1
"Cell_29737","CEAl",1
"Cell_30338","CEAl",1
"Cell_30559","CEAl",1
"Cell_31386","CEAl",1
"Cell_34796","CEAl",1
"Cell_38550","CEAl",1
"Cell_39919","CEAl",0.997370640575486
"Cell_41389","CEAl",1
"Cell_42312","CEAl",1
"Cell_44573","CEAl",1
"Cell_566","CEAl",1
"Cell_2057","CEAl",1
"Cell_2455","CEAl",1
"Cell_3561","CEAl",1
"Cell_3743","CEAl",1
"Cell_5930","CEAl",1
"Cell_6149","CEAl",1
"Cell_8758","CEAl",0.998502208048299
"Cell_9110","CEAl",0.951265068706932
"Cell_10158","CEAl",1
"Cell_25150","CEAl",1
"Cell_26220","CEAl",1
"Cell_26318","CEAl",1
"Cell_29103","CEAl",1
"Cell_29429","CEAl",1
"Cell_30822","CEAl",1
"Cell_33781","CEAl",1
"Cell_37060","CEAl",1
"Cell_37510","CEAl",1
"Cell_37579","CEAl",1
"Cell_39814","CEAl",1
"Cell_40517","CEAl",1
"Cell_40949","CEAl",1
"Cell_41838","CEAl",1
"Cell_42657","CEAl",1
"Cell_44049","CEAl",1
"Cell_14636","CEAl",1
"Cell_28441","CEAl",1
"Cell_38466","CEAl",0.999999999999999
"Cell_191","CEAl",1
"Cell_1809","CEAl",0.972156317066052
"Cell_6407","CEAl",1
"Cell_9558","CEAl",0.996366010854646
"Cell_9975","CEAl",1
"Cell_10917","CEAl",1
"Cell_11295","CEAl",0.999999999999999
"Cell_15007","CEAl",1
"Cell_15899","CEAl",1
"Cell_19429","CEAl",1
"Cell_20031","CEAl",1
"Cell_27855","CEAl",1
"Cell_30153","CEAl",1
"Cell_35853","CEAl",1
"Cell_36405","CEAl",1
"Cell_37486","CEAl",1
"Cell_41476","CEAl",1
"Cell_20929","CEAl",1
"Cell_22304","CEAl",1
"Cell_22799","CEAl",1
"Cell_27072","CEAl",1
"Cell_44541","CEAl",1
"Cell_26581","CEAl",1
"Cell_27272","CEAl",1
"Cell_279","CEAl",1
"Cell_7503","CEAl",1
"Cell_7779","CEAl",1
"Cell_10712","CEAl",1
"Cell_11027","CEAl",1
"Cell_14351","CEAl",1
"Cell_16608","CEAl",1
"Cell_23616","CEAl",0.999287516327854
"Cell_23655","CEAl",1
"Cell_25334","CEAl",1
"Cell_30317","CEAl",1
"Cell_39601","CEAl",1
"Cell_40329","CEAl",1
"Cell_41500","CEAl",1
"Cell_43390","CEAl",1
"Cell_44754","CEAl",1
"Cell_15274","CEAl",1
"Cell_25879","CEAl",1
"Cell_2545","VPL",1
"Cell_6973","VPL",1
"Cell_9242","VPL",1
"Cell_12924","VPL",1
"Cell_19868","VPL",1
"Cell_21914","VPL",1
"Cell_39344","VPL",1
"Cell_43262","VPL",1
"Cell_3466","VPL",1
"Cell_7255","VPL",1
"Cell_16860","VPL",0.999999999999999
"Cell_18353","VPL",1
"Cell_904","VPL",1
"Cell_3053","VPL",1
"Cell_3468","VPL",1
"Cell_4066","VPL",1
"Cell_7427","VPL",1
"Cell_7998","VPL",1
"Cell_10015","VPL",1
"Cell_10438","VPL",1
"Cell_17575","VPL",1
"Cell_19035","VPL",1
"Cell_21300","VPL",1
"Cell_22153","VPL",1
"Cell_23725","VPL",1
"Cell_26383","VPL",1
"Cell_27049","VPL",1
"Cell_30507","VPL",1
"Cell_32668","VPL",1
"Cell_35372","VPL",1
"Cell_35859","VPL",1
"Cell_35934","VPL",1
"Cell_38203","VPL",1
"Cell_39027","VPL",1
"Cell_42647","VPL",1
"Cell_43259","VPL",1
"Cell_44902","VPL",1
"Cell_412","VPL",1
"Cell_5454","VPL",1
"Cell_5898","VPL",1
"Cell_7479","VPL",1
"Cell_9756","VPL",0.999999999999999
"Cell_15624","VPL",1
"Cell_15713","VPL",1
"Cell_16846","VPL",1
"Cell_19198","VPL",1
"Cell_37690","VPL",1
"Cell_42017","VPL",1
"Cell_5815","VPL",1
"Cell_23904","VPL",1
"Cell_27132","VPL",1
"Cell_34865","VPL",0.999999999999999
"Cell_41128","VPL",1
"Cell_5839","VPL",1
"Cell_8092","VPL",1
"Cell_11766","VPL",1
"Cell_12316","VPL",1
"Cell_17423","VPL",1
"Cell_21964","VPL",1
"Cell_22220","VPL",1
"Cell_23305","VPL",1
"Cell_25876","VPL",1
"Cell_25964","VPL",1
"Cell_27054","VPL",1
"Cell_34629","VPL",1
"Cell_40274","VPL",1
"Cell_246","VPL",1
"Cell_514","VPL",1
"Cell_789","VPL",1
"Cell_1226","VPL",1
"Cell_2391","VPL",1
"Cell_3018","VPL",1
"Cell_3126","VPL",1
"Cell_3362","VPL",1
"Cell_3587","VPL",1
"Cell_3685","VPL",1
"Cell_3841","VPL",1
"Cell_3934","VPL",1
"Cell_4025","VPL",0.999999999999999
"Cell_4771","VPL",1
"Cell_5167","VPL",1
"Cell_5418","VPL",1
"Cell_5720","VPL",0.999999999999999
"Cell_5994","VPL",1
"Cell_6218","VPL",1
"Cell_6554","VPL",1
"Cell_6984","VPL",1
"Cell_7652","VPL",1
"Cell_7701","VPL",1
"Cell_7858","VPL",1
"Cell_8228","VPL",1
"Cell_8427","VPL",1
"Cell_9077","VPL",1
"Cell_9124","VPL",1
"Cell_9316","VPL",1
"Cell_9614","VPL",1
"Cell_9803","VPL",1
"Cell_10803","VPL",1
"Cell_11017","VPL",1
"Cell_11433","VPL",1
"Cell_11668","VPL",1
"Cell_11684","VPL",1
"Cell_12601","VPL",1
"Cell_12620","VPL",1
"Cell_12958","VPL",0.988408204950187
"Cell_12961","VPL",1
"Cell_13226","VPL",1
"Cell_13476","VPL",1
"Cell_13948","VPL",1
"Cell_13972","VPL",1
"Cell_14678","VPL",1
"Cell_14837","VPL",1
"Cell_15300","VPL",1
"Cell_15361","VPL",1
"Cell_15552","VPL",1
"Cell_15789","VPL",1
"Cell_15837","VPL",1
"Cell_15852","VPL",1
"Cell_15993","VPL",1
"Cell_16548","VPL",1
"Cell_17015","VPL",1
"Cell_17402","VPL",1
"Cell_17707","VPL",1
"Cell_17727","VPL",1
"Cell_18149","VPL",1
"Cell_18969","VPL",1
"Cell_19062","VPL",1
"Cell_19165","VPL",1
"Cell_19194","VPL",1
"Cell_19483","VPL",1
"Cell_19563","VPL",1
"Cell_20000","VPL",1
"Cell_20709","VPL",1
"Cell_20758","VPL",0.993871536325172
"Cell_20869","VPL",1
"Cell_20910","VPL",1
"Cell_21247","VPL",1
"Cell_21901","VPL",1
"Cell_22436","VPL",1
"Cell_22509","VPL",1
"Cell_22886","VPL",0.999999999999999
"Cell_22990","VPL",1
"Cell_23819","VPL",1
"Cell_24420","VPL",1
"Cell_24550","VPL",1
"Cell_24635","VPL",1
"Cell_25477","VPL",1
"Cell_25757","VPL",1
"Cell_26004","VPL",1
"Cell_26176","VPL",1
"Cell_26608","VPL",1
"Cell_26994","VPL",1
"Cell_27030","VPL",1
"Cell_27068","VPL",1
"Cell_27247","VPL",1
"Cell_27307","VPL",1
"Cell_27332","VPL",0.999999999999999
"Cell_27402","VPL",1
"Cell_27539","VPL",1
"Cell_27564","VPL",1
"Cell_27618","VPL",1
"Cell_28309","VPL",1
"Cell_28839","VPL",1
"Cell_28940","VPL",1
"Cell_30027","VPL",1
"Cell_30096","VPL",1
"Cell_30434","VPL",1
"Cell_30577","VPL",1
"Cell_30586","VPL",1
"Cell_31383","VPL",1
"Cell_31395","VPL",1
"Cell_31642","VPL",1
"Cell_31753","VPL",1
"Cell_31823","VPL",1
"Cell_32020","VPL",1
"Cell_32098","VPL",1
"Cell_32507","VPL",1
"Cell_32626","VPL",1
"Cell_32905","VPL",1
"Cell_33010","VPL",1
"Cell_33519","VPL",0.957167322414234
"Cell_33721","VPL",1
"Cell_33813","VPL",1
"Cell_33989","VPL",1
"Cell_34161","VPL",1
"Cell_34308","VPL",1
"Cell_34363","VPL",1
"Cell_34375","VPL",1
"Cell_34756","VPL",1
"Cell_34773","VPL",1
"Cell_35672","VPL",1
"Cell_35889","VPL",1
"Cell_36565","VPL",1
"Cell_37313","VPL",1
"Cell_37356","VPL",1
"Cell_37814","VPL",1
"Cell_38081","VPL",1
"Cell_38441","VPL",1
"Cell_38686","VPL",1
"Cell_38707","VPL",1
"Cell_38921","VPL",1
"Cell_39041","VPL",1
"Cell_39357","VPL",1
"Cell_39839","VPL",1
"Cell_40169","VPL",1
"Cell_40219","VPL",1
"Cell_40349","VPL",1
"Cell_40500","VPL",1
"Cell_40545","VPL",1
"Cell_40622","VPL",1
"Cell_40956","VPL",1
"Cell_41182","VPL",1
"Cell_41664","VPL",1
"Cell_41744","VPL",1
"Cell_42442","VPL",1
"Cell_42856","VPL",1
"Cell_42965","VPL",1
"Cell_43086","VPL",1
"Cell_43323","VPL",1
"Cell_43703","VPL",1
"Cell_43915","VPL",1
"Cell_44021","VPL",1
"Cell_44070","VPL",1
"Cell_44125","VPL",1
"Cell_44405","VPL",1
"Cell_44583","VPL",1
"Cell_45037","VPL",1
"Cell_45103","VPL",1
"Cell_45284","VPL",1
"Cell_867","VPL",1
"Cell_4050","VPL",1
"Cell_7472","VPL",1
"Cell_10059","VPL",1
"Cell_10870","VPL",1
"Cell_15290","VPL",1
"Cell_17164","VPL",1
"Cell_21611","VPL",1
"Cell_24797","VPL",1
"Cell_26684","VPL",1
"Cell_28001","VPL",1
"Cell_30142","VPL",1
"Cell_32094","VPL",1
"Cell_32994","VPL",1
"Cell_34133","VPL",1
"Cell_37077","VPL",1
"Cell_39898","VPL",1
"Cell_40776","VPL",1
"Cell_41044","VPL",1
"Cell_43030","VPL",1
"Cell_43692","VPL",1
"Cell_44725","VPL",1
"Cell_131","VPL",1
"Cell_1479","VPL",1
"Cell_6525","VPL",1
"Cell_7310","VPL",1
"Cell_7943","VPL",1
"Cell_14475","VPL",1
"Cell_25330","VPL",1
"Cell_25809","VPL",1
"Cell_6780","VPL",1
"Cell_30425","VPL",1
"Cell_38061","VPL",1
"Cell_44567","VPL",1
"Cell_16901","VPL",1
"Cell_5439","VPL",1
"Cell_10489","VPL",1
"Cell_11837","VPL",1
"Cell_4708","VPL",1
"Cell_6369","VPL",1
"Cell_11184","VPL",1
"Cell_11243","VPL",0.990853049743609
"Cell_13071","VPL",1
"Cell_14526","VPL",1
"Cell_14959","VPL",1
"Cell_16823","VPL",1
"Cell_18933","VPL",1
"Cell_21864","VPL",1
"Cell_24468","VPL",1
"Cell_26069","VPL",1
"Cell_26542","VPL",1
"Cell_26670","VPL",1
"Cell_31655","VPL",1
"Cell_38002","VPL",1
"Cell_38588","VPL",1
"Cell_38938","VPL",1
"Cell_40871","VPL",1
"Cell_40878","VPL",1
"Cell_42440","VPL",1
"Cell_44981","VPL",1
"Cell_2940","VPL",1
"Cell_5105","VPL",1
"Cell_9454","VPL",1
"Cell_10485","VPL",0.999999999999999
"Cell_11023","VPL",1
"Cell_15770","VPL",1
"Cell_23011","VPL",1
"Cell_23790","VPL",1
"Cell_28302","VPL",1
"Cell_31926","VPL",1
"Cell_34307","VPL",1
"Cell_34322","VPL",1
"Cell_35408","VPL",1
"Cell_37066","VPL",1
"Cell_41160","VPL",1
"Cell_876","VPL",1
"Cell_5452","VPL",1
"Cell_10845","VPL",1
"Cell_15901","VPL",1
"Cell_4617","VPL",1
"Cell_1372","VPL",1
"Cell_2710","VPL",1
"Cell_3741","VPL",1
"Cell_6004","VPL",1
"Cell_8143","VPL",1
"Cell_8348","VPL",1
"Cell_9926","VPL",1
"Cell_13187","VPL",1
"Cell_14779","VPL",1
"Cell_17281","VPL",1
"Cell_22828","VPL",1
"Cell_25151","VPL",1
"Cell_27547","VPL",1
"Cell_27879","VPL",1
"Cell_28400","VPL",1
"Cell_28618","VPL",1
"Cell_29819","VPL",1
"Cell_32179","VPL",1
"Cell_32873","VPL",1
"Cell_33150","VPL",1
"Cell_33538","VPL",1
"Cell_34006","VPL",1
"Cell_34025","VPL",1
"Cell_34051","VPL",1
"Cell_34057","VPL",1
"Cell_35624","VPL",1
"Cell_36256","VPL",1
"Cell_36328","VPL",1
"Cell_36329","VPL",1
"Cell_38018","VPL",1
"Cell_40133","VPL",1
"Cell_42043","VPL",1
"Cell_42949","VPL",1
"Cell_43210","VPL",1
"Cell_44263","VPL",1
"Cell_44551","VPL",1
"Cell_44916","VPL",1
"Cell_5906","VPL",1
"Cell_10646","VPL",1
"Cell_18208","VPL",1
"Cell_4564","VPL",1
"Cell_12822","VPL",1
"Cell_26224","VPL",1
"Cell_26912","VPL",1
"Cell_572","VPL",1
"Cell_5701","VPL",1
"Cell_11704","VPL",1
"Cell_16335","VPL",1
"Cell_17047","VPL",1
"Cell_18668","VPL",1
"Cell_19888","VPL",1
"Cell_20076","VPL",1
"Cell_23028","VPL",1
"Cell_30230","VPL",1
"Cell_32102","VPL",1
"Cell_33774","VPL",1
"Cell_34439","VPL",1
"Cell_43084","VPL",1
"Cell_7679","VPL",1
"Cell_9837","VPL",1
"Cell_28954","VPL",1
"Cell_26132","VPL",1
"Cell_8968","VPL",1
"Cell_33495","VPL",1
"Cell_33955","VPL",1
"Cell_45159","VPL",1
"Cell_1698","VPL",1
"Cell_4645","VPL",1
"Cell_18410","VPL",0.969176669506257
"Cell_23184","VPL",1
"Cell_28640","VPL",1
"Cell_35644","VPL",1
"Cell_37458","VPL",1
"Cell_38299","VPL",1
"Cell_40249","VPL",1
"Cell_41102","VPL",0.999999999999999
"Cell_14821","VPL",1
"Cell_14856","VPL",1
"Cell_16174","VPL",1
"Cell_16619","VPL",1
"Cell_17643","VPL",1
"Cell_17800","VPL",1
"Cell_19123","VPL",1
"Cell_20756","VPL",1
"Cell_33448","VPL",1
"Cell_44019","VPL",1
"Cell_2106","VPL",1
"Cell_29641","VPL",1
"Cell_2349","VPL",1
"Cell_21406","VPL",0.997524776515797
"Cell_24839","VPL",1
"Cell_25454","VPL",1
"Cell_26837","VPL",1
"Cell_38084","VPL",1
"Cell_20748","VPL",1
"Cell_31763","VPL",1
"Cell_31829","VPL",1
"Cell_40880","VPL",1
"Cell_2632","RHP",1
"Cell_5335","RHP",1
"Cell_5867","RHP",1
"Cell_9869","RHP",1
"Cell_21955","RHP",1
"Cell_27032","RHP",1
"Cell_39924","RHP",1
"Cell_40315","RHP",1
"Cell_6961","RHP",1
"Cell_42694","RHP",1
"Cell_4079","RHP",1
"Cell_10888","RHP",1
"Cell_36513","RHP",1
"Cell_25148","RHP",1
"Cell_30771","RHP",1
"Cell_44927","RHP",1
"Cell_2113","RHP",1
"Cell_15409","RHP",1
"Cell_15470","RHP",1
"Cell_15632","RHP",1
"Cell_18104","RHP",1
"Cell_23057","RHP",1
"Cell_23406","RHP",0.956444919586931
"Cell_26186","RHP",1
"Cell_26428","RHP",1
"Cell_28706","RHP",1
"Cell_34903","RHP",1
"Cell_36035","RHP",1
"Cell_44872","RHP",1
"Cell_19262","RHP",1
"Cell_19863","RHP",1
"Cell_26521","RHP",1
"Cell_31363","RHP",1
"Cell_36793","RHP",1
"Cell_36994","RHP",1
"Cell_42212","RHP",1
"Cell_18987","RHP",1
"Cell_12424","RHP",1
"Cell_200","RHP",1
"Cell_2048","RHP",1
"Cell_2881","RHP",1
"Cell_12863","RHP",1
"Cell_33397","RHP",1
"Cell_34156","RHP",0.999944587887269
"Cell_42162","RHP",1
"Cell_1527","RHP",1
"Cell_30118","RHP",1
"Cell_31201","RHP",1
"Cell_9531","RHP",1
"Cell_13014","RHP",1
"Cell_30416","RHP",1
"Cell_35049","RHP",1
"Cell_10330","RHP",1
"Cell_36236","RHP",0.999999999999999
"Cell_6154","RHP",1
"Cell_23796","RHP",1
"Cell_2637","Isocortex",1
"Cell_5024","Isocortex",1
"Cell_12629","Isocortex",1
"Cell_12827","Isocortex",1
"Cell_13191","Isocortex",1
"Cell_19530","Isocortex",1
"Cell_21554","Isocortex",0.999999999999999
"Cell_22716","Isocortex",1
"Cell_27907","Isocortex",1
"Cell_32781","Isocortex",1
"Cell_33123","Isocortex",1
"Cell_34277","Isocortex",1
"Cell_41584","Isocortex",1
"Cell_41700","Isocortex",1
"Cell_444","Isocortex",1
"Cell_7585","Isocortex",1
"Cell_38176","Isocortex",1
"Cell_968","Isocortex",1
"Cell_6431","Isocortex",1
"Cell_7832","Isocortex",1
"Cell_12342","Isocortex",1
"Cell_13843","Isocortex",1
"Cell_20698","Isocortex",1
"Cell_23156","Isocortex",1
"Cell_25116","Isocortex",1
"Cell_27288","Isocortex",1
"Cell_27589","Isocortex",1
"Cell_34780","Isocortex",1
"Cell_38586","Isocortex",1
"Cell_40879","Isocortex",1
"Cell_816","Isocortex",1
"Cell_8487","Isocortex",1
"Cell_9400","Isocortex",1
"Cell_12594","Isocortex",1
"Cell_13606","Isocortex",1
"Cell_14816","Isocortex",1
"Cell_16792","Isocortex",1
"Cell_17420","Isocortex",1
"Cell_20626","Isocortex",1
"Cell_21160","Isocortex",1
"Cell_25347","Isocortex",0.999999999999999
"Cell_26927","Isocortex",1
"Cell_26938","Isocortex",1
"Cell_27774","Isocortex",1
"Cell_35258","Isocortex",1
"Cell_36931","Isocortex",0.999999999999999
"Cell_37323","Isocortex",1
"Cell_37785","Isocortex",1
"Cell_42720","Isocortex",1
"Cell_44028","Isocortex",1
"Cell_25471","Isocortex",1
"Cell_39753","Isocortex",1
"Cell_50","Isocortex",1
"Cell_142","Isocortex",1
"Cell_231","Isocortex",1
"Cell_1512","Isocortex",1
"Cell_1961","Isocortex",1
"Cell_2853","Isocortex",1
"Cell_2855","Isocortex",1
"Cell_3097","Isocortex",1
"Cell_4111","Isocortex",1
"Cell_4112","Isocortex",0.999999999999999
"Cell_4320","Isocortex",1
"Cell_4646","Isocortex",1
"Cell_5069","Isocortex",1
"Cell_5451","Isocortex",1
"Cell_6236","Isocortex",1
"Cell_6303","Isocortex",1
"Cell_6697","Isocortex",1
"Cell_7799","Isocortex",1
"Cell_10732","Isocortex",1
"Cell_12150","Isocortex",1
"Cell_12304","Isocortex",1
"Cell_12463","Isocortex",1
"Cell_12709","Isocortex",1
"Cell_13780","Isocortex",1
"Cell_15618","Isocortex",1
"Cell_15675","Isocortex",1
"Cell_16166","Isocortex",1
"Cell_16622","Isocortex",1
"Cell_17389","Isocortex",1
"Cell_18413","Isocortex",1
"Cell_18737","Isocortex",1
"Cell_18931","Isocortex",1
"Cell_19118","Isocortex",1
"Cell_19582","Isocortex",1
"Cell_20065","Isocortex",1
"Cell_20600","Isocortex",1
"Cell_20605","Isocortex",1
"Cell_20811","Isocortex",0.963226904500234
"Cell_21085","Isocortex",1
"Cell_23508","Isocortex",0.960824930836252
"Cell_23567","Isocortex",1
"Cell_23928","Isocortex",1
"Cell_24794","Isocortex",1
"Cell_26038","Isocortex",1
"Cell_26698","Isocortex",1
"Cell_28565","Isocortex",1
"Cell_29106","Isocortex",1
"Cell_29238","Isocortex",0.999999999999999
"Cell_29283","Isocortex",1
"Cell_29566","Isocortex",1
"Cell_29721","Isocortex",1
"Cell_30972","Isocortex",1
"Cell_31704","Isocortex",1
"Cell_31949","Isocortex",1
"Cell_32451","Isocortex",1
"Cell_33080","Isocortex",1
"Cell_34504","Isocortex",1
"Cell_34799","Isocortex",1
"Cell_34827","Isocortex",1
"Cell_35560","Isocortex",1
"Cell_35665","Isocortex",1
"Cell_35837","Isocortex",1
"Cell_37157","Isocortex",1
"Cell_37554","Isocortex",1
"Cell_39983","Isocortex",1
"Cell_40252","Isocortex",1
"Cell_41597","Isocortex",1
"Cell_41831","Isocortex",1
"Cell_42306","Isocortex",1
"Cell_43554","Isocortex",1
"Cell_43772","Isocortex",1
"Cell_45121","Isocortex",1
"Cell_756","Isocortex",1
"Cell_848","Isocortex",1
"Cell_1141","Isocortex",1
"Cell_1174","Isocortex",1
"Cell_1676","Isocortex",1
"Cell_1982","Isocortex",1
"Cell_2163","Isocortex",1
"Cell_2709","Isocortex",1
"Cell_3510","Isocortex",1
"Cell_4133","Isocortex",1
"Cell_4456","Isocortex",1
"Cell_4580","Isocortex",1
"Cell_4726","Isocortex",1
"Cell_4779","Isocortex",1
"Cell_4928","Isocortex",1
"Cell_4939","Isocortex",1
"Cell_6889","Isocortex",1
"Cell_7123","Isocortex",1
"Cell_7205","Isocortex",1
"Cell_9567","Isocortex",1
"Cell_9634","Isocortex",1
"Cell_9802","Isocortex",1
"Cell_10202","Isocortex",1
"Cell_10235","Isocortex",1
"Cell_10365","Isocortex",1
"Cell_11089","Isocortex",1
"Cell_11105","Isocortex",1
"Cell_11241","Isocortex",1
"Cell_12137","Isocortex",1
"Cell_12859","Isocortex",0.99791635991721
"Cell_13026","Isocortex",1
"Cell_13603","Isocortex",1
"Cell_13629","Isocortex",1
"Cell_14944","Isocortex",1
"Cell_15542","Isocortex",1
"Cell_16017","Isocortex",1
"Cell_17547","Isocortex",1
"Cell_18105","Isocortex",1
"Cell_18447","Isocortex",1
"Cell_18682","Isocortex",1
"Cell_19282","Isocortex",1
"Cell_19567","Isocortex",1
"Cell_19800","Isocortex",1
"Cell_20107","Isocortex",1
"Cell_21056","Isocortex",1
"Cell_21243","Isocortex",1
"Cell_21330","Isocortex",1
"Cell_22915","Isocortex",1
"Cell_23024","Isocortex",1
"Cell_24109","Isocortex",1
"Cell_24157","Isocortex",1
"Cell_24344","Isocortex",1
"Cell_25582","Isocortex",1
"Cell_25735","Isocortex",1
"Cell_25835","Isocortex",1
"Cell_27843","Isocortex",0.967903576133349
"Cell_28270","Isocortex",1
"Cell_28339","Isocortex",1
"Cell_28795","Isocortex",1
"Cell_29077","Isocortex",1
"Cell_29560","Isocortex",1
"Cell_32505","Isocortex",1
"Cell_32773","Isocortex",1
"Cell_32892","Isocortex",1
"Cell_32917","Isocortex",1
"Cell_33100","Isocortex",1
"Cell_34196","Isocortex",0.999999999999999
"Cell_34295","Isocortex",1
"Cell_34893","Isocortex",1
"Cell_35118","Isocortex",1
"Cell_35291","Isocortex",1
"Cell_35569","Isocortex",1
"Cell_36330","Isocortex",1
"Cell_36486","Isocortex",1
"Cell_36511","Isocortex",1
"Cell_36606","Isocortex",1
"Cell_36632","Isocortex",0.999999999999999
"Cell_36656","Isocortex",1
"Cell_37878","Isocortex",1
"Cell_38777","Isocortex",1
"Cell_39433","Isocortex",1
"Cell_39453","Isocortex",1
"Cell_40706","Isocortex",1
"Cell_40921","Isocortex",1
"Cell_41364","Isocortex",1
"Cell_41373","Isocortex",1
"Cell_41426","Isocortex",1
"Cell_41655","Isocortex",1
"Cell_42886","Isocortex",0.963241087592523
"Cell_42904","Isocortex",1
"Cell_43723","Isocortex",1
"Cell_44050","Isocortex",1
"Cell_44643","Isocortex",0.999999999999999
"Cell_44689","Isocortex",1
"Cell_45245","Isocortex",1
"Cell_13","Isocortex",1
"Cell_741","Isocortex",1
"Cell_992","Isocortex",1
"Cell_1358","Isocortex",1
"Cell_1859","Isocortex",1
"Cell_1933","Isocortex",1
"Cell_1999","Isocortex",1
"Cell_2174","Isocortex",1
"Cell_2364","Isocortex",1
"Cell_2733","Isocortex",1
"Cell_3301","Isocortex",1
"Cell_3376","Isocortex",1
"Cell_3575","Isocortex",1
"Cell_4589","Isocortex",1
"Cell_4607","Isocortex",1
"Cell_4699","Isocortex",1
"Cell_4803","Isocortex",1
"Cell_4890","Isocortex",1
"Cell_5043","Isocortex",1
"Cell_5141","Isocortex",1
"Cell_5307","Isocortex",0.999999999999999
"Cell_5370","Isocortex",1
"Cell_5708","Isocortex",1
"Cell_6326","Isocortex",1
"Cell_6360","Isocortex",1
"Cell_6798","Isocortex",1
"Cell_6849","Isocortex",1
"Cell_7416","Isocortex",1
"Cell_7470","Isocortex",1
"Cell_7660","Isocortex",1
"Cell_8109","Isocortex",1
"Cell_8354","Isocortex",1
"Cell_8366","Isocortex",1
"Cell_8509","Isocortex",1
"Cell_8832","Isocortex",1
"Cell_9039","Isocortex",1
"Cell_9104","Isocortex",1
"Cell_10211","Isocortex",1
"Cell_10316","Isocortex",1
"Cell_11137","Isocortex",1
"Cell_11377","Isocortex",0.999999999999999
"Cell_11936","Isocortex",1
"Cell_12257","Isocortex",1
"Cell_12447","Isocortex",1
"Cell_12469","Isocortex",1
"Cell_12498","Isocortex",1
"Cell_12704","Isocortex",1
"Cell_13102","Isocortex",1
"Cell_13598","Isocortex",1
"Cell_14138","Isocortex",1
"Cell_14690","Isocortex",1
"Cell_15204","Isocortex",1
"Cell_15231","Isocortex",1
"Cell_15499","Isocortex",1
"Cell_16321","Isocortex",1
"Cell_18142","Isocortex",1
"Cell_18189","Isocortex",1
"Cell_18533","Isocortex",1
"Cell_18874","Isocortex",1
"Cell_18934","Isocortex",1
"Cell_19613","Isocortex",1
"Cell_20327","Isocortex",1
"Cell_20514","Isocortex",1
"Cell_20594","Isocortex",1
"Cell_21057","Isocortex",1
"Cell_21143","Isocortex",1
"Cell_21275","Isocortex",0.994966034440433
"Cell_21542","Isocortex",1
"Cell_21715","Isocortex",1
"Cell_21975","Isocortex",1
"Cell_22356","Isocortex",1
"Cell_22390","Isocortex",1
"Cell_22674","Isocortex",1
"Cell_22678","Isocortex",1
"Cell_23407","Isocortex",1
"Cell_23637","Isocortex",1
"Cell_24195","Isocortex",1
"Cell_24292","Isocortex",1
"Cell_24394","Isocortex",1
"Cell_24412","Isocortex",1
"Cell_24632","Isocortex",1
"Cell_25479","Isocortex",1
"Cell_25980","Isocortex",1
"Cell_26209","Isocortex",1
"Cell_26859","Isocortex",1
"Cell_26925","Isocortex",1
"Cell_27004","Isocortex",1
"Cell_27566","Isocortex",1
"Cell_27633","Isocortex",1
"Cell_27890","Isocortex",1
"Cell_28122","Isocortex",1
"Cell_28142","Isocortex",1
"Cell_28486","Isocortex",1
"Cell_28585","Isocortex",1
"Cell_28819","Isocortex",1
"Cell_28906","Isocortex",1
"Cell_29181","Isocortex",1
"Cell_29186","Isocortex",1
"Cell_29758","Isocortex",1
"Cell_29762","Isocortex",1
"Cell_29962","Isocortex",1
"Cell_30121","Isocortex",1
"Cell_30123","Isocortex",1
"Cell_30249","Isocortex",1
"Cell_30287","Isocortex",1
"Cell_30298","Isocortex",1
"Cell_30475","Isocortex",1
"Cell_30528","Isocortex",1
"Cell_31048","Isocortex",1
"Cell_31416","Isocortex",1
"Cell_31474","Isocortex",1
"Cell_31646","Isocortex",1
"Cell_31733","Isocortex",1
"Cell_32019","Isocortex",1
"Cell_32079","Isocortex",1
"Cell_33215","Isocortex",1
"Cell_33236","Isocortex",1
"Cell_33403","Isocortex",1
"Cell_33769","Isocortex",1
"Cell_33966","Isocortex",1
"Cell_34438","Isocortex",1
"Cell_34476","Isocortex",1
"Cell_34597","Isocortex",1
"Cell_34934","Isocortex",1
"Cell_35001","Isocortex",1
"Cell_35508","Isocortex",1
"Cell_35561","Isocortex",0.998956297547863
"Cell_35811","Isocortex",1
"Cell_36012","Isocortex",1
"Cell_36605","Isocortex",1
"Cell_36637","Isocortex",1
"Cell_36743","Isocortex",1
"Cell_36759","Isocortex",1
"Cell_37540","Isocortex",1
"Cell_37717","Isocortex",1
"Cell_37823","Isocortex",0.999999999999999
"Cell_37905","Isocortex",1
"Cell_38087","Isocortex",1
"Cell_38261","Isocortex",0.999995332349003
"Cell_39020","Isocortex",1
"Cell_39213","Isocortex",1
"Cell_39242","Isocortex",1
"Cell_39401","Isocortex",1
"Cell_39849","Isocortex",1
"Cell_40605","Isocortex",1
"Cell_40627","Isocortex",1
"Cell_40728","Isocortex",1
"Cell_40931","Isocortex",1
"Cell_41009","Isocortex",1
"Cell_41647","Isocortex",1
"Cell_41705","Isocortex",1
"Cell_41933","Isocortex",0.999999999999999
"Cell_42132","Isocortex",1
"Cell_42152","Isocortex",1
"Cell_42381","Isocortex",1
"Cell_42393","Isocortex",1
"Cell_43163","Isocortex",1
"Cell_43408","Isocortex",1
"Cell_43676","Isocortex",1
"Cell_43751","Isocortex",1
"Cell_43935","Isocortex",1
"Cell_44005","Isocortex",1
"Cell_44053","Isocortex",1
"Cell_44114","Isocortex",1
"Cell_44240","Isocortex",1
"Cell_44323","Isocortex",1
"Cell_44656","Isocortex",1
"Cell_44760","Isocortex",1
"Cell_23907","Isocortex",1
"Cell_26528","Isocortex",1
"Cell_28822","Isocortex",1
"Cell_351","Isocortex",1
"Cell_8332","Isocortex",1
"Cell_13216","Isocortex",1
"Cell_16531","Isocortex",1
"Cell_26288","Isocortex",1
"Cell_36766","Isocortex",1
"Cell_38180","Isocortex",1
"Cell_2285","Isocortex",1
"Cell_2999","Isocortex",1
"Cell_5576","Isocortex",1
"Cell_5640","Isocortex",1
"Cell_6200","Isocortex",1
"Cell_6895","Isocortex",1
"Cell_7443","Isocortex",1
"Cell_7874","Isocortex",1
"Cell_10140","Isocortex",1
"Cell_15022","Isocortex",1
"Cell_16820","Isocortex",1
"Cell_17189","Isocortex",1
"Cell_20115","Isocortex",1
"Cell_21522","Isocortex",1
"Cell_22930","Isocortex",1
"Cell_27622","Isocortex",1
"Cell_28282","Isocortex",1
"Cell_30084","Isocortex",1
"Cell_32011","Isocortex",1
"Cell_32328","Isocortex",0.969770624409597
"Cell_36170","Isocortex",1
"Cell_37253","Isocortex",1
"Cell_39345","Isocortex",1
"Cell_309","Isocortex",1
"Cell_1296","Isocortex",1
"Cell_3001","Isocortex",1
"Cell_3835","Isocortex",1
"Cell_4603","Isocortex",1
"Cell_4996","Isocortex",1
"Cell_5173","Isocortex",1
"Cell_6078","Isocortex",1
"Cell_7237","Isocortex",1
"Cell_8401","Isocortex",1
"Cell_8772","Isocortex",1
"Cell_9960","Isocortex",0.999999999999999
"Cell_10496","Isocortex",1
"Cell_10908","Isocortex",0.999999999999999
"Cell_11412","Isocortex",1
"Cell_12912","Isocortex",1
"Cell_13975","Isocortex",1
"Cell_15664","Isocortex",1
"Cell_15832","Isocortex",1
"Cell_16062","Isocortex",1
"Cell_16164","Isocortex",1
"Cell_16512","Isocortex",1
"Cell_16585","Isocortex",1
"Cell_16893","Isocortex",1
"Cell_18062","Isocortex",1
"Cell_20250","Isocortex",1
"Cell_20850","Isocortex",1
"Cell_21566","Isocortex",1
"Cell_21619","Isocortex",1
"Cell_21818","Isocortex",1
"Cell_21944","Isocortex",1
"Cell_22057","Isocortex",1
"Cell_22281","Isocortex",1
"Cell_22514","Isocortex",1
"Cell_23842","Isocortex",1
"Cell_24142","Isocortex",1
"Cell_24229","Isocortex",1
"Cell_25974","Isocortex",1
"Cell_26593","Isocortex",1
"Cell_27418","Isocortex",1
"Cell_28280","Isocortex",1
"Cell_28345","Isocortex",1
"Cell_31285","Isocortex",1
"Cell_32527","Isocortex",1
"Cell_33934","Isocortex",1
"Cell_35376","Isocortex",1
"Cell_35652","Isocortex",1
"Cell_35771","Isocortex",1
"Cell_36183","Isocortex",1
"Cell_36209","Isocortex",1
"Cell_36769","Isocortex",1
"Cell_36773","Isocortex",1
"Cell_37439","Isocortex",0.999999999999999
"Cell_37880","Isocortex",1
"Cell_38016","Isocortex",1
"Cell_39124","Isocortex",1
"Cell_39524","Isocortex",1
"Cell_39720","Isocortex",1
"Cell_40152","Isocortex",1
"Cell_41806","Isocortex",1
"Cell_43745","Isocortex",1
"Cell_43842","Isocortex",1
"Cell_43986","Isocortex",1
"Cell_44329","Isocortex",1
"Cell_44496","Isocortex",1
"Cell_45106","Isocortex",1
"Cell_4775","Isocortex",1
"Cell_5469","Isocortex",1
"Cell_6441","Isocortex",1
"Cell_7463","Isocortex",1
"Cell_23060","Isocortex",1
"Cell_24284","Isocortex",1
"Cell_27215","Isocortex",1
"Cell_20874","Isocortex",1
"Cell_22613","Isocortex",1
"Cell_10827","Isocortex",1
"Cell_3230","Isocortex",1
"Cell_7915","Isocortex",1
"Cell_416","Isocortex",1
"Cell_1164","Isocortex",1
"Cell_1853","Isocortex",1
"Cell_2513","Isocortex",1
"Cell_2895","Isocortex",1
"Cell_2918","Isocortex",1
"Cell_3565","Isocortex",1
"Cell_3593","Isocortex",0.987422129802238
"Cell_4098","Isocortex",1
"Cell_4448","Isocortex",1
"Cell_5562","Isocortex",1
"Cell_5954","Isocortex",1
"Cell_6018","Isocortex",1
"Cell_6701","Isocortex",1
"Cell_7586","Isocortex",1
"Cell_7939","Isocortex",1
"Cell_8376","Isocortex",1
"Cell_8400","Isocortex",1
"Cell_9406","Isocortex",1
"Cell_9832","Isocortex",1
"Cell_10377","Isocortex",0.960021901599879
"Cell_10889","Isocortex",1
"Cell_11337","Isocortex",1
"Cell_11892","Isocortex",1
"Cell_12491","Isocortex",1
"Cell_12775","Isocortex",1
"Cell_12980","Isocortex",1
"Cell_13208","Isocortex",1
"Cell_13491","Isocortex",1
"Cell_13844","Isocortex",1
"Cell_14073","Isocortex",1
"Cell_14371","Isocortex",1
"Cell_14765","Isocortex",1
"Cell_15264","Isocortex",1
"Cell_15515","Isocortex",1
"Cell_15529","Isocortex",1
"Cell_15722","Isocortex",1
"Cell_16763","Isocortex",1
"Cell_17236","Isocortex",1
"Cell_19289","Isocortex",1
"Cell_19509","Isocortex",1
"Cell_20209","Isocortex",1
"Cell_20402","Isocortex",1
"Cell_20939","Isocortex",1
"Cell_20943","Isocortex",1
"Cell_21254","Isocortex",1
"Cell_21928","Isocortex",1
"Cell_22028","Isocortex",1
"Cell_22195","Isocortex",1
"Cell_22666","Isocortex",0.999999999999999
"Cell_23229","Isocortex",1
"Cell_23887","Isocortex",1
"Cell_24681","Isocortex",1
"Cell_25005","Isocortex",1
"Cell_25106","Isocortex",1
"Cell_25199","Isocortex",1
"Cell_25268","Isocortex",1
"Cell_25627","Isocortex",1
"Cell_25706","Isocortex",1
"Cell_26339","Isocortex",0.950648269512526
"Cell_26632","Isocortex",1
"Cell_27019","Isocortex",1
"Cell_27033","Isocortex",1
"Cell_27660","Isocortex",1
"Cell_27926","Isocortex",1
"Cell_28037","Isocortex",1
"Cell_28380","Isocortex",1
"Cell_29763","Isocortex",1
"Cell_29915","Isocortex",1
"Cell_29940","Isocortex",1
"Cell_30589","Isocortex",1
"Cell_31628","Isocortex",1
"Cell_32018","Isocortex",1
"Cell_32836","Isocortex",1
"Cell_32857","Isocortex",1
"Cell_33903","Isocortex",1
"Cell_34106","Isocortex",0.999999999999999
"Cell_34138","Isocortex",1
"Cell_34576","Isocortex",1
"Cell_35103","Isocortex",1
"Cell_35463","Isocortex",1
"Cell_35797","Isocortex",1
"Cell_36361","Isocortex",1
"Cell_37695","Isocortex",1
"Cell_39871","Isocortex",1
"Cell_40208","Isocortex",0.996288586922791
"Cell_40471","Isocortex",1
"Cell_40854","Isocortex",1
"Cell_41778","Isocortex",0.95566475901884
"Cell_42537","Isocortex",1
"Cell_42571","Isocortex",1
"Cell_42782","Isocortex",1
"Cell_43184","Isocortex",1
"Cell_43412","Isocortex",1
"Cell_43697","Isocortex",1
"Cell_44299","Isocortex",1
"Cell_44341","Isocortex",1
"Cell_44854","Isocortex",1
"Cell_32582","Isocortex",1
"Cell_41043","Isocortex",1
"Cell_38117","Isocortex",1
"Cell_39179","Isocortex",1
"Cell_447","Isocortex",0.999999999999999
"Cell_703","Isocortex",1
"Cell_2606","Isocortex",1
"Cell_2877","Isocortex",1
"Cell_2889","Isocortex",1
"Cell_3668","Isocortex",1
"Cell_3925","Isocortex",1
"Cell_6363","Isocortex",1
"Cell_7464","Isocortex",1
"Cell_7574","Isocortex",1
"Cell_7888","Isocortex",1
"Cell_8893","Isocortex",1
"Cell_10294","Isocortex",1
"Cell_10347","Isocortex",1
"Cell_10413","Isocortex",1
"Cell_10450","Isocortex",1
"Cell_10680","Isocortex",1
"Cell_10762","Isocortex",1
"Cell_11707","Isocortex",1
"Cell_11714","Isocortex",1
"Cell_12386","Isocortex",1
"Cell_12408","Isocortex",1
"Cell_13348","Isocortex",1
"Cell_14460","Isocortex",1
"Cell_14576","Isocortex",1
"Cell_14651","Isocortex",1
"Cell_14755","Isocortex",1
"Cell_19137","Isocortex",1
"Cell_19147","Isocortex",1
"Cell_20330","Isocortex",1
"Cell_22130","Isocortex",1
"Cell_22160","Isocortex",1
"Cell_23742","Isocortex",1
"Cell_24072","Isocortex",1
"Cell_24162","Isocortex",1
"Cell_26770","Isocortex",1
"Cell_26854","Isocortex",1
"Cell_28525","Isocortex",1
"Cell_28746","Isocortex",1
"Cell_30423","Isocortex",1
"Cell_30574","Isocortex",1
"Cell_30699","Isocortex",1
"Cell_31633","Isocortex",1
"Cell_31847","Isocortex",1
"Cell_32660","Isocortex",1
"Cell_32763","Isocortex",1
"Cell_34212","Isocortex",1
"Cell_36255","Isocortex",1
"Cell_38512","Isocortex",1
"Cell_38545","Isocortex",1
"Cell_39365","Isocortex",1
"Cell_40014","Isocortex",1
"Cell_40507","Isocortex",1
"Cell_41388","Isocortex",1
"Cell_42269","Isocortex",1
"Cell_44288","Isocortex",0.999999999999999
"Cell_44566","Isocortex",1
"Cell_2501","Isocortex",1
"Cell_27954","Isocortex",1
"Cell_29308","Isocortex",1
"Cell_43876","Isocortex",1
"Cell_44654","Isocortex",1
"Cell_263","Isocortex",1
"Cell_12982","Isocortex",0.999999999999999
"Cell_17489","Isocortex",1
"Cell_23402","Isocortex",1
"Cell_38912","Isocortex",1
"Cell_39114","Isocortex",1
"Cell_209","Isocortex",1
"Cell_355","Isocortex",1
"Cell_1158","Isocortex",1
"Cell_2615","Isocortex",1
"Cell_2864","Isocortex",1
"Cell_3387","Isocortex",1
"Cell_3517","Isocortex",1
"Cell_3663","Isocortex",1
"Cell_4527","Isocortex",1
"Cell_5838","Isocortex",1
"Cell_6298","Isocortex",1
"Cell_7517","Isocortex",1
"Cell_8000","Isocortex",1
"Cell_8360","Isocortex",1
"Cell_9250","Isocortex",1
"Cell_9506","Isocortex",1
"Cell_9867","Isocortex",1
"Cell_10467","Isocortex",1
"Cell_11498","Isocortex",1
"Cell_11736","Isocortex",0.99960270630001
"Cell_12852","Isocortex",1
"Cell_14016","Isocortex",1
"Cell_14229","Isocortex",1
"Cell_14292","Isocortex",1
"Cell_14912","Isocortex",1
"Cell_15487","Isocortex",1
"Cell_16672","Isocortex",1
"Cell_18751","Isocortex",1
"Cell_19462","Isocortex",0.999999999999999
"Cell_19695","Isocortex",1
"Cell_22320","Isocortex",1
"Cell_22328","Isocortex",1
"Cell_22652","Isocortex",1
"Cell_22889","Isocortex",1
"Cell_23070","Isocortex",1
"Cell_25533","Isocortex",1
"Cell_26061","Isocortex",1
"Cell_26139","Isocortex",1
"Cell_26195","Isocortex",1
"Cell_26234","Isocortex",1
"Cell_26554","Isocortex",1
"Cell_26995","Isocortex",1
"Cell_27162","Isocortex",1
"Cell_28325","Isocortex",1
"Cell_33845","Isocortex",1
"Cell_38881","Isocortex",1
"Cell_39005","Isocortex",1
"Cell_39325","Isocortex",1
"Cell_39932","Isocortex",1
"Cell_40644","Isocortex",1
"Cell_41670","Isocortex",1
"Cell_42610","Isocortex",1
"Cell_43602","Isocortex",1
"Cell_43776","Isocortex",1
"Cell_44442","Isocortex",1
"Cell_45156","Isocortex",1
"Cell_335","Isocortex",1
"Cell_4269","Isocortex",1
"Cell_10510","Isocortex",1
"Cell_14191","Isocortex",1
"Cell_15043","Isocortex",1
"Cell_19098","Isocortex",1
"Cell_22714","Isocortex",1
"Cell_23593","Isocortex",1
"Cell_24689","Isocortex",1
"Cell_25175","Isocortex",1
"Cell_32546","Isocortex",1
"Cell_33739","Isocortex",1
"Cell_33907","Isocortex",1
"Cell_35493","Isocortex",1
"Cell_36959","Isocortex",1
"Cell_37592","Isocortex",1
"Cell_37979","Isocortex",1
"Cell_38250","Isocortex",1
"Cell_39097","Isocortex",0.999924041303303
"Cell_41985","Isocortex",1
"Cell_43856","Isocortex",1
"Cell_25997","Isocortex",1
"Cell_32979","Isocortex",1
"Cell_44833","Isocortex",1
"Cell_701","Isocortex",1
"Cell_1954","Isocortex",1
"Cell_4182","Isocortex",1
"Cell_5246","Isocortex",1
"Cell_15121","Isocortex",1
"Cell_15218","Isocortex",1
"Cell_19606","Isocortex",1
"Cell_19650","Isocortex",1
"Cell_19792","Isocortex",1
"Cell_23680","Isocortex",1
"Cell_33086","Isocortex",1
"Cell_35457","Isocortex",1
"Cell_36718","Isocortex",1
"Cell_40358","Isocortex",1
"Cell_40781","Isocortex",1
"Cell_43251","Isocortex",1
"Cell_44191","Isocortex",1
"Cell_6094","Isocortex",1
"Cell_22210","Isocortex",1
"Cell_25497","Isocortex",0.999870950495967
"Cell_25587","Isocortex",1
"Cell_27468","Isocortex",1
"Cell_30592","Isocortex",1
"Cell_43250","Isocortex",1
"Cell_44600","Isocortex",0.999999999999999
"Cell_9617","Isocortex",1
"Cell_13132","Isocortex",1
"Cell_15033","Isocortex",1
"Cell_15136","Isocortex",1
"Cell_19069","Isocortex",1
"Cell_32379","Isocortex",1
"Cell_41456","Isocortex",1
"Cell_43055","Isocortex",1
"Cell_28401","Isocortex",1
"Cell_28154","Isocortex",1
"Cell_37877","Isocortex",1
"Cell_38294","Isocortex",1
"Cell_43990","Isocortex",1
"Cell_44484","Isocortex",1
"Cell_12006","Isocortex",1
"Cell_5113","Isocortex",0.959736423785286
"Cell_2987","CA3sp",1
"Cell_4439","CA3sp",0.999999999999999
"Cell_4558","CA3sp",1
"Cell_11244","CA3sp",1
"Cell_12327","CA3sp",1
"Cell_15401","CA3sp",1
"Cell_15927","CA3sp",1
"Cell_17000","CA3sp",0.999999999999999
"Cell_18209","CA3sp",1
"Cell_25650","CA3sp",0.983095085016918
"Cell_35183","CA3sp",1
"Cell_35610","CA3sp",1
"Cell_38298","CA3sp",1
"Cell_45196","CA3sp",1
"Cell_7878","CA3sp",1
"Cell_8102","CA3sp",1
"Cell_42305","CA3sp",1
"Cell_4973","CA3sp",1
"Cell_8787","CA3sp",1
"Cell_9615","CA3sp",1
"Cell_11889","CA3sp",1
"Cell_13289","CA3sp",1
"Cell_21091","CA3sp",1
"Cell_22851","CA3sp",1
"Cell_23829","CA3sp",1
"Cell_26262","CA3sp",1
"Cell_8387","CA3sp",1
"Cell_29672","CA3sp",1
"Cell_1610","CA3sp",1
"Cell_5192","CA3sp",1
"Cell_7001","CA3sp",1
"Cell_13048","CA3sp",1
"Cell_22336","CA3sp",1
"Cell_32075","CA3sp",1
"Cell_1403","CA3sp",1
"Cell_2040","CA3sp",1
"Cell_2623","CA3sp",1
"Cell_5687","CA3sp",1
"Cell_6450","CA3sp",1
"Cell_6922","CA3sp",1
"Cell_8018","CA3sp",1
"Cell_8125","CA3sp",1
"Cell_9082","CA3sp",1
"Cell_9873","CA3sp",1
"Cell_9925","CA3sp",1
"Cell_10110","CA3sp",1
"Cell_10386","CA3sp",1
"Cell_10860","CA3sp",1
"Cell_11309","CA3sp",1
"Cell_13146","CA3sp",1
"Cell_13466","CA3sp",1
"Cell_14822","CA3sp",1
"Cell_16374","CA3sp",1
"Cell_17629","CA3sp",1
"Cell_17674","CA3sp",1
"Cell_17952","CA3sp",1
"Cell_18579","CA3sp",1
"Cell_20156","CA3sp",1
"Cell_20614","CA3sp",1
"Cell_22690","CA3sp",1
"Cell_23235","CA3sp",1
"Cell_27913","CA3sp",1
"Cell_28241","CA3sp",0.999999999999999
"Cell_28645","CA3sp",1
"Cell_29443","CA3sp",1
"Cell_30415","CA3sp",1
"Cell_30790","CA3sp",0.990920559850164
"Cell_32372","CA3sp",1
"Cell_32429","CA3sp",1
"Cell_33835","CA3sp",1
"Cell_34028","CA3sp",1
"Cell_34766","CA3sp",1
"Cell_34892","CA3sp",1
"Cell_36001","CA3sp",1
"Cell_36040","CA3sp",1
"Cell_36184","CA3sp",1
"Cell_36269","CA3sp",1
"Cell_37022","CA3sp",1
"Cell_37708","CA3sp",1
"Cell_38718","CA3sp",1
"Cell_39604","CA3sp",1
"Cell_39628","CA3sp",1
"Cell_39744","CA3sp",0.999999999999999
"Cell_41754","CA3sp",0.999999999999999
"Cell_42664","CA3sp",1
"Cell_43898","CA3sp",1
"Cell_44209","CA3sp",1
"Cell_44817","CA3sp",1
"Cell_912","CA3sp",1
"Cell_1755","CA3sp",1
"Cell_2126","CA3sp",1
"Cell_2357","CA3sp",1
"Cell_2359","CA3sp",1
"Cell_2523","CA3sp",1
"Cell_2752","CA3sp",1
"Cell_3879","CA3sp",1
"Cell_4030","CA3sp",1
"Cell_4593","CA3sp",1
"Cell_5363","CA3sp",1
"Cell_5806","CA3sp",1
"Cell_6093","CA3sp",0.999999999999999
"Cell_6602","CA3sp",1
"Cell_7174","CA3sp",1
"Cell_8975","CA3sp",1
"Cell_9272","CA3sp",1
"Cell_10145","CA3sp",1
"Cell_10337","CA3sp",1
"Cell_10708","CA3sp",1
"Cell_11094","CA3sp",1
"Cell_11229","CA3sp",1
"Cell_11421","CA3sp",1
"Cell_11710","CA3sp",1
"Cell_12861","CA3sp",1
"Cell_12868","CA3sp",1
"Cell_17885","CA3sp",1
"Cell_19128","CA3sp",1
"Cell_20314","CA3sp",0.999223427605907
"Cell_20352","CA3sp",1
"Cell_21123","CA3sp",1
"Cell_21585","CA3sp",1
"Cell_21656","CA3sp",0.996924425105603
"Cell_22196","CA3sp",1
"Cell_22242","CA3sp",1
"Cell_22393","CA3sp",1
"Cell_23509","CA3sp",1
"Cell_24112","CA3sp",1
"Cell_24778","CA3sp",1
"Cell_25013","CA3sp",0.962064789071777
"Cell_25812","CA3sp",1
"Cell_25999","CA3sp",1
"Cell_27178","CA3sp",1
"Cell_27374","CA3sp",1
"Cell_27947","CA3sp",1
"Cell_27987","CA3sp",1
"Cell_29223","CA3sp",1
"Cell_30257","CA3sp",1
"Cell_31872","CA3sp",1
"Cell_32932","CA3sp",1
"Cell_33063","CA3sp",1
"Cell_33214","CA3sp",1
"Cell_33395","CA3sp",0.999999999999999
"Cell_34983","CA3sp",1
"Cell_36671","CA3sp",1
"Cell_38625","CA3sp",1
"Cell_38760","CA3sp",1
"Cell_39942","CA3sp",1
"Cell_40238","CA3sp",1
"Cell_42108","CA3sp",1
"Cell_42264","CA3sp",0.999999999999999
"Cell_42842","CA3sp",1
"Cell_42921","CA3sp",1
"Cell_43618","CA3sp",1
"Cell_43673","CA3sp",1
"Cell_43998","CA3sp",1
"Cell_44779","CA3sp",1
"Cell_44784","CA3sp",1
"Cell_1623","CA3sp",1
"Cell_13139","CA3sp",1
"Cell_13193","CA3sp",1
"Cell_20208","CA3sp",1
"Cell_20981","CA3sp",1
"Cell_25557","CA3sp",1
"Cell_28071","CA3sp",1
"Cell_1981","CA3sp",1
"Cell_4449","CA3sp",1
"Cell_18465","CA3sp",1
"Cell_19966","CA3sp",1
"Cell_28826","CA3sp",1
"Cell_43586","CA3sp",1
"Cell_44085","CA3sp",1
"Cell_765","CA3sp",1
"Cell_1696","CA3sp",1
"Cell_2062","CA3sp",1
"Cell_4203","CA3sp",1
"Cell_5706","CA3sp",0.999999999999999
"Cell_5863","CA3sp",1
"Cell_5929","CA3sp",1
"Cell_7335","CA3sp",1
"Cell_7615","CA3sp",1
"Cell_10225","CA3sp",1
"Cell_10339","CA3sp",1
"Cell_13586","CA3sp",0.999999999999999
"Cell_13724","CA3sp",0.999999999999999
"Cell_14135","CA3sp",0.990873716912992
"Cell_15986","CA3sp",1
"Cell_16255","CA3sp",0.999999999999999
"Cell_16808","CA3sp",1
"Cell_17912","CA3sp",1
"Cell_18667","CA3sp",1
"Cell_18744","CA3sp",1
"Cell_20431","CA3sp",1
"Cell_22901","CA3sp",1
"Cell_23082","CA3sp",1
"Cell_24237","CA3sp",1
"Cell_25481","CA3sp",0.999999999999999
"Cell_25739","CA3sp",1
"Cell_26296","CA3sp",1
"Cell_26468","CA3sp",1
"Cell_26931","CA3sp",1
"Cell_27471","CA3sp",1
"Cell_27895","CA3sp",1
"Cell_29750","CA3sp",1
"Cell_30178","CA3sp",1
"Cell_31801","CA3sp",1
"Cell_34453","CA3sp",1
"Cell_35416","CA3sp",1
"Cell_36339","CA3sp",1
"Cell_36495","CA3sp",1
"Cell_37037","CA3sp",1
"Cell_37336","CA3sp",0.954304439975641
"Cell_38365","CA3sp",1
"Cell_39960","CA3sp",1
"Cell_40166","CA3sp",1
"Cell_41148","CA3sp",1
"Cell_42037","CA3sp",1
"Cell_42529","CA3sp",1
"Cell_42579","CA3sp",1
"Cell_42918","CA3sp",1
"Cell_24","CA3sp",1
"Cell_144","CA3sp",1
"Cell_748","CA3sp",1
"Cell_850","CA3sp",1
"Cell_1352","CA3sp",1
"Cell_3926","CA3sp",0.986270158998038
"Cell_4082","CA3sp",0.985254143143225
"Cell_4342","CA3sp",0.988385151299703
"Cell_4550","CA3sp",1
"Cell_4601","CA3sp",1
"Cell_4874","CA3sp",1
"Cell_5022","CA3sp",1
"Cell_5248","CA3sp",1
"Cell_5610","CA3sp",1
"Cell_5670","CA3sp",1
"Cell_5996","CA3sp",1
"Cell_6950","CA3sp",1
"Cell_7034","CA3sp",1
"Cell_7119","CA3sp",1
"Cell_7496","CA3sp",1
"Cell_7877","CA3sp",1
"Cell_7973","CA3sp",1
"Cell_8169","CA3sp",1
"Cell_8214","CA3sp",1
"Cell_8372","CA3sp",1
"Cell_8404","CA3sp",1
"Cell_9578","CA3sp",1
"Cell_9608","CA3sp",1
"Cell_10371","CA3sp",1
"Cell_10428","CA3sp",1
"Cell_10470","CA3sp",1
"Cell_11197","CA3sp",1
"Cell_11352","CA3sp",1
"Cell_11463","CA3sp",1
"Cell_11746","CA3sp",1
"Cell_12018","CA3sp",1
"Cell_14597","CA3sp",1
"Cell_15535","CA3sp",1
"Cell_15657","CA3sp",1
"Cell_15869","CA3sp",0.99964321091466
"Cell_16298","CA3sp",1
"Cell_16467","CA3sp",1
"Cell_16574","CA3sp",1
"Cell_17719","CA3sp",1
"Cell_18114","CA3sp",1
"Cell_18686","CA3sp",1
"Cell_18832","CA3sp",1
"Cell_18835","CA3sp",1
"Cell_18875","CA3sp",1
"Cell_19295","CA3sp",1
"Cell_20111","CA3sp",1
"Cell_20296","CA3sp",1
"Cell_21061","CA3sp",1
"Cell_21352","CA3sp",1
"Cell_21457","CA3sp",1
"Cell_22429","CA3sp",1
"Cell_22465","CA3sp",1
"Cell_23014","CA3sp",1
"Cell_23046","CA3sp",1
"Cell_23242","CA3sp",1
"Cell_23628","CA3sp",1
"Cell_24293","CA3sp",1
"Cell_24362","CA3sp",1
"Cell_25067","CA3sp",1
"Cell_25522","CA3sp",1
"Cell_25669","CA3sp",1
"Cell_25705","CA3sp",1
"Cell_26035","CA3sp",1
"Cell_26163","CA3sp",1
"Cell_26245","CA3sp",1
"Cell_26759","CA3sp",1
"Cell_27358","CA3sp",1
"Cell_27962","CA3sp",1
"Cell_28028","CA3sp",1
"Cell_28472","CA3sp",1
"Cell_28480","CA3sp",1
"Cell_29000","CA3sp",1
"Cell_29095","CA3sp",1
"Cell_29519","CA3sp",1
"Cell_29544","CA3sp",1
"Cell_29704","CA3sp",1
"Cell_30437","CA3sp",1
"Cell_30453","CA3sp",1
"Cell_31944","CA3sp",1
"Cell_32049","CA3sp",1
"Cell_32340","CA3sp",1
"Cell_32378","CA3sp",1
"Cell_32581","CA3sp",0.999999999999999
"Cell_32859","CA3sp",0.999687225169471
"Cell_33266","CA3sp",1
"Cell_33870","CA3sp",1
"Cell_33964","CA3sp",1
"Cell_33995","CA3sp",1
"Cell_34972","CA3sp",1
"Cell_35277","CA3sp",1
"Cell_35370","CA3sp",1
"Cell_35717","CA3sp",1
"Cell_35832","CA3sp",1
"Cell_36197","CA3sp",1
"Cell_37369","CA3sp",1
"Cell_37991","CA3sp",1
"Cell_38379","CA3sp",1
"Cell_38710","CA3sp",1
"Cell_38882","CA3sp",1
"Cell_39327","CA3sp",1
"Cell_39725","CA3sp",1
"Cell_40242","CA3sp",1
"Cell_40513","CA3sp",1
"Cell_40696","CA3sp",1
"Cell_41067","CA3sp",1
"Cell_41177","CA3sp",1
"Cell_41297","CA3sp",1
"Cell_41393","CA3sp",1
"Cell_41531","CA3sp",1
"Cell_41563","CA3sp",1
"Cell_42302","CA3sp",1
"Cell_42736","CA3sp",0.999999999999999
"Cell_43150","CA3sp",1
"Cell_43748","CA3sp",1
"Cell_43831","CA3sp",1
"Cell_44159","CA3sp",1
"Cell_44755","CA3sp",1
"Cell_2289","CA3sp",1
"Cell_10681","CA3sp",1
"Cell_25386","CA3sp",1
"Cell_29884","CA3sp",1
"Cell_32359","CA3sp",1
"Cell_32534","CA3sp",1
"Cell_40418","CA3sp",1
"Cell_40571","CA3sp",1
"Cell_43125","CA3sp",1
"Cell_14305","CA3sp",1
"Cell_11726","CA3sp",1
"Cell_28148","CA3sp",1
"Cell_843","CA3sp",1
"Cell_9656","CA3sp",1
"Cell_10532","CA3sp",1
"Cell_14541","CA3sp",1
"Cell_44948","CA3sp",1
"Cell_20865","CA3sp",1
"Cell_22187","CA3sp",0.999999999999999
"Cell_30401","CA3sp",1
"Cell_35539","CA3sp",1
"Cell_42130","CA3sp",1
"Cell_45115","CA3sp",1
"Cell_45216","CA3sp",1
"Cell_45169","CA3sp",1
"Cell_240","CA3sp",1
"Cell_11775","CA3sp",0.999999999999999
"Cell_14485","CA3sp",1
"Cell_17825","CA3sp",1
"Cell_28818","CA3sp",1
"Cell_42733","CA3sp",1
"Cell_43755","CA3sp",1
"Cell_44773","CA3sp",1
"Cell_29212","CA3sp",1
"Cell_3050","Isocortex",1
"Cell_5895","Isocortex",1
"Cell_22671","Isocortex",1
"Cell_31121","Isocortex",0.983520352515996
"Cell_22409","Isocortex",0.993508767869687
"Cell_9921","Isocortex",1
"Cell_27479","Isocortex",1
"Cell_37798","Isocortex",1
"Cell_3006","Isocortex",1
"Cell_6435","Isocortex",1
"Cell_13883","Isocortex",1
"Cell_19032","Isocortex",1
"Cell_23418","Isocortex",1
"Cell_31807","Isocortex",0.985637533564473
"Cell_32821","Isocortex",0.99885424756293
"Cell_42582","Isocortex",1
"Cell_9129","Isocortex",1
"Cell_11321","Isocortex",1
"Cell_26677","Isocortex",0.999999999999999
"Cell_27715","Isocortex",1
"Cell_28323","Isocortex",1
"Cell_44246","Isocortex",1
"Cell_39407","Isocortex",1
"Cell_2522","Isocortex",1
"Cell_6767","Isocortex",1
"Cell_18264","Isocortex",0.969165992604356
"Cell_32241","Isocortex",1
"Cell_39784","Isocortex",1
"Cell_40236","Isocortex",1
"Cell_19610","Isocortex",1
"Cell_22237","Isocortex",1
"Cell_17213","Isocortex",1
"Cell_3131","Isocortex",1
"Cell_15411","Isocortex",1
"Cell_23635","Isocortex",1
"Cell_32043","Isocortex",1
"Cell_19113","Isocortex",1
"Cell_5483","Isocortex",1
"Cell_6927","Isocortex",1
"Cell_21766","Isocortex",1
"Cell_29196","Isocortex",1
"Cell_43226","Isocortex",1
"Cell_44646","Isocortex",1
"Cell_25243","Isocortex",1
"Cell_39714","Isocortex",1
"Cell_127","Isocortex",1
"Cell_432","Isocortex",1
"Cell_844","Isocortex",1
"Cell_4692","Isocortex",1
"Cell_16734","Isocortex",1
"Cell_32984","Isocortex",1
"Cell_22753","Isocortex",1
"Cell_23425","Isocortex",1
"Cell_38851","Isocortex",1
"Cell_284","Isocortex",1
"Cell_1443","Isocortex",1
"Cell_2591","Isocortex",1
"Cell_2856","Isocortex",1
"Cell_3361","Isocortex",0.984866557974779
"Cell_5264","Isocortex",1
"Cell_5709","Isocortex",1
"Cell_8135","Isocortex",1
"Cell_10813","Isocortex",1
"Cell_11010","Isocortex",1
"Cell_12733","Isocortex",1
"Cell_13344","Isocortex",1
"Cell_15788","Isocortex",1
"Cell_15811","Isocortex",0.999419616745913
"Cell_16513","Isocortex",1
"Cell_16800","Isocortex",1
"Cell_18812","Isocortex",1
"Cell_20278","Isocortex",1
"Cell_21306","Isocortex",1
"Cell_23933","Isocortex",1
"Cell_24568","Isocortex",1
"Cell_24845","Isocortex",0.999389382440586
"Cell_28524","Isocortex",1
"Cell_30350","Isocortex",1
"Cell_36152","Isocortex",1
"Cell_38729","Isocortex",0.995866783845263
"Cell_40351","Isocortex",1
"Cell_40373","Isocortex",1
"Cell_40686","Isocortex",1
"Cell_40788","Isocortex",1
"Cell_41454","Isocortex",1
"Cell_42358","Isocortex",1
"Cell_43805","Isocortex",1
"Cell_44734","Isocortex",1
"Cell_45047","Isocortex",1
"Cell_379","Isocortex",1
"Cell_1964","Isocortex",1
"Cell_5875","Isocortex",1
"Cell_5938","Isocortex",1
"Cell_6505","Isocortex",0.994164347296195
"Cell_7026","Isocortex",1
"Cell_7085","Isocortex",1
"Cell_7636","Isocortex",1
"Cell_7724","Isocortex",1
"Cell_7927","Isocortex",1
"Cell_8849","Isocortex",1
"Cell_9435","Isocortex",1
"Cell_9991","Isocortex",1
"Cell_11418","Isocortex",1
"Cell_13070","Isocortex",1
"Cell_14486","Isocortex",1
"Cell_15465","Isocortex",1
"Cell_16140","Isocortex",1
"Cell_16636","Isocortex",1
"Cell_17379","Isocortex",0.99988948284255
"Cell_17665","Isocortex",1
"Cell_18599","Isocortex",1
"Cell_19968","Isocortex",1
"Cell_20607","Isocortex",1
"Cell_21520","Isocortex",1
"Cell_23948","Isocortex",1
"Cell_25065","Isocortex",1
"Cell_25925","Isocortex",1
"Cell_27373","Isocortex",1
"Cell_27412","Isocortex",1
"Cell_29782","Isocortex",1
"Cell_29803","Isocortex",0.999999999999999
"Cell_30441","Isocortex",1
"Cell_30638","Isocortex",0.999999999999999
"Cell_30779","Isocortex",1
"Cell_31239","Isocortex",1
"Cell_31314","Isocortex",1
"Cell_32596","Isocortex",1
"Cell_33222","Isocortex",1
"Cell_33695","Isocortex",1
"Cell_33830","Isocortex",1
"Cell_34207","Isocortex",1
"Cell_34382","Isocortex",1
"Cell_34660","Isocortex",1
"Cell_35356","Isocortex",1
"Cell_35834","Isocortex",1
"Cell_36221","Isocortex",1
"Cell_36507","Isocortex",1
"Cell_36597","Isocortex",0.953595038554396
"Cell_36755","Isocortex",1
"Cell_37442","Isocortex",1
"Cell_41817","Isocortex",1
"Cell_42328","Isocortex",1
"Cell_42531","Isocortex",1
"Cell_42936","Isocortex",1
"Cell_43058","Isocortex",1
"Cell_29","Isocortex",1
"Cell_1461","Isocortex",1
"Cell_1483","Isocortex",1
"Cell_2054","Isocortex",1
"Cell_2399","Isocortex",1
"Cell_2716","Isocortex",1
"Cell_5856","Isocortex",1
"Cell_6190","Isocortex",1
"Cell_7104","Isocortex",1
"Cell_7604","Isocortex",1
"Cell_8337","Isocortex",1
"Cell_9886","Isocortex",0.999784304532416
"Cell_12084","Isocortex",1
"Cell_12564","Isocortex",1
"Cell_13142","Isocortex",1
"Cell_13670","Isocortex",1
"Cell_14875","Isocortex",1
"Cell_15969","Isocortex",1
"Cell_16078","Isocortex",1
"Cell_17129","Isocortex",1
"Cell_17431","Isocortex",1
"Cell_17667","Isocortex",1
"Cell_18552","Isocortex",1
"Cell_18625","Isocortex",1
"Cell_19163","Isocortex",1
"Cell_20718","Isocortex",1
"Cell_22375","Isocortex",1
"Cell_22563","Isocortex",1
"Cell_23227","Isocortex",1
"Cell_23432","Isocortex",1
"Cell_24074","Isocortex",1
"Cell_24274","Isocortex",1
"Cell_24421","Isocortex",1
"Cell_25371","Isocortex",1
"Cell_25698","Isocortex",1
"Cell_25762","Isocortex",1
"Cell_25959","Isocortex",1
"Cell_26018","Isocortex",1
"Cell_26116","Isocortex",1
"Cell_26829","Isocortex",1
"Cell_27046","Isocortex",1
"Cell_27411","Isocortex",1
"Cell_27533","Isocortex",1
"Cell_28396","Isocortex",1
"Cell_28630","Isocortex",1
"Cell_28753","Isocortex",1
"Cell_28971","Isocortex",1
"Cell_29346","Isocortex",1
"Cell_29390","Isocortex",1
"Cell_30173","Isocortex",0.952980469989407
"Cell_30560","Isocortex",1
"Cell_30804","Isocortex",0.963321630146521
"Cell_30811","Isocortex",1
"Cell_30895","Isocortex",1
"Cell_31229","Isocortex",1
"Cell_31276","Isocortex",1
"Cell_31397","Isocortex",1
"Cell_31446","Isocortex",1
"Cell_33311","Isocortex",1
"Cell_33337","Isocortex",1
"Cell_33494","Isocortex",1
"Cell_33699","Isocortex",1
"Cell_35065","Isocortex",1
"Cell_36354","Isocortex",1
"Cell_36997","Isocortex",1
"Cell_38007","Isocortex",1
"Cell_38137","Isocortex",1
"Cell_38424","Isocortex",1
"Cell_39058","Isocortex",1
"Cell_39145","Isocortex",1
"Cell_40137","Isocortex",1
"Cell_40306","Isocortex",1
"Cell_40964","Isocortex",1
"Cell_41021","Isocortex",1
"Cell_42160","Isocortex",1
"Cell_42573","Isocortex",1
"Cell_43882","Isocortex",1
"Cell_43979","Isocortex",0.990171819068812
"Cell_44185","Isocortex",1
"Cell_44342","Isocortex",0.999999999999999
"Cell_44432","Isocortex",1
"Cell_7672","Isocortex",1
"Cell_10634","Isocortex",0.999919842215118
"Cell_10839","Isocortex",1
"Cell_11206","Isocortex",1
"Cell_30114","Isocortex",1
"Cell_32779","Isocortex",1
"Cell_37448","Isocortex",1
"Cell_5854","Isocortex",0.980477223516088
"Cell_15381","Isocortex",1
"Cell_16943","Isocortex",1
"Cell_39036","Isocortex",1
"Cell_41631","Isocortex",1
"Cell_42874","Isocortex",1
"Cell_45055","Isocortex",1
"Cell_2512","Isocortex",1
"Cell_32986","Isocortex",1
"Cell_110","Isocortex",1
"Cell_582","Isocortex",1
"Cell_1040","Isocortex",1
"Cell_1135","Isocortex",1
"Cell_1543","Isocortex",1
"Cell_3855","Isocortex",1
"Cell_5027","Isocortex",1
"Cell_6179","Isocortex",0.996918558923865
"Cell_6905","Isocortex",1
"Cell_6953","Isocortex",1
"Cell_7140","Isocortex",1
"Cell_7967","Isocortex",1
"Cell_9199","Isocortex",1
"Cell_9542","Isocortex",1
"Cell_10417","Isocortex",1
"Cell_10658","Isocortex",1
"Cell_10964","Isocortex",1
"Cell_11109","Isocortex",1
"Cell_11344","Isocortex",1
"Cell_14256","Isocortex",1
"Cell_17364","Isocortex",1
"Cell_17864","Isocortex",1
"Cell_18730","Isocortex",1
"Cell_19022","Isocortex",1
"Cell_19585","Isocortex",1
"Cell_19680","Isocortex",1
"Cell_19931","Isocortex",1
"Cell_20186","Isocortex",1
"Cell_21643","Isocortex",1
"Cell_22617","Isocortex",1
"Cell_22866","Isocortex",1
"Cell_24131","Isocortex",1
"Cell_24913","Isocortex",1
"Cell_25756","Isocortex",1
"Cell_26907","Isocortex",1
"Cell_27466","Isocortex",1
"Cell_27825","Isocortex",1
"Cell_28098","Isocortex",1
"Cell_29688","Isocortex",1
"Cell_32655","Isocortex",1
"Cell_32688","Isocortex",0.999432896768701
"Cell_32759","Isocortex",0.999999999999999
"Cell_33824","Isocortex",1
"Cell_34060","Isocortex",1
"Cell_34694","Isocortex",1
"Cell_35173","Isocortex",1
"Cell_35887","Isocortex",1
"Cell_35932","Isocortex",1
"Cell_36017","Isocortex",1
"Cell_37236","Isocortex",1
"Cell_37529","Isocortex",1
"Cell_37530","Isocortex",1
"Cell_39230","Isocortex",1
"Cell_39291","Isocortex",1
"Cell_40906","Isocortex",1
"Cell_41322","Isocortex",1
"Cell_41771","Isocortex",1
"Cell_12135","Isocortex",1
"Cell_2423","Isocortex",0.997895163794696
"Cell_17438","Isocortex",1
"Cell_31288","Isocortex",1
"Cell_538","Isocortex",1
"Cell_692","Isocortex",1
"Cell_1787","Isocortex",1
"Cell_2233","Isocortex",1
"Cell_2330","Isocortex",1
"Cell_2575","Isocortex",1
"Cell_3388","Isocortex",1
"Cell_3447","Isocortex",0.999999999999999
"Cell_3704","Isocortex",1
"Cell_5088","Isocortex",1
"Cell_5180","Isocortex",1
"Cell_5498","Isocortex",1
"Cell_5750","Isocortex",1
"Cell_5927","Isocortex",1
"Cell_6335","Isocortex",1
"Cell_7497","Isocortex",1
"Cell_7536","Isocortex",1
"Cell_7893","Isocortex",1
"Cell_8226","Isocortex",1
"Cell_8344","Isocortex",1
"Cell_8516","Isocortex",1
"Cell_8574","Isocortex",1
"Cell_8693","Isocortex",1
"Cell_8703","Isocortex",1
"Cell_11134","Isocortex",1
"Cell_12370","Isocortex",1
"Cell_13693","Isocortex",1
"Cell_15050","Isocortex",1
"Cell_15946","Isocortex",1
"Cell_16993","Isocortex",1
"Cell_17148","Isocortex",1
"Cell_18034","Isocortex",1
"Cell_18188","Isocortex",1
"Cell_18303","Isocortex",1
"Cell_18640","Isocortex",1
"Cell_19112","Isocortex",1
"Cell_19308","Isocortex",1
"Cell_20130","Isocortex",1
"Cell_20161","Isocortex",1
"Cell_20731","Isocortex",1
"Cell_21453","Isocortex",0.959151202061511
"Cell_22609","Isocortex",1
"Cell_22769","Isocortex",1
"Cell_22797","Isocortex",1
"Cell_23390","Isocortex",1
"Cell_23422","Isocortex",0.986444374074457
"Cell_23528","Isocortex",1
"Cell_23590","Isocortex",0.999999999999999
"Cell_23648","Isocortex",1
"Cell_25350","Isocortex",1
"Cell_25673","Isocortex",1
"Cell_26909","Isocortex",1
"Cell_26991","Isocortex",0.976202905857504
"Cell_27052","Isocortex",1
"Cell_27206","Isocortex",1
"Cell_27339","Isocortex",1
"Cell_27405","Isocortex",1
"Cell_27514","Isocortex",1
"Cell_27921","Isocortex",1
"Cell_28379","Isocortex",1
"Cell_28473","Isocortex",1
"Cell_28638","Isocortex",1
"Cell_28771","Isocortex",1
"Cell_29028","Isocortex",1
"Cell_29832","Isocortex",1
"Cell_33816","Isocortex",1
"Cell_34380","Isocortex",1
"Cell_34430","Isocortex",1
"Cell_34621","Isocortex",1
"Cell_35627","Isocortex",1
"Cell_35936","Isocortex",1
"Cell_36270","Isocortex",1
"Cell_37834","Isocortex",0.994122883486475
"Cell_38629","Isocortex",1
"Cell_39101","Isocortex",1
"Cell_39817","Isocortex",1
"Cell_40046","Isocortex",1
"Cell_40839","Isocortex",1
"Cell_42414","Isocortex",1
"Cell_42706","Isocortex",1
"Cell_42964","Isocortex",1
"Cell_43004","Isocortex",1
"Cell_43497","Isocortex",1
"Cell_43638","Isocortex",1
"Cell_44206","Isocortex",1
"Cell_44212","Isocortex",1
"Cell_44304","Isocortex",0.960941244897677
"Cell_44840","Isocortex",1
"Cell_44950","Isocortex",1
"Cell_45074","Isocortex",1
"Cell_15844","Isocortex",1
"Cell_2759","Isocortex",1
"Cell_43614","Isocortex",1
"Cell_13922","Isocortex",1
"Cell_27441","Isocortex",1
"Cell_33255","Isocortex",1
"Cell_225","Isocortex",1
"Cell_9368","Isocortex",1
"Cell_9778","Isocortex",0.999999999999999
"Cell_10507","Isocortex",1
"Cell_12253","Isocortex",1
"Cell_12466","Isocortex",1
"Cell_18080","Isocortex",1
"Cell_21119","Isocortex",1
"Cell_24556","Isocortex",1
"Cell_25113","Isocortex",1
"Cell_35411","Isocortex",1
"Cell_42475","Isocortex",1
"Cell_44503","Isocortex",1
"Cell_23439","Isocortex",1
"Cell_10816","Isocortex",1
"Cell_34760","Isocortex",0.999999999999999
"Cell_3766","Isocortex",1
"Cell_3943","Isocortex",0.999999999999999
"Cell_7145","Isocortex",1
"Cell_7284","Isocortex",1
"Cell_7382","Isocortex",1
"Cell_7886","Isocortex",1
"Cell_8396","Isocortex",0.982996234481567
"Cell_8697","Isocortex",1
"Cell_9017","Isocortex",1
"Cell_9320","Isocortex",1
"Cell_10746","Isocortex",0.999999999999999
"Cell_11495","Isocortex",1
"Cell_13148","Isocortex",1
"Cell_13178","Isocortex",1
"Cell_18217","Isocortex",0.999999999999999
"Cell_18703","Isocortex",1
"Cell_19474","Isocortex",1
"Cell_22066","Isocortex",1
"Cell_25312","Isocortex",1
"Cell_26427","Isocortex",1
"Cell_30705","Isocortex",1
"Cell_33043","Isocortex",1
"Cell_34913","Isocortex",1
"Cell_35750","Isocortex",1
"Cell_36807","Isocortex",1
"Cell_38635","Isocortex",1
"Cell_38770","Isocortex",1
"Cell_38821","Isocortex",1
"Cell_39693","Isocortex",1
"Cell_40876","Isocortex",1
"Cell_42978","Isocortex",1
"Cell_43116","Isocortex",1
"Cell_44255","Isocortex",1
"Cell_44733","Isocortex",1
"Cell_3505","Isocortex",1
"Cell_6711","Isocortex",1
"Cell_8791","Isocortex",1
"Cell_10146","Isocortex",1
"Cell_15710","Isocortex",1
"Cell_20530","Isocortex",0.955909925754864
"Cell_22388","Isocortex",1
"Cell_32572","Isocortex",1
"Cell_36113","Isocortex",1
"Cell_9581","Isocortex",1
"Cell_26880","Isocortex",1
"Cell_8255","Isocortex",1
"Cell_17718","Isocortex",1
"Cell_22968","Isocortex",1
"Cell_30765","Isocortex",1
"Cell_32108","Isocortex",1
"Cell_35424","Isocortex",1
"Cell_35464","Isocortex",0.999999999999999
"Cell_42060","Isocortex",1
"Cell_44468","Isocortex",0.999485192292803
"Cell_735","Isocortex",1
"Cell_37793","Isocortex",1
"Cell_29002","Isocortex",1
"Cell_3188","CTXsp",1
"Cell_5378","CTXsp",1
"Cell_6215","CTXsp",1
"Cell_9132","CTXsp",1
"Cell_10577","CTXsp",1
"Cell_11086","CTXsp",1
"Cell_11632","CTXsp",1
"Cell_12198","CTXsp",1
"Cell_12738","CTXsp",1
"Cell_13660","CTXsp",0.999999999999999
"Cell_16351","CTXsp",1
"Cell_17330","CTXsp",1
"Cell_22222","CTXsp",1
"Cell_23644","CTXsp",1
"Cell_23756","CTXsp",1
"Cell_24907","CTXsp",1
"Cell_25369","CTXsp",1
"Cell_26584","CTXsp",1
"Cell_27691","CTXsp",1
"Cell_29687","CTXsp",1
"Cell_29922","CTXsp",1
"Cell_32229","CTXsp",1
"Cell_32390","CTXsp",1
"Cell_32878","CTXsp",1
"Cell_34815","CTXsp",1
"Cell_35829","CTXsp",1
"Cell_36375","CTXsp",1
"Cell_40199","CTXsp",1
"Cell_40367","CTXsp",1
"Cell_41042","CTXsp",1
"Cell_41926","CTXsp",1
"Cell_44669","CTXsp",1
"Cell_44910","CTXsp",1
"Cell_45161","CTXsp",1
"Cell_4819","CTXsp",1
"Cell_13949","CTXsp",1
"Cell_21412","CTXsp",1
"Cell_788","CTXsp",1
"Cell_1397","CTXsp",1
"Cell_1705","CTXsp",1
"Cell_3890","CTXsp",1
"Cell_4064","CTXsp",0.999999999999999
"Cell_5298","CTXsp",1
"Cell_6437","CTXsp",1
"Cell_8090","CTXsp",1
"Cell_8317","CTXsp",1
"Cell_9763","CTXsp",1
"Cell_10237","CTXsp",1
"Cell_21710","CTXsp",1
"Cell_22842","CTXsp",1
"Cell_23201","CTXsp",0.999999999999999
"Cell_25600","CTXsp",1
"Cell_30002","CTXsp",1
"Cell_31191","CTXsp",1
"Cell_31998","CTXsp",1
"Cell_32351","CTXsp",1
"Cell_35085","CTXsp",1
"Cell_35568","CTXsp",1
"Cell_37791","CTXsp",1
"Cell_38317","CTXsp",1
"Cell_40221","CTXsp",1
"Cell_1197","CTXsp",1
"Cell_12671","CTXsp",1
"Cell_15915","CTXsp",1
"Cell_18860","CTXsp",1
"Cell_28529","CTXsp",1
"Cell_29726","CTXsp",1
"Cell_30411","CTXsp",1
"Cell_34193","CTXsp",1
"Cell_35369","CTXsp",1
"Cell_38630","CTXsp",1
"Cell_39892","CTXsp",1
"Cell_42576","CTXsp",1
"Cell_44174","CTXsp",1
"Cell_3235","CTXsp",1
"Cell_4573","CTXsp",1
"Cell_8982","CTXsp",1
"Cell_13727","CTXsp",1
"Cell_15592","CTXsp",1
"Cell_16318","CTXsp",1
"Cell_16582","CTXsp",1
"Cell_22978","CTXsp",1
"Cell_24851","CTXsp",1
"Cell_25891","CTXsp",1
"Cell_35890","CTXsp",1
"Cell_38433","CTXsp",1
"Cell_10335","CTXsp",0.999999999999999
"Cell_2424","CTXsp",1
"Cell_3797","CTXsp",1
"Cell_5685","CTXsp",1
"Cell_12043","CTXsp",1
"Cell_15708","CTXsp",1
"Cell_20429","CTXsp",1
"Cell_20449","CTXsp",1
"Cell_27596","CTXsp",0.999999999999999
"Cell_29482","CTXsp",0.999999999999999
"Cell_29866","CTXsp",1
"Cell_33668","CTXsp",1
"Cell_36562","CTXsp",1
"Cell_56","CTXsp",1
"Cell_1038","CTXsp",1
"Cell_1264","CTXsp",1
"Cell_2229","CTXsp",1
"Cell_2320","CTXsp",1
"Cell_2521","CTXsp",0.965038946860436
"Cell_2538","CTXsp",1
"Cell_3394","CTXsp",1
"Cell_3620","CTXsp",1
"Cell_4295","CTXsp",1
"Cell_4821","CTXsp",1
"Cell_4836","CTXsp",1
"Cell_5369","CTXsp",1
"Cell_5662","CTXsp",1
"Cell_6274","CTXsp",1
"Cell_7617","CTXsp",1
"Cell_9457","CTXsp",1
"Cell_10506","CTXsp",1
"Cell_10635","CTXsp",1
"Cell_10791","CTXsp",1
"Cell_10856","CTXsp",1
"Cell_11934","CTXsp",1
"Cell_12101","CTXsp",1
"Cell_12229","CTXsp",1
"Cell_12238","CTXsp",1
"Cell_12449","CTXsp",0.999999999999999
"Cell_12472","CTXsp",1
"Cell_13016","CTXsp",0.995550310418912
"Cell_13867","CTXsp",1
"Cell_15324","CTXsp",1
"Cell_15853","CTXsp",1
"Cell_15925","CTXsp",0.999999999999999
"Cell_16083","CTXsp",1
"Cell_16862","CTXsp",1
"Cell_17929","CTXsp",1
"Cell_18374","CTXsp",1
"Cell_18517","CTXsp",1
"Cell_18739","CTXsp",1
"Cell_19526","CTXsp",1
"Cell_19759","CTXsp",1
"Cell_19823","CTXsp",1
"Cell_20623","CTXsp",1
"Cell_20658","CTXsp",1
"Cell_21424","CTXsp",1
"Cell_21819","CTXsp",1
"Cell_22865","CTXsp",1
"Cell_23518","CTXsp",1
"Cell_23703","CTXsp",1
"Cell_23957","CTXsp",1
"Cell_24370","CTXsp",1
"Cell_24539","CTXsp",1
"Cell_25186","CTXsp",1
"Cell_25287","CTXsp",1
"Cell_26635","CTXsp",1
"Cell_27364","CTXsp",1
"Cell_28466","CTXsp",1
"Cell_28549","CTXsp",1
"Cell_28794","CTXsp",1
"Cell_29383","CTXsp",1
"Cell_29600","CTXsp",1
"Cell_30010","CTXsp",1
"Cell_30516","CTXsp",1
"Cell_31067","CTXsp",1
"Cell_31289","CTXsp",1
"Cell_31508","CTXsp",1
"Cell_32388","CTXsp",1
"Cell_32565","CTXsp",1
"Cell_32604","CTXsp",1
"Cell_33156","CTXsp",1
"Cell_33624","CTXsp",1
"Cell_33686","CTXsp",1
"Cell_34317","CTXsp",1
"Cell_35728","CTXsp",1
"Cell_37664","CTXsp",1
"Cell_38008","CTXsp",1
"Cell_38158","CTXsp",1
"Cell_38590","CTXsp",1
"Cell_38819","CTXsp",1
"Cell_39280","CTXsp",1
"Cell_40443","CTXsp",1
"Cell_41063","CTXsp",1
"Cell_41366","CTXsp",1
"Cell_41613","CTXsp",1
"Cell_41823","CTXsp",0.999999999999999
"Cell_42219","CTXsp",1
"Cell_42797","CTXsp",1
"Cell_43104","CTXsp",1
"Cell_43590","CTXsp",1
"Cell_44835","CTXsp",1
"Cell_45008","CTXsp",1
"Cell_490","CTXsp",1
"Cell_528","CTXsp",1
"Cell_860","CTXsp",1
"Cell_2416","CTXsp",1
"Cell_2828","CTXsp",1
"Cell_2959","CTXsp",1
"Cell_5596","CTXsp",1
"Cell_6290","CTXsp",1
"Cell_6469","CTXsp",1
"Cell_7961","CTXsp",1
"Cell_7983","CTXsp",1
"Cell_8434","CTXsp",1
"Cell_8529","CTXsp",1
"Cell_8682","CTXsp",1
"Cell_8794","CTXsp",1
"Cell_8848","CTXsp",1
"Cell_8963","CTXsp",1
"Cell_9502","CTXsp",1
"Cell_10289","CTXsp",1
"Cell_10989","CTXsp",1
"Cell_11681","CTXsp",1
"Cell_12865","CTXsp",1
"Cell_13280","CTXsp",1
"Cell_13324","CTXsp",1
"Cell_13562","CTXsp",1
"Cell_14092","CTXsp",1
"Cell_15374","CTXsp",1
"Cell_15518","CTXsp",1
"Cell_15671","CTXsp",1
"Cell_15699","CTXsp",1
"Cell_16142","CTXsp",1
"Cell_16315","CTXsp",1
"Cell_17923","CTXsp",1
"Cell_18008","CTXsp",1
"Cell_18111","CTXsp",1
"Cell_19246","CTXsp",1
"Cell_19276","CTXsp",1
"Cell_19681","CTXsp",1
"Cell_20906","CTXsp",1
"Cell_21688","CTXsp",1
"Cell_22925","CTXsp",1
"Cell_23127","CTXsp",1
"Cell_23151","CTXsp",1
"Cell_23243","CTXsp",0.999999999999999
"Cell_23472","CTXsp",0.958306539772502
"Cell_23862","CTXsp",1
"Cell_23873","CTXsp",1
"Cell_24313","CTXsp",1
"Cell_24456","CTXsp",1
"Cell_24544","CTXsp",1
"Cell_25397","CTXsp",1
"Cell_25442","CTXsp",1
"Cell_25640","CTXsp",1
"Cell_26580","CTXsp",1
"Cell_27607","CTXsp",1
"Cell_29972","CTXsp",1
"Cell_31050","CTXsp",1
"Cell_31078","CTXsp",1
"Cell_32076","CTXsp",1
"Cell_32704","CTXsp",1
"Cell_34596","CTXsp",1
"Cell_34949","CTXsp",1
"Cell_38258","CTXsp",1
"Cell_40260","CTXsp",1
"Cell_40343","CTXsp",1
"Cell_40628","CTXsp",1
"Cell_40674","CTXsp",1
"Cell_40935","CTXsp",1
"Cell_41405","CTXsp",1
"Cell_41976","CTXsp",1
"Cell_42535","CTXsp",1
"Cell_42863","CTXsp",1
"Cell_43768","CTXsp",1
"Cell_22839","CTXsp",1
"Cell_373","CTXsp",1
"Cell_5598","CTXsp",1
"Cell_8260","CTXsp",1
"Cell_11302","CTXsp",1
"Cell_11735","CTXsp",1
"Cell_11773","CTXsp",1
"Cell_11900","CTXsp",1
"Cell_13634","CTXsp",1
"Cell_13668","CTXsp",1
"Cell_16542","CTXsp",1
"Cell_17503","CTXsp",1
"Cell_19938","CTXsp",1
"Cell_20150","CTXsp",1
"Cell_20935","CTXsp",1
"Cell_21845","CTXsp",1
"Cell_23061","CTXsp",1
"Cell_28399","CTXsp",1
"Cell_32380","CTXsp",1
"Cell_32557","CTXsp",1
"Cell_32847","CTXsp",1
"Cell_33589","CTXsp",1
"Cell_34501","CTXsp",1
"Cell_34645","CTXsp",1
"Cell_37249","CTXsp",1
"Cell_39891","CTXsp",1
"Cell_42801","CTXsp",1
"Cell_43799","CTXsp",1
"Cell_310","CTXsp",1
"Cell_2276","CTXsp",1
"Cell_3039","CTXsp",1
"Cell_4746","CTXsp",0.999999999999999
"Cell_4968","CTXsp",1
"Cell_5843","CTXsp",1
"Cell_6177","CTXsp",1
"Cell_6610","CTXsp",1
"Cell_8381","CTXsp",1
"Cell_9074","CTXsp",1
"Cell_10944","CTXsp",1
"Cell_11220","CTXsp",1
"Cell_12652","CTXsp",0.999999999999999
"Cell_13556","CTXsp",1
"Cell_13768","CTXsp",1
"Cell_13782","CTXsp",1
"Cell_13874","CTXsp",1
"Cell_15805","CTXsp",1
"Cell_17275","CTXsp",1
"Cell_17622","CTXsp",1
"Cell_20610","CTXsp",1
"Cell_21414","CTXsp",1
"Cell_22225","CTXsp",1
"Cell_22301","CTXsp",1
"Cell_22911","CTXsp",1
"Cell_23391","CTXsp",1
"Cell_24471","CTXsp",1
"Cell_25547","CTXsp",1
"Cell_25608","CTXsp",1
"Cell_27179","CTXsp",1
"Cell_28012","CTXsp",1
"Cell_29008","CTXsp",1
"Cell_29167","CTXsp",1
"Cell_30881","CTXsp",1
"Cell_31219","CTXsp",1
"Cell_31408","CTXsp",1
"Cell_31713","CTXsp",1
"Cell_32588","CTXsp",1
"Cell_33191","CTXsp",1
"Cell_33431","CTXsp",1
"Cell_33841","CTXsp",0.970550333708561
"Cell_33967","CTXsp",1
"Cell_34510","CTXsp",1
"Cell_37168","CTXsp",1
"Cell_37465","CTXsp",1
"Cell_39264","CTXsp",1
"Cell_40217","CTXsp",1
"Cell_41879","CTXsp",1
"Cell_41907","CTXsp",1
"Cell_42135","CTXsp",1
"Cell_43031","CTXsp",1
"Cell_43866","CTXsp",1
"Cell_44391","CTXsp",1
"Cell_44926","CTXsp",1
"Cell_11264","CTXsp",0.999999999999999
"Cell_13042","CTXsp",1
"Cell_16334","CTXsp",1
"Cell_19561","CTXsp",1
"Cell_20055","CTXsp",1
"Cell_21736","CTXsp",1
"Cell_27362","CTXsp",1
"Cell_31108","CTXsp",1
"Cell_44836","CTXsp",1
"Cell_44871","CTXsp",1
"Cell_2635","CTXsp",1
"Cell_26883","CTXsp",1
"Cell_11717","CTXsp",1
"Cell_36470","CTXsp",1
"Cell_41359","CTXsp",1
"Cell_633","CTXsp",1
"Cell_3198","CTXsp",1
"Cell_6770","CTXsp",1
"Cell_9565","CTXsp",1
"Cell_15273","CTXsp",0.999999999999999
"Cell_22771","CTXsp",1
"Cell_23983","CTXsp",1
"Cell_24265","CTXsp",1
"Cell_40654","CTXsp",1
"Cell_3243","CTXsp",1
"Cell_10741","CTXsp",1
"Cell_13604","CTXsp",1
"Cell_26455","CTXsp",1
"Cell_40753","CTXsp",1
"Cell_41845","CTXsp",1
"Cell_7655","CTXsp",1
"Cell_3443","CTXsp",1
"Cell_9157","CTXsp",1
"Cell_9903","CTXsp",1
"Cell_11038","CTXsp",1
"Cell_12720","CTXsp",1
"Cell_20835","CTXsp",1
"Cell_22079","CTXsp",1
"Cell_33844","CTXsp",1
"Cell_35632","CTXsp",1
"Cell_39894","CTXsp",1
"Cell_43735","CTXsp",1
"Cell_21369","CTXsp",1
"Cell_20727","CTXsp",1
"Cell_12802","CTXsp",1
"Cell_37613","CTXsp",1
"Cell_11860","CTXsp",1
"Cell_1006","CTXsp",1
"Cell_3120","CTXsp",1
"Cell_38677","CTXsp",1
"Cell_24342","CTXsp",1
"Cell_34022","CTXsp",1
"Cell_41084","CTXsp",1
"Cell_3579","CTXsp",1
"Cell_8597","CTXsp",1
"Cell_3205","GPe",1
"Cell_7030","GPe",1
"Cell_12669","GPe",1
"Cell_13028","GPe",1
"Cell_18809","GPe",1
"Cell_19571","GPe",1
"Cell_22495","GPe",1
"Cell_24001","GPe",1
"Cell_24518","GPe",1
"Cell_29391","GPe",1
"Cell_29439","GPe",0.996227790909811
"Cell_33455","GPe",1
"Cell_37553","GPe",1
"Cell_40266","GPe",1
"Cell_41536","GPe",0.999999999999999
"Cell_38","GPe",1
"Cell_14585","GPe",1
"Cell_24741","GPe",0.999999999999999
"Cell_30480","GPe",1
"Cell_35593","GPe",0.987721649646645
"Cell_3552","GPe",1
"Cell_6748","GPe",1
"Cell_7361","GPe",1
"Cell_10864","GPe",1
"Cell_11785","GPe",1
"Cell_11794","GPe",1
"Cell_28965","GPe",1
"Cell_31818","GPe",1
"Cell_34954","GPe",1
"Cell_43655","GPe",1
"Cell_280","GPe",0.999999999999999
"Cell_25473","GPe",1
"Cell_30266","GPe",1
"Cell_35998","GPe",1
"Cell_37837","GPe",1
"Cell_41155","GPe",1
"Cell_24354","GPe",1
"Cell_29732","GPe",1
"Cell_25324","GPe",1
"Cell_2631","GPe",1
"Cell_6139","GPe",1
"Cell_6292","GPe",1
"Cell_11123","GPe",1
"Cell_18196","GPe",1
"Cell_19875","GPe",1
"Cell_28685","GPe",1
"Cell_30413","GPe",1
"Cell_35330","GPe",1
"Cell_40580","GPe",1
"Cell_41010","GPe",1
"Cell_43764","GPe",1
"Cell_634","GPe",1
"Cell_728","GPe",1
"Cell_1144","GPe",1
"Cell_1261","GPe",1
"Cell_2120","GPe",1
"Cell_2221","GPe",1
"Cell_3930","GPe",1
"Cell_6277","GPe",1
"Cell_9001","GPe",1
"Cell_13760","GPe",1
"Cell_14206","GPe",1
"Cell_14934","GPe",1
"Cell_16785","GPe",1
"Cell_17303","GPe",1
"Cell_20448","GPe",1
"Cell_21178","GPe",1
"Cell_21741","GPe",0.999999999999999
"Cell_22618","GPe",1
"Cell_23176","GPe",1
"Cell_23376","GPe",1
"Cell_24098","GPe",1
"Cell_24783","GPe",1
"Cell_26253","GPe",1
"Cell_26303","GPe",1
"Cell_28030","GPe",1
"Cell_29859","GPe",1
"Cell_31372","GPe",0.954779819026014
"Cell_31759","GPe",1
"Cell_31900","GPe",1
"Cell_34249","GPe",1
"Cell_34263","GPe",1
"Cell_34281","GPe",1
"Cell_35256","GPe",1
"Cell_37753","GPe",1
"Cell_38339","GPe",1
"Cell_38500","GPe",1
"Cell_40009","GPe",1
"Cell_40650","GPe",1
"Cell_40718","GPe",1
"Cell_41665","GPe",1
"Cell_42201","GPe",1
"Cell_42627","GPe",1
"Cell_43002","GPe",1
"Cell_43410","GPe",1
"Cell_44587","GPe",1
"Cell_44792","GPe",1
"Cell_45075","GPe",0.988841262376181
"Cell_162","GPe",1
"Cell_197","GPe",1
"Cell_229","GPe",1
"Cell_1952","GPe",1
"Cell_2309","GPe",1
"Cell_2533","GPe",1
"Cell_3194","GPe",1
"Cell_4621","GPe",1
"Cell_5032","GPe",1
"Cell_6194","GPe",1
"Cell_9130","GPe",1
"Cell_10948","GPe",1
"Cell_11835","GPe",1
"Cell_14859","GPe",0.958242348420578
"Cell_15242","GPe",1
"Cell_15302","GPe",1
"Cell_16904","GPe",1
"Cell_16992","GPe",1
"Cell_18546","GPe",1
"Cell_18663","GPe",1
"Cell_19425","GPe",1
"Cell_20380","GPe",1
"Cell_20531","GPe",1
"Cell_20932","GPe",1
"Cell_21167","GPe",1
"Cell_21780","GPe",1
"Cell_22525","GPe",1
"Cell_22909","GPe",1
"Cell_23280","GPe",1
"Cell_23281","GPe",1
"Cell_23824","GPe",1
"Cell_24154","GPe",1
"Cell_25137","GPe",1
"Cell_26166","GPe",1
"Cell_26814","GPe",1
"Cell_27170","GPe",1
"Cell_27395","GPe",1
"Cell_28364","GPe",1
"Cell_28544","GPe",1
"Cell_28908","GPe",1
"Cell_29204","GPe",0.999999999999999
"Cell_29335","GPe",1
"Cell_30030","GPe",1
"Cell_30226","GPe",1
"Cell_30662","GPe",1
"Cell_30918","GPe",1
"Cell_31897","GPe",1
"Cell_31985","GPe",1
"Cell_32559","GPe",1
"Cell_32919","GPe",1
"Cell_33783","GPe",1
"Cell_34338","GPe",1
"Cell_34655","GPe",1
"Cell_34877","GPe",1
"Cell_35466","GPe",1
"Cell_36320","GPe",1
"Cell_36750","GPe",1
"Cell_37552","GPe",1
"Cell_37680","GPe",1
"Cell_38378","GPe",1
"Cell_39243","GPe",1
"Cell_39394","GPe",0.999999999999999
"Cell_40127","GPe",1
"Cell_40658","GPe",1
"Cell_41277","GPe",1
"Cell_41572","GPe",1
"Cell_44098","GPe",1
"Cell_44711","GPe",1
"Cell_6009","GPe",1
"Cell_28333","GPe",1
"Cell_43011","GPe",1
"Cell_1329","GPe",1
"Cell_8839","GPe",1
"Cell_17025","GPe",1
"Cell_18132","GPe",1
"Cell_18309","GPe",1
"Cell_21922","GPe",1
"Cell_30455","GPe",1
"Cell_37340","GPe",1
"Cell_41237","GPe",1
"Cell_41935","GPe",1
"Cell_43683","GPe",1
"Cell_44242","GPe",1
"Cell_4368","GPe",1
"Cell_4521","GPe",1
"Cell_26202","GPe",1
"Cell_32028","GPe",1
"Cell_6593","GPe",1
"Cell_2237","GPe",1
"Cell_3659","GPe",1
"Cell_13712","GPe",1
"Cell_14838","GPe",1
"Cell_14974","GPe",0.953197533675138
"Cell_16416","GPe",1
"Cell_18373","GPe",0.99197928765434
"Cell_20310","GPe",1
"Cell_24216","GPe",1
"Cell_26304","GPe",0.964231576274827
"Cell_27678","GPe",1
"Cell_30576","GPe",1
"Cell_32816","GPe",1
"Cell_33159","GPe",1
"Cell_37318","GPe",1
"Cell_41733","GPe",1
"Cell_42636","GPe",1
"Cell_44700","GPe",1
"Cell_198","GPe",0.999999999999999
"Cell_2109","GPe",1
"Cell_4949","GPe",1
"Cell_5040","GPe",1
"Cell_6134","GPe",1
"Cell_9021","GPe",0.988999472770772
"Cell_9047","GPe",1
"Cell_13519","GPe",1
"Cell_13858","GPe",1
"Cell_15910","GPe",1
"Cell_17953","GPe",1
"Cell_18364","GPe",1
"Cell_18778","GPe",1
"Cell_19455","GPe",1
"Cell_19885","GPe",1
"Cell_22749","GPe",1
"Cell_28180","GPe",1
"Cell_34656","GPe",1
"Cell_37152","GPe",0.964041036217232
"Cell_37677","GPe",1
"Cell_42818","GPe",1
"Cell_43754","GPe",1
"Cell_3426","GPe",1
"Cell_1010","GPe",0.983802055103329
"Cell_1977","GPe",1
"Cell_2692","GPe",1
"Cell_3536","GPe",1
"Cell_3984","GPe",1
"Cell_5827","GPe",1
"Cell_7722","GPe",0.999999999999999
"Cell_7831","GPe",1
"Cell_9626","GPe",1
"Cell_12773","GPe",1
"Cell_14614","GPe",1
"Cell_18768","GPe",1
"Cell_19030","GPe",1
"Cell_20860","GPe",1
"Cell_23467","GPe",1
"Cell_23530","GPe",1
"Cell_24355","GPe",1
"Cell_27698","GPe",1
"Cell_28571","GPe",0.984910193679242
"Cell_32694","GPe",1
"Cell_34966","GPe",1
"Cell_38738","GPe",1
"Cell_39859","GPe",1
"Cell_41079","GPe",1
"Cell_42470","GPe",1
"Cell_43157","GPe",1
"Cell_28238","GPe",1
"Cell_20572","GPe",1
"Cell_24763","GPe",1
"Cell_28271","GPe",1
"Cell_4498","GPe",1
"Cell_10704","GPe",1
"Cell_19045","GPe",1
"Cell_24169","GPe",1
"Cell_25383","GPe",1
"Cell_25942","GPe",1
"Cell_38719","GPe",1
"Cell_27270","GPe",1
"Cell_33691","GPe",1
"Cell_459","GPe",1
"Cell_11006","GPe",1
"Cell_16920","GPe",0.998319142371737
"Cell_17738","GPe",1
"Cell_19878","GPe",0.999999999999999
"Cell_29527","GPe",1
"Cell_2782","GPe",1
"Cell_11805","GPe",1
"Cell_15923","GPe",1
"Cell_18952","GPe",1
"Cell_22235","GPe",1
"Cell_23634","GPe",1
"Cell_35073","GPe",1
"Cell_10363","GPe",1
"Cell_27477","GPe",0.999999999999999
"Cell_29757","GPe",1
"Cell_31702","GPe",1
"Cell_44375","GPe",1
"Cell_494","GPe",0.999999999999999
"Cell_37373","GPe",1
"Cell_40924","GPe",1
"Cell_3313","alv",1
"Cell_30253","alv",1
"Cell_32525","alv",1
"Cell_567","alv",1
"Cell_16271","alv",1
"Cell_23575","alv",1
"Cell_30553","alv",1
"Cell_33341","alv",1
"Cell_875","alv",1
"Cell_29804","alv",1
"Cell_33487","alv",0.955136185185535
"Cell_9787","alv",1
"Cell_21560","alv",1
"Cell_42771","alv",1
"Cell_893","alv",1
"Cell_14227","alv",1
"Cell_14923","alv",1
"Cell_29085","alv",1
"Cell_39779","alv",0.985648863465482
"Cell_40542","alv",1
"Cell_2265","alv",1
"Cell_7151","alv",1
"Cell_7729","alv",1
"Cell_40194","alv",1
"Cell_81","alv",1
"Cell_385","alv",1
"Cell_6946","alv",1
"Cell_7432","alv",1
"Cell_7438","alv",1
"Cell_9058","alv",1
"Cell_9740","alv",1
"Cell_12176","alv",1
"Cell_16615","alv",1
"Cell_19793","alv",1
"Cell_21650","alv",1
"Cell_26746","alv",1
"Cell_27868","alv",1
"Cell_39159","alv",1
"Cell_18489","alv",1
"Cell_32900","alv",1
"Cell_19247","alv",1
"Cell_3055","alv",1
"Cell_3350","alv",1
"Cell_7090","alv",1
"Cell_8438","alv",1
"Cell_10276","alv",0.999999999999999
"Cell_14393","alv",0.98473353618374
"Cell_15769","alv",1
"Cell_17932","alv",0.999999999999999
"Cell_22848","alv",1
"Cell_29058","alv",1
"Cell_30635","alv",1
"Cell_30679","alv",1
"Cell_36424","alv",1
"Cell_36930","alv",1
"Cell_37427","alv",1
"Cell_39488","alv",1
"Cell_40498","alv",1
"Cell_43955","alv",1
"Cell_24489","alv",1
"Cell_41472","alv",1
"Cell_42833","alv",1
"Cell_22982","alv",1
"Cell_33143","alv",1
"Cell_9486","alv",1
"Cell_10677","alv",1
"Cell_30513","alv",0.999999999999999
"Cell_35540","alv",1
"Cell_24720","alv",1
"Cell_3793","alv",1
"Cell_8934","alv",1
"Cell_13229","alv",1
"Cell_21949","alv",0.993284716826245
"Cell_24033","alv",1
"Cell_6854","alv",1
"Cell_7402","alv",1
"Cell_10693","alv",1
"Cell_11169","alv",0.992445267134514
"Cell_20737","alv",1
"Cell_21661","alv",1
"Cell_33744","alv",1
"Cell_26295","alv",0.99999020049243
"Cell_43093","alv",1
"Cell_16727","alv",1
"Cell_44873","alv",1
"Cell_12419","alv",1
"Cell_14536","alv",1
"Cell_9046","alv",1
"Cell_44388","alv",1
"Cell_3396","Isocortex",1
"Cell_25825","Isocortex",1
"Cell_40268","Isocortex",1
"Cell_12616","Isocortex",1
"Cell_15446","Isocortex",1
"Cell_2151","Isocortex",1
"Cell_11810","Isocortex",1
"Cell_15773","Isocortex",1
"Cell_16707","Isocortex",1
"Cell_18268","Isocortex",1
"Cell_20234","Isocortex",1
"Cell_24916","Isocortex",1
"Cell_29423","Isocortex",1
"Cell_31183","Isocortex",1
"Cell_36999","Isocortex",1
"Cell_42834","Isocortex",1
"Cell_4159","Isocortex",1
"Cell_5037","Isocortex",1
"Cell_5432","Isocortex",1
"Cell_10636","Isocortex",1
"Cell_11279","Isocortex",1
"Cell_11981","Isocortex",1
"Cell_14880","Isocortex",1
"Cell_21298","Isocortex",1
"Cell_21354","Isocortex",1
"Cell_21549","Isocortex",1
"Cell_22551","Isocortex",1
"Cell_22655","Isocortex",1
"Cell_24280","Isocortex",1
"Cell_25773","Isocortex",1
"Cell_28467","Isocortex",1
"Cell_29911","Isocortex",1
"Cell_30282","Isocortex",1
"Cell_31295","Isocortex",1
"Cell_32163","Isocortex",1
"Cell_33806","Isocortex",0.999999999999999
"Cell_33863","Isocortex",1
"Cell_34468","Isocortex",1
"Cell_35838","Isocortex",1
"Cell_36850","Isocortex",1
"Cell_37993","Isocortex",1
"Cell_41517","Isocortex",1
"Cell_42432","Isocortex",1
"Cell_43317","Isocortex",1
"Cell_5376","Isocortex",1
"Cell_9669","Isocortex",1
"Cell_10277","Isocortex",1
"Cell_11227","Isocortex",1
"Cell_16518","Isocortex",1
"Cell_17849","Isocortex",0.999999999999999
"Cell_21854","Isocortex",1
"Cell_21997","Isocortex",1
"Cell_23521","Isocortex",1
"Cell_24006","Isocortex",1
"Cell_24563","Isocortex",1
"Cell_29826","Isocortex",1
"Cell_31553","Isocortex",1
"Cell_32949","Isocortex",1
"Cell_33409","Isocortex",0.999999999999999
"Cell_34658","Isocortex",1
"Cell_36748","Isocortex",0.989823858350247
"Cell_40453","Isocortex",1
"Cell_40857","Isocortex",1
"Cell_43195","Isocortex",1
"Cell_44026","Isocortex",1
"Cell_3656","Isocortex",1
"Cell_24506","Isocortex",0.98526445520204
"Cell_31267","Isocortex",1
"Cell_43219","Isocortex",1
"Cell_491","Isocortex",1
"Cell_24651","Isocortex",1
"Cell_6751","Isocortex",1
"Cell_16029","Isocortex",1
"Cell_18117","Isocortex",1
"Cell_9181","Isocortex",1
"Cell_12786","Isocortex",0.990759153257844
"Cell_14389","Isocortex",1
"Cell_15438","Isocortex",0.999999999999999
"Cell_19859","Isocortex",1
"Cell_20249","Isocortex",1
"Cell_24974","Isocortex",1
"Cell_27966","Isocortex",1
"Cell_35144","Isocortex",1
"Cell_35840","Isocortex",1
"Cell_36699","Isocortex",1
"Cell_37262","Isocortex",1
"Cell_38962","Isocortex",1
"Cell_39863","Isocortex",1
"Cell_40912","Isocortex",1
"Cell_42379","Isocortex",1
"Cell_43551","Isocortex",1
"Cell_44868","Isocortex",1
"Cell_44970","Isocortex",1
"Cell_5193","Isocortex",1
"Cell_22443","Isocortex",1
"Cell_35428","Isocortex",1
"Cell_1662","Isocortex",1
"Cell_3623","Isocortex",1
"Cell_3807","Isocortex",1
"Cell_4418","Isocortex",1
"Cell_4457","Isocortex",1
"Cell_4489","Isocortex",1
"Cell_4713","Isocortex",1
"Cell_5417","Isocortex",1
"Cell_9643","Isocortex",1
"Cell_10369","Isocortex",1
"Cell_12061","Isocortex",1
"Cell_13361","Isocortex",0.993941140312504
"Cell_17279","Isocortex",1
"Cell_17974","Isocortex",1
"Cell_18448","Isocortex",1
"Cell_19669","Isocortex",1
"Cell_19829","Isocortex",1
"Cell_21978","Isocortex",1
"Cell_22077","Isocortex",1
"Cell_22821","Isocortex",1
"Cell_24087","Isocortex",1
"Cell_24180","Isocortex",1
"Cell_26764","Isocortex",1
"Cell_26984","Isocortex",1
"Cell_28967","Isocortex",0.996988145722128
"Cell_32598","Isocortex",1
"Cell_33477","Isocortex",1
"Cell_34179","Isocortex",1
"Cell_35102","Isocortex",1
"Cell_37999","Isocortex",0.999756120069605
"Cell_39889","Isocortex",1
"Cell_43906","Isocortex",1
"Cell_35230","Isocortex",1
"Cell_2584","Isocortex",1
"Cell_42678","Isocortex",1
"Cell_46","Isocortex",1
"Cell_4481","Isocortex",1
"Cell_7920","Isocortex",1
"Cell_19392","Isocortex",1
"Cell_30846","Isocortex",1
"Cell_36803","Isocortex",1
"Cell_39667","Isocortex",1
"Cell_42498","Isocortex",1
"Cell_1302","Isocortex",1
"Cell_7293","Isocortex",1
"Cell_9287","Isocortex",1
"Cell_11711","Isocortex",0.989953125185116
"Cell_16415","Isocortex",1
"Cell_19156","Isocortex",1
"Cell_22211","Isocortex",1
"Cell_22614","Isocortex",1
"Cell_24680","Isocortex",1
"Cell_24958","Isocortex",1
"Cell_25646","Isocortex",1
"Cell_29766","Isocortex",1
"Cell_33378","Isocortex",1
"Cell_37840","Isocortex",0.997990422536937
"Cell_38103","Isocortex",1
"Cell_39225","Isocortex",1
"Cell_40060","Isocortex",1
"Cell_40941","Isocortex",1
"Cell_43763","Isocortex",1
"Cell_2303","Isocortex",1
"Cell_9895","Isocortex",1
"Cell_21399","Isocortex",1
"Cell_26642","Isocortex",1
"Cell_27492","Isocortex",1
"Cell_28648","Isocortex",1
"Cell_37524","Isocortex",1
"Cell_38678","Isocortex",1
"Cell_42490","Isocortex",1
"Cell_453","Isocortex",1
"Cell_11666","Isocortex",1
"Cell_29454","Isocortex",1
"Cell_36937","Isocortex",1
"Cell_41692","Isocortex",1
"Cell_3472","Isocortex",1
"Cell_14885","Isocortex",1
"Cell_30634","Isocortex",1
"Cell_39877","Isocortex",1
"Cell_3423","RHP",0.999999999999999
"Cell_3916","RHP",1
"Cell_9439","RHP",1
"Cell_12233","RHP",1
"Cell_14063","RHP",1
"Cell_16373","RHP",1
"Cell_16851","RHP",1
"Cell_17412","RHP",1
"Cell_31545","RHP",1
"Cell_32443","RHP",1
"Cell_32469","RHP",1
"Cell_12231","RHP",1
"Cell_19820","RHP",1
"Cell_20028","RHP",1
"Cell_27433","RHP",1
"Cell_29132","RHP",1
"Cell_32285","RHP",1
"Cell_32352","RHP",1
"Cell_35400","RHP",1
"Cell_35471","RHP",1
"Cell_37515","RHP",0.955170790225244
"Cell_40245","RHP",1
"Cell_7336","RHP",1
"Cell_15063","RHP",1
"Cell_25380","RHP",1
"Cell_128","RHP",1
"Cell_10017","RHP",1
"Cell_1828","RHP",1
"Cell_5665","RHP",1
"Cell_7669","RHP",1
"Cell_10018","RHP",1
"Cell_12946","RHP",1
"Cell_19905","RHP",1
"Cell_27481","RHP",1
"Cell_30023","RHP",1
"Cell_31499","RHP",1
"Cell_31796","RHP",0.999999999999999
"Cell_36199","RHP",1
"Cell_37745","RHP",1
"Cell_41329","RHP",1
"Cell_43337","RHP",1
"Cell_45060","RHP",1
"Cell_1756","RHP",0.996101233521464
"Cell_8816","RHP",1
"Cell_11567","RHP",1
"Cell_12515","RHP",0.999999999999999
"Cell_15073","RHP",1
"Cell_16402","RHP",1
"Cell_17021","RHP",1
"Cell_19042","RHP",1
"Cell_20317","RHP",1
"Cell_23209","RHP",1
"Cell_26364","RHP",1
"Cell_29331","RHP",1
"Cell_30931","RHP",0.99368381669317
"Cell_32813","RHP",1
"Cell_38864","RHP",1
"Cell_39323","RHP",1
"Cell_40307","RHP",1
"Cell_28629","RHP",1
"Cell_36108","RHP",1
"Cell_44563","RHP",1
"Cell_6206","RHP",1
"Cell_13993","RHP",1
"Cell_30255","RHP",1
"Cell_31743","RHP",1
"Cell_38179","RHP",1
"Cell_41127","RHP",1
"Cell_18543","RHP",1
"Cell_22060","RHP",1
"Cell_28067","RHP",1
"Cell_38396","RHP",1
"Cell_19083","RHP",1
"Cell_37398","RHP",1
"Cell_5379","MH",1
"Cell_8188","MH",1
"Cell_13784","MH",0.969071729931763
"Cell_14573","MH",1
"Cell_20961","MH",1
"Cell_22377","MH",1
"Cell_23190","MH",1
"Cell_27145","MH",1
"Cell_31896","MH",1
"Cell_35884","MH",1
"Cell_43629","MH",1
"Cell_43664","MH",1
"Cell_44229","MH",1
"Cell_44701","MH",1
"Cell_5074","MH",1
"Cell_13122","MH",1
"Cell_16156","MH",1
"Cell_27409","MH",1
"Cell_27663","MH",1
"Cell_31148","MH",1
"Cell_43512","MH",1
"Cell_6495","MH",1
"Cell_6935","MH",1
"Cell_8306","MH",1
"Cell_9216","MH",1
"Cell_11159","MH",1
"Cell_13820","MH",1
"Cell_21139","MH",1
"Cell_28234","MH",1
"Cell_32367","MH",1
"Cell_32638","MH",1
"Cell_37647","MH",1
"Cell_44448","MH",1
"Cell_5023","MH",1
"Cell_350","MH",1
"Cell_1474","MH",1
"Cell_2251","MH",1
"Cell_2618","MH",1
"Cell_3626","MH",1
"Cell_6947","MH",1
"Cell_7363","MH",1
"Cell_8106","MH",1
"Cell_8877","MH",1
"Cell_9719","MH",0.999999999999999
"Cell_10992","MH",1
"Cell_11570","MH",1
"Cell_11696","MH",1
"Cell_12242","MH",1
"Cell_13451","MH",1
"Cell_13559","MH",1
"Cell_14046","MH",1
"Cell_18902","MH",1
"Cell_19336","MH",1
"Cell_19402","MH",1
"Cell_19641","MH",1
"Cell_20307","MH",1
"Cell_21209","MH",1
"Cell_21410","MH",1
"Cell_22282","MH",1
"Cell_22299","MH",0.998943705758733
"Cell_23646","MH",1
"Cell_23863","MH",1
"Cell_24078","MH",1
"Cell_26147","MH",1
"Cell_27101","MH",1
"Cell_29304","MH",1
"Cell_30539","MH",1
"Cell_40116","MH",1
"Cell_40361","MH",1
"Cell_40670","MH",1
"Cell_41011","MH",1
"Cell_43905","MH",1
"Cell_44409","MH",1
"Cell_44564","MH",1
"Cell_45246","MH",1
"Cell_24019","MH",1
"Cell_3186","MH",1
"Cell_5727","MH",1
"Cell_11029","MH",1
"Cell_17873","MH",1
"Cell_19100","MH",1
"Cell_19877","MH",1
"Cell_20046","MH",0.970616785739799
"Cell_22834","MH",1
"Cell_23205","MH",1
"Cell_24215","MH",1
"Cell_31038","MH",1
"Cell_31888","MH",1
"Cell_35873","MH",1
"Cell_36148","MH",1
"Cell_45126","MH",1
"Cell_33592","MH",1
"Cell_3000","MH",1
"Cell_4117","MH",1
"Cell_4805","MH",1
"Cell_6140","MH",1
"Cell_8573","MH",1
"Cell_8957","MH",1
"Cell_10397","MH",1
"Cell_18815","MH",1
"Cell_18989","MH",1
"Cell_21563","MH",1
"Cell_23228","MH",1
"Cell_29179","MH",1
"Cell_29532","MH",1
"Cell_29976","MH",1
"Cell_33917","MH",1
"Cell_34807","MH",1
"Cell_38455","MH",1
"Cell_40196","MH",1
"Cell_41789","MH",1
"Cell_41791","MH",1
"Cell_42070","MH",1
"Cell_42290","MH",1
"Cell_43270","MH",1
"Cell_47","MH",1
"Cell_252","MH",1
"Cell_527","MH",1
"Cell_668","MH",1
"Cell_794","MH",1
"Cell_855","MH",1
"Cell_1082","MH",1
"Cell_1223","MH",0.999999999999999
"Cell_1270","MH",1
"Cell_1460","MH",1
"Cell_1471","MH",1
"Cell_1955","MH",1
"Cell_2123","MH",1
"Cell_2335","MH",1
"Cell_2570","MH",1
"Cell_3149","MH",1
"Cell_3358","MH",1
"Cell_3460","MH",1
"Cell_3722","MH",1
"Cell_4895","MH",1
"Cell_5171","MH",1
"Cell_5304","MH",1
"Cell_5475","MH",1
"Cell_5581","MH",1
"Cell_5739","MH",1
"Cell_5859","MH",1
"Cell_5928","MH",1
"Cell_6674","MH",1
"Cell_7189","MH",1
"Cell_7315","MH",1
"Cell_7851","MH",1
"Cell_8491","MH",1
"Cell_9125","MH",1
"Cell_9265","MH",1
"Cell_9462","MH",1
"Cell_10927","MH",1
"Cell_10998","MH",1
"Cell_11095","MH",1
"Cell_11712","MH",1
"Cell_12076","MH",1
"Cell_12471","MH",1
"Cell_13199","MH",0.999999999999999
"Cell_13206","MH",1
"Cell_13854","MH",1
"Cell_14260","MH",1
"Cell_14472","MH",1
"Cell_14812","MH",1
"Cell_14847","MH",1
"Cell_15511","MH",1
"Cell_15531","MH",1
"Cell_16337","MH",1
"Cell_16465","MH",1
"Cell_16540","MH",1
"Cell_17558","MH",1
"Cell_18593","MH",1
"Cell_18793","MH",1
"Cell_19175","MH",1
"Cell_19706","MH",1
"Cell_19812","MH",1
"Cell_19958","MH",1
"Cell_20143","MH",1
"Cell_20592","MH",1
"Cell_21179","MH",1
"Cell_21784","MH",1
"Cell_22501","MH",1
"Cell_22554","MH",1
"Cell_22663","MH",1
"Cell_23764","MH",1
"Cell_23781","MH",1
"Cell_25220","MH",1
"Cell_26020","MH",1
"Cell_26435","MH",1
"Cell_26841","MH",1
"Cell_26873","MH",1
"Cell_27071","MH",1
"Cell_27291","MH",1
"Cell_27376","MH",1
"Cell_27673","MH",1
"Cell_29149","MH",1
"Cell_29230","MH",1
"Cell_29333","MH",1
"Cell_29568","MH",1
"Cell_29717","MH",1
"Cell_31207","MH",1
"Cell_31775","MH",1
"Cell_32116","MH",1
"Cell_32308","MH",1
"Cell_33108","MH",1
"Cell_33364","MH",1
"Cell_33488","MH",1
"Cell_33671","MH",1
"Cell_34080","MH",1
"Cell_34336","MH",1
"Cell_34387","MH",1
"Cell_34772","MH",1
"Cell_34922","MH",1
"Cell_35322","MH",1
"Cell_35841","MH",1
"Cell_36231","MH",1
"Cell_36333","MH",1
"Cell_36668","MH",1
"Cell_36840","MH",1
"Cell_37263","MH",1
"Cell_37472","MH",1
"Cell_37646","MH",1
"Cell_38256","MH",1
"Cell_38855","MH",1
"Cell_39123","MH",1
"Cell_39321","MH",1
"Cell_39436","MH",1
"Cell_39553","MH",1
"Cell_40091","MH",1
"Cell_41139","MH",1
"Cell_41739","MH",1
"Cell_42138","MH",1
"Cell_42401","MH",1
"Cell_42420","MH",1
"Cell_42428","MH",1
"Cell_44508","MH",0.999999999999999
"Cell_44559","MH",1
"Cell_44608","MH",1
"Cell_158","MH",1
"Cell_1357","MH",1
"Cell_1514","MH",1
"Cell_2094","MH",1
"Cell_2745","MH",1
"Cell_3479","MH",1
"Cell_5879","MH",1
"Cell_6028","MH",1
"Cell_6467","MH",1
"Cell_7850","MH",1
"Cell_8327","MH",1
"Cell_9799","MH",0.999999999999999
"Cell_11248","MH",1
"Cell_11851","MH",1
"Cell_13002","MH",1
"Cell_13944","MH",1
"Cell_15684","MH",1
"Cell_16484","MH",1
"Cell_16754","MH",1
"Cell_18121","MH",1
"Cell_18301","MH",1
"Cell_18436","MH",1
"Cell_20385","MH",1
"Cell_21170","MH",1
"Cell_21277","MH",1
"Cell_23172","MH",1
"Cell_23886","MH",0.990040569329415
"Cell_23899","MH",1
"Cell_24434","MH",1
"Cell_26856","MH",1
"Cell_28307","MH",1
"Cell_28658","MH",1
"Cell_29899","MH",1
"Cell_30760","MH",1
"Cell_31199","MH",0.968222039557196
"Cell_32853","MH",1
"Cell_33552","MH",1
"Cell_34507","MH",1
"Cell_36572","MH",1
"Cell_36859","MH",1
"Cell_37833","MH",1
"Cell_40711","MH",1
"Cell_41498","MH",1
"Cell_43666","MH",1
"Cell_19086","MH",1
"Cell_271","MH",1
"Cell_8948","MH",1
"Cell_14605","MH",1
"Cell_15172","MH",1
"Cell_23356","MH",1
"Cell_23547","MH",1
"Cell_24052","MH",1
"Cell_24491","MH",1
"Cell_24569","MH",1
"Cell_25239","MH",1
"Cell_29072","MH",1
"Cell_29112","MH",1
"Cell_32337","MH",1
"Cell_34514","MH",1
"Cell_36029","MH",1
"Cell_37240","MH",1
"Cell_39536","MH",1
"Cell_41900","MH",1
"Cell_43260","MH",1
"Cell_43775","MH",1
"Cell_44163","MH",1
"Cell_44780","MH",1
"Cell_3371","MH",1
"Cell_8841","MH",1
"Cell_8980","MH",1
"Cell_11117","MH",1
"Cell_11188","MH",1
"Cell_23617","MH",1
"Cell_23622","MH",1
"Cell_25083","MH",1
"Cell_27432","MH",1
"Cell_30011","MH",1
"Cell_33688","MH",1
"Cell_42360","MH",1
"Cell_19091","MH",1
"Cell_43427","MH",1
"Cell_36585","MH",1
"Cell_42792","MH",1
"Cell_21145","MH",1
"Cell_35607","MH",1
"Cell_44774","MH",1
"Cell_7375","MH",1
"Cell_22105","MH",1
"Cell_44595","MH",1
"Cell_4991","MH",1
"Cell_6362","MH",1
"Cell_18152","MH",1
"Cell_32951","MH",1
"Cell_36890","MH",1
"Cell_16496","MH",1
"Cell_26728","MH",1
"Cell_26885","MH",1
"Cell_40522","MH",1
"Cell_5850","MH",1
"Cell_19997","MH",1
"Cell_31057","MH",1
"Cell_40694","MH",1
"Cell_42742","MH",1
"Cell_43202","MH",1
"Cell_792","MH",1
"Cell_3489","IMD",1
"Cell_18881","IMD",1
"Cell_28897","IMD",1
"Cell_29492","IMD",1
"Cell_40293","IMD",1
"Cell_41199","IMD",1
"Cell_45127","IMD",1
"Cell_1150","IMD",1
"Cell_20269","IMD",1
"Cell_26689","IMD",1
"Cell_7264","IMD",1
"Cell_13898","IMD",1
"Cell_16178","IMD",1
"Cell_18085","IMD",1
"Cell_23727","IMD",1
"Cell_26265","IMD",1
"Cell_27500","IMD",1
"Cell_30824","IMD",1
"Cell_32225","IMD",1
"Cell_37545","IMD",1
"Cell_40184","IMD",1
"Cell_44652","IMD",1
"Cell_2254","IMD",1
"Cell_1646","IMD",1
"Cell_11850","IMD",1
"Cell_16428","IMD",1
"Cell_18363","IMD",1
"Cell_18951","IMD",1
"Cell_23978","IMD",1
"Cell_26898","IMD",0.972825830671556
"Cell_1061","IMD",1
"Cell_2781","IMD",1
"Cell_4236","IMD",1
"Cell_24498","IMD",1
"Cell_25289","IMD",1
"Cell_30888","IMD",1
"Cell_32271","IMD",1
"Cell_36310","IMD",1
"Cell_37244","IMD",1
"Cell_40018","IMD",1
"Cell_41233","IMD",1
"Cell_42780","IMD",1
"Cell_1200","IMD",1
"Cell_2281","IMD",1
"Cell_2511","IMD",1
"Cell_3508","IMD",1
"Cell_3597","IMD",1
"Cell_12292","IMD",0.999834088508917
"Cell_14692","IMD",1
"Cell_16234","IMD",1
"Cell_17843","IMD",1
"Cell_19316","IMD",1
"Cell_19436","IMD",1
"Cell_20281","IMD",1
"Cell_22149","IMD",1
"Cell_22560","IMD",1
"Cell_27372","IMD",1
"Cell_27779","IMD",1
"Cell_27996","IMD",1
"Cell_30683","IMD",1
"Cell_30913","IMD",1
"Cell_32696","IMD",1
"Cell_32791","IMD",0.999999999999999
"Cell_34785","IMD",1
"Cell_35878","IMD",1
"Cell_36032","IMD",1
"Cell_38703","IMD",1
"Cell_39706","IMD",1
"Cell_42052","IMD",1
"Cell_44708","IMD",1
"Cell_16470","IMD",1
"Cell_4229","IMD",1
"Cell_5440","IMD",1
"Cell_6126","IMD",1
"Cell_16317","IMD",1
"Cell_32870","IMD",1
"Cell_42224","IMD",1
"Cell_43969","IMD",1
"Cell_44621","IMD",1
"Cell_2551","IMD",1
"Cell_5063","IMD",1
"Cell_29246","IMD",1
"Cell_32921","IMD",1
"Cell_40271","IMD",1
"Cell_43483","IMD",1
"Cell_27804","IMD",1
"Cell_23212","IMD",1
"Cell_5326","IMD",1
"Cell_7811","IMD",1
"Cell_14888","IMD",1
"Cell_20456","IMD",1
"Cell_28034","IMD",1
"Cell_30150","IMD",1
"Cell_36933","IMD",1
"Cell_37232","IMD",1
"Cell_24652","IMD",1
"Cell_4069","IMD",1
"Cell_7111","IMD",1
"Cell_33541","IMD",1
"Cell_29134","IMD",1
"Cell_44087","IMD",1
"Cell_3519","OLF",1
"Cell_3796","OLF",1
"Cell_3831","OLF",1
"Cell_4509","OLF",0.999999999999999
"Cell_4523","OLF",1
"Cell_4873","OLF",0.958507289722035
"Cell_5042","OLF",1
"Cell_5256","OLF",1
"Cell_5607","OLF",1
"Cell_5675","OLF",1
"Cell_6186","OLF",1
"Cell_6377","OLF",1
"Cell_6571","OLF",0.999999999999999
"Cell_6575","OLF",1
"Cell_7937","OLF",1
"Cell_8993","OLF",1
"Cell_9371","OLF",1
"Cell_9585","OLF",1
"Cell_10254","OLF",1
"Cell_10857","OLF",1
"Cell_10896","OLF",1
"Cell_11422","OLF",1
"Cell_11595","OLF",1
"Cell_11634","OLF",1
"Cell_13055","OLF",1
"Cell_13228","OLF",1
"Cell_13270","OLF",1
"Cell_13311","OLF",1
"Cell_13624","OLF",1
"Cell_14159","OLF",1
"Cell_14177","OLF",1
"Cell_14187","OLF",1
"Cell_15036","OLF",1
"Cell_15255","OLF",1
"Cell_15686","OLF",1
"Cell_15725","OLF",1
"Cell_17328","OLF",1
"Cell_18659","OLF",1
"Cell_21416","OLF",1
"Cell_22467","OLF",1
"Cell_23284","OLF",0.986471925669875
"Cell_23308","OLF",1
"Cell_23811","OLF",1
"Cell_24100","OLF",1
"Cell_24314","OLF",1
"Cell_24581","OLF",1
"Cell_24705","OLF",1
"Cell_24810","OLF",1
"Cell_25006","OLF",0.999999999999999
"Cell_25662","OLF",1
"Cell_26721","OLF",1
"Cell_27201","OLF",1
"Cell_27910","OLF",1
"Cell_27912","OLF",1
"Cell_27929","OLF",1
"Cell_29012","OLF",1
"Cell_29063","OLF",1
"Cell_29344","OLF",1
"Cell_29862","OLF",1
"Cell_30289","OLF",1
"Cell_30998","OLF",1
"Cell_31695","OLF",1
"Cell_32024","OLF",1
"Cell_32774","OLF",1
"Cell_32962","OLF",1
"Cell_34565","OLF",1
"Cell_34632","OLF",1
"Cell_35143","OLF",1
"Cell_35758","OLF",1
"Cell_35939","OLF",1
"Cell_36818","OLF",1
"Cell_36883","OLF",1
"Cell_37083","OLF",1
"Cell_37115","OLF",1
"Cell_37359","OLF",1
"Cell_37382","OLF",1
"Cell_37410","OLF",1
"Cell_37481","OLF",1
"Cell_37624","OLF",1
"Cell_38131","OLF",0.99341147179276
"Cell_38165","OLF",1
"Cell_38873","OLF",0.999999999999999
"Cell_38877","OLF",1
"Cell_39695","OLF",1
"Cell_39787","OLF",1
"Cell_39956","OLF",1
"Cell_40026","OLF",1
"Cell_40569","OLF",1
"Cell_41185","OLF",1
"Cell_41267","OLF",1
"Cell_41972","OLF",1
"Cell_41981","OLF",1
"Cell_42009","OLF",1
"Cell_42770","OLF",1
"Cell_43430","OLF",1
"Cell_44152","OLF",1
"Cell_44681","OLF",1
"Cell_44946","OLF",1
"Cell_3336","OLF",1
"Cell_6096","OLF",1
"Cell_18844","OLF",1
"Cell_25567","OLF",1
"Cell_33112","OLF",1
"Cell_247","OLF",1
"Cell_378","OLF",1
"Cell_691","OLF",1
"Cell_929","OLF",1
"Cell_1453","OLF",1
"Cell_1554","OLF",1
"Cell_2472","OLF",0.999999999999999
"Cell_2826","OLF",1
"Cell_3860","OLF",1
"Cell_6724","OLF",1
"Cell_7179","OLF",1
"Cell_7270","OLF",1
"Cell_7752","OLF",1
"Cell_8357","OLF",1
"Cell_8536","OLF",1
"Cell_9210","OLF",1
"Cell_10126","OLF",1
"Cell_10826","OLF",1
"Cell_11170","OLF",1
"Cell_13607","OLF",1
"Cell_13924","OLF",1
"Cell_13980","OLF",1
"Cell_14491","OLF",1
"Cell_15067","OLF",1
"Cell_16274","OLF",1
"Cell_17210","OLF",1
"Cell_17322","OLF",1
"Cell_17550","OLF",1
"Cell_17593","OLF",1
"Cell_18427","OLF",1
"Cell_18531","OLF",1
"Cell_19157","OLF",1
"Cell_19202","OLF",1
"Cell_19491","OLF",1
"Cell_20011","OLF",1
"Cell_20152","OLF",1
"Cell_21025","OLF",1
"Cell_22053","OLF",1
"Cell_23149","OLF",1
"Cell_24444","OLF",1
"Cell_24942","OLF",1
"Cell_27230","OLF",1
"Cell_27275","OLF",1
"Cell_27642","OLF",0.990239847364462
"Cell_28048","OLF",1
"Cell_31112","OLF",0.999999999999999
"Cell_31311","OLF",1
"Cell_31472","OLF",1
"Cell_31546","OLF",1
"Cell_32370","OLF",1
"Cell_32869","OLF",1
"Cell_32894","OLF",1
"Cell_33532","OLF",1
"Cell_33960","OLF",1
"Cell_35772","OLF",1
"Cell_35823","OLF",0.964453272372883
"Cell_36240","OLF",1
"Cell_36312","OLF",1
"Cell_37084","OLF",1
"Cell_38065","OLF",1
"Cell_38263","OLF",1
"Cell_38468","OLF",1
"Cell_38610","OLF",1
"Cell_39578","OLF",1
"Cell_40071","OLF",1
"Cell_41147","OLF",1
"Cell_42021","OLF",1
"Cell_42618","OLF",1
"Cell_42906","OLF",1
"Cell_42924","OLF",1
"Cell_42966","OLF",0.999999999999999
"Cell_43773","OLF",1
"Cell_36544","OLF",1
"Cell_1629","OLF",1
"Cell_2299","OLF",1
"Cell_4231","OLF",1
"Cell_9677","OLF",1
"Cell_12525","OLF",1
"Cell_14727","OLF",1
"Cell_14960","OLF",1
"Cell_16414","OLF",1
"Cell_16506","OLF",1
"Cell_16617","OLF",0.999999999999999
"Cell_16684","OLF",1
"Cell_17180","OLF",1
"Cell_18148","OLF",1
"Cell_18263","OLF",1
"Cell_18804","OLF",1
"Cell_20095","OLF",1
"Cell_21079","OLF",1
"Cell_24410","OLF",0.985785035512158
"Cell_25550","OLF",1
"Cell_26792","OLF",1
"Cell_28376","OLF",1
"Cell_28808","OLF",1
"Cell_29101","OLF",1
"Cell_30963","OLF",1
"Cell_31133","OLF",0.999999999999999
"Cell_31904","OLF",1
"Cell_31946","OLF",1
"Cell_32634","OLF",1
"Cell_34266","OLF",1
"Cell_34733","OLF",1
"Cell_34778","OLF",1
"Cell_37184","OLF",1
"Cell_39649","OLF",1
"Cell_39875","OLF",1
"Cell_40011","OLF",1
"Cell_40048","OLF",1
"Cell_42523","OLF",1
"Cell_44748","OLF",1
"Cell_16890","OLF",1
"Cell_35203","OLF",1
"Cell_39780","OLF",1
"Cell_9032","OLF",1
"Cell_31456","OLF",1
"Cell_35261","OLF",1
"Cell_3836","OLF",1
"Cell_5351","OLF",0.997126512033927
"Cell_10112","OLF",1
"Cell_10209","OLF",1
"Cell_10351","OLF",1
"Cell_10994","OLF",0.98815732131495
"Cell_11531","OLF",1
"Cell_12088","OLF",1
"Cell_13645","OLF",1
"Cell_16279","OLF",1
"Cell_18298","OLF",1
"Cell_19874","OLF",1
"Cell_20265","OLF",1
"Cell_23338","OLF",1
"Cell_25299","OLF",1
"Cell_25620","OLF",1
"Cell_27711","OLF",1
"Cell_28116","OLF",1
"Cell_28343","OLF",1
"Cell_28626","OLF",1
"Cell_28764","OLF",1
"Cell_31526","OLF",1
"Cell_32686","OLF",1
"Cell_33292","OLF",1
"Cell_34748","OLF",1
"Cell_35711","OLF",1
"Cell_41609","OLF",1
"Cell_41633","OLF",1
"Cell_42990","OLF",1
"Cell_18","OLF",1
"Cell_604","OLF",1
"Cell_719","OLF",1
"Cell_1090","OLF",1
"Cell_1438","OLF",1
"Cell_1484","OLF",1
"Cell_1625","OLF",1
"Cell_1713","OLF",1
"Cell_1764","OLF",1
"Cell_1795","OLF",1
"Cell_2322","OLF",1
"Cell_2376","OLF",1
"Cell_2597","OLF",1
"Cell_2950","OLF",1
"Cell_3203","OLF",1
"Cell_3590","OLF",1
"Cell_3714","OLF",1
"Cell_4118","OLF",0.966201158835245
"Cell_4177","OLF",1
"Cell_4303","OLF",1
"Cell_4452","OLF",1
"Cell_4546","OLF",1
"Cell_4995","OLF",1
"Cell_5062","OLF",1
"Cell_5157","OLF",1
"Cell_5398","OLF",1
"Cell_5409","OLF",1
"Cell_5438","OLF",0.999999999999999
"Cell_5523","OLF",1
"Cell_5899","OLF",0.999999999999999
"Cell_5951","OLF",1
"Cell_6241","OLF",1
"Cell_6265","OLF",1
"Cell_6480","OLF",1
"Cell_6497","OLF",1
"Cell_6592","OLF",1
"Cell_6777","OLF",1
"Cell_6899","OLF",1
"Cell_6926","OLF",1
"Cell_7077","OLF",1
"Cell_8140","OLF",1
"Cell_8183","OLF",1
"Cell_8210","OLF",1
"Cell_8768","OLF",1
"Cell_9251","OLF",1
"Cell_9938","OLF",1
"Cell_10469","OLF",1
"Cell_10574","OLF",1
"Cell_10694","OLF",1
"Cell_10735","OLF",1
"Cell_10759","OLF",1
"Cell_11219","OLF",1
"Cell_11691","OLF",1
"Cell_11767","OLF",1
"Cell_11885","OLF",1
"Cell_11970","OLF",1
"Cell_12546","OLF",1
"Cell_12577","OLF",1
"Cell_13291","OLF",1
"Cell_13452","OLF",1
"Cell_13663","OLF",1
"Cell_13677","OLF",1
"Cell_13931","OLF",1
"Cell_13947","OLF",1
"Cell_14181","OLF",1
"Cell_14212","OLF",1
"Cell_14352","OLF",1
"Cell_14366","OLF",1
"Cell_14891","OLF",1
"Cell_15065","OLF",1
"Cell_15427","OLF",1
"Cell_15478","OLF",1
"Cell_15724","OLF",1
"Cell_16396","OLF",1
"Cell_16572","OLF",1
"Cell_16766","OLF",1
"Cell_16856","OLF",1
"Cell_16947","OLF",1
"Cell_16990","OLF",1
"Cell_17038","OLF",1
"Cell_17578","OLF",1
"Cell_17788","OLF",1
"Cell_18003","OLF",0.999999999999999
"Cell_18693","OLF",1
"Cell_18808","OLF",1
"Cell_19321","OLF",1
"Cell_19369","OLF",1
"Cell_19376","OLF",1
"Cell_19475","OLF",1
"Cell_19622","OLF",1
"Cell_19636","OLF",1
"Cell_20451","OLF",1
"Cell_20780","OLF",1
"Cell_20840","OLF",0.987237865315544
"Cell_21157","OLF",1
"Cell_21288","OLF",0.999996914924543
"Cell_21368","OLF",1
"Cell_21409","OLF",1
"Cell_21797","OLF",1
"Cell_22128","OLF",1
"Cell_22165","OLF",1
"Cell_22199","OLF",1
"Cell_22232","OLF",1
"Cell_22293","OLF",1
"Cell_22374","OLF",1
"Cell_23002","OLF",1
"Cell_23946","OLF",1
"Cell_23966","OLF",0.999999999999999
"Cell_24266","OLF",1
"Cell_24583","OLF",1
"Cell_24600","OLF",0.999999999999999
"Cell_24636","OLF",1
"Cell_24932","OLF",1
"Cell_25033","OLF",1
"Cell_25188","OLF",1
"Cell_25385","OLF",1
"Cell_25447","OLF",1
"Cell_25874","OLF",1
"Cell_25907","OLF",1
"Cell_25914","OLF",1
"Cell_26214","OLF",1
"Cell_26300","OLF",1
"Cell_26401","OLF",1
"Cell_27359","OLF",1
"Cell_27712","OLF",1
"Cell_27731","OLF",1
"Cell_27892","OLF",1
"Cell_27965","OLF",1
"Cell_28371","OLF",1
"Cell_28616","OLF",1
"Cell_28688","OLF",1
"Cell_28997","OLF",1
"Cell_29070","OLF",1
"Cell_29083","OLF",1
"Cell_29801","OLF",1
"Cell_29989","OLF",1
"Cell_30320","OLF",1
"Cell_30329","OLF",1
"Cell_30780","OLF",1
"Cell_30820","OLF",1
"Cell_31181","OLF",1
"Cell_31218","OLF",1
"Cell_31565","OLF",1
"Cell_31999","OLF",1
"Cell_32450","OLF",1
"Cell_32580","OLF",1
"Cell_32802","OLF",1
"Cell_32903","OLF",1
"Cell_32934","OLF",1
"Cell_33354","OLF",1
"Cell_33660","OLF",1
"Cell_33693","OLF",1
"Cell_33727","OLF",1
"Cell_33937","OLF",1
"Cell_33948","OLF",1
"Cell_34121","OLF",1
"Cell_34304","OLF",1
"Cell_34314","OLF",1
"Cell_34426","OLF",1
"Cell_34639","OLF",1
"Cell_34651","OLF",1
"Cell_34704","OLF",1
"Cell_35060","OLF",1
"Cell_35219","OLF",0.999999999999999
"Cell_35659","OLF",1
"Cell_35951","OLF",1
"Cell_36039","OLF",1
"Cell_36174","OLF",1
"Cell_36225","OLF",1
"Cell_36248","OLF",1
"Cell_36292","OLF",1
"Cell_36791","OLF",1
"Cell_36844","OLF",1
"Cell_37018","OLF",1
"Cell_37124","OLF",1
"Cell_37565","OLF",1
"Cell_37585","OLF",1
"Cell_38141","OLF",1
"Cell_38375","OLF",1
"Cell_38419","OLF",1
"Cell_38724","OLF",0.980277459820097
"Cell_38883","OLF",1
"Cell_38959","OLF",1
"Cell_39003","OLF",1
"Cell_39021","OLF",1
"Cell_39168","OLF",1
"Cell_39289","OLF",1
"Cell_39331","OLF",1
"Cell_39908","OLF",1
"Cell_39910","OLF",1
"Cell_40448","OLF",1
"Cell_40754","OLF",1
"Cell_41085","OLF",1
"Cell_42310","OLF",1
"Cell_42712","OLF",1
"Cell_42839","OLF",1
"Cell_42885","OLF",1
"Cell_43292","OLF",1
"Cell_43537","OLF",0.999895013631293
"Cell_43863","OLF",1
"Cell_43948","OLF",1
"Cell_44355","OLF",1
"Cell_44425","OLF",1
"Cell_44515","OLF",1
"Cell_44628","OLF",1
"Cell_44691","OLF",1
"Cell_44911","OLF",1
"Cell_442","OLF",1
"Cell_463","OLF",1
"Cell_468","OLF",1
"Cell_712","OLF",1
"Cell_1084","OLF",0.999999999999999
"Cell_1526","OLF",1
"Cell_1913","OLF",1
"Cell_2060","OLF",1
"Cell_2081","OLF",1
"Cell_2587","OLF",1
"Cell_2909","OLF",0.996989033961679
"Cell_3117","OLF",1
"Cell_3436","OLF",1
"Cell_3721","OLF",1
"Cell_3862","OLF",1
"Cell_4799","OLF",1
"Cell_5518","OLF",1
"Cell_5599","OLF",1
"Cell_5904","OLF",1
"Cell_6124","OLF",1
"Cell_6318","OLF",1
"Cell_6618","OLF",1
"Cell_6691","OLF",1
"Cell_7294","OLF",1
"Cell_7578","OLF",1
"Cell_7589","OLF",1
"Cell_7606","OLF",1
"Cell_7719","OLF",1
"Cell_7889","OLF",1
"Cell_9119","OLF",1
"Cell_9143","OLF",1
"Cell_9501","OLF",1
"Cell_9708","OLF",1
"Cell_9746","OLF",0.999999999999999
"Cell_9759","OLF",1
"Cell_9868","OLF",1
"Cell_10372","OLF",1
"Cell_10815","OLF",1
"Cell_10906","OLF",1
"Cell_11245","OLF",0.999999999999999
"Cell_11380","OLF",1
"Cell_11542","OLF",1
"Cell_11614","OLF",1
"Cell_11665","OLF",1
"Cell_12144","OLF",1
"Cell_12289","OLF",1
"Cell_13121","OLF",1
"Cell_13393","OLF",1
"Cell_13433","OLF",1
"Cell_13633","OLF",1
"Cell_13766","OLF",1
"Cell_13802","OLF",1
"Cell_13875","OLF",1
"Cell_14140","OLF",1
"Cell_14596","OLF",1
"Cell_14886","OLF",1
"Cell_15222","OLF",1
"Cell_15479","OLF",1
"Cell_15851","OLF",1
"Cell_17069","OLF",1
"Cell_17099","OLF",1
"Cell_17113","OLF",1
"Cell_17133","OLF",1
"Cell_17513","OLF",1
"Cell_17891","OLF",1
"Cell_18260","OLF",1
"Cell_18836","OLF",1
"Cell_19244","OLF",1
"Cell_19624","OLF",0.993251776346254
"Cell_20056","OLF",1
"Cell_20417","OLF",1
"Cell_22639","OLF",0.999999999999999
"Cell_22964","OLF",1
"Cell_23366","OLF",1
"Cell_23660","OLF",1
"Cell_23664","OLF",1
"Cell_24660","OLF",1
"Cell_24820","OLF",1
"Cell_24950","OLF",1
"Cell_25474","OLF",1
"Cell_25804","OLF",1
"Cell_25877","OLF",1
"Cell_26415","OLF",1
"Cell_26472","OLF",1
"Cell_27951","OLF",1
"Cell_27959","OLF",1
"Cell_28245","OLF",1
"Cell_28402","OLF",1
"Cell_28590","OLF",1
"Cell_28847","OLF",1
"Cell_28875","OLF",1
"Cell_29233","OLF",1
"Cell_29279","OLF",1
"Cell_29690","OLF",0.999999999999999
"Cell_29833","OLF",1
"Cell_29968","OLF",1
"Cell_30119","OLF",1
"Cell_30164","OLF",1
"Cell_30179","OLF",0.999999999999999
"Cell_30435","OLF",1
"Cell_30710","OLF",1
"Cell_30747","OLF",1
"Cell_31368","OLF",0.955639216613435
"Cell_31389","OLF",1
"Cell_31674","OLF",1
"Cell_31790","OLF",1
"Cell_31952","OLF",1
"Cell_32000","OLF",1
"Cell_32233","OLF",1
"Cell_32482","OLF",1
"Cell_32519","OLF",1
"Cell_32591","OLF",1
"Cell_32789","OLF",1
"Cell_33020","OLF",1
"Cell_33206","OLF",1
"Cell_33398","OLF",1
"Cell_33723","OLF",1
"Cell_34205","OLF",1
"Cell_35375","OLF",1
"Cell_35502","OLF",1
"Cell_35657","OLF",1
"Cell_35983","OLF",1
"Cell_36051","OLF",1
"Cell_36077","OLF",1
"Cell_36836","OLF",1
"Cell_36990","OLF",1
"Cell_37010","OLF",1
"Cell_37270","OLF",1
"Cell_37566","OLF",1
"Cell_37906","OLF",1
"Cell_38233","OLF",0.98888212327793
"Cell_39045","OLF",1
"Cell_39210","OLF",1
"Cell_39381","OLF",1
"Cell_39427","OLF",1
"Cell_39606","OLF",1
"Cell_40578","OLF",1
"Cell_40897","OLF",1
"Cell_40973","OLF",1
"Cell_41002","OLF",1
"Cell_41195","OLF",1
"Cell_41546","OLF",1
"Cell_41573","OLF",1
"Cell_41590","OLF",1
"Cell_41749","OLF",1
"Cell_41887","OLF",1
"Cell_41945","OLF",1
"Cell_42362","OLF",1
"Cell_42389","OLF",1
"Cell_42390","OLF",1
"Cell_42476","OLF",1
"Cell_42914","OLF",1
"Cell_42963","OLF",1
"Cell_43089","OLF",1
"Cell_43303","OLF",1
"Cell_43445","OLF",1
"Cell_43593","OLF",1
"Cell_43671","OLF",1
"Cell_43781","OLF",1
"Cell_44234","OLF",1
"Cell_44272","OLF",0.999999999999999
"Cell_44328","OLF",1
"Cell_44512","OLF",1
"Cell_45199","OLF",1
"Cell_45244","OLF",1
"Cell_39708","OLF",1
"Cell_154","OLF",1
"Cell_1783","OLF",1
"Cell_2176","OLF",0.999999999999999
"Cell_3516","OLF",1
"Cell_4223","OLF",1
"Cell_6920","OLF",1
"Cell_8576","OLF",0.999999999999999
"Cell_8696","OLF",1
"Cell_9261","OLF",1
"Cell_9563","OLF",1
"Cell_9989","OLF",1
"Cell_10942","OLF",1
"Cell_11281","OLF",1
"Cell_11375","OLF",1
"Cell_11946","OLF",1
"Cell_12711","OLF",1
"Cell_13203","OLF",1
"Cell_13307","OLF",1
"Cell_13558","OLF",1
"Cell_13655","OLF",1
"Cell_13918","OLF",1
"Cell_14365","OLF",1
"Cell_16185","OLF",1
"Cell_17169","OLF",1
"Cell_21646","OLF",1
"Cell_22878","OLF",1
"Cell_23677","OLF",1
"Cell_24565","OLF",1
"Cell_29074","OLF",1
"Cell_29182","OLF",1
"Cell_31939","OLF",1
"Cell_33470","OLF",1
"Cell_33508","OLF",1
"Cell_34285","OLF",1
"Cell_34747","OLF",1
"Cell_34952","OLF",0.977313640999343
"Cell_35505","OLF",1
"Cell_35753","OLF",1
"Cell_36228","OLF",1
"Cell_37898","OLF",1
"Cell_38029","OLF",1
"Cell_39602","OLF",1
"Cell_40023","OLF",1
"Cell_42491","OLF",1
"Cell_44912","OLF",1
"Cell_1207","OLF",1
"Cell_2336","OLF",1
"Cell_2411","OLF",1
"Cell_2464","OLF",1
"Cell_2468","OLF",1
"Cell_2872","OLF",1
"Cell_3068","OLF",1
"Cell_3142","OLF",1
"Cell_3609","OLF",1
"Cell_3842","OLF",1
"Cell_3896","OLF",1
"Cell_4466","OLF",1
"Cell_5694","OLF",1
"Cell_6248","OLF",1
"Cell_6776","OLF",1
"Cell_6802","OLF",1
"Cell_7394","OLF",1
"Cell_8145","OLF",1
"Cell_8251","OLF",0.999999999999999
"Cell_8374","OLF",1
"Cell_8612","OLF",1
"Cell_9061","OLF",1
"Cell_9163","OLF",1
"Cell_9524","OLF",1
"Cell_9944","OLF",1
"Cell_10479","OLF",1
"Cell_10536","OLF",0.999999999999999
"Cell_11181","OLF",1
"Cell_11183","OLF",1
"Cell_11544","OLF",1
"Cell_11554","OLF",1
"Cell_11574","OLF",1
"Cell_12259","OLF",1
"Cell_12854","OLF",1
"Cell_12971","OLF",1
"Cell_12988","OLF",1
"Cell_14190","OLF",1
"Cell_14637","OLF",1
"Cell_14834","OLF",1
"Cell_14917","OLF",1
"Cell_15226","OLF",1
"Cell_15525","OLF",1
"Cell_16725","OLF",1
"Cell_16782","OLF",1
"Cell_16978","OLF",1
"Cell_17208","OLF",1
"Cell_17244","OLF",1
"Cell_21005","OLF",1
"Cell_21337","OLF",1
"Cell_21338","OLF",1
"Cell_21465","OLF",1
"Cell_21620","OLF",1
"Cell_21973","OLF",1
"Cell_22088","OLF",1
"Cell_22143","OLF",1
"Cell_22594","OLF",1
"Cell_22699","OLF",1
"Cell_23487","OLF",1
"Cell_23789","OLF",1
"Cell_24163","OLF",1
"Cell_24186","OLF",1
"Cell_24231","OLF",1
"Cell_24640","OLF",1
"Cell_24693","OLF",1
"Cell_25018","OLF",1
"Cell_25291","OLF",1
"Cell_25738","OLF",1
"Cell_25952","OLF",0.982285133759061
"Cell_26071","OLF",1
"Cell_26184","OLF",1
"Cell_26213","OLF",1
"Cell_27005","OLF",1
"Cell_27252","OLF",1
"Cell_27986","OLF",1
"Cell_28046","OLF",1
"Cell_28152","OLF",1
"Cell_29329","OLF",1
"Cell_29555","OLF",1
"Cell_30808","OLF",1
"Cell_31328","OLF",1
"Cell_31349","OLF",1
"Cell_31673","OLF",1
"Cell_31870","OLF",1
"Cell_32497","OLF",1
"Cell_33503","OLF",0.986681215186604
"Cell_34003","OLF",1
"Cell_34279","OLF",1
"Cell_34551","OLF",1
"Cell_34713","OLF",0.999999999999999
"Cell_34792","OLF",1
"Cell_36839","OLF",1
"Cell_36932","OLF",1
"Cell_38125","OLF",1
"Cell_38241","OLF",1
"Cell_38397","OLF",1
"Cell_38619","OLF",1
"Cell_38665","OLF",1
"Cell_39060","OLF",1
"Cell_39511","OLF",1
"Cell_39832","OLF",1
"Cell_41094","OLF",0.999786537476534
"Cell_41568","OLF",1
"Cell_41622","OLF",1
"Cell_41756","OLF",1
"Cell_42417","OLF",1
"Cell_42528","OLF",1
"Cell_42666","OLF",1
"Cell_42680","OLF",1
"Cell_42941","OLF",1
"Cell_43568","OLF",1
"Cell_43642","OLF",1
"Cell_43802","OLF",1
"Cell_44637","OLF",1
"Cell_45162","OLF",1
"Cell_3051","OLF",1
"Cell_20359","OLF",1
"Cell_28884","OLF",1
"Cell_29528","OLF",1
"Cell_31843","OLF",1
"Cell_6477","OLF",1
"Cell_12555","OLF",1
"Cell_439","OLF",1
"Cell_6418","OLF",1
"Cell_13363","OLF",1
"Cell_31967","OLF",1
"Cell_33238","OLF",1
"Cell_35421","OLF",1
"Cell_12177","OLF",1
"Cell_20053","OLF",1
"Cell_21867","OLF",1
"Cell_22593","OLF",1
"Cell_24694","OLF",1
"Cell_24865","OLF",1
"Cell_34053","OLF",1
"Cell_15958","OLF",1
"Cell_5786","OLF",1
"Cell_16388","OLF",1
"Cell_27445","OLF",1
"Cell_34155","OLF",1
"Cell_39282","OLF",1
"Cell_2645","OLF",1
"Cell_3993","OLF",1
"Cell_7484","OLF",1
"Cell_16591","OLF",0.999999999999999
"Cell_23629","OLF",1
"Cell_28019","OLF",1
"Cell_35885","OLF",1
"Cell_39473","OLF",1
"Cell_40527","OLF",1
"Cell_43824","OLF",1
"Cell_1399","OLF",1
"Cell_13152","OLF",1
"Cell_23033","OLF",1
"Cell_38559","OLF",1
"Cell_16131","OLF",1
"Cell_17533","OLF",1
"Cell_21667","OLF",1
"Cell_42200","OLF",1
"Cell_44260","OLF",1
"Cell_25931","OLF",1
"Cell_19179","OLF",1
"Cell_3551","DG-po",1
"Cell_30062","DG-po",1
"Cell_1636","DG-po",1
"Cell_6297","DG-po",1
"Cell_20882","DG-po",1
"Cell_28303","DG-po",1
"Cell_31361","DG-po",1
"Cell_38663","DG-po",1
"Cell_40660","DG-po",1
"Cell_17301","DG-po",1
"Cell_11657","DG-po",1
"Cell_31099","DG-po",1
"Cell_3151","DG-po",1
"Cell_7562","DG-po",0.998285246965288
"Cell_11470","DG-po",1
"Cell_18143","DG-po",1
"Cell_22297","DG-po",1
"Cell_28551","DG-po",0.999999999999999
"Cell_32953","DG-po",0.960922288575439
"Cell_41291","DG-po",1
"Cell_9573","DG-po",1
"Cell_9825","DG-po",1
"Cell_12806","DG-po",1
"Cell_23069","DG-po",0.999997429755073
"Cell_25191","DG-po",1
"Cell_27235","DG-po",0.999982816107985
"Cell_28005","DG-po",0.961634880672712
"Cell_28158","DG-po",0.967520104844438
"Cell_31125","DG-po",1
"Cell_31757","DG-po",1
"Cell_37825","DG-po",0.998752673708865
"Cell_37934","DG-po",1
"Cell_42585","DG-po",1
"Cell_19607","DG-po",1
"Cell_11653","DG-po",1
"Cell_14818","DG-po",0.991289904938188
"Cell_15566","DG-po",1
"Cell_24452","DG-po",1
"Cell_30224","DG-po",1
"Cell_35125","DG-po",1
"Cell_44797","DG-po",1
"Cell_746","DG-po",0.967199498085626
"Cell_10877","DG-po",1
"Cell_11320","DG-po",1
"Cell_14529","DG-po",0.999999999999999
"Cell_21052","DG-po",1
"Cell_23062","DG-po",0.975099794417349
"Cell_34601","DG-po",1
"Cell_36651","DG-po",1
"Cell_36744","DG-po",1
"Cell_38870","DG-po",1
"Cell_42181","DG-po",1
"Cell_15798","DG-po",1
"Cell_37580","DG-po",1
"Cell_30623","DG-po",1
"Cell_29605","DG-po",0.997285996544933
"Cell_3651","Isocortex",1
"Cell_4062","Isocortex",1
"Cell_6180","Isocortex",1
"Cell_9947","Isocortex",1
"Cell_15549","Isocortex",1
"Cell_16869","Isocortex",1
"Cell_17419","Isocortex",1
"Cell_19572","Isocortex",1
"Cell_25337","Isocortex",0.963305600094465
"Cell_28707","Isocortex",1
"Cell_30907","Isocortex",1
"Cell_544","Isocortex",1
"Cell_6489","Isocortex",1
"Cell_9025","Isocortex",1
"Cell_19061","Isocortex",1
"Cell_21515","Isocortex",1
"Cell_27803","Isocortex",1
"Cell_32044","Isocortex",1
"Cell_33185","Isocortex",1
"Cell_36912","Isocortex",0.993912699843486
"Cell_38481","Isocortex",1
"Cell_41556","Isocortex",1
"Cell_43456","Isocortex",1
"Cell_21378","Isocortex",1
"Cell_25124","Isocortex",1
"Cell_1687","Isocortex",1
"Cell_1914","Isocortex",1
"Cell_2818","Isocortex",1
"Cell_3343","Isocortex",1
"Cell_7735","Isocortex",1
"Cell_9857","Isocortex",1
"Cell_11255","Isocortex",1
"Cell_14301","Isocortex",1
"Cell_19588","Isocortex",1
"Cell_20580","Isocortex",1
"Cell_21974","Isocortex",1
"Cell_23499","Isocortex",1
"Cell_24296","Isocortex",1
"Cell_33419","Isocortex",1
"Cell_34344","Isocortex",1
"Cell_37471","Isocortex",1
"Cell_38132","Isocortex",1
"Cell_40890","Isocortex",1
"Cell_5039","Isocortex",1
"Cell_5077","Isocortex",1
"Cell_7814","Isocortex",1
"Cell_9095","Isocortex",1
"Cell_12787","Isocortex",1
"Cell_18493","Isocortex",1
"Cell_18864","Isocortex",1
"Cell_21636","Isocortex",1
"Cell_22061","Isocortex",0.999999999999999
"Cell_23177","Isocortex",1
"Cell_23595","Isocortex",1
"Cell_27425","Isocortex",1
"Cell_27571","Isocortex",1
"Cell_27998","Isocortex",1
"Cell_29773","Isocortex",0.999999999999999
"Cell_32560","Isocortex",1
"Cell_34743","Isocortex",1
"Cell_35150","Isocortex",1
"Cell_36830","Isocortex",1
"Cell_38068","Isocortex",1
"Cell_39279","Isocortex",1
"Cell_41234","Isocortex",0.999999999999999
"Cell_1275","Isocortex",1
"Cell_1823","Isocortex",1
"Cell_2559","Isocortex",1
"Cell_2725","Isocortex",1
"Cell_3470","Isocortex",1
"Cell_3902","Isocortex",1
"Cell_4958","Isocortex",1
"Cell_5078","Isocortex",1
"Cell_6224","Isocortex",1
"Cell_6523","Isocortex",0.99697540016077
"Cell_6658","Isocortex",1
"Cell_7210","Isocortex",1
"Cell_7682","Isocortex",1
"Cell_8608","Isocortex",1
"Cell_8707","Isocortex",1
"Cell_9009","Isocortex",1
"Cell_9322","Isocortex",1
"Cell_11041","Isocortex",1
"Cell_11179","Isocortex",1
"Cell_13283","Isocortex",1
"Cell_13764","Isocortex",1
"Cell_13826","Isocortex",0.998729343798868
"Cell_14591","Isocortex",1
"Cell_14926","Isocortex",1
"Cell_15357","Isocortex",1
"Cell_16565","Isocortex",1
"Cell_16843","Isocortex",1
"Cell_17283","Isocortex",1
"Cell_17975","Isocortex",1
"Cell_18102","Isocortex",1
"Cell_18631","Isocortex",1
"Cell_20014","Isocortex",1
"Cell_20052","Isocortex",1
"Cell_20387","Isocortex",1
"Cell_20680","Isocortex",1
"Cell_20712","Isocortex",1
"Cell_21002","Isocortex",1
"Cell_21757","Isocortex",1
"Cell_21812","Isocortex",0.99720952743921
"Cell_22190","Isocortex",1
"Cell_22615","Isocortex",1
"Cell_22632","Isocortex",1
"Cell_22855","Isocortex",1
"Cell_22916","Isocortex",1
"Cell_23266","Isocortex",1
"Cell_24225","Isocortex",1
"Cell_24277","Isocortex",1
"Cell_24282","Isocortex",1
"Cell_24386","Isocortex",1
"Cell_25496","Isocortex",1
"Cell_25499","Isocortex",1
"Cell_26037","Isocortex",1
"Cell_26199","Isocortex",1
"Cell_26414","Isocortex",1
"Cell_26790","Isocortex",1
"Cell_26874","Isocortex",1
"Cell_28126","Isocortex",1
"Cell_30037","Isocortex",1
"Cell_30392","Isocortex",1
"Cell_31231","Isocortex",1
"Cell_31604","Isocortex",1
"Cell_31846","Isocortex",1
"Cell_32130","Isocortex",1
"Cell_32622","Isocortex",1
"Cell_33129","Isocortex",1
"Cell_33583","Isocortex",1
"Cell_34676","Isocortex",1
"Cell_34818","Isocortex",1
"Cell_36809","Isocortex",1
"Cell_36923","Isocortex",1
"Cell_37079","Isocortex",1
"Cell_37441","Isocortex",1
"Cell_39204","Isocortex",1
"Cell_39579","Isocortex",1
"Cell_39590","Isocortex",1
"Cell_39640","Isocortex",1
"Cell_39901","Isocortex",1
"Cell_40040","Isocortex",1
"Cell_40508","Isocortex",1
"Cell_40606","Isocortex",1
"Cell_40809","Isocortex",1
"Cell_41111","Isocortex",1
"Cell_41268","Isocortex",1
"Cell_43238","Isocortex",1
"Cell_43280","Isocortex",1
"Cell_44286","Isocortex",1
"Cell_44699","Isocortex",1
"Cell_458","Isocortex",1
"Cell_3187","Isocortex",1
"Cell_3211","Isocortex",1
"Cell_5046","Isocortex",1
"Cell_5853","Isocortex",1
"Cell_6191","Isocortex",0.999999999999999
"Cell_6775","Isocortex",1
"Cell_7233","Isocortex",1
"Cell_9195","Isocortex",1
"Cell_10743","Isocortex",1
"Cell_11263","Isocortex",1
"Cell_13667","Isocortex",1
"Cell_13765","Isocortex",1
"Cell_14431","Isocortex",1
"Cell_15252","Isocortex",1
"Cell_16418","Isocortex",1
"Cell_17222","Isocortex",1
"Cell_17757","Isocortex",1
"Cell_19236","Isocortex",1
"Cell_20176","Isocortex",1
"Cell_21192","Isocortex",1
"Cell_21436","Isocortex",1
"Cell_22919","Isocortex",1
"Cell_23552","Isocortex",1
"Cell_24617","Isocortex",1
"Cell_26260","Isocortex",1
"Cell_28512","Isocortex",1
"Cell_28656","Isocortex",1
"Cell_29216","Isocortex",1
"Cell_30478","Isocortex",1
"Cell_30954","Isocortex",1
"Cell_34794","Isocortex",1
"Cell_35034","Isocortex",1
"Cell_35479","Isocortex",1
"Cell_37411","Isocortex",1
"Cell_38418","Isocortex",1
"Cell_39625","Isocortex",1
"Cell_39943","Isocortex",1
"Cell_40594","Isocortex",1
"Cell_40752","Isocortex",1
"Cell_40824","Isocortex",1
"Cell_40860","Isocortex",1
"Cell_40992","Isocortex",0.964932711378473
"Cell_42614","Isocortex",1
"Cell_43890","Isocortex",1
"Cell_31413","Isocortex",1
"Cell_4981","Isocortex",1
"Cell_6679","Isocortex",1
"Cell_8741","Isocortex",1
"Cell_12081","Isocortex",1
"Cell_16348","Isocortex",1
"Cell_22135","Isocortex",1
"Cell_34898","Isocortex",1
"Cell_38100","Isocortex",1
"Cell_1066","Isocortex",1
"Cell_1659","Isocortex",1
"Cell_2243","Isocortex",1
"Cell_2883","Isocortex",1
"Cell_4024","Isocortex",1
"Cell_4071","Isocortex",1
"Cell_4390","Isocortex",1
"Cell_4496","Isocortex",1
"Cell_7370","Isocortex",1
"Cell_9718","Isocortex",1
"Cell_10398","Isocortex",1
"Cell_10546","Isocortex",1
"Cell_11132","Isocortex",1
"Cell_11250","Isocortex",1
"Cell_11578","Isocortex",0.9872662661475
"Cell_11625","Isocortex",1
"Cell_11754","Isocortex",1
"Cell_14480","Isocortex",1
"Cell_15048","Isocortex",1
"Cell_16941","Isocortex",1
"Cell_17904","Isocortex",1
"Cell_20184","Isocortex",0.999999999999999
"Cell_20455","Isocortex",1
"Cell_22511","Isocortex",1
"Cell_22953","Isocortex",1
"Cell_23118","Isocortex",1
"Cell_23753","Isocortex",1
"Cell_24264","Isocortex",1
"Cell_24391","Isocortex",1
"Cell_25096","Isocortex",1
"Cell_27906","Isocortex",1
"Cell_28528","Isocortex",1
"Cell_28759","Isocortex",1
"Cell_28824","Isocortex",1
"Cell_30610","Isocortex",1
"Cell_33864","Isocortex",1
"Cell_35550","Isocortex",1
"Cell_37860","Isocortex",1
"Cell_39425","Isocortex",1
"Cell_41617","Isocortex",1
"Cell_41886","Isocortex",1
"Cell_42001","Isocortex",0.999999999999999
"Cell_42747","Isocortex",1
"Cell_44151","Isocortex",1
"Cell_44936","Isocortex",1
"Cell_45005","Isocortex",1
"Cell_1679","Isocortex",1
"Cell_3954","Isocortex",1
"Cell_14249","Isocortex",1
"Cell_18206","Isocortex",1
"Cell_18219","Isocortex",1
"Cell_20032","Isocortex",1
"Cell_23278","Isocortex",1
"Cell_27527","Isocortex",1
"Cell_38189","Isocortex",1
"Cell_41869","Isocortex",1
"Cell_43144","Isocortex",1
"Cell_44003","Isocortex",1
"Cell_34574","Isocortex",1
"Cell_40707","Isocortex",1
"Cell_4868","Isocortex",1
"Cell_9962","Isocortex",0.996344452003862
"Cell_16560","Isocortex",1
"Cell_17131","Isocortex",1
"Cell_18388","Isocortex",1
"Cell_27451","Isocortex",1
"Cell_30322","Isocortex",1
"Cell_34361","Isocortex",1
"Cell_37478","Isocortex",1
"Cell_37994","Isocortex",1
"Cell_38863","Isocortex",1
"Cell_41560","Isocortex",1
"Cell_315","Isocortex",1
"Cell_2165","Isocortex",0.999999999999999
"Cell_2978","Isocortex",1
"Cell_27726","Isocortex",1
"Cell_29806","Isocortex",1
"Cell_40284","Isocortex",1
"Cell_9142","Isocortex",1
"Cell_21118","Isocortex",1
"Cell_27029","Isocortex",1
"Cell_29792","Isocortex",1
"Cell_33181","Isocortex",1
"Cell_36817","Isocortex",1
"Cell_40035","Isocortex",1
"Cell_40896","Isocortex",1
"Cell_41204","Isocortex",1
"Cell_43572","Isocortex",1
"Cell_12158","Isocortex",1
"Cell_937","Isocortex",0.999999999999999
"Cell_10054","Isocortex",1
"Cell_14868","Isocortex",1
"Cell_24596","Isocortex",1
"Cell_42461","Isocortex",1
"Cell_19293","Isocortex",1
"Cell_14991","Isocortex",1
"Cell_44324","Isocortex",1
"Cell_10831","Isocortex",1
"Cell_35794","Isocortex",1
"Cell_852","Isocortex",1
"Cell_17919","Isocortex",1
"Cell_30787","Isocortex",1
"Cell_9207","Isocortex",1
"Cell_3981","DG-sg",1
"Cell_4700","DG-sg",0.994392612871567
"Cell_5160","DG-sg",1
"Cell_6703","DG-sg",1
"Cell_6925","DG-sg",1
"Cell_9366","DG-sg",1
"Cell_9647","DG-sg",1
"Cell_11336","DG-sg",1
"Cell_12541","DG-sg",0.96470740777056
"Cell_14854","DG-sg",1
"Cell_16873","DG-sg",1
"Cell_18471","DG-sg",1
"Cell_19258","DG-sg",1
"Cell_24940","DG-sg",1
"Cell_25642","DG-sg",1
"Cell_25815","DG-sg",1
"Cell_27536","DG-sg",1
"Cell_28484","DG-sg",1
"Cell_28735","DG-sg",0.999999999999999
"Cell_30498","DG-sg",1
"Cell_31026","DG-sg",1
"Cell_33131","DG-sg",1
"Cell_34828","DG-sg",0.955697839125526
"Cell_35000","DG-sg",1
"Cell_35507","DG-sg",0.997336530296328
"Cell_37929","DG-sg",1
"Cell_38486","DG-sg",0.994702856068955
"Cell_40902","DG-sg",1
"Cell_41997","DG-sg",1
"Cell_1670","DG-sg",1
"Cell_7155","DG-sg",1
"Cell_8377","DG-sg",1
"Cell_24089","DG-sg",1
"Cell_26462","DG-sg",1
"Cell_29991","DG-sg",1
"Cell_30677","DG-sg",1
"Cell_34883","DG-sg",1
"Cell_34931","DG-sg",1
"Cell_37169","DG-sg",1
"Cell_936","DG-sg",1
"Cell_1161","DG-sg",1
"Cell_1304","DG-sg",1
"Cell_1305","DG-sg",1
"Cell_2015","DG-sg",1
"Cell_4810","DG-sg",1
"Cell_6878","DG-sg",0.999999999999999
"Cell_7411","DG-sg",1
"Cell_8615","DG-sg",1
"Cell_10583","DG-sg",1
"Cell_11449","DG-sg",1
"Cell_14580","DG-sg",1
"Cell_14643","DG-sg",1
"Cell_18971","DG-sg",1
"Cell_19278","DG-sg",1
"Cell_27833","DG-sg",1
"Cell_30471","DG-sg",0.953118174692259
"Cell_35740","DG-sg",1
"Cell_35768","DG-sg",1
"Cell_36517","DG-sg",1
"Cell_36918","DG-sg",1
"Cell_2288","DG-sg",1
"Cell_6201","DG-sg",1
"Cell_7247","DG-sg",1
"Cell_8355","DG-sg",1
"Cell_9258","DG-sg",1
"Cell_10468","DG-sg",1
"Cell_10854","DG-sg",1
"Cell_11404","DG-sg",1
"Cell_13108","DG-sg",1
"Cell_19658","DG-sg",1
"Cell_22630","DG-sg",1
"Cell_26182","DG-sg",1
"Cell_30933","DG-sg",1
"Cell_32133","DG-sg",1
"Cell_34496","DG-sg",1
"Cell_39771","DG-sg",1
"Cell_40356","DG-sg",1
"Cell_42806","DG-sg",0.999645975169375
"Cell_43881","DG-sg",1
"Cell_187","DG-sg",1
"Cell_429","DG-sg",1
"Cell_806","DG-sg",1
"Cell_990","DG-sg",1
"Cell_1348","DG-sg",1
"Cell_1653","DG-sg",1
"Cell_2319","DG-sg",1
"Cell_2372","DG-sg",1
"Cell_2384","DG-sg",1
"Cell_2563","DG-sg",1
"Cell_2761","DG-sg",1
"Cell_3090","DG-sg",1
"Cell_3214","DG-sg",1
"Cell_3225","DG-sg",1
"Cell_3297","DG-sg",1
"Cell_3513","DG-sg",1
"Cell_3684","DG-sg",1
"Cell_3744","DG-sg",1
"Cell_3908","DG-sg",1
"Cell_4129","DG-sg",1
"Cell_5315","DG-sg",1
"Cell_5399","DG-sg",1
"Cell_5580","DG-sg",1
"Cell_5770","DG-sg",1
"Cell_6042","DG-sg",1
"Cell_6113","DG-sg",1
"Cell_6296","DG-sg",1
"Cell_6989","DG-sg",1
"Cell_7158","DG-sg",1
"Cell_7245","DG-sg",0.999999690554605
"Cell_7287","DG-sg",1
"Cell_7534","DG-sg",1
"Cell_7987","DG-sg",1
"Cell_7999","DG-sg",1
"Cell_8126","DG-sg",1
"Cell_8270","DG-sg",1
"Cell_8616","DG-sg",1
"Cell_8720","DG-sg",0.990587802503494
"Cell_8896","DG-sg",1
"Cell_9087","DG-sg",1
"Cell_9099","DG-sg",1
"Cell_9198","DG-sg",1
"Cell_9256","DG-sg",1
"Cell_9288","DG-sg",1
"Cell_9436","DG-sg",1
"Cell_9675","DG-sg",1
"Cell_10043","DG-sg",1
"Cell_10260","DG-sg",1
"Cell_10379","DG-sg",1
"Cell_10903","DG-sg",0.999999999999999
"Cell_11036","DG-sg",0.999858920687402
"Cell_11069","DG-sg",0.99959137830691
"Cell_11087","DG-sg",1
"Cell_11323","DG-sg",1
"Cell_11358","DG-sg",1
"Cell_11386","DG-sg",1
"Cell_11866","DG-sg",1
"Cell_11886","DG-sg",1
"Cell_12444","DG-sg",1
"Cell_12572","DG-sg",1
"Cell_12850","DG-sg",1
"Cell_12876","DG-sg",1
"Cell_12918","DG-sg",1
"Cell_13346","DG-sg",1
"Cell_13415","DG-sg",1
"Cell_13601","DG-sg",1
"Cell_13628","DG-sg",1
"Cell_13974","DG-sg",1
"Cell_14119","DG-sg",0.999600789218153
"Cell_14340","DG-sg",1
"Cell_14400","DG-sg",1
"Cell_14508","DG-sg",0.998222418684582
"Cell_15200","DG-sg",1
"Cell_16109","DG-sg",1
"Cell_16280","DG-sg",1
"Cell_16436","DG-sg",1
"Cell_16886","DG-sg",1
"Cell_16927","DG-sg",1
"Cell_17036","DG-sg",1
"Cell_17262","DG-sg",1
"Cell_17816","DG-sg",1
"Cell_17865","DG-sg",1
"Cell_17897","DG-sg",1
"Cell_18168","DG-sg",1
"Cell_18186","DG-sg",1
"Cell_18530","DG-sg",1
"Cell_18807","DG-sg",0.970400906513139
"Cell_18901","DG-sg",1
"Cell_18910","DG-sg",1
"Cell_19261","DG-sg",1
"Cell_19325","DG-sg",1
"Cell_19335","DG-sg",1
"Cell_19525","DG-sg",1
"Cell_20068","DG-sg",1
"Cell_20257","DG-sg",1
"Cell_20885","DG-sg",1
"Cell_20895","DG-sg",0.998355527015148
"Cell_20931","DG-sg",1
"Cell_21315","DG-sg",1
"Cell_21495","DG-sg",1
"Cell_21565","DG-sg",1
"Cell_22325","DG-sg",1
"Cell_22357","DG-sg",1
"Cell_22478","DG-sg",1
"Cell_22481","DG-sg",1
"Cell_22538","DG-sg",1
"Cell_22616","DG-sg",1
"Cell_22811","DG-sg",1
"Cell_23232","DG-sg",1
"Cell_23252","DG-sg",1
"Cell_23253","DG-sg",1
"Cell_23329","DG-sg",0.999999999999999
"Cell_23498","DG-sg",1
"Cell_23732","DG-sg",1
"Cell_23900","DG-sg",1
"Cell_23982","DG-sg",1
"Cell_24533","DG-sg",1
"Cell_24840","DG-sg",1
"Cell_25241","DG-sg",1
"Cell_25621","DG-sg",1
"Cell_25769","DG-sg",1
"Cell_25958","DG-sg",1
"Cell_27497","DG-sg",1
"Cell_27577","DG-sg",1
"Cell_27600","DG-sg",1
"Cell_27684","DG-sg",1
"Cell_27805","DG-sg",0.995570913946979
"Cell_28230","DG-sg",1
"Cell_28517","DG-sg",1
"Cell_28543","DG-sg",1
"Cell_28738","DG-sg",1
"Cell_28762","DG-sg",1
"Cell_29047","DG-sg",1
"Cell_29147","DG-sg",1
"Cell_29150","DG-sg",1
"Cell_29222","DG-sg",1
"Cell_29496","DG-sg",1
"Cell_29507","DG-sg",1
"Cell_29580","DG-sg",1
"Cell_30275","DG-sg",1
"Cell_31001","DG-sg",1
"Cell_31326","DG-sg",1
"Cell_31357","DG-sg",0.999989847854357
"Cell_31381","DG-sg",1
"Cell_31746","DG-sg",1
"Cell_32400","DG-sg",1
"Cell_32650","DG-sg",1
"Cell_32787","DG-sg",1
"Cell_32918","DG-sg",1
"Cell_33196","DG-sg",1
"Cell_33376","DG-sg",1
"Cell_33932","DG-sg",1
"Cell_33982","DG-sg",0.999949818636047
"Cell_34356","DG-sg",1
"Cell_34832","DG-sg",1
"Cell_34879","DG-sg",1
"Cell_35104","DG-sg",1
"Cell_35888","DG-sg",1
"Cell_35891","DG-sg",1
"Cell_36210","DG-sg",1
"Cell_36308","DG-sg",1
"Cell_36422","DG-sg",0.998235076832518
"Cell_36968","DG-sg",1
"Cell_36998","DG-sg",1
"Cell_37180","DG-sg",1
"Cell_37333","DG-sg",1
"Cell_37391","DG-sg",1
"Cell_37415","DG-sg",1
"Cell_37421","DG-sg",1
"Cell_37571","DG-sg",1
"Cell_37891","DG-sg",1
"Cell_37930","DG-sg",1
"Cell_37973","DG-sg",1
"Cell_38583","DG-sg",1
"Cell_38742","DG-sg",1
"Cell_38774","DG-sg",1
"Cell_38823","DG-sg",1
"Cell_39117","DG-sg",1
"Cell_39142","DG-sg",1
"Cell_39448","DG-sg",1
"Cell_39671","DG-sg",1
"Cell_39988","DG-sg",1
"Cell_40080","DG-sg",1
"Cell_40280","DG-sg",1
"Cell_40639","DG-sg",1
"Cell_40655","DG-sg",1
"Cell_40939","DG-sg",1
"Cell_41023","DG-sg",1
"Cell_41048","DG-sg",0.999999999999999
"Cell_41168","DG-sg",1
"Cell_41250","DG-sg",0.999708714184512
"Cell_41320","DG-sg",1
"Cell_41460","DG-sg",0.961881507622442
"Cell_41711","DG-sg",1
"Cell_41765","DG-sg",1
"Cell_41839","DG-sg",1
"Cell_41855","DG-sg",1
"Cell_42640","DG-sg",1
"Cell_42659","DG-sg",1
"Cell_42758","DG-sg",1
"Cell_42991","DG-sg",1
"Cell_42997","DG-sg",1
"Cell_43108","DG-sg",1
"Cell_43119","DG-sg",1
"Cell_43142","DG-sg",1
"Cell_44132","DG-sg",1
"Cell_44629","DG-sg",1
"Cell_44848","DG-sg",1
"Cell_44918","DG-sg",1
"Cell_44995","DG-sg",1
"Cell_45052","DG-sg",1
"Cell_45077","DG-sg",0.999999999999999
"Cell_45111","DG-sg",1
"Cell_141","DG-sg",1
"Cell_174","DG-sg",1
"Cell_1402","DG-sg",1
"Cell_1776","DG-sg",1
"Cell_1973","DG-sg",0.999029935354335
"Cell_2100","DG-sg",1
"Cell_2321","DG-sg",1
"Cell_2539","DG-sg",1
"Cell_2572","DG-sg",1
"Cell_3168","DG-sg",1
"Cell_3207","DG-sg",1
"Cell_4616","DG-sg",1
"Cell_4650","DG-sg",1
"Cell_4798","DG-sg",1
"Cell_4912","DG-sg",1
"Cell_4988","DG-sg",1
"Cell_5020","DG-sg",1
"Cell_5528","DG-sg",1
"Cell_5760","DG-sg",1
"Cell_5804","DG-sg",0.985131180740579
"Cell_5831","DG-sg",1
"Cell_5857","DG-sg",1
"Cell_6364","DG-sg",1
"Cell_6379","DG-sg",1
"Cell_6416","DG-sg",1
"Cell_6517","DG-sg",1
"Cell_6576","DG-sg",1
"Cell_6577","DG-sg",1
"Cell_6676","DG-sg",1
"Cell_7133","DG-sg",1
"Cell_7316","DG-sg",1
"Cell_7953","DG-sg",1
"Cell_7957","DG-sg",1
"Cell_8185","DG-sg",1
"Cell_8308","DG-sg",1
"Cell_8550","DG-sg",0.998610958978793
"Cell_8951","DG-sg",1
"Cell_9291","DG-sg",1
"Cell_9307","DG-sg",1
"Cell_10224","DG-sg",1
"Cell_10384","DG-sg",1
"Cell_10594","DG-sg",1
"Cell_10597","DG-sg",1
"Cell_10611","DG-sg",1
"Cell_10823","DG-sg",1
"Cell_11271","DG-sg",0.999900775249247
"Cell_11616","DG-sg",1
"Cell_11647","DG-sg",1
"Cell_11755","DG-sg",1
"Cell_12467","DG-sg",1
"Cell_13041","DG-sg",1
"Cell_13098","DG-sg",1
"Cell_13219","DG-sg",1
"Cell_13381","DG-sg",1
"Cell_14007","DG-sg",0.997376254471255
"Cell_14163","DG-sg",1
"Cell_14233","DG-sg",1
"Cell_14504","DG-sg",1
"Cell_14608","DG-sg",1
"Cell_14839","DG-sg",1
"Cell_14924","DG-sg",1
"Cell_15167","DG-sg",1
"Cell_15678","DG-sg",1
"Cell_15748","DG-sg",1
"Cell_15753","DG-sg",1
"Cell_15756","DG-sg",1
"Cell_15898","DG-sg",1
"Cell_16282","DG-sg",1
"Cell_16588","DG-sg",1
"Cell_16662","DG-sg",1
"Cell_16988","DG-sg",1
"Cell_16999","DG-sg",1
"Cell_17313","DG-sg",1
"Cell_17341","DG-sg",1
"Cell_17348","DG-sg",1
"Cell_17851","DG-sg",0.980837260553431
"Cell_17900","DG-sg",0.999999999999999
"Cell_18058","DG-sg",1
"Cell_18074","DG-sg",1
"Cell_18735","DG-sg",1
"Cell_19213","DG-sg",1
"Cell_19616","DG-sg",1
"Cell_19798","DG-sg",1
"Cell_19808","DG-sg",1
"Cell_20029","DG-sg",0.966724104806321
"Cell_20120","DG-sg",1
"Cell_20754","DG-sg",0.997612755253811
"Cell_21070","DG-sg",1
"Cell_21128","DG-sg",1
"Cell_21156","DG-sg",1
"Cell_21360","DG-sg",1
"Cell_21492","DG-sg",1
"Cell_21559","DG-sg",1
"Cell_21734","DG-sg",1
"Cell_21817","DG-sg",1
"Cell_22466","DG-sg",1
"Cell_22896","DG-sg",1
"Cell_23041","DG-sg",1
"Cell_23260","DG-sg",0.999999999999999
"Cell_23267","DG-sg",1
"Cell_23336","DG-sg",1
"Cell_24063","DG-sg",1
"Cell_24111","DG-sg",1
"Cell_24211","DG-sg",1
"Cell_24288","DG-sg",1
"Cell_24597","DG-sg",0.99899911428876
"Cell_24757","DG-sg",1
"Cell_25066","DG-sg",1
"Cell_25178","DG-sg",0.964187895925436
"Cell_25255","DG-sg",1
"Cell_25300","DG-sg",1
"Cell_25513","DG-sg",1
"Cell_25563","DG-sg",1
"Cell_25571","DG-sg",1
"Cell_25710","DG-sg",1
"Cell_25818","DG-sg",1
"Cell_25928","DG-sg",1
"Cell_25973","DG-sg",1
"Cell_26187","DG-sg",1
"Cell_26623","DG-sg",1
"Cell_26640","DG-sg",1
"Cell_27097","DG-sg",1
"Cell_27246","DG-sg",1
"Cell_27274","DG-sg",1
"Cell_27281","DG-sg",1
"Cell_27841","DG-sg",1
"Cell_27874","DG-sg",1
"Cell_27914","DG-sg",1
"Cell_28469","DG-sg",1
"Cell_29023","DG-sg",1
"Cell_29288","DG-sg",1
"Cell_29771","DG-sg",1
"Cell_29889","DG-sg",1
"Cell_30018","DG-sg",0.969569357620587
"Cell_30193","DG-sg",1
"Cell_30587","DG-sg",1
"Cell_30734","DG-sg",1
"Cell_31768","DG-sg",1
"Cell_31789","DG-sg",1
"Cell_32159","DG-sg",1
"Cell_32658","DG-sg",1
"Cell_33584","DG-sg",0.999986586797767
"Cell_33611","DG-sg",1
"Cell_33701","DG-sg",1
"Cell_33730","DG-sg",1
"Cell_34465","DG-sg",1
"Cell_34619","DG-sg",1
"Cell_35152","DG-sg",1
"Cell_35478","DG-sg",1
"Cell_35831","DG-sg",1
"Cell_35950","DG-sg",1
"Cell_37104","DG-sg",0.960226773451557
"Cell_37360","DG-sg",1
"Cell_37650","DG-sg",1
"Cell_37699","DG-sg",1
"Cell_37736","DG-sg",1
"Cell_37767","DG-sg",1
"Cell_37788","DG-sg",1
"Cell_38208","DG-sg",1
"Cell_38561","DG-sg",1
"Cell_39429","DG-sg",1
"Cell_39490","DG-sg",1
"Cell_39816","DG-sg",1
"Cell_40029","DG-sg",1
"Cell_40112","DG-sg",1
"Cell_40675","DG-sg",1
"Cell_40904","DG-sg",1
"Cell_41003","DG-sg",1
"Cell_41077","DG-sg",0.999616699368411
"Cell_41821","DG-sg",1
"Cell_42489","DG-sg",1
"Cell_42530","DG-sg",1
"Cell_42595","DG-sg",1
"Cell_43131","DG-sg",1
"Cell_43467","DG-sg",1
"Cell_43518","DG-sg",1
"Cell_44295","DG-sg",1
"Cell_44924","DG-sg",1
"Cell_44928","DG-sg",1
"Cell_44949","DG-sg",1
"Cell_45139","DG-sg",1
"Cell_8408","DG-sg",1
"Cell_13976","DG-sg",1
"Cell_2807","DG-sg",1
"Cell_7515","DG-sg",1
"Cell_19608","DG-sg",1
"Cell_24633","DG-sg",1
"Cell_36018","DG-sg",1
"Cell_39563","DG-sg",1
"Cell_1626","DG-sg",1
"Cell_1908","DG-sg",1
"Cell_4343","DG-sg",1
"Cell_4566","DG-sg",1
"Cell_6356","DG-sg",1
"Cell_6545","DG-sg",0.980277918634338
"Cell_7448","DG-sg",1
"Cell_7596","DG-sg",1
"Cell_7956","DG-sg",1
"Cell_8295","DG-sg",0.999017010139446
"Cell_9347","DG-sg",1
"Cell_9807","DG-sg",1
"Cell_9824","DG-sg",1
"Cell_10721","DG-sg",0.999999999999999
"Cell_10988","DG-sg",1
"Cell_12276","DG-sg",1
"Cell_14397","DG-sg",1
"Cell_16102","DG-sg",1
"Cell_17352","DG-sg",1
"Cell_17525","DG-sg",0.99473021571628
"Cell_18014","DG-sg",1
"Cell_18018","DG-sg",1
"Cell_18377","DG-sg",1
"Cell_18434","DG-sg",1
"Cell_20440","DG-sg",1
"Cell_20491","DG-sg",1
"Cell_23245","DG-sg",1
"Cell_23268","DG-sg",1
"Cell_23918","DG-sg",1
"Cell_24196","DG-sg",1
"Cell_24383","DG-sg",0.999999999999999
"Cell_24472","DG-sg",1
"Cell_25071","DG-sg",1
"Cell_25301","DG-sg",1
"Cell_25924","DG-sg",1
"Cell_27426","DG-sg",1
"Cell_28769","DG-sg",1
"Cell_29550","DG-sg",1
"Cell_32844","DG-sg",1
"Cell_33616","DG-sg",1
"Cell_33887","DG-sg",1
"Cell_34101","DG-sg",1
"Cell_34176","DG-sg",0.996289622749903
"Cell_34534","DG-sg",1
"Cell_36293","DG-sg",1
"Cell_36487","DG-sg",1
"Cell_36988","DG-sg",1
"Cell_38019","DG-sg",1
"Cell_38444","DG-sg",0.989279203343667
"Cell_39391","DG-sg",1
"Cell_39529","DG-sg",1
"Cell_41059","DG-sg",1
"Cell_41866","DG-sg",1
"Cell_42144","DG-sg",1
"Cell_42597","DG-sg",0.95357936553397
"Cell_42838","DG-sg",1
"Cell_43761","DG-sg",1
"Cell_44437","DG-sg",1
"Cell_44644","DG-sg",1
"Cell_44703","DG-sg",1
"Cell_44758","DG-sg",1
"Cell_100","DG-sg",1
"Cell_107","DG-sg",1
"Cell_115","DG-sg",1
"Cell_116","DG-sg",1
"Cell_186","DG-sg",1
"Cell_384","DG-sg",1
"Cell_649","DG-sg",1
"Cell_754","DG-sg",1
"Cell_846","DG-sg",1
"Cell_1120","DG-sg",1
"Cell_1138","DG-sg",1
"Cell_1147","DG-sg",1
"Cell_1165","DG-sg",1
"Cell_1189","DG-sg",0.999999999999999
"Cell_1321","DG-sg",0.953982891797585
"Cell_1418","DG-sg",1
"Cell_1685","DG-sg",1
"Cell_1772","DG-sg",1
"Cell_1870","DG-sg",1
"Cell_1946","DG-sg",1
"Cell_1991","DG-sg",1
"Cell_1997","DG-sg",1
"Cell_2038","DG-sg",1
"Cell_2283","DG-sg",1
"Cell_2292","DG-sg",0.999493554012801
"Cell_2484","DG-sg",1
"Cell_2549","DG-sg",0.992846192098895
"Cell_2696","DG-sg",1
"Cell_3041","DG-sg",1
"Cell_3113","DG-sg",1
"Cell_3318","DG-sg",1
"Cell_3568","DG-sg",1
"Cell_3671","DG-sg",1
"Cell_4328","DG-sg",1
"Cell_4579","DG-sg",1
"Cell_4586","DG-sg",1
"Cell_5181","DG-sg",1
"Cell_5271","DG-sg",1
"Cell_5572","DG-sg",1
"Cell_5855","DG-sg",1
"Cell_5866","DG-sg",1
"Cell_6048","DG-sg",1
"Cell_6222","DG-sg",1
"Cell_6454","DG-sg",1
"Cell_6656","DG-sg",1
"Cell_7025","DG-sg",1
"Cell_7045","DG-sg",1
"Cell_7100","DG-sg",1
"Cell_7106","DG-sg",1
"Cell_7274","DG-sg",1
"Cell_7385","DG-sg",1
"Cell_7750","DG-sg",1
"Cell_7926","DG-sg",1
"Cell_7936","DG-sg",1
"Cell_8172","DG-sg",1
"Cell_8610","DG-sg",1
"Cell_8852","DG-sg",1
"Cell_8965","DG-sg",1
"Cell_8987","DG-sg",1
"Cell_9081","DG-sg",1
"Cell_9091","DG-sg",1
"Cell_9131","DG-sg",1
"Cell_9154","DG-sg",1
"Cell_9178","DG-sg",1
"Cell_9205","DG-sg",1
"Cell_9443","DG-sg",1
"Cell_9508","DG-sg",1
"Cell_9623","DG-sg",1
"Cell_9741","DG-sg",1
"Cell_9941","DG-sg",1
"Cell_10011","DG-sg",1
"Cell_10037","DG-sg",1
"Cell_10713","DG-sg",1
"Cell_10756","DG-sg",1
"Cell_11291","DG-sg",1
"Cell_11372","DG-sg",1
"Cell_11536","DG-sg",1
"Cell_11737","DG-sg",1
"Cell_11828","DG-sg",1
"Cell_11869","DG-sg",1
"Cell_11961","DG-sg",1
"Cell_12080","DG-sg",1
"Cell_12188","DG-sg",1
"Cell_12197","DG-sg",1
"Cell_12221","DG-sg",1
"Cell_12375","DG-sg",1
"Cell_12877","DG-sg",1
"Cell_12975","DG-sg",1
"Cell_12978","DG-sg",1
"Cell_13037","DG-sg",0.999999999999999
"Cell_13123","DG-sg",1
"Cell_13159","DG-sg",1
"Cell_13305","DG-sg",1
"Cell_13446","DG-sg",0.9971455849842
"Cell_13457","DG-sg",1
"Cell_13551","DG-sg",1
"Cell_13786","DG-sg",1
"Cell_14170","DG-sg",1
"Cell_14362","DG-sg",1
"Cell_14375","DG-sg",1
"Cell_14525","DG-sg",1
"Cell_14532","DG-sg",1
"Cell_14620","DG-sg",1
"Cell_14844","DG-sg",1
"Cell_14897","DG-sg",1
"Cell_15253","DG-sg",1
"Cell_15651","DG-sg",1
"Cell_15792","DG-sg",1
"Cell_15816","DG-sg",1
"Cell_16072","DG-sg",1
"Cell_16358","DG-sg",1
"Cell_16469","DG-sg",1
"Cell_16487","DG-sg",1
"Cell_16509","DG-sg",1
"Cell_16905","DG-sg",1
"Cell_16923","DG-sg",1
"Cell_17080","DG-sg",1
"Cell_17253","DG-sg",1
"Cell_17507","DG-sg",0.98045830189359
"Cell_17625","DG-sg",1
"Cell_17791","DG-sg",1
"Cell_17946","DG-sg",1
"Cell_17947","DG-sg",1
"Cell_18133","DG-sg",1
"Cell_18199","DG-sg",1
"Cell_18644","DG-sg",0.999999999999999
"Cell_19005","DG-sg",1
"Cell_19059","DG-sg",1
"Cell_19410","DG-sg",1
"Cell_19447","DG-sg",1
"Cell_19479","DG-sg",1
"Cell_19605","DG-sg",1
"Cell_19659","DG-sg",1
"Cell_20093","DG-sg",1
"Cell_20119","DG-sg",1
"Cell_20121","DG-sg",1
"Cell_20567","DG-sg",1
"Cell_20663","DG-sg",1
"Cell_20751","DG-sg",1
"Cell_20962","DG-sg",1
"Cell_21106","DG-sg",1
"Cell_21334","DG-sg",1
"Cell_21380","DG-sg",1
"Cell_21548","DG-sg",1
"Cell_21606","DG-sg",1
"Cell_21645","DG-sg",0.96122184222025
"Cell_21929","DG-sg",1
"Cell_22249","DG-sg",1
"Cell_22397","DG-sg",1
"Cell_22636","DG-sg",1
"Cell_22686","DG-sg",1
"Cell_22868","DG-sg",1
"Cell_23092","DG-sg",1
"Cell_23120","DG-sg",1
"Cell_23404","DG-sg",1
"Cell_23546","DG-sg",1
"Cell_23649","DG-sg",1
"Cell_23787","DG-sg",1
"Cell_23994","DG-sg",1
"Cell_24060","DG-sg",1
"Cell_24062","DG-sg",1
"Cell_24067","DG-sg",1
"Cell_24068","DG-sg",1
"Cell_24279","DG-sg",1
"Cell_24307","DG-sg",1
"Cell_24441","DG-sg",1
"Cell_24630","DG-sg",0.993203216344356
"Cell_25279","DG-sg",1
"Cell_25351","DG-sg",1
"Cell_25362","DG-sg",1
"Cell_25368","DG-sg",1
"Cell_25381","DG-sg",1
"Cell_25453","DG-sg",1
"Cell_25579","DG-sg",1
"Cell_25690","DG-sg",1
"Cell_25719","DG-sg",1
"Cell_25770","DG-sg",1
"Cell_25921","DG-sg",1
"Cell_25945","DG-sg",1
"Cell_25971","DG-sg",1
"Cell_26258","DG-sg",1
"Cell_26530","DG-sg",1
"Cell_26555","DG-sg",1
"Cell_26631","DG-sg",1
"Cell_26717","DG-sg",1
"Cell_26745","DG-sg",1
"Cell_27581","DG-sg",1
"Cell_27693","DG-sg",0.952563296180612
"Cell_27723","DG-sg",1
"Cell_27724","DG-sg",1
"Cell_28177","DG-sg",1
"Cell_28219","DG-sg",0.99995282679937
"Cell_28269","DG-sg",1
"Cell_28471","DG-sg",0.999999999999999
"Cell_28781","DG-sg",1
"Cell_29256","DG-sg",1
"Cell_29300","DG-sg",1
"Cell_29618","DG-sg",1
"Cell_30129","DG-sg",1
"Cell_30159","DG-sg",1
"Cell_30316","DG-sg",1
"Cell_30427","DG-sg",1
"Cell_30596","DG-sg",1
"Cell_30684","DG-sg",1
"Cell_30835","DG-sg",1
"Cell_30853","DG-sg",1
"Cell_30941","DG-sg",1
"Cell_30944","DG-sg",1
"Cell_31160","DG-sg",1
"Cell_31208","DG-sg",1
"Cell_31211","DG-sg",1
"Cell_31227","DG-sg",1
"Cell_31411","DG-sg",1
"Cell_31436","DG-sg",1
"Cell_31450","DG-sg",1
"Cell_31515","DG-sg",1
"Cell_31676","DG-sg",1
"Cell_31682","DG-sg",1
"Cell_31736","DG-sg",1
"Cell_31785","DG-sg",1
"Cell_31910","DG-sg",1
"Cell_32054","DG-sg",1
"Cell_32274","DG-sg",1
"Cell_32456","DG-sg",1
"Cell_32558","DG-sg",1
"Cell_33039","DG-sg",1
"Cell_33101","DG-sg",1
"Cell_33105","DG-sg",1
"Cell_33138","DG-sg",1
"Cell_33153","DG-sg",1
"Cell_33666","DG-sg",1
"Cell_33728","DG-sg",0.968732908608081
"Cell_33931","DG-sg",0.995626763223287
"Cell_33969","DG-sg",0.9882816805248
"Cell_34047","DG-sg",1
"Cell_34131","DG-sg",1
"Cell_34495","DG-sg",1
"Cell_34610","DG-sg",1
"Cell_35069","DG-sg",1
"Cell_35126","DG-sg",1
"Cell_35427","DG-sg",1
"Cell_35786","DG-sg",1
"Cell_35796","DG-sg",1
"Cell_35976","DG-sg",1
"Cell_36038","DG-sg",1
"Cell_36075","DG-sg",1
"Cell_36610","DG-sg",1
"Cell_36636","DG-sg",1
"Cell_36768","DG-sg",1
"Cell_36856","DG-sg",1
"Cell_36979","DG-sg",1
"Cell_36986","DG-sg",1
"Cell_37112","DG-sg",1
"Cell_37327","DG-sg",1
"Cell_37365","DG-sg",1
"Cell_37451","DG-sg",1
"Cell_37525","DG-sg",1
"Cell_37527","DG-sg",1
"Cell_37676","DG-sg",1
"Cell_37913","DG-sg",1
"Cell_38211","DG-sg",1
"Cell_38271","DG-sg",1
"Cell_38447","DG-sg",0.995322033412412
"Cell_38474","DG-sg",1
"Cell_38483","DG-sg",1
"Cell_38623","DG-sg",0.97198991077368
"Cell_38696","DG-sg",1
"Cell_38965","DG-sg",1
"Cell_39035","DG-sg",1
"Cell_39237","DG-sg",1
"Cell_39267","DG-sg",1
"Cell_39320","DG-sg",1
"Cell_39699","DG-sg",1
"Cell_39745","DG-sg",1
"Cell_39796","DG-sg",1
"Cell_39946","DG-sg",1
"Cell_40258","DG-sg",0.998006629604167
"Cell_40277","DG-sg",1
"Cell_40576","DG-sg",1
"Cell_40656","DG-sg",0.987146368361824
"Cell_40681","DG-sg",1
"Cell_41008","DG-sg",1
"Cell_41141","DG-sg",1
"Cell_41156","DG-sg",1
"Cell_41507","DG-sg",1
"Cell_41608","DG-sg",1
"Cell_41715","DG-sg",1
"Cell_41732","DG-sg",1
"Cell_41763","DG-sg",1
"Cell_41764","DG-sg",0.999999999999999
"Cell_41915","DG-sg",0.992933051850516
"Cell_42445","DG-sg",1
"Cell_42660","DG-sg",1
"Cell_43107","DG-sg",1
"Cell_43170","DG-sg",0.999999378445136
"Cell_43365","DG-sg",1
"Cell_43394","DG-sg",1
"Cell_43507","DG-sg",1
"Cell_43576","DG-sg",1
"Cell_43978","DG-sg",1
"Cell_44112","DG-sg",1
"Cell_44326","DG-sg",0.999655260237914
"Cell_44483","DG-sg",0.980140317841095
"Cell_44975","DG-sg",0.994558373929886
"Cell_45012","DG-sg",1
"Cell_45025","DG-sg",1
"Cell_45092","DG-sg",0.999926170486393
"Cell_45191","DG-sg",1
"Cell_3177","DG-sg",1
"Cell_4945","DG-sg",1
"Cell_8763","DG-sg",1
"Cell_15394","DG-sg",1
"Cell_25019","DG-sg",1
"Cell_20103","DG-sg",1
"Cell_1751","DG-sg",1
"Cell_5241","DG-sg",1
"Cell_5800","DG-sg",1
"Cell_10024","DG-sg",1
"Cell_12063","DG-sg",1
"Cell_12282","DG-sg",1
"Cell_23515","DG-sg",1
"Cell_25593","DG-sg",1
"Cell_33274","DG-sg",1
"Cell_39789","DG-sg",1
"Cell_2437","DG-sg",1
"Cell_7681","DG-sg",1
"Cell_13424","DG-sg",0.997746767752661
"Cell_14109","DG-sg",1
"Cell_28324","DG-sg",1
"Cell_30107","DG-sg",1
"Cell_15202","DG-sg",1
"Cell_24629","DG-sg",1
"Cell_18204","DG-sg",1
"Cell_4097","LH",1
"Cell_4618","LH",0.999998892089748
"Cell_13190","LH",1
"Cell_21651","LH",1
"Cell_28958","LH",1
"Cell_34527","LH",1
"Cell_11228","LH",1
"Cell_15810","LH",1
"Cell_29015","LH",1
"Cell_40974","LH",1
"Cell_1125","LH",1
"Cell_4633","LH",1
"Cell_13967","LH",1
"Cell_17142","LH",1
"Cell_18250","LH",0.993930010552793
"Cell_18777","LH",1
"Cell_19492","LH",1
"Cell_27417","LH",1
"Cell_31989","LH",1
"Cell_33741","LH",1
"Cell_35082","LH",1
"Cell_35092","LH",1
"Cell_37155","LH",1
"Cell_38373","LH",1
"Cell_38644","LH",1
"Cell_39546","LH",1
"Cell_42073","LH",1
"Cell_43685","LH",0.989368884091732
"Cell_10338","LH",1
"Cell_16355","LH",1
"Cell_17687","LH",1
"Cell_25805","LH",1
"Cell_34429","LH",1
"Cell_2041","LH",1
"Cell_2465","LH",1
"Cell_6424","LH",1
"Cell_18090","LH",1
"Cell_25451","LH",1
"Cell_31365","LH",1
"Cell_39762","LH",1
"Cell_43744","LH",1
"Cell_18833","LH",1
"Cell_33978","LH",1
"Cell_995","LH",1
"Cell_1204","LH",1
"Cell_13912","LH",0.999999999999999
"Cell_16698","LH",1
"Cell_22302","LH",1
"Cell_33219","LH",1
"Cell_41731","LH",1
"Cell_2114","LH",1
"Cell_10838","LH",1
"Cell_12417","LH",1
"Cell_13160","LH",0.97925005825337
"Cell_17818","LH",1
"Cell_18765","LH",1
"Cell_20099","LH",1
"Cell_20162","LH",1
"Cell_20917","LH",1
"Cell_27786","LH",1
"Cell_28950","LH",1
"Cell_29044","LH",1
"Cell_29385","LH",1
"Cell_30110","LH",0.999999999999999
"Cell_30115","LH",1
"Cell_31963","LH",1
"Cell_34590","LH",1
"Cell_35430","LH",1
"Cell_35803","LH",1
"Cell_36111","LH",1
"Cell_36196","LH",1
"Cell_37477","LH",0.999885545731352
"Cell_38854","LH",1
"Cell_39461","LH",1
"Cell_39972","LH",1
"Cell_41387","LH",1
"Cell_43342","LH",1
"Cell_43354","LH",1
"Cell_44959","LH",1
"Cell_330","LH",1
"Cell_487","LH",1
"Cell_1541","LH",1
"Cell_2374","LH",1
"Cell_2988","LH",1
"Cell_3127","LH",1
"Cell_5249","LH",1
"Cell_5947","LH",1
"Cell_6196","LH",1
"Cell_8252","LH",1
"Cell_8900","LH",1
"Cell_10128","LH",0.955569475825495
"Cell_10517","LH",1
"Cell_11076","LH",1
"Cell_11642","LH",1
"Cell_12203","LH",1
"Cell_12468","LH",1
"Cell_12580","LH",1
"Cell_14319","LH",1
"Cell_14432","LH",1
"Cell_14874","LH",1
"Cell_15526","LH",1
"Cell_15955","LH",1
"Cell_16027","LH",1
"Cell_17778","LH",1
"Cell_18362","LH",1
"Cell_18878","LH",1
"Cell_19221","LH",1
"Cell_19351","LH",1
"Cell_19391","LH",1
"Cell_20017","LH",1
"Cell_20072","LH",1
"Cell_20716","LH",1
"Cell_21561","LH",1
"Cell_22370","LH",1
"Cell_22763","LH",1
"Cell_22772","LH",1
"Cell_23576","LH",1
"Cell_24530","LH",1
"Cell_25100","LH",1
"Cell_25119","LH",1
"Cell_25970","LH",1
"Cell_26586","LH",1
"Cell_26823","LH",1
"Cell_27658","LH",1
"Cell_28157","LH",1
"Cell_28900","LH",1
"Cell_30407","LH",1
"Cell_31106","LH",1
"Cell_31772","LH",1
"Cell_32267","LH",1
"Cell_32659","LH",1
"Cell_32700","LH",1
"Cell_33040","LH",1
"Cell_33110","LH",1
"Cell_34419","LH",1
"Cell_36138","LH",1
"Cell_36767","LH",1
"Cell_37008","LH",1
"Cell_38746","LH",1
"Cell_38751","LH",1
"Cell_38920","LH",1
"Cell_38942","LH",1
"Cell_39202","LH",0.987742382042386
"Cell_40531","LH",1
"Cell_40743","LH",1
"Cell_42258","LH",1
"Cell_44992","LH",1
"Cell_45102","LH",1
"Cell_13201","LH",1
"Cell_13828","LH",1
"Cell_36298","LH",1
"Cell_36880","LH",1
"Cell_3294","LH",1
"Cell_42029","LH",1
"Cell_9830","LH",1
"Cell_25714","LH",1
"Cell_33186","LH",1
"Cell_19434","LH",1
"Cell_23100","LH",1
"Cell_9075","LH",1
"Cell_5158","LH",1
"Cell_10275","LH",1
"Cell_21641","LH",1
"Cell_24330","LH",1
"Cell_25938","LH",1
"Cell_40191","LH",1
"Cell_43806","LH",1
"Cell_45189","LH",1
"Cell_23745","LH",1
"Cell_6852","LH",1
"Cell_22837","LH",1
"Cell_25340","LH",1
"Cell_4375","ME",1
"Cell_4980","ME",1
"Cell_11804","ME",1
"Cell_17445","ME",1
"Cell_17649","ME",1
"Cell_26522","ME",1
"Cell_29523","ME",1
"Cell_30157","ME",1
"Cell_30716","ME",1
"Cell_7958","ME",1
"Cell_23967","ME",0.999999999999999
"Cell_35031","ME",1
"Cell_42731","ME",1
"Cell_23443","ME",1
"Cell_43833","ME",1
"Cell_3157","ME",1
"Cell_25569","ME",1
"Cell_32861","ME",1
"Cell_33505","ME",1
"Cell_40502","ME",0.999570419230024
"Cell_33555","ME",1
"Cell_1820","ME",1
"Cell_8861","ME",1
"Cell_14215","ME",0.995414231871361
"Cell_19472","ME",1
"Cell_19921","ME",0.999999395639108
"Cell_40363","ME",1
"Cell_42632","ME",1
"Cell_43471","ME",0.982779211154844
"Cell_44446","ME",1
"Cell_21557","ME",1
"Cell_23724","ME",1
"Cell_23938","ME",0.983030358152864
"Cell_30487","ME",1
"Cell_24592","ME",0.999968227033525
"Cell_4376","VPM",1
"Cell_18354","VPM",1
"Cell_19249","VPM",1
"Cell_20956","VPM",1
"Cell_21896","VPM",1
"Cell_26848","VPM",1
"Cell_28451","VPM",1
"Cell_36290","VPM",1
"Cell_36687","VPM",1
"Cell_41824","VPM",1
"Cell_10852","VPM",1
"Cell_12296","VPM",1
"Cell_14752","VPM",0.999999999999999
"Cell_23455","VPM",1
"Cell_26045","VPM",1
"Cell_27163","VPM",1
"Cell_32349","VPM",1
"Cell_40791","VPM",1
"Cell_42713","VPM",1
"Cell_1711","VPM",1
"Cell_2744","VPM",1
"Cell_4711","VPM",1
"Cell_4777","VPM",1
"Cell_5381","VPM",1
"Cell_6443","VPM",1
"Cell_7510","VPM",1
"Cell_8730","VPM",1
"Cell_9918","VPM",1
"Cell_10229","VPM",1
"Cell_10319","VPM",1
"Cell_11272","VPM",1
"Cell_11613","VPM",1
"Cell_11703","VPM",1
"Cell_12029","VPM",1
"Cell_12422","VPM",1
"Cell_13079","VPM",1
"Cell_13859","VPM",1
"Cell_14780","VPM",1
"Cell_16841","VPM",1
"Cell_17162","VPM",1
"Cell_17519","VPM",1
"Cell_18015","VPM",1
"Cell_18847","VPM",1
"Cell_20515","VPM",1
"Cell_22285","VPM",1
"Cell_23415","VPM",1
"Cell_25476","VPM",1
"Cell_26050","VPM",1
"Cell_26337","VPM",1
"Cell_28996","VPM",1
"Cell_29151","VPM",1
"Cell_29494","VPM",1
"Cell_31615","VPM",1
"Cell_33506","VPM",1
"Cell_34330","VPM",1
"Cell_34872","VPM",1
"Cell_36121","VPM",1
"Cell_37024","VPM",1
"Cell_37824","VPM",1
"Cell_37949","VPM",1
"Cell_38204","VPM",1
"Cell_38366","VPM",1
"Cell_40620","VPM",1
"Cell_40832","VPM",1
"Cell_41275","VPM",1
"Cell_41516","VPM",1
"Cell_42170","VPM",1
"Cell_43276","VPM",1
"Cell_43372","VPM",1
"Cell_43477","VPM",1
"Cell_44235","VPM",1
"Cell_44256","VPM",1
"Cell_12600","VPM",1
"Cell_17596","VPM",0.999999999999999
"Cell_22076","VPM",1
"Cell_22327","VPM",1
"Cell_24613","VPM",1
"Cell_13303","VPM",1
"Cell_342","VPM",1
"Cell_7475","VPM",1
"Cell_8894","VPM",1
"Cell_12588","VPM",1
"Cell_24454","VPM",1
"Cell_27320","VPM",1
"Cell_31454","VPM",1
"Cell_33926","VPM",1
"Cell_37095","VPM",1
"Cell_41944","VPM",1
"Cell_42157","VPM",1
"Cell_4443","VPM",1
"Cell_4450","VPM",1
"Cell_5864","VPM",0.999999999999999
"Cell_6851","VPM",0.999925169220982
"Cell_7674","VPM",1
"Cell_7871","VPM",1
"Cell_11110","VPM",1
"Cell_12111","VPM",1
"Cell_13955","VPM",1
"Cell_14180","VPM",1
"Cell_19604","VPM",1
"Cell_26950","VPM",1
"Cell_27397","VPM",1
"Cell_27961","VPM",1
"Cell_30343","VPM",1
"Cell_30801","VPM",1
"Cell_32078","VPM",1
"Cell_32719","VPM",1
"Cell_33258","VPM",1
"Cell_33640","VPM",1
"Cell_34633","VPM",1
"Cell_37709","VPM",1
"Cell_41470","VPM",1
"Cell_42241","VPM",1
"Cell_344","VPM",1
"Cell_440","VPM",1
"Cell_798","VPM",1
"Cell_817","VPM",1
"Cell_909","VPM",0.999999999999999
"Cell_1118","VPM",0.999999999999999
"Cell_1195","VPM",1
"Cell_1743","VPM",1
"Cell_1791","VPM",1
"Cell_1829","VPM",1
"Cell_1930","VPM",1
"Cell_1995","VPM",1
"Cell_2405","VPM",1
"Cell_2554","VPM",1
"Cell_2691","VPM",1
"Cell_2784","VPM",1
"Cell_2822","VPM",1
"Cell_2964","VPM",1
"Cell_3246","VPM",1
"Cell_3520","VPM",1
"Cell_4060","VPM",1
"Cell_4252","VPM",1
"Cell_4270","VPM",1
"Cell_5104","VPM",1
"Cell_5705","VPM",1
"Cell_5982","VPM",1
"Cell_5999","VPM",1
"Cell_6244","VPM",1
"Cell_6827","VPM",1
"Cell_6943","VPM",1
"Cell_7199","VPM",1
"Cell_7764","VPM",1
"Cell_7857","VPM",1
"Cell_8055","VPM",1
"Cell_8247","VPM",1
"Cell_8603","VPM",1
"Cell_8660","VPM",1
"Cell_8776","VPM",1
"Cell_8807","VPM",1
"Cell_8808","VPM",1
"Cell_9298","VPM",1
"Cell_9395","VPM",1
"Cell_9491","VPM",1
"Cell_9497","VPM",1
"Cell_9711","VPM",1
"Cell_9897","VPM",1
"Cell_9929","VPM",1
"Cell_10027","VPM",1
"Cell_10231","VPM",1
"Cell_10307","VPM",1
"Cell_10349","VPM",1
"Cell_11332","VPM",1
"Cell_11382","VPM",1
"Cell_11539","VPM",1
"Cell_11670","VPM",1
"Cell_11676","VPM",1
"Cell_11734","VPM",1
"Cell_11769","VPM",1
"Cell_11783","VPM",1
"Cell_11905","VPM",1
"Cell_12240","VPM",1
"Cell_12317","VPM",1
"Cell_12338","VPM",1
"Cell_12473","VPM",1
"Cell_12932","VPM",1
"Cell_13097","VPM",1
"Cell_13529","VPM",1
"Cell_13540","VPM",1
"Cell_13702","VPM",1
"Cell_13749","VPM",0.998158330845836
"Cell_13757","VPM",1
"Cell_13982","VPM",1
"Cell_14121","VPM",1
"Cell_14193","VPM",1
"Cell_14246","VPM",1
"Cell_14324","VPM",1
"Cell_14746","VPM",1
"Cell_14892","VPM",1
"Cell_15221","VPM",1
"Cell_15356","VPM",0.999999872286626
"Cell_15761","VPM",1
"Cell_15855","VPM",1
"Cell_16061","VPM",1
"Cell_16986","VPM",1
"Cell_17091","VPM",1
"Cell_17224","VPM",1
"Cell_17381","VPM",1
"Cell_17469","VPM",1
"Cell_17487","VPM",1
"Cell_17937","VPM",0.999999999999999
"Cell_17982","VPM",1
"Cell_18017","VPM",1
"Cell_18087","VPM",1
"Cell_18094","VPM",1
"Cell_18255","VPM",1
"Cell_18291","VPM",1
"Cell_18558","VPM",1
"Cell_18611","VPM",1
"Cell_19050","VPM",1
"Cell_19232","VPM",1
"Cell_19298","VPM",1
"Cell_19503","VPM",1
"Cell_19544","VPM",1
"Cell_19550","VPM",1
"Cell_19592","VPM",1
"Cell_19916","VPM",1
"Cell_19956","VPM",1
"Cell_20067","VPM",1
"Cell_20390","VPM",0.999999999999999
"Cell_20454","VPM",0.998056444409744
"Cell_20578","VPM",1
"Cell_21387","VPM",1
"Cell_21462","VPM",1
"Cell_21556","VPM",1
"Cell_21633","VPM",1
"Cell_21713","VPM",1
"Cell_21772","VPM",1
"Cell_22045","VPM",1
"Cell_22096","VPM",1
"Cell_22665","VPM",1
"Cell_22795","VPM",1
"Cell_23004","VPM",0.999999999999999
"Cell_23342","VPM",1
"Cell_23582","VPM",1
"Cell_23674","VPM",1
"Cell_23736","VPM",1
"Cell_23926","VPM",1
"Cell_24514","VPM",1
"Cell_25058","VPM",1
"Cell_25725","VPM",1
"Cell_25730","VPM",1
"Cell_25761","VPM",1
"Cell_25953","VPM",1
"Cell_26320","VPM",1
"Cell_26574","VPM",1
"Cell_26757","VPM",1
"Cell_26835","VPM",1
"Cell_26893","VPM",1
"Cell_27152","VPM",1
"Cell_27161","VPM",1
"Cell_27469","VPM",1
"Cell_28064","VPM",1
"Cell_28151","VPM",1
"Cell_28340","VPM",1
"Cell_28419","VPM",1
"Cell_28858","VPM",1
"Cell_28935","VPM",1
"Cell_29104","VPM",0.999999999999999
"Cell_29201","VPM",1
"Cell_29209","VPM",1
"Cell_29374","VPM",1
"Cell_29529","VPM",1
"Cell_29891","VPM",1
"Cell_30040","VPM",1
"Cell_30106","VPM",1
"Cell_30442","VPM",1
"Cell_30466","VPM",1
"Cell_30561","VPM",1
"Cell_30756","VPM",1
"Cell_31031","VPM",1
"Cell_31113","VPM",1
"Cell_31184","VPM",1
"Cell_31315","VPM",1
"Cell_31385","VPM",1
"Cell_31532","VPM",1
"Cell_31566","VPM",1
"Cell_31597","VPM",1
"Cell_31950","VPM",1
"Cell_32347","VPM",1
"Cell_32410","VPM",1
"Cell_32480","VPM",1
"Cell_33702","VPM",1
"Cell_33786","VPM",1
"Cell_33812","VPM",1
"Cell_33991","VPM",1
"Cell_34119","VPM",1
"Cell_34409","VPM",1
"Cell_34473","VPM",0.999741345810289
"Cell_34971","VPM",1
"Cell_35095","VPM",1
"Cell_35211","VPM",1
"Cell_35229","VPM",1
"Cell_35328","VPM",1
"Cell_35656","VPM",1
"Cell_35809","VPM",1
"Cell_35900","VPM",1
"Cell_35923","VPM",1
"Cell_35944","VPM",1
"Cell_37023","VPM",1
"Cell_37065","VPM",1
"Cell_37243","VPM",0.999871838712134
"Cell_37367","VPM",1
"Cell_37394","VPM",1
"Cell_37582","VPM",1
"Cell_37786","VPM",1
"Cell_38506","VPM",0.999999999999999
"Cell_38748","VPM",1
"Cell_39104","VPM",1
"Cell_39341","VPM",1
"Cell_39618","VPM",1
"Cell_39636","VPM",1
"Cell_39721","VPM",1
"Cell_40305","VPM",1
"Cell_40317","VPM",1
"Cell_40455","VPM",1
"Cell_40503","VPM",1
"Cell_41230","VPM",1
"Cell_41262","VPM",1
"Cell_41548","VPM",1
"Cell_41793","VPM",1
"Cell_41842","VPM",1
"Cell_42000","VPM",1
"Cell_42005","VPM",1
"Cell_42956","VPM",1
"Cell_43172","VPM",1
"Cell_43398","VPM",1
"Cell_43406","VPM",1
"Cell_43644","VPM",0.999999999999999
"Cell_43838","VPM",1
"Cell_44294","VPM",1
"Cell_44510","VPM",1
"Cell_44627","VPM",0.999999999999999
"Cell_44757","VPM",1
"Cell_45247","VPM",1
"Cell_45281","VPM",1
"Cell_6275","VPM",1
"Cell_16196","VPM",1
"Cell_18824","VPM",1
"Cell_24927","VPM",1
"Cell_25489","VPM",1
"Cell_38077","VPM",1
"Cell_40431","VPM",1
"Cell_581","VPM",1
"Cell_4859","VPM",1
"Cell_6425","VPM",1
"Cell_7912","VPM",1
"Cell_12557","VPM",1
"Cell_15107","VPM",1
"Cell_16157","VPM",1
"Cell_16352","VPM",1
"Cell_18307","VPM",1
"Cell_25163","VPM",1
"Cell_25618","VPM",1
"Cell_25880","VPM",0.96268756181138
"Cell_28972","VPM",1
"Cell_33983","VPM",1
"Cell_34009","VPM",1
"Cell_38032","VPM",0.999999999999999
"Cell_41319","VPM",1
"Cell_41727","VPM",1
"Cell_42275","VPM",1
"Cell_1813","VPM",1
"Cell_10064","VPM",1
"Cell_10806","VPM",1
"Cell_11013","VPM",1
"Cell_12581","VPM",1
"Cell_17097","VPM",1
"Cell_17866","VPM",1
"Cell_38480","VPM",1
"Cell_41883","VPM",0.999999999999999
"Cell_44876","VPM",1
"Cell_42042","VPM",1
"Cell_37976","VPM",1
"Cell_1014","VPM",1
"Cell_2925","VPM",1
"Cell_3340","VPM",1
"Cell_8507","VPM",1
"Cell_8641","VPM",1
"Cell_11521","VPM",1
"Cell_23749","VPM",1
"Cell_28951","VPM",1
"Cell_31292","VPM",1
"Cell_37300","VPM",1
"Cell_37317","VPM",1
"Cell_37338","VPM",0.98394818213628
"Cell_37787","VPM",1
"Cell_38937","VPM",1
"Cell_39065","VPM",1
"Cell_40794","VPM",1
"Cell_44994","VPM",1
"Cell_554","VPM",1
"Cell_5221","VPM",1
"Cell_6209","VPM",1
"Cell_6555","VPM",1
"Cell_8629","VPM",1
"Cell_9173","VPM",1
"Cell_16112","VPM",1
"Cell_17027","VPM",1
"Cell_20062","VPM",1
"Cell_20573","VPM",1
"Cell_20778","VPM",1
"Cell_21991","VPM",1
"Cell_28291","VPM",1
"Cell_28874","VPM",1
"Cell_38094","VPM",1
"Cell_42592","VPM",1
"Cell_44424","VPM",1
"Cell_25515","VPM",1
"Cell_37500","VPM",1
"Cell_21486","VPM",1
"Cell_40932","VPM",1
"Cell_22806","VPM",1
"Cell_87","VPM",1
"Cell_370","VPM",1
"Cell_474","VPM",0.999999999999999
"Cell_4169","VPM",1
"Cell_4632","VPM",1
"Cell_5183","VPM",1
"Cell_7581","VPM",0.999355969119087
"Cell_7618","VPM",1
"Cell_7898","VPM",1
"Cell_8973","VPM",1
"Cell_10062","VPM",1
"Cell_10883","VPM",1
"Cell_11702","VPM",1
"Cell_14600","VPM",1
"Cell_15720","VPM",1
"Cell_16277","VPM",1
"Cell_19328","VPM",1
"Cell_19444","VPM",1
"Cell_20506","VPM",1
"Cell_20639","VPM",1
"Cell_21961","VPM",1
"Cell_24193","VPM",1
"Cell_24618","VPM",1
"Cell_25329","VPM",1
"Cell_26273","VPM",1
"Cell_27366","VPM",1
"Cell_28468","VPM",1
"Cell_29164","VPM",1
"Cell_33116","VPM",1
"Cell_35397","VPM",1
"Cell_36134","VPM",1
"Cell_38592","VPM",1
"Cell_39277","VPM",1
"Cell_39336","VPM",1
"Cell_40109","VPM",1
"Cell_42410","VPM",0.999999999999999
"Cell_43419","VPM",1
"Cell_43653","VPM",1
"Cell_7058","VPM",1
"Cell_28560","VPM",1
"Cell_44100","VPM",1
"Cell_1498","VPM",1
"Cell_2720","VPM",1
"Cell_3899","VPM",1
"Cell_6105","VPM",1
"Cell_20230","VPM",1
"Cell_32684","VPM",1
"Cell_35697","VPM",1
"Cell_39122","VPM",1
"Cell_41252","VPM",1
"Cell_41938","VPM",1
"Cell_3015","VPM",1
"Cell_3217","VPM",1
"Cell_6155","VPM",1
"Cell_6509","VPM",1
"Cell_13812","VPM",1
"Cell_43313","VPM",1
"Cell_44316","VPM",1
"Cell_19307","VPM",1
"Cell_22372","VPM",1
"Cell_43580","VPM",1
"Cell_6583","VPM",1
"Cell_9831","VPM",1
"Cell_11016","VPM",1
"Cell_12305","VPM",1
"Cell_14339","VPM",1
"Cell_14427","VPM",1
"Cell_17907","VPM",1
"Cell_20475","VPM",1
"Cell_23315","VPM",1
"Cell_25263","VPM",1
"Cell_29772","VPM",1
"Cell_36342","VPM",1
"Cell_36738","VPM",1
"Cell_39598","VPM",1
"Cell_41030","VPM",1
"Cell_41593","VPM",0.999999999999999
"Cell_44091","VPM",1
"Cell_44977","VPM",1
"Cell_2487","VPM",1
"Cell_7523","VPM",1
"Cell_8513","VPM",1
"Cell_8679","VPM",1
"Cell_9318","VPM",1
"Cell_20889","VPM",1
"Cell_23397","VPM",1
"Cell_24368","VPM",1
"Cell_32976","VPM",1
"Cell_38727","VPM",1
"Cell_40475","VPM",1
"Cell_40587","VPM",1
"Cell_41133","VPM",1
"Cell_45080","VPM",0.999999999999999
"Cell_287","VPM",1
"Cell_12399","VPM",1
"Cell_39007","VPM",1
"Cell_31291","VPM",1
"Cell_4719","RE",1
"Cell_4752","RE",1
"Cell_9437","RE",1
"Cell_19876","RE",1
"Cell_23032","RE",1
"Cell_41604","RE",1
"Cell_5970","RE",1
"Cell_24873","RE",1
"Cell_25194","RE",1
"Cell_43240","RE",1
"Cell_43821","RE",1
"Cell_170","RE",1
"Cell_4516","RE",1
"Cell_23565","RE",1
"Cell_32788","RE",1
"Cell_34268","RE",1
"Cell_11635","RE",1
"Cell_507","RE",1
"Cell_5688","RE",1
"Cell_8442","RE",1
"Cell_8811","RE",1
"Cell_32860","RE",1
"Cell_33284","RE",1
"Cell_15668","RE",1
"Cell_27573","RE",0.999999999999999
"Cell_38047","RE",1
"Cell_3794","RE",1
"Cell_4268","RE",1
"Cell_5034","RE",1
"Cell_9071","RE",1
"Cell_9920","RE",1
"Cell_17198","RE",0.999999999999999
"Cell_19891","RE",1
"Cell_21527","RE",1
"Cell_27268","RE",1
"Cell_31258","RE",1
"Cell_33682","RE",1
"Cell_34135","RE",1
"Cell_35626","RE",1
"Cell_41685","RE",1
"Cell_43791","RE",1
"Cell_4967","RE",1
"Cell_9088","RE",1
"Cell_9337","RE",1
"Cell_12112","RE",1
"Cell_14154","RE",1
"Cell_16663","RE",1
"Cell_17126","RE",1
"Cell_17223","RE",1
"Cell_23141","RE",1
"Cell_23624","RE",1
"Cell_28976","RE",1
"Cell_29893","RE",1
"Cell_33165","RE",1
"Cell_36622","RE",1
"Cell_38402","RE",1
"Cell_39257","RE",1
"Cell_39820","RE",1
"Cell_42225","RE",1
"Cell_43680","RE",1
"Cell_40283","RE",1
"Cell_36688","RE",1
"Cell_13849","RE",1
"Cell_30061","RE",1
"Cell_4854","VAL",1
"Cell_7198","VAL",1
"Cell_8444","VAL",1
"Cell_15025","VAL",1
"Cell_17068","VAL",1
"Cell_18585","VAL",1
"Cell_19256","VAL",1
"Cell_19960","VAL",1
"Cell_22485","VAL",0.999999999999999
"Cell_22757","VAL",1
"Cell_25432","VAL",1
"Cell_27020","VAL",1
"Cell_30433","VAL",1
"Cell_31084","VAL",1
"Cell_31185","VAL",1
"Cell_34757","VAL",1
"Cell_37603","VAL",1
"Cell_40082","VAL",1
"Cell_42791","VAL",1
"Cell_44187","VAL",1
"Cell_3128","VAL",1
"Cell_19806","VAL",0.999999999999999
"Cell_23452","VAL",1
"Cell_44287","VAL",1
"Cell_2392","VAL",1
"Cell_3272","VAL",1
"Cell_4090","VAL",1
"Cell_6499","VAL",1
"Cell_6811","VAL",0.999999999999999
"Cell_6817","VAL",1
"Cell_7670","VAL",1
"Cell_8178","VAL",0.999999999999999
"Cell_8916","VAL",1
"Cell_9932","VAL",1
"Cell_10619","VAL",1
"Cell_10766","VAL",1
"Cell_12431","VAL",1
"Cell_12803","VAL",1
"Cell_13049","VAL",1
"Cell_13354","VAL",0.999999999999999
"Cell_17188","VAL",1
"Cell_18317","VAL",0.999999999999999
"Cell_18700","VAL",1
"Cell_18855","VAL",1
"Cell_19851","VAL",1
"Cell_20182","VAL",1
"Cell_21142","VAL",0.999999999999999
"Cell_22065","VAL",1
"Cell_22086","VAL",1
"Cell_23995","VAL",1
"Cell_26349","VAL",1
"Cell_26358","VAL",1
"Cell_26375","VAL",1
"Cell_27297","VAL",1
"Cell_30117","VAL",1
"Cell_32784","VAL",1
"Cell_32942","VAL",1
"Cell_32968","VAL",1
"Cell_33042","VAL",1
"Cell_33411","VAL",1
"Cell_35647","VAL",1
"Cell_37061","VAL",1
"Cell_38237","VAL",1
"Cell_38357","VAL",0.993661564961358
"Cell_39432","VAL",1
"Cell_39902","VAL",0.999999999999999
"Cell_40148","VAL",1
"Cell_40697","VAL",1
"Cell_40755","VAL",1
"Cell_40769","VAL",1
"Cell_40917","VAL",1
"Cell_41550","VAL",1
"Cell_42363","VAL",1
"Cell_43582","VAL",0.999999999999999
"Cell_44148","VAL",1
"Cell_44869","VAL",1
"Cell_3732","VAL",1
"Cell_7400","VAL",1
"Cell_14615","VAL",1
"Cell_28717","VAL",1
"Cell_33909","VAL",1
"Cell_39180","VAL",1
"Cell_42279","VAL",1
"Cell_44238","VAL",1
"Cell_36156","VAL",1
"Cell_19629","VAL",1
"Cell_6402","VAL",1
"Cell_7809","VAL",1
"Cell_15336","VAL",1
"Cell_15370","VAL",1
"Cell_16702","VAL",1
"Cell_21383","VAL",1
"Cell_21723","VAL",1
"Cell_24576","VAL",1
"Cell_25872","VAL",1
"Cell_28936","VAL",1
"Cell_32499","VAL",1
"Cell_42226","VAL",1
"Cell_1383","VAL",1
"Cell_1616","VAL",1
"Cell_1624","VAL",1
"Cell_2708","VAL",0.999999999999999
"Cell_4739","VAL",1
"Cell_6032","VAL",1
"Cell_7482","VAL",1
"Cell_7537","VAL",1
"Cell_9359","VAL",1
"Cell_9468","VAL",1
"Cell_10314","VAL",1
"Cell_10362","VAL",1
"Cell_11270","VAL",1
"Cell_12724","VAL",1
"Cell_12780","VAL",1
"Cell_14150","VAL",1
"Cell_14566","VAL",1
"Cell_14652","VAL",1
"Cell_16108","VAL",1
"Cell_18166","VAL",1
"Cell_19000","VAL",1
"Cell_21658","VAL",1
"Cell_22227","VAL",0.994096792556138
"Cell_22455","VAL",1
"Cell_23359","VAL",1
"Cell_23386","VAL",1
"Cell_26438","VAL",1
"Cell_26973","VAL",1
"Cell_28069","VAL",1
"Cell_28536","VAL",1
"Cell_28749","VAL",1
"Cell_29018","VAL",0.979029580369262
"Cell_29188","VAL",1
"Cell_29993","VAL",1
"Cell_30591","VAL",1
"Cell_30967","VAL",1
"Cell_31226","VAL",1
"Cell_31388","VAL",1
"Cell_33553","VAL",1
"Cell_34321","VAL",1
"Cell_34912","VAL",1
"Cell_35222","VAL",0.953189381351909
"Cell_35618","VAL",1
"Cell_35698","VAL",1
"Cell_36101","VAL",1
"Cell_37923","VAL",1
"Cell_38721","VAL",1
"Cell_38764","VAL",1
"Cell_40151","VAL",1
"Cell_40292","VAL",1
"Cell_40541","VAL",0.989811007476511
"Cell_42295","VAL",1
"Cell_43296","VAL",1
"Cell_44470","VAL",1
"Cell_109","VAL",1
"Cell_614","VAL",1
"Cell_1028","VAL",1
"Cell_1341","VAL",1
"Cell_1396","VAL",1
"Cell_1517","VAL",1
"Cell_1630","VAL",1
"Cell_1678","VAL",1
"Cell_2382","VAL",1
"Cell_2510","VAL",1
"Cell_2557","VAL",1
"Cell_2688","VAL",1
"Cell_3022","VAL",1
"Cell_3239","VAL",1
"Cell_3344","VAL",1
"Cell_3425","VAL",1
"Cell_3843","VAL",1
"Cell_3956","VAL",1
"Cell_4032","VAL",1
"Cell_4283","VAL",1
"Cell_4330","VAL",1
"Cell_4336","VAL",1
"Cell_4578","VAL",1
"Cell_4680","VAL",1
"Cell_4738","VAL",0.975469828953553
"Cell_4797","VAL",1
"Cell_5724","VAL",1
"Cell_5803","VAL",1
"Cell_5924","VAL",1
"Cell_5974","VAL",1
"Cell_6197","VAL",1
"Cell_6463","VAL",1
"Cell_6699","VAL",1
"Cell_7014","VAL",1
"Cell_7068","VAL",1
"Cell_7130","VAL",1
"Cell_7149","VAL",1
"Cell_7221","VAL",1
"Cell_7303","VAL",1
"Cell_7532","VAL",1
"Cell_7630","VAL",1
"Cell_7714","VAL",1
"Cell_7726","VAL",1
"Cell_7829","VAL",1
"Cell_7950","VAL",1
"Cell_8019","VAL",1
"Cell_8128","VAL",1
"Cell_8367","VAL",1
"Cell_8633","VAL",1
"Cell_8836","VAL",1
"Cell_9165","VAL",1
"Cell_9168","VAL",1
"Cell_9170","VAL",1
"Cell_9590","VAL",1
"Cell_9635","VAL",1
"Cell_9758","VAL",1
"Cell_9876","VAL",1
"Cell_10034","VAL",1
"Cell_10390","VAL",1
"Cell_10770","VAL",1
"Cell_11289","VAL",1
"Cell_11370","VAL",1
"Cell_11627","VAL",1
"Cell_11636","VAL",1
"Cell_11729","VAL",1
"Cell_11969","VAL",1
"Cell_12139","VAL",1
"Cell_12915","VAL",1
"Cell_12919","VAL",1
"Cell_13192","VAL",1
"Cell_13323","VAL",1
"Cell_13351","VAL",0.999999999999999
"Cell_13467","VAL",1
"Cell_13531","VAL",1
"Cell_13576","VAL",1
"Cell_13605","VAL",1
"Cell_14196","VAL",1
"Cell_14361","VAL",1
"Cell_14862","VAL",1
"Cell_15116","VAL",1
"Cell_15195","VAL",1
"Cell_15875","VAL",1
"Cell_16224","VAL",1
"Cell_16265","VAL",1
"Cell_16536","VAL",1
"Cell_16777","VAL",1
"Cell_16830","VAL",1
"Cell_16852","VAL",1
"Cell_17185","VAL",1
"Cell_17390","VAL",1
"Cell_17500","VAL",1
"Cell_17698","VAL",1
"Cell_17911","VAL",1
"Cell_18468","VAL",1
"Cell_18532","VAL",1
"Cell_18729","VAL",0.951683620627865
"Cell_18841","VAL",1
"Cell_18911","VAL",1
"Cell_19021","VAL",0.999999999999999
"Cell_19269","VAL",1
"Cell_19386","VAL",1
"Cell_19855","VAL",1
"Cell_20183","VAL",1
"Cell_20339","VAL",1
"Cell_20361","VAL",1
"Cell_20775","VAL",1
"Cell_20925","VAL",1
"Cell_21279","VAL",1
"Cell_21294","VAL",1
"Cell_21367","VAL",1
"Cell_21681","VAL",1
"Cell_21905","VAL",1
"Cell_22252","VAL",1
"Cell_22316","VAL",1
"Cell_22437","VAL",1
"Cell_22777","VAL",1
"Cell_22810","VAL",1
"Cell_22895","VAL",1
"Cell_22922","VAL",1
"Cell_23029","VAL",1
"Cell_23144","VAL",1
"Cell_23193","VAL",1
"Cell_23911","VAL",1
"Cell_24086","VAL",1
"Cell_24106","VAL",1
"Cell_24300","VAL",1
"Cell_24365","VAL",1
"Cell_24808","VAL",1
"Cell_24928","VAL",1
"Cell_25314","VAL",1
"Cell_25417","VAL",1
"Cell_25598","VAL",1
"Cell_25988","VAL",1
"Cell_26133","VAL",1
"Cell_26145","VAL",1
"Cell_26359","VAL",1
"Cell_26454","VAL",1
"Cell_27279","VAL",1
"Cell_27567","VAL",1
"Cell_27806","VAL",1
"Cell_28096","VAL",1
"Cell_28550","VAL",1
"Cell_29099","VAL",1
"Cell_29518","VAL",1
"Cell_29646","VAL",1
"Cell_29653","VAL",1
"Cell_30067","VAL",0.999999999999999
"Cell_30235","VAL",1
"Cell_30667","VAL",1
"Cell_30670","VAL",1
"Cell_30990","VAL",1
"Cell_31312","VAL",0.999999999999999
"Cell_31621","VAL",1
"Cell_31681","VAL",1
"Cell_31694","VAL",1
"Cell_32288","VAL",1
"Cell_32366","VAL",1
"Cell_32406","VAL",1
"Cell_32901","VAL",1
"Cell_32987","VAL",1
"Cell_33058","VAL",1
"Cell_33634","VAL",1
"Cell_33756","VAL",1
"Cell_33768","VAL",1
"Cell_33865","VAL",1
"Cell_34299","VAL",1
"Cell_34359","VAL",1
"Cell_34389","VAL",1
"Cell_34734","VAL",1
"Cell_35134","VAL",1
"Cell_35394","VAL",1
"Cell_35527","VAL",1
"Cell_35868","VAL",1
"Cell_35876","VAL",1
"Cell_36132","VAL",1
"Cell_36498","VAL",1
"Cell_36625","VAL",1
"Cell_36951","VAL",1
"Cell_37470","VAL",1
"Cell_37502","VAL",1
"Cell_37778","VAL",1
"Cell_38005","VAL",1
"Cell_38072","VAL",1
"Cell_38191","VAL",1
"Cell_38354","VAL",1
"Cell_38524","VAL",1
"Cell_38615","VAL",1
"Cell_38913","VAL",1
"Cell_39471","VAL",1
"Cell_39486","VAL",1
"Cell_39505","VAL",1
"Cell_39969","VAL",1
"Cell_40433","VAL",0.998837386031996
"Cell_40604","VAL",1
"Cell_41129","VAL",0.989929069358581
"Cell_41223","VAL",1
"Cell_41555","VAL",1
"Cell_41658","VAL",1
"Cell_41917","VAL",1
"Cell_41954","VAL",1
"Cell_42472","VAL",1
"Cell_43136","VAL",1
"Cell_43203","VAL",1
"Cell_43304","VAL",1
"Cell_43509","VAL",0.999999999999999
"Cell_43511","VAL",1
"Cell_43627","VAL",1
"Cell_44104","VAL",1
"Cell_44344","VAL",1
"Cell_44354","VAL",1
"Cell_44506","VAL",1
"Cell_44658","VAL",1
"Cell_44804","VAL",1
"Cell_45013","VAL",1
"Cell_45249","VAL",1
"Cell_1230","VAL",1
"Cell_3567","VAL",1
"Cell_6660","VAL",1
"Cell_8030","VAL",1
"Cell_12923","VAL",1
"Cell_14565","VAL",1
"Cell_16657","VAL",1
"Cell_17566","VAL",1
"Cell_18358","VAL",1
"Cell_20958","VAL",1
"Cell_31463","VAL",1
"Cell_36902","VAL",0.999999999999999
"Cell_37467","VAL",1
"Cell_45265","VAL",1
"Cell_991","VAL",1
"Cell_3963","VAL",1
"Cell_6442","VAL",1
"Cell_10581","VAL",1
"Cell_11880","VAL",1
"Cell_12750","VAL",1
"Cell_13244","VAL",1
"Cell_14433","VAL",1
"Cell_14813","VAL",1
"Cell_14866","VAL",1
"Cell_15318","VAL",1
"Cell_15513","VAL",1
"Cell_15989","VAL",1
"Cell_16026","VAL",1
"Cell_16268","VAL",1
"Cell_17084","VAL",1
"Cell_17374","VAL",1
"Cell_17713","VAL",1
"Cell_17735","VAL",1
"Cell_18380","VAL",1
"Cell_18397","VAL",1
"Cell_19043","VAL",1
"Cell_19461","VAL",1
"Cell_19787","VAL",1
"Cell_20285","VAL",1
"Cell_20305","VAL",1
"Cell_20797","VAL",1
"Cell_20836","VAL",1
"Cell_22856","VAL",1
"Cell_22879","VAL",1
"Cell_23269","VAL",1
"Cell_25375","VAL",1
"Cell_26005","VAL",1
"Cell_26692","VAL",1
"Cell_26726","VAL",1
"Cell_28662","VAL",1
"Cell_30852","VAL",0.980984969221601
"Cell_32383","VAL",1
"Cell_33007","VAL",1
"Cell_33518","VAL",1
"Cell_34492","VAL",1
"Cell_37034","VAL",1
"Cell_38372","VAL",1
"Cell_39405","VAL",1
"Cell_39565","VAL",1
"Cell_40161","VAL",1
"Cell_42004","VAL",1
"Cell_43022","VAL",1
"Cell_43114","VAL",1
"Cell_43873","VAL",1
"Cell_43929","VAL",1
"Cell_43944","VAL",1
"Cell_44712","VAL",0.999999999999999
"Cell_45046","VAL",1
"Cell_1621","VAL",1
"Cell_2255","VAL",0.999999999999999
"Cell_4210","VAL",1
"Cell_5012","VAL",1
"Cell_5489","VAL",1
"Cell_5611","VAL",1
"Cell_10053","VAL",1
"Cell_11033","VAL",1
"Cell_14396","VAL",1
"Cell_16884","VAL",1
"Cell_18229","VAL",1
"Cell_22650","VAL",1
"Cell_23411","VAL",1
"Cell_24168","VAL",1
"Cell_26731","VAL",1
"Cell_27267","VAL",1
"Cell_27737","VAL",0.999999999999999
"Cell_29844","VAL",1
"Cell_30135","VAL",1
"Cell_32872","VAL",1
"Cell_38716","VAL",1
"Cell_40682","VAL",1
"Cell_11898","VAL",1
"Cell_18601","VAL",1
"Cell_20597","VAL",0.999999999999999
"Cell_38680","VAL",1
"Cell_365","VAL",1
"Cell_1431","VAL",1
"Cell_3819","VAL",1
"Cell_6758","VAL",1
"Cell_9956","VAL",1
"Cell_10449","VAL",1
"Cell_14179","VAL",1
"Cell_14731","VAL",1
"Cell_15646","VAL",1
"Cell_19135","VAL",1
"Cell_19724","VAL",1
"Cell_19871","VAL",1
"Cell_24378","VAL",1
"Cell_25441","VAL",1
"Cell_27867","VAL",1
"Cell_28679","VAL",1
"Cell_33706","VAL",1
"Cell_35003","VAL",1
"Cell_37167","VAL",1
"Cell_37536","VAL",1
"Cell_38286","VAL",1
"Cell_39023","VAL",1
"Cell_39680","VAL",1
"Cell_40551","VAL",1
"Cell_40581","VAL",1
"Cell_43073","VAL",1
"Cell_43957","VAL",1
"Cell_44223","VAL",1
"Cell_44631","VAL",0.999999999999999
"Cell_1292","VAL",1
"Cell_1827","VAL",1
"Cell_2102","VAL",1
"Cell_2771","VAL",1
"Cell_3112","VAL",1
"Cell_3543","VAL",1
"Cell_7258","VAL",1
"Cell_8059","VAL",1
"Cell_8670","VAL",1
"Cell_9459","VAL",1
"Cell_11126","VAL",1
"Cell_11550","VAL",1
"Cell_12672","VAL",1
"Cell_12703","VAL",1
"Cell_15599","VAL",1
"Cell_19826","VAL",1
"Cell_22273","VAL",1
"Cell_22646","VAL",1
"Cell_22917","VAL",1
"Cell_23450","VAL",1
"Cell_29249","VAL",1
"Cell_29673","VAL",1
"Cell_30296","VAL",1
"Cell_30858","VAL",0.999999999999999
"Cell_31518","VAL",1
"Cell_31957","VAL",1
"Cell_34081","VAL",1
"Cell_36603","VAL",0.95558261488054
"Cell_36623","VAL",1
"Cell_40205","VAL",1
"Cell_40411","VAL",1
"Cell_40765","VAL",1
"Cell_40951","VAL",1
"Cell_43375","VAL",1
"Cell_43434","VAL",1
"Cell_42382","VAL",1
"Cell_39906","VAL",1
"Cell_40749","VAL",1
"Cell_23970","VAL",1
"Cell_14829","VAL",0.999999999999999
"Cell_1807","VAL",1
"Cell_3152","VAL",1
"Cell_4189","VAL",1
"Cell_4562","VAL",1
"Cell_5094","VAL",0.998131350592005
"Cell_7707","VAL",1
"Cell_9218","VAL",1
"Cell_9277","VAL",1
"Cell_11406","VAL",1
"Cell_12068","VAL",1
"Cell_12308","VAL",1
"Cell_12437","VAL",1
"Cell_12608","VAL",1
"Cell_13076","VAL",1
"Cell_14441","VAL",1
"Cell_14909","VAL",1
"Cell_15395","VAL",1
"Cell_17501","VAL",1
"Cell_18466","VAL",1
"Cell_18596","VAL",1
"Cell_18721","VAL",1
"Cell_18772","VAL",1
"Cell_19830","VAL",1
"Cell_20967","VAL",1
"Cell_22419","VAL",1
"Cell_24560","VAL",1
"Cell_25425","VAL",1
"Cell_26218","VAL",1
"Cell_26697","VAL",1
"Cell_26702","VAL",1
"Cell_27407","VAL",1
"Cell_27701","VAL",1
"Cell_28285","VAL",1
"Cell_28607","VAL",1
"Cell_29999","VAL",1
"Cell_30648","VAL",1
"Cell_30834","VAL",1
"Cell_33264","VAL",1
"Cell_33436","VAL",1
"Cell_33901","VAL",1
"Cell_34021","VAL",1
"Cell_34844","VAL",1
"Cell_36673","VAL",1
"Cell_37328","VAL",1
"Cell_37626","VAL",1
"Cell_38012","VAL",1
"Cell_38089","VAL",1
"Cell_39126","VAL",1
"Cell_40490","VAL",1
"Cell_40779","VAL",1
"Cell_41541","VAL",1
"Cell_41675","VAL",1
"Cell_43640","VAL",1
"Cell_4676","VAL",1
"Cell_5195","VAL",1
"Cell_5624","VAL",1
"Cell_23007","VAL",1
"Cell_26941","VAL",0.975534315074004
"Cell_34246","VAL",1
"Cell_35725","VAL",1
"Cell_6692","VAL",1
"Cell_7486","VAL",1
"Cell_10073","VAL",1
"Cell_10753","VAL",1
"Cell_12148","VAL",1
"Cell_12630","VAL",1
"Cell_16069","VAL",1
"Cell_19287","VAL",1
"Cell_19816","VAL",1
"Cell_22788","VAL",1
"Cell_22944","VAL",1
"Cell_23738","VAL",1
"Cell_24171","VAL",1
"Cell_26797","VAL",1
"Cell_31765","VAL",1
"Cell_32302","VAL",0.999999999999999
"Cell_34568","VAL",1
"Cell_35854","VAL",1
"Cell_42852","VAL",1
"Cell_2297","VAL",1
"Cell_3175","VAL",1
"Cell_7761","VAL",1
"Cell_12022","VAL",1
"Cell_12138","VAL",1
"Cell_14629","VAL",1
"Cell_16012","VAL",1
"Cell_19519","VAL",1
"Cell_23999","VAL",1
"Cell_26024","VAL",1
"Cell_32966","VAL",1
"Cell_35119","VAL",1
"Cell_35158","VAL",1
"Cell_36230","VAL",1
"Cell_14817","VAL",1
"Cell_18367","VAL",1
"Cell_22628","VAL",1
"Cell_23222","VAL",1
"Cell_28700","VAL",1
"Cell_30473","VAL",1
"Cell_37246","VAL",1
"Cell_38003","VAL",1
"Cell_1690","VAL",1
"Cell_4570","VAL",1
"Cell_4919","VAL",1
"Cell_8485","VAL",1
"Cell_9706","VAL",0.999999999999999
"Cell_11368","VAL",1
"Cell_11478","VAL",1
"Cell_23106","VAL",1
"Cell_24191","VAL",1
"Cell_24374","VAL",1
"Cell_27280","VAL",1
"Cell_29965","VAL",1
"Cell_30467","VAL",1
"Cell_32676","VAL",1
"Cell_34498","VAL",1
"Cell_34906","VAL",1
"Cell_35741","VAL",1
"Cell_36253","VAL",1
"Cell_42429","VAL",1
"Cell_42728","VAL",1
"Cell_4478","VAL",1
"Cell_6881","VAL",1
"Cell_11914","VAL",1
"Cell_12094","VAL",1
"Cell_15360","VAL",1
"Cell_19939","VAL",1
"Cell_24899","VAL",1
"Cell_25138","VAL",1
"Cell_25366","VAL",1
"Cell_28880","VAL",1
"Cell_40019","VAL",1
"Cell_40061","VAL",1
"Cell_41118","VAL",1
"Cell_388","VAL",1
"Cell_10937","VAL",1
"Cell_23555","VAL",1
"Cell_23920","VAL",1
"Cell_30310","VAL",1
"Cell_34292","VAL",1
"Cell_35588","VAL",1
"Cell_2234","VAL",1
"Cell_16324","VAL",1
"Cell_39881","VAL",1
"Cell_43910","VAL",1
"Cell_3377","SI",1
"Cell_8073","SI",0.963287655883279
"Cell_20576","SI",1
"Cell_23465","SI",0.999936216291137
"Cell_29759","SI",0.999999999999999
"Cell_39125","SI",1
"Cell_19508","SI",1
"Cell_3324","SI",1
"Cell_28239","SI",1
"Cell_30946","SI",0.990507420012631
"Cell_32827","SI",0.999999999999999
"Cell_34441","SI",1
"Cell_41013","SI",1
"Cell_4038","SI",1
"Cell_5945","SI",1
"Cell_6897","SI",1
"Cell_7021","SI",1
"Cell_9727","SI",1
"Cell_12126","SI",1
"Cell_13798","SI",1
"Cell_19162","SI",1
"Cell_24349","SI",1
"Cell_26913","SI",1
"Cell_27106","SI",1
"Cell_31119","SI",0.986371276716145
"Cell_36085","SI",1
"Cell_40229","SI",1
"Cell_40695","SI",0.999999999999999
"Cell_44363","SI",1
"Cell_5282","SI",1
"Cell_7317","SI",1
"Cell_15882","SI",1
"Cell_17016","SI",1
"Cell_17103","SI",1
"Cell_18041","SI",0.999997527616769
"Cell_19284","SI",1
"Cell_19813","SI",1
"Cell_21712","SI",1
"Cell_21846","SI",1
"Cell_25748","SI",1
"Cell_31282","SI",1
"Cell_35435","SI",1
"Cell_37129","SI",1
"Cell_39418","SI",1
"Cell_41776","SI",1
"Cell_17784","SI",1
"Cell_20379","SI",1
"Cell_22605","SI",1
"Cell_24384","SI",1
"Cell_24771","SI",1
"Cell_34511","SI",1
"Cell_38697","SI",1
"Cell_40807","SI",1
"Cell_44178","SI",1
"Cell_38206","SI",1
"Cell_25459","SI",1
"Cell_39517","SI",1
"Cell_3800","SI",1
"Cell_5080","ec",1
"Cell_7150","ec",1
"Cell_10790","ec",1
"Cell_20755","ec",1
"Cell_28201","ec",0.967026571495491
"Cell_32125","ec",1
"Cell_15754","ec",1
"Cell_16154","ec",1
"Cell_14295","ec",1
"Cell_15604","ec",0.985628994821927
"Cell_34112","ec",1
"Cell_42514","ec",1
"Cell_43687","ec",1
"Cell_36140","ec",1
"Cell_37042","ec",0.977193378434406
"Cell_39247","ec",1
"Cell_44742","ec",0.999992638369669
"Cell_11856","ec",0.962779513007098
"Cell_12694","ec",0.997984350830535
"Cell_32938","ec",1
"Cell_994","ec",1
"Cell_1703","ec",1
"Cell_4075","ec",1
"Cell_5570","ec",1
"Cell_6948","ec",1
"Cell_9704","ec",0.959769605257835
"Cell_10716","ec",0.999999999999999
"Cell_11292","ec",1
"Cell_13661","ec",1
"Cell_13805","ec",1
"Cell_15215","ec",1
"Cell_15941","ec",1
"Cell_17939","ec",0.999999999999999
"Cell_18557","ec",1
"Cell_19167","ec",1
"Cell_19279","ec",1
"Cell_21191","ec",0.999999999999999
"Cell_21761","ec",1
"Cell_23968","ec",1
"Cell_25121","ec",1
"Cell_25511","ec",1
"Cell_28527","ec",1
"Cell_29433","ec",1
"Cell_29610","ec",0.999295745238602
"Cell_30295","ec",1
"Cell_31257","ec",1
"Cell_36239","ec",1
"Cell_40311","ec",1
"Cell_43433","ec",1
"Cell_44647","ec",1
"Cell_1745","ec",1
"Cell_5233","ec",1
"Cell_6220","ec",1
"Cell_7923","ec",1
"Cell_8698","ec",1
"Cell_10742","ec",1
"Cell_18156","ec",1
"Cell_22862","ec",1
"Cell_23743","ec",1
"Cell_34412","ec",0.988899522637953
"Cell_36273","ec",1
"Cell_38377","ec",1
"Cell_40683","ec",0.999882266749714
"Cell_44623","ec",1
"Cell_24328","ec",1
"Cell_7492","ec",0.967875383871054
"Cell_21203","ec",1
"Cell_21284","ec",1
"Cell_22013","ec",1
"Cell_30598","ec",1
"Cell_34838","ec",1
"Cell_44402","ec",1
"Cell_348","ec",1
"Cell_5357","ec",0.999999999999999
"Cell_9924","ec",1
"Cell_10402","ec",1
"Cell_11237","ec",1
"Cell_14426","ec",1
"Cell_16184","ec",1
"Cell_16632","ec",1
"Cell_17777","ec",1
"Cell_18228","ec",1
"Cell_23645","ec",1
"Cell_23941","ec",1
"Cell_24128","ec",1
"Cell_26921","ec",1
"Cell_36797","ec",1
"Cell_37963","ec",1
"Cell_40633","ec",1
"Cell_42605","ec",1
"Cell_42620","ec",1
"Cell_7531","ec",1
"Cell_15398","ec",1
"Cell_28143","ec",0.973638738510462
"Cell_25047","ec",1
"Cell_39028","ec",1
"Cell_39923","ec",1
"Cell_26905","ec",1
"Cell_39865","ec",1
"Cell_8551","ec",1
"Cell_13550","ec",1
"Cell_14645","ec",1
"Cell_35549","ec",1
"Cell_5196","RT",1
"Cell_8995","RT",1
"Cell_12038","RT",1
"Cell_12545","RT",1
"Cell_19990","RT",1
"Cell_21883","RT",1
"Cell_24930","RT",1
"Cell_36884","RT",1
"Cell_37600","RT",1
"Cell_37910","RT",1
"Cell_40918","RT",1
"Cell_43936","RT",1
"Cell_11638","RT",1
"Cell_18846","RT",1
"Cell_22458","RT",1
"Cell_28866","RT",1
"Cell_34122","RT",1
"Cell_35035","RT",0.999999999999999
"Cell_37628","RT",1
"Cell_38385","RT",1
"Cell_4308","RT",1
"Cell_8510","RT",1
"Cell_11154","RT",1
"Cell_13039","RT",1
"Cell_13474","RT",1
"Cell_14969","RT",1
"Cell_18839","RT",1
"Cell_20416","RT",1
"Cell_21186","RT",1
"Cell_21204","RT",1
"Cell_23568","RT",1
"Cell_26658","RT",1
"Cell_30292","RT",1
"Cell_31514","RT",1
"Cell_31767","RT",1
"Cell_33576","RT",1
"Cell_34323","RT",1
"Cell_34329","RT",1
"Cell_35597","RT",1
"Cell_35708","RT",1
"Cell_36165","RT",1
"Cell_37374","RT",1
"Cell_43513","RT",1
"Cell_45094","RT",0.999999999999999
"Cell_2239","RT",1
"Cell_2770","RT",1
"Cell_16557","RT",1
"Cell_22181","RT",1
"Cell_26889","RT",1
"Cell_27702","RT",1
"Cell_37501","RT",1
"Cell_40782","RT",1
"Cell_41401","RT",1
"Cell_43288","RT",0.965967058328942
"Cell_281","RT",1
"Cell_1480","RT",1
"Cell_1782","RT",1
"Cell_25676","RT",1
"Cell_36701","RT",1
"Cell_41018","RT",1
"Cell_41487","RT",1
"Cell_41775","RT",1
"Cell_44687","RT",1
"Cell_3","RT",1
"Cell_396","RT",0.967544044425428
"Cell_525","RT",1
"Cell_1488","RT",1
"Cell_1590","RT",1
"Cell_2443","RT",1
"Cell_3589","RT",1
"Cell_3630","RT",1
"Cell_4701","RT",1
"Cell_6619","RT",1
"Cell_6884","RT",1
"Cell_7050","RT",1
"Cell_10149","RT",1
"Cell_12686","RT",1
"Cell_15074","RT",1
"Cell_15614","RT",1
"Cell_17221","RT",1
"Cell_17677","RT",1
"Cell_19775","RT",1
"Cell_19947","RT",1
"Cell_25125","RT",1
"Cell_25594","RT",1
"Cell_26771","RT",1
"Cell_29168","RT",1
"Cell_29867","RT",1
"Cell_30099","RT",1
"Cell_31348","RT",1
"Cell_32136","RT",1
"Cell_34848","RT",1
"Cell_34902","RT",1
"Cell_34968","RT",1
"Cell_37508","RT",0.999999999999999
"Cell_37734","RT",1
"Cell_39583","RT",1
"Cell_40546","RT",1
"Cell_40719","RT",1
"Cell_41779","RT",1
"Cell_41958","RT",1
"Cell_44357","RT",1
"Cell_328","RT",1
"Cell_391","RT",1
"Cell_530","RT",1
"Cell_534","RT",1
"Cell_928","RT",1
"Cell_1675","RT",1
"Cell_1959","RT",1
"Cell_2142","RT",1
"Cell_2402","RT",1
"Cell_2457","RT",1
"Cell_2630","RT",1
"Cell_2949","RT",1
"Cell_2986","RT",1
"Cell_3023","RT",1
"Cell_3331","RT",1
"Cell_3441","RT",0.956933829532176
"Cell_3761","RT",1
"Cell_3881","RT",1
"Cell_4230","RT",1
"Cell_4420","RT",1
"Cell_4506","RT",0.981971513097362
"Cell_4585","RT",1
"Cell_4793","RT",1
"Cell_4907","RT",1
"Cell_5255","RT",1
"Cell_5508","RT",1
"Cell_5524","RT",1
"Cell_5995","RT",1
"Cell_6227","RT",1
"Cell_6231","RT",1
"Cell_6264","RT",1
"Cell_6304","RT",1
"Cell_6311","RT",1
"Cell_6538","RT",1
"Cell_6737","RT",1
"Cell_6760","RT",1
"Cell_6765","RT",1
"Cell_7627","RT",1
"Cell_8250","RT",1
"Cell_8752","RT",1
"Cell_9067","RT",1
"Cell_9174","RT",1
"Cell_9183","RT",1
"Cell_9253","RT",1
"Cell_9471","RT",1
"Cell_9806","RT",1
"Cell_9979","RT",1
"Cell_10240","RT",1
"Cell_10298","RT",1
"Cell_10353","RT",1
"Cell_10445","RT",1
"Cell_10457","RT",1
"Cell_10914","RT",1
"Cell_11065","RT",0.963042024952187
"Cell_11127","RT",1
"Cell_11417","RT",1
"Cell_11680","RT",1
"Cell_11718","RT",1
"Cell_12321","RT",0.999999999999999
"Cell_12396","RT",1
"Cell_12690","RT",1
"Cell_12813","RT",1
"Cell_12828","RT",1
"Cell_13038","RT",1
"Cell_13155","RT",1
"Cell_13170","RT",1
"Cell_13329","RT",1
"Cell_13342","RT",1
"Cell_14048","RT",1
"Cell_14143","RT",1
"Cell_14184","RT",1
"Cell_14205","RT",1
"Cell_14217","RT",1
"Cell_14434","RT",1
"Cell_14861","RT",1
"Cell_15004","RT",1
"Cell_15081","RT",1
"Cell_15863","RT",1
"Cell_15903","RT",1
"Cell_15974","RT",1
"Cell_16018","RT",1
"Cell_16052","RT",1
"Cell_16266","RT",1
"Cell_16433","RT",1
"Cell_16728","RT",1
"Cell_16900","RT",1
"Cell_17432","RT",1
"Cell_18112","RT",1
"Cell_18392","RT",1
"Cell_18590","RT",1
"Cell_18600","RT",1
"Cell_18754","RT",1
"Cell_19024","RT",1
"Cell_19397","RT",1
"Cell_19631","RT",1
"Cell_19934","RT",1
"Cell_20458","RT",1
"Cell_20588","RT",1
"Cell_21011","RT",1
"Cell_21366","RT",1
"Cell_21518","RT",1
"Cell_21601","RT",1
"Cell_21963","RT",1
"Cell_21996","RT",1
"Cell_22094","RT",1
"Cell_22343","RT",1
"Cell_22713","RT",1
"Cell_22959","RT",1
"Cell_23095","RT",0.977296897469722
"Cell_23297","RT",1
"Cell_23298","RT",1
"Cell_23353","RT",1
"Cell_23562","RT",1
"Cell_23643","RT",1
"Cell_24245","RT",1
"Cell_24698","RT",1
"Cell_24723","RT",1
"Cell_24799","RT",1
"Cell_24946","RT",1
"Cell_25021","RT",1
"Cell_25036","RT",1
"Cell_25114","RT",1
"Cell_25221","RT",1
"Cell_25242","RT",0.998840007804475
"Cell_25326","RT",1
"Cell_25370","RT",1
"Cell_25439","RT",0.999999999999999
"Cell_25624","RT",1
"Cell_25703","RT",1
"Cell_26083","RT",1
"Cell_26551","RT",1
"Cell_26650","RT",1
"Cell_26665","RT",1
"Cell_26727","RT",1
"Cell_26825","RT",1
"Cell_27181","RT",1
"Cell_27648","RT",1
"Cell_27652","RT",1
"Cell_27852","RT",1
"Cell_28362","RT",1
"Cell_28690","RT",0.999999999999999
"Cell_28929","RT",1
"Cell_29137","RT",1
"Cell_29362","RT",1
"Cell_29570","RT",1
"Cell_29619","RT",1
"Cell_29835","RT",1
"Cell_29896","RT",1
"Cell_30143","RT",1
"Cell_30161","RT",1
"Cell_30417","RT",1
"Cell_30523","RT",1
"Cell_30547","RT",0.999999999999999
"Cell_30659","RT",1
"Cell_30728","RT",1
"Cell_31236","RT",1
"Cell_31347","RT",1
"Cell_31828","RT",1
"Cell_31945","RT",1
"Cell_32040","RT",1
"Cell_32360","RT",1
"Cell_32440","RT",1
"Cell_32455","RT",1
"Cell_32566","RT",0.968231002761637
"Cell_32671","RT",0.983456864714405
"Cell_33114","RT",1
"Cell_33172","RT",1
"Cell_33253","RT",1
"Cell_33270","RT",1
"Cell_33287","RT",1
"Cell_33299","RT",1
"Cell_33558","RT",1
"Cell_33627","RT",1
"Cell_33939","RT",1
"Cell_34077","RT",1
"Cell_34231","RT",1
"Cell_34301","RT",1
"Cell_34306","RT",1
"Cell_34391","RT",1
"Cell_34459","RT",1
"Cell_34461","RT",1
"Cell_34497","RT",1
"Cell_34594","RT",1
"Cell_34812","RT",1
"Cell_34915","RT",1
"Cell_35029","RT",1
"Cell_35171","RT",1
"Cell_35509","RT",1
"Cell_35584","RT",1
"Cell_35935","RT",1
"Cell_36176","RT",1
"Cell_36316","RT",1
"Cell_36349","RT",1
"Cell_36471","RT",1
"Cell_36754","RT",1
"Cell_37088","RT",1
"Cell_37130","RT",0.999075568377181
"Cell_37151","RT",1
"Cell_37329","RT",1
"Cell_37672","RT",1
"Cell_37689","RT",1
"Cell_37762","RT",1
"Cell_37907","RT",1
"Cell_37959","RT",0.999999999999999
"Cell_38121","RT",1
"Cell_38188","RT",1
"Cell_38340","RT",1
"Cell_38360","RT",1
"Cell_38425","RT",1
"Cell_38581","RT",1
"Cell_38621","RT",1
"Cell_38684","RT",1
"Cell_38800","RT",1
"Cell_39167","RT",1
"Cell_39236","RT",1
"Cell_39438","RT",1
"Cell_39630","RT",1
"Cell_39764","RT",0.957888960131394
"Cell_40006","RT",1
"Cell_40100","RT",1
"Cell_40145","RT",1
"Cell_40178","RT",1
"Cell_40376","RT",1
"Cell_40573","RT",1
"Cell_40758","RT",1
"Cell_40858","RT",1
"Cell_40887","RT",1
"Cell_41004","RT",1
"Cell_41449","RT",1
"Cell_41515","RT",1
"Cell_41684","RT",1
"Cell_41962","RT",0.999999999999999
"Cell_42725","RT",1
"Cell_42751","RT",1
"Cell_43198","RT",1
"Cell_43205","RT",1
"Cell_43485","RT",1
"Cell_43567","RT",1
"Cell_43907","RT",1
"Cell_43985","RT",0.999999999999999
"Cell_44057","RT",1
"Cell_44169","RT",1
"Cell_44292","RT",1
"Cell_44381","RT",1
"Cell_44386","RT",1
"Cell_44505","RT",1
"Cell_45017","RT",1
"Cell_45101","RT",1
"Cell_5122","RT",1
"Cell_19684","RT",1
"Cell_20846","RT",1
"Cell_44528","RT",1
"Cell_3335","RT",1
"Cell_6455","RT",1
"Cell_10921","RT",1
"Cell_12191","RT",1
"Cell_12481","RT",1
"Cell_14548","RT",1
"Cell_19419","RT",1
"Cell_23296","RT",1
"Cell_23838","RT",1
"Cell_24574","RT",1
"Cell_34258","RT",1
"Cell_34783","RT",1
"Cell_40167","RT",1
"Cell_40380","RT",1
"Cell_40731","RT",1
"Cell_41863","RT",1
"Cell_43465","RT",1
"Cell_43853","RT",1
"Cell_44862","RT",1
"Cell_3179","RT",1
"Cell_14251","RT",1
"Cell_1377","RT",1
"Cell_6861","RT",1
"Cell_34521","RT",1
"Cell_44336","RT",1
"Cell_11276","RT",1
"Cell_11518","RT",1
"Cell_19593","RT",1
"Cell_25570","RT",1
"Cell_39192","RT",1
"Cell_42539","RT",1
"Cell_2991","RT",1
"Cell_3622","RT",1
"Cell_4281","RT",1
"Cell_4365","RT",1
"Cell_6474","RT",1
"Cell_8531","RT",1
"Cell_9280","RT",1
"Cell_10142","RT",1
"Cell_10962","RT",0.999782559836247
"Cell_11673","RT",1
"Cell_12359","RT",1
"Cell_13218","RT",1
"Cell_15557","RT",1
"Cell_16176","RT",1
"Cell_16571","RT",1
"Cell_19017","RT",1
"Cell_20953","RT",1
"Cell_21272","RT",1
"Cell_22994","RT",1
"Cell_23495","RT",1
"Cell_27761","RT",1
"Cell_28496","RT",1
"Cell_29110","RT",1
"Cell_29153","RT",1
"Cell_31264","RT",1
"Cell_34513","RT",1
"Cell_36224","RT",1
"Cell_40326","RT",0.999999999999999
"Cell_43370","RT",1
"Cell_550","RT",1
"Cell_1208","RT",1
"Cell_1767","RT",1
"Cell_3170","RT",1
"Cell_5684","RT",1
"Cell_6195","RT",1
"Cell_6210","RT",1
"Cell_6747","RT",1
"Cell_10104","RT",1
"Cell_11831","RT",1
"Cell_12670","RT",1
"Cell_13075","RT",1
"Cell_15227","RT",1
"Cell_16507","RT",1
"Cell_17022","RT",1
"Cell_19584","RT",1
"Cell_21303","RT",1
"Cell_22413","RT",1
"Cell_23054","RT",1
"Cell_25733","RT",1
"Cell_26242","RT",1
"Cell_28149","RT",1
"Cell_28877","RT",1
"Cell_29498","RT",1
"Cell_31795","RT",1
"Cell_32602","RT",1
"Cell_32819","RT",1
"Cell_32833","RT",1
"Cell_33587","RT",1
"Cell_34129","RT",1
"Cell_35710","RT",0.995298678932914
"Cell_35791","RT",1
"Cell_38359","RT",1
"Cell_38666","RT",1
"Cell_40033","RT",1
"Cell_40212","RT",1
"Cell_41794","RT",1
"Cell_41891","RT",1
"Cell_42928","RT",1
"Cell_45095","RT",1
"Cell_14316","RT",1
"Cell_21292","RT",1
"Cell_42788","RT",1
"Cell_44463","RT",1
"Cell_383","RT",1
"Cell_1652","RT",1
"Cell_1799","RT",1
"Cell_2231","RT",1
"Cell_2259","RT",1
"Cell_3267","RT",1
"Cell_3867","RT",1
"Cell_4480","RT",1
"Cell_4827","RT",1
"Cell_4921","RT",1
"Cell_5280","RT",1
"Cell_5655","RT",1
"Cell_6642","RT",0.999999999999999
"Cell_8632","RT",1
"Cell_10630","RT",1
"Cell_12524","RT",1
"Cell_13492","RT",1
"Cell_14261","RT",0.999999999999999
"Cell_14820","RT",1
"Cell_15494","RT",1
"Cell_16218","RT",1
"Cell_16412","RT",1
"Cell_16439","RT",1
"Cell_17696","RT",1
"Cell_18632","RT",1
"Cell_19640","RT",1
"Cell_20331","RT",1
"Cell_20586","RT",1
"Cell_20765","RT",1
"Cell_22021","RT",1
"Cell_22344","RT",1
"Cell_24453","RT",1
"Cell_24580","RT",1
"Cell_25852","RT",1
"Cell_26423","RT",1
"Cell_26523","RT",1
"Cell_26675","RT",1
"Cell_27809","RT",1
"Cell_28092","RT",1
"Cell_28854","RT",1
"Cell_29654","RT",1
"Cell_29914","RT",1
"Cell_30330","RT",1
"Cell_31493","RT",1
"Cell_31745","RT",1
"Cell_32543","RT",1
"Cell_32693","RT",1
"Cell_32937","RT",1
"Cell_33673","RT",1
"Cell_34505","RT",1
"Cell_34559","RT",1
"Cell_34654","RT",1
"Cell_34693","RT",1
"Cell_35124","RT",1
"Cell_35234","RT",1
"Cell_35275","RT",1
"Cell_36430","RT",1
"Cell_36846","RT",1
"Cell_37321","RT",1
"Cell_37473","RT",1
"Cell_37903","RT",1
"Cell_38011","RT",1
"Cell_38505","RT",1
"Cell_38647","RT",1
"Cell_39337","RT",1
"Cell_40135","RT",1
"Cell_42835","RT",1
"Cell_44121","RT",1
"Cell_44394","RT",1
"Cell_5310","RT",1
"Cell_7052","RT",1
"Cell_996","RT",1
"Cell_3482","RT",1
"Cell_4530","RT",1
"Cell_6307","RT",1
"Cell_9190","RT",1
"Cell_9749","RT",1
"Cell_19170","RT",1
"Cell_23170","RT",1
"Cell_27079","RT",1
"Cell_34589","RT",1
"Cell_36941","RT",1
"Cell_40637","RT",1
"Cell_43241","RT",1
"Cell_43266","RT",1
"Cell_14527","RT",1
"Cell_37728","RT",1
"Cell_42955","RT",1
"Cell_39963","RT",1
"Cell_24717","RT",1
"Cell_33788","RT",1
"Cell_15088","RT",1
"Cell_21915","RT",1
"Cell_22360","RT",1
"Cell_23632","RT",1
"Cell_43479","RT",1
"Cell_38699","RT",1
"Cell_5501","RT",1
"Cell_29620","RT",1
"Cell_31283","RT",1
"Cell_36909","RT",1
"Cell_39981","RT",1
"Cell_13767","RT",1
"Cell_41816","RT",0.999999999999999
"Cell_5273","OLF",1
"Cell_8643","OLF",1
"Cell_22505","OLF",1
"Cell_25922","OLF",1
"Cell_32035","OLF",1
"Cell_1100","OLF",1
"Cell_14345","OLF",1
"Cell_25609","OLF",1
"Cell_29655","OLF",1
"Cell_3411","OLF",1
"Cell_30522","OLF",0.999999999999999
"Cell_31923","OLF",1
"Cell_38036","OLF",1
"Cell_14762","OLF",0.999999999999999
"Cell_27040","OLF",1
"Cell_28171","OLF",1
"Cell_1179","OLF",1
"Cell_1988","OLF",0.999764592001439
"Cell_5519","OLF",1
"Cell_9328","OLF",1
"Cell_12497","OLF",1
"Cell_15287","OLF",1
"Cell_17216","OLF",1
"Cell_37809","OLF",1
"Cell_1651","OLF",1
"Cell_14449","OLF",1
"Cell_16447","OLF",0.993084836143179
"Cell_17257","OLF",1
"Cell_17571","OLF",1
"Cell_24823","OLF",1
"Cell_25078","OLF",1
"Cell_25216","OLF",0.999797383116005
"Cell_26068","OLF",1
"Cell_32228","OLF",1
"Cell_35931","OLF",1
"Cell_5788","OLF",1
"Cell_5293","OLF",1
"Cell_5952","OLF",1
"Cell_9927","OLF",1
"Cell_11446","OLF",1
"Cell_13853","OLF",1
"Cell_21444","OLF",1
"Cell_21475","OLF",1
"Cell_22402","OLF",1
"Cell_25284","OLF",1
"Cell_29578","OLF",1
"Cell_32025","OLF",1
"Cell_32387","OLF",0.999999800876763
"Cell_32418","OLF",1
"Cell_32494","OLF",1
"Cell_36967","OLF",1
"Cell_37622","OLF",1
"Cell_42347","OLF",1
"Cell_38516","OLF",0.979595103968118
"Cell_10553","OLF",1
"Cell_14895","OLF",1
"Cell_33144","OLF",1
"Cell_44539","OLF",1
"Cell_5348","OLF",1
"Cell_19095","OLF",1
"Cell_21291","OLF",1
"Cell_40141","OLF",1
"Cell_6119","OLF",1
"Cell_8928","OLF",1
"Cell_12485","OLF",1
"Cell_23924","OLF",1
"Cell_37454","OLF",1
"Cell_41738","OLF",1
"Cell_44635","OLF",1
"Cell_19390","OLF",1
"Cell_5537","MEAav",1
"Cell_6582","MEAav",1
"Cell_6623","MEAav",1
"Cell_6696","MEAav",1
"Cell_7024","MEAav",1
"Cell_7801","MEAav",1
"Cell_8428","MEAav",1
"Cell_8606","MEAav",1
"Cell_8691","MEAav",1
"Cell_11528","MEAav",1
"Cell_11623","MEAav",1
"Cell_11626","MEAav",1
"Cell_11646","MEAav",1
"Cell_13096","MEAav",1
"Cell_14014","MEAav",1
"Cell_15334","MEAav",1
"Cell_15661","MEAav",1
"Cell_16530","MEAav",1
"Cell_16539","MEAav",1
"Cell_18344","MEAav",1
"Cell_19101","MEAav",1
"Cell_20222","MEAav",1
"Cell_20315","MEAav",1
"Cell_20442","MEAav",0.999999999999999
"Cell_22236","MEAav",1
"Cell_22975","MEAav",1
"Cell_23134","MEAav",1
"Cell_23861","MEAav",1
"Cell_24659","MEAav",1
"Cell_25622","MEAav",1
"Cell_27167","MEAav",1
"Cell_28639","MEAav",1
"Cell_28861","MEAav",1
"Cell_29175","MEAav",1
"Cell_29622","MEAav",1
"Cell_30051","MEAav",1
"Cell_30237","MEAav",1
"Cell_31008","MEAav",1
"Cell_31495","MEAav",1
"Cell_32339","MEAav",1
"Cell_33014","MEAav",1
"Cell_33057","MEAav",1
"Cell_33128","MEAav",1
"Cell_33585","MEAav",1
"Cell_34635","MEAav",1
"Cell_34824","MEAav",1
"Cell_36079","MEAav",1
"Cell_37006","MEAav",1
"Cell_37314","MEAav",0.999999999999999
"Cell_37520","MEAav",1
"Cell_37957","MEAav",1
"Cell_38187","MEAav",1
"Cell_41069","MEAav",1
"Cell_41785","MEAav",1
"Cell_43069","MEAav",1
"Cell_43510","MEAav",1
"Cell_43871","MEAav",1
"Cell_44045","MEAav",1
"Cell_45237","MEAav",1
"Cell_108","MEAav",1
"Cell_2366","MEAav",1
"Cell_3632","MEAav",1
"Cell_4851","MEAav",1
"Cell_4909","MEAav",1
"Cell_10203","MEAav",1
"Cell_12452","MEAav",1
"Cell_14225","MEAav",1
"Cell_22779","MEAav",1
"Cell_23093","MEAav",1
"Cell_24673","MEAav",1
"Cell_25539","MEAav",1
"Cell_29925","MEAav",1
"Cell_30908","MEAav",1
"Cell_34448","MEAav",1
"Cell_34711","MEAav",1
"Cell_2388","MEAav",1
"Cell_3004","MEAav",1
"Cell_3065","MEAav",1
"Cell_3912","MEAav",1
"Cell_4348","MEAav",1
"Cell_6768","MEAav",1
"Cell_8734","MEAav",1
"Cell_9728","MEAav",1
"Cell_10695","MEAav",0.952080765516641
"Cell_11768","MEAav",1
"Cell_11871","MEAav",1
"Cell_12640","MEAav",1
"Cell_13173","MEAav",1
"Cell_13835","MEAav",1
"Cell_16794","MEAav",1
"Cell_18642","MEAav",1
"Cell_18930","MEAav",1
"Cell_19903","MEAav",1
"Cell_20412","MEAav",1
"Cell_20552","MEAav",1
"Cell_22493","MEAav",1
"Cell_23337","MEAav",1
"Cell_25849","MEAav",1
"Cell_27720","MEAav",1
"Cell_28516","MEAav",1
"Cell_35142","MEAav",1
"Cell_35482","MEAav",1
"Cell_36364","MEAav",1
"Cell_36531","MEAav",1
"Cell_38420","MEAav",1
"Cell_39732","MEAav",1
"Cell_41028","MEAav",1
"Cell_42023","MEAav",1
"Cell_42117","MEAav",1
"Cell_43211","MEAav",1
"Cell_43908","MEAav",1
"Cell_44569","MEAav",1
"Cell_25943","MEAav",1
"Cell_29086","MEAav",1
"Cell_693","MEAav",1
"Cell_751","MEAav",1
"Cell_1313","MEAav",1
"Cell_1732","MEAav",1
"Cell_1862","MEAav",1
"Cell_1878","MEAav",1
"Cell_1885","MEAav",1
"Cell_2430","MEAav",1
"Cell_2442","MEAav",1
"Cell_2450","MEAav",1
"Cell_2531","MEAav",1
"Cell_2556","MEAav",0.968464949379298
"Cell_2767","MEAav",1
"Cell_2831","MEAav",1
"Cell_3042","MEAav",1
"Cell_3464","MEAav",1
"Cell_3619","MEAav",0.970120238540174
"Cell_3752","MEAav",1
"Cell_3772","MEAav",0.989480719674253
"Cell_3921","MEAav",1
"Cell_4433","MEAav",1
"Cell_4574","MEAav",1
"Cell_4758","MEAav",1
"Cell_4951","MEAav",1
"Cell_4979","MEAav",1
"Cell_5101","MEAav",1
"Cell_5127","MEAav",1
"Cell_5191","MEAav",1
"Cell_5319","MEAav",1
"Cell_5447","MEAav",1
"Cell_5811","MEAav",1
"Cell_5828","MEAav",1
"Cell_6101","MEAav",1
"Cell_6348","MEAav",1
"Cell_6585","MEAav",1
"Cell_6794","MEAav",1
"Cell_7148","MEAav",1
"Cell_7182","MEAav",1
"Cell_7259","MEAav",1
"Cell_7471","MEAav",1
"Cell_7576","MEAav",1
"Cell_7741","MEAav",1
"Cell_7813","MEAav",1
"Cell_8204","MEAav",1
"Cell_8571","MEAav",1
"Cell_8764","MEAav",1
"Cell_8771","MEAav",1
"Cell_9234","MEAav",1
"Cell_9467","MEAav",1
"Cell_9547","MEAav",1
"Cell_9737","MEAav",1
"Cell_9870","MEAav",1
"Cell_10161","MEAav",1
"Cell_10352","MEAav",1
"Cell_10400","MEAav",1
"Cell_10687","MEAav",1
"Cell_11075","MEAav",1
"Cell_11333","MEAav",1
"Cell_11569","MEAav",1
"Cell_11655","MEAav",1
"Cell_11774","MEAav",1
"Cell_11814","MEAav",1
"Cell_11818","MEAav",1
"Cell_11997","MEAav",1
"Cell_12627","MEAav",1
"Cell_12737","MEAav",1
"Cell_13047","MEAav",0.999999999999999
"Cell_13255","MEAav",1
"Cell_13613","MEAav",1
"Cell_13800","MEAav",1
"Cell_13831","MEAav",1
"Cell_14066","MEAav",1
"Cell_14097","MEAav",1
"Cell_14327","MEAav",1
"Cell_14329","MEAav",1
"Cell_14533","MEAav",1
"Cell_14616","MEAav",1
"Cell_15062","MEAav",1
"Cell_15113","MEAav",1
"Cell_15796","MEAav",1
"Cell_15834","MEAav",1
"Cell_16247","MEAav",1
"Cell_16251","MEAav",1
"Cell_16635","MEAav",1
"Cell_16745","MEAav",1
"Cell_16925","MEAav",1
"Cell_17318","MEAav",1
"Cell_17368","MEAav",1
"Cell_17380","MEAav",1
"Cell_17401","MEAav",1
"Cell_17661","MEAav",1
"Cell_18771","MEAav",1
"Cell_18806","MEAav",1
"Cell_19020","MEAav",1
"Cell_19155","MEAav",1
"Cell_19166","MEAav",1
"Cell_19222","MEAav",1
"Cell_19720","MEAav",1
"Cell_19796","MEAav",1
"Cell_19866","MEAav",1
"Cell_20200","MEAav",1
"Cell_20371","MEAav",1
"Cell_20738","MEAav",1
"Cell_20884","MEAav",1
"Cell_20900","MEAav",1
"Cell_21172","MEAav",1
"Cell_21431","MEAav",1
"Cell_21493","MEAav",1
"Cell_21494","MEAav",1
"Cell_21858","MEAav",1
"Cell_22033","MEAav",1
"Cell_22059","MEAav",1
"Cell_22141","MEAav",1
"Cell_22265","MEAav",1
"Cell_22758","MEAav",1
"Cell_22791","MEAav",1
"Cell_22822","MEAav",1
"Cell_22902","MEAav",1
"Cell_23091","MEAav",1
"Cell_23148","MEAav",1
"Cell_23601","MEAav",1
"Cell_23665","MEAav",1
"Cell_23744","MEAav",1
"Cell_24016","MEAav",1
"Cell_24151","MEAav",1
"Cell_24187","MEAav",1
"Cell_24221","MEAav",1
"Cell_24232","MEAav",1
"Cell_24445","MEAav",1
"Cell_24602","MEAav",1
"Cell_24849","MEAav",1
"Cell_24984","MEAav",1
"Cell_24997","MEAav",1
"Cell_25112","MEAav",1
"Cell_25123","MEAav",1
"Cell_25264","MEAav",1
"Cell_25344","MEAav",1
"Cell_25888","MEAav",1
"Cell_25981","MEAav",0.999999999999999
"Cell_26200","MEAav",1
"Cell_26236","MEAav",1
"Cell_26281","MEAav",0.961222179961965
"Cell_26332","MEAav",1
"Cell_26348","MEAav",1
"Cell_26539","MEAav",1
"Cell_27722","MEAav",1
"Cell_27732","MEAav",1
"Cell_27781","MEAav",1
"Cell_28085","MEAav",1
"Cell_28191","MEAav",1
"Cell_28194","MEAav",1
"Cell_28206","MEAav",1
"Cell_28254","MEAav",1
"Cell_28313","MEAav",1
"Cell_28570","MEAav",1
"Cell_28611","MEAav",1
"Cell_28914","MEAav",1
"Cell_29342","MEAav",1
"Cell_29571","MEAav",1
"Cell_29913","MEAav",1
"Cell_30104","MEAav",1
"Cell_30234","MEAav",1
"Cell_30281","MEAav",1
"Cell_30297","MEAav",1
"Cell_30404","MEAav",1
"Cell_31120","MEAav",1
"Cell_31130","MEAav",1
"Cell_31157","MEAav",1
"Cell_31620","MEAav",1
"Cell_31855","MEAav",1
"Cell_31917","MEAav",1
"Cell_32222","MEAav",1
"Cell_32298","MEAav",1
"Cell_32476","MEAav",1
"Cell_32838","MEAav",1
"Cell_33231","MEAav",1
"Cell_33304","MEAav",1
"Cell_33383","MEAav",1
"Cell_33601","MEAav",1
"Cell_33808","MEAav",1
"Cell_33976","MEAav",1
"Cell_34042","MEAav",1
"Cell_34062","MEAav",1
"Cell_34177","MEAav",1
"Cell_34961","MEAav",1
"Cell_35055","MEAav",1
"Cell_35224","MEAav",1
"Cell_35930","MEAav",0.999423496355616
"Cell_36621","MEAav",1
"Cell_36705","MEAav",1
"Cell_37027","MEAav",1
"Cell_37055","MEAav",1
"Cell_37242","MEAav",1
"Cell_37417","MEAav",1
"Cell_37723","MEAav",1
"Cell_38043","MEAav",1
"Cell_38051","MEAav",1
"Cell_38058","MEAav",1
"Cell_38067","MEAav",1
"Cell_38213","MEAav",1
"Cell_38242","MEAav",1
"Cell_38491","MEAav",1
"Cell_38566","MEAav",1
"Cell_38613","MEAav",1
"Cell_38620","MEAav",1
"Cell_38624","MEAav",1
"Cell_38814","MEAav",0.998959919752439
"Cell_38891","MEAav",1
"Cell_39191","MEAav",1
"Cell_39270","MEAav",1
"Cell_40122","MEAav",1
"Cell_40385","MEAav",1
"Cell_40462","MEAav",1
"Cell_40501","MEAav",1
"Cell_40645","MEAav",1
"Cell_40841","MEAav",1
"Cell_41296","MEAav",1
"Cell_41979","MEAav",1
"Cell_42546","MEAav",1
"Cell_43597","MEAav",1
"Cell_43630","MEAav",1
"Cell_43796","MEAav",1
"Cell_44063","MEAav",1
"Cell_44144","MEAav",1
"Cell_44565","MEAav",1
"Cell_44683","MEAav",1
"Cell_45078","MEAav",1
"Cell_45220","MEAav",1
"Cell_22062","MEAav",1
"Cell_1219","MEAav",1
"Cell_11115","MEAav",1
"Cell_5663","MEAav",1
"Cell_7338","MEAav",1
"Cell_8960","MEAav",1
"Cell_9107","MEAav",1
"Cell_10093","MEAav",1
"Cell_14606","MEAav",1
"Cell_20151","MEAav",1
"Cell_28713","MEAav",1
"Cell_28944","MEAav",1
"Cell_30568","MEAav",1
"Cell_30926","MEAav",1
"Cell_34810","MEAav",1
"Cell_35979","MEAav",1
"Cell_36317","MEAav",1
"Cell_38111","MEAav",1
"Cell_38555","MEAav",1
"Cell_40672","MEAav",1
"Cell_45027","MEAav",1
"Cell_1285","MEAav",1
"Cell_1417","MEAav",1
"Cell_2171","MEAav",1
"Cell_2626","MEAav",1
"Cell_2796","MEAav",1
"Cell_3265","MEAav",1
"Cell_6391","MEAav",1
"Cell_7055","MEAav",1
"Cell_7493","MEAav",1
"Cell_9458","MEAav",1
"Cell_10592","MEAav",1
"Cell_10907","MEAav",1
"Cell_10973","MEAav",0.999999999999999
"Cell_11298","MEAav",1
"Cell_11790","MEAav",1
"Cell_12106","MEAav",1
"Cell_13709","MEAav",0.999999999999999
"Cell_13745","MEAav",1
"Cell_13977","MEAav",1
"Cell_14989","MEAav",1
"Cell_15693","MEAav",1
"Cell_15860","MEAav",1
"Cell_16743","MEAav",1
"Cell_17187","MEAav",1
"Cell_17285","MEAav",1
"Cell_17969","MEAav",1
"Cell_18633","MEAav",1
"Cell_18767","MEAav",1
"Cell_19431","MEAav",1
"Cell_20043","MEAav",1
"Cell_20132","MEAav",0.999999999999999
"Cell_21283","MEAav",0.999999999999999
"Cell_24525","MEAav",1
"Cell_25345","MEAav",1
"Cell_27244","MEAav",1
"Cell_27544","MEAav",1
"Cell_29786","MEAav",1
"Cell_30971","MEAav",1
"Cell_33889","MEAav",1
"Cell_34293","MEAav",1
"Cell_35780","MEAav",1
"Cell_38809","MEAav",1
"Cell_41581","MEAav",1
"Cell_42371","MEAav",1
"Cell_42447","MEAav",1
"Cell_42463","MEAav",1
"Cell_42891","MEAav",1
"Cell_43919","MEAav",1
"Cell_160","MEAav",1
"Cell_486","MEAav",1
"Cell_706","MEAav",1
"Cell_5143","MEAav",1
"Cell_7257","MEAav",1
"Cell_8596","MEAav",1
"Cell_8765","MEAav",1
"Cell_8810","MEAav",1
"Cell_9008","MEAav",1
"Cell_9821","MEAav",1
"Cell_12168","MEAav",1
"Cell_13405","MEAav",1
"Cell_16779","MEAav",1
"Cell_16921","MEAav",1
"Cell_17124","MEAav",1
"Cell_18628","MEAav",1
"Cell_18915","MEAav",0.967352493301488
"Cell_20262","MEAav",1
"Cell_20325","MEAav",1
"Cell_21573","MEAav",1
"Cell_22583","MEAav",1
"Cell_24099","MEAav",1
"Cell_27963","MEAav",1
"Cell_28552","MEAav",1
"Cell_28719","MEAav",1
"Cell_29315","MEAav",1
"Cell_32002","MEAav",1
"Cell_32863","MEAav",1
"Cell_33661","MEAav",1
"Cell_33988","MEAav",1
"Cell_36069","MEAav",1
"Cell_36666","MEAav",1
"Cell_37822","MEAav",1
"Cell_38031","MEAav",1
"Cell_38658","MEAav",1
"Cell_39170","MEAav",1
"Cell_39266","MEAav",1
"Cell_40051","MEAav",1
"Cell_40181","MEAav",1
"Cell_41328","MEAav",1
"Cell_41644","MEAav",0.977709397022999
"Cell_41736","MEAav",1
"Cell_42563","MEAav",1
"Cell_42750","MEAav",1
"Cell_241","MEAav",1
"Cell_9490","MEAav",1
"Cell_32396","MEAav",1
"Cell_3856","MEAav",1
"Cell_12986","MEAav",1
"Cell_15488","MEAav",1
"Cell_15656","MEAav",1
"Cell_21110","MEAav",1
"Cell_21379","MEAav",1
"Cell_36802","MEAav",1
"Cell_37605","MEAav",1
"Cell_41710","MEAav",1
"Cell_42662","MEAav",1
"Cell_43414","MEAav",1
"Cell_39229","MEAav",1
"Cell_7887","MEAav",1
"Cell_11487","MEAav",1
"Cell_15197","MEAav",1
"Cell_2798","MEAav",1
"Cell_5781","Isocortex",1
"Cell_26350","Isocortex",1
"Cell_43869","Isocortex",1
"Cell_45170","Isocortex",1
"Cell_1598","Isocortex",1
"Cell_5162","Isocortex",1
"Cell_7626","Isocortex",1
"Cell_7933","Isocortex",1
"Cell_12695","Isocortex",1
"Cell_13100","Isocortex",1
"Cell_21105","Isocortex",1
"Cell_25225","Isocortex",1
"Cell_25926","Isocortex",1
"Cell_26505","Isocortex",1
"Cell_29534","Isocortex",1
"Cell_32855","Isocortex",1
"Cell_32868","Isocortex",1
"Cell_33491","Isocortex",1
"Cell_34008","Isocortex",1
"Cell_35062","Isocortex",1
"Cell_35813","Isocortex",1
"Cell_36338","Isocortex",1
"Cell_38767","Isocortex",0.996941642223876
"Cell_38843","Isocortex",1
"Cell_39333","Isocortex",1
"Cell_45057","Isocortex",1
"Cell_1104","Isocortex",1
"Cell_13903","Isocortex",1
"Cell_40269","Isocortex",1
"Cell_41189","Isocortex",1
"Cell_1360","Isocortex",1
"Cell_11461","Isocortex",1
"Cell_19726","Isocortex",1
"Cell_24589","Isocortex",1
"Cell_26653","Isocortex",1
"Cell_37387","Isocortex",1
"Cell_38101","Isocortex",1
"Cell_39501","Isocortex",1
"Cell_41073","Isocortex",1
"Cell_29710","Isocortex",1
"Cell_371","Isocortex",1
"Cell_1927","Isocortex",1
"Cell_2477","Isocortex",1
"Cell_3206","Isocortex",1
"Cell_3339","Isocortex",1
"Cell_3459","Isocortex",1
"Cell_3633","Isocortex",1
"Cell_4706","Isocortex",1
"Cell_8929","Isocortex",1
"Cell_10559","Isocortex",1
"Cell_11287","Isocortex",1
"Cell_11781","Isocortex",1
"Cell_12278","Isocortex",1
"Cell_15246","Isocortex",1
"Cell_16855","Isocortex",1
"Cell_17693","Isocortex",1
"Cell_17741","Isocortex",1
"Cell_18935","Isocortex",1
"Cell_19522","Isocortex",1
"Cell_21502","Isocortex",1
"Cell_22995","Isocortex",1
"Cell_23613","Isocortex",1
"Cell_26548","Isocortex",1
"Cell_26707","Isocortex",1
"Cell_30878","Isocortex",1
"Cell_31726","Isocortex",1
"Cell_33620","Isocortex",1
"Cell_34982","Isocortex",1
"Cell_36720","Isocortex",1
"Cell_38897","Isocortex",1
"Cell_40798","Isocortex",1
"Cell_42247","Isocortex",1
"Cell_42702","Isocortex",1
"Cell_43065","Isocortex",1
"Cell_43335","Isocortex",1
"Cell_618","Isocortex",1
"Cell_901","Isocortex",1
"Cell_1746","Isocortex",1
"Cell_3259","Isocortex",1
"Cell_3760","Isocortex",1
"Cell_4028","Isocortex",1
"Cell_4472","Isocortex",0.999929321483476
"Cell_6342","Isocortex",0.999999999999999
"Cell_6985","Isocortex",1
"Cell_9006","Isocortex",1
"Cell_9270","Isocortex",1
"Cell_9745","Isocortex",1
"Cell_10047","Isocortex",1
"Cell_11235","Isocortex",1
"Cell_11267","Isocortex",1
"Cell_11297","Isocortex",1
"Cell_11328","Isocortex",1
"Cell_12487","Isocortex",1
"Cell_13217","Isocortex",1
"Cell_14488","Isocortex",1
"Cell_15091","Isocortex",1
"Cell_15791","Isocortex",1
"Cell_16767","Isocortex",1
"Cell_17430","Isocortex",1
"Cell_17994","Isocortex",1
"Cell_18048","Isocortex",1
"Cell_18151","Isocortex",1
"Cell_18932","Isocortex",1
"Cell_19418","Isocortex",1
"Cell_19643","Isocortex",1
"Cell_20810","Isocortex",1
"Cell_20904","Isocortex",1
"Cell_24092","Isocortex",1
"Cell_24158","Isocortex",1
"Cell_24740","Isocortex",1
"Cell_25465","Isocortex",1
"Cell_26924","Isocortex",1
"Cell_27089","Isocortex",1
"Cell_27172","Isocortex",1
"Cell_28087","Isocortex",1
"Cell_29293","Isocortex",1
"Cell_30572","Isocortex",1
"Cell_35619","Isocortex",1
"Cell_35849","Isocortex",1
"Cell_35851","Isocortex",1
"Cell_35967","Isocortex",1
"Cell_36058","Isocortex",1
"Cell_36144","Isocortex",1
"Cell_37718","Isocortex",1
"Cell_38381","Isocortex",1
"Cell_40168","Isocortex",1
"Cell_40685","Isocortex",1
"Cell_41946","Isocortex",1
"Cell_42076","Isocortex",1
"Cell_44796","Isocortex",1
"Cell_954","Isocortex",1
"Cell_1172","Isocortex",1
"Cell_1571","Isocortex",1
"Cell_1852","Isocortex",1
"Cell_1932","Isocortex",1
"Cell_2445","Isocortex",1
"Cell_2676","Isocortex",1
"Cell_2687","Isocortex",1
"Cell_3106","Isocortex",1
"Cell_3389","Isocortex",1
"Cell_4102","Isocortex",1
"Cell_5476","Isocortex",1
"Cell_6475","Isocortex",1
"Cell_6537","Isocortex",1
"Cell_6539","Isocortex",1
"Cell_8158","Isocortex",1
"Cell_8795","Isocortex",1
"Cell_8866","Isocortex",1
"Cell_11808","Isocortex",1
"Cell_12574","Isocortex",1
"Cell_13012","Isocortex",1
"Cell_13188","Isocortex",1
"Cell_13336","Isocortex",1
"Cell_13971","Isocortex",1
"Cell_14841","Isocortex",1
"Cell_15890","Isocortex",1
"Cell_17340","Isocortex",1
"Cell_17579","Isocortex",1
"Cell_18491","Isocortex",1
"Cell_18658","Isocortex",1
"Cell_19012","Isocortex",0.999999999999999
"Cell_19235","Isocortex",1
"Cell_19424","Isocortex",1
"Cell_20694","Isocortex",1
"Cell_21930","Isocortex",1
"Cell_22604","Isocortex",1
"Cell_22863","Isocortex",1
"Cell_22983","Isocortex",1
"Cell_23661","Isocortex",1
"Cell_24382","Isocortex",1
"Cell_25267","Isocortex",1
"Cell_25955","Isocortex",1
"Cell_26674","Isocortex",1
"Cell_27064","Isocortex",1
"Cell_27311","Isocortex",1
"Cell_27557","Isocortex",1
"Cell_27885","Isocortex",1
"Cell_29487","Isocortex",1
"Cell_30405","Isocortex",1
"Cell_30962","Isocortex",1
"Cell_31169","Isocortex",1
"Cell_32292","Isocortex",1
"Cell_32333","Isocortex",1
"Cell_33965","Isocortex",1
"Cell_34201","Isocortex",1
"Cell_34992","Isocortex",1
"Cell_36723","Isocortex",1
"Cell_36762","Isocortex",1
"Cell_37192","Isocortex",1
"Cell_38542","Isocortex",1
"Cell_39025","Isocortex",1
"Cell_39748","Isocortex",1
"Cell_41532","Isocortex",1
"Cell_41882","Isocortex",1
"Cell_41930","Isocortex",1
"Cell_42685","Isocortex",1
"Cell_43137","Isocortex",0.999999999999999
"Cell_44433","Isocortex",1
"Cell_44531","Isocortex",1
"Cell_44726","Isocortex",1
"Cell_44749","Isocortex",1
"Cell_44957","Isocortex",1
"Cell_10263","Isocortex",1
"Cell_27435","Isocortex",1
"Cell_40294","Isocortex",1
"Cell_5268","Isocortex",1
"Cell_6056","Isocortex",1
"Cell_7710","Isocortex",1
"Cell_10080","Isocortex",1
"Cell_11398","Isocortex",1
"Cell_12656","Isocortex",1
"Cell_12823","Isocortex",1
"Cell_18460","Isocortex",1
"Cell_18615","Isocortex",1
"Cell_23073","Isocortex",0.996007476340324
"Cell_30535","Isocortex",1
"Cell_43363","Isocortex",1
"Cell_2400","Isocortex",1
"Cell_6011","Isocortex",1
"Cell_11925","Isocortex",1
"Cell_14310","Isocortex",1
"Cell_16689","Isocortex",1
"Cell_18526","Isocortex",1
"Cell_18961","Isocortex",1
"Cell_19942","Isocortex",1
"Cell_20746","Isocortex",0.998359871261992
"Cell_22660","Isocortex",1
"Cell_23651","Isocortex",1
"Cell_24021","Isocortex",1
"Cell_39355","Isocortex",1
"Cell_45214","Isocortex",1
"Cell_188","Isocortex",1
"Cell_965","Isocortex",1
"Cell_4628","Isocortex",0.999994132571708
"Cell_5842","Isocortex",1
"Cell_6771","Isocortex",1
"Cell_7074","Isocortex",1
"Cell_8622","Isocortex",1
"Cell_9957","Isocortex",1
"Cell_13935","Isocortex",1
"Cell_14370","Isocortex",1
"Cell_16770","Isocortex",1
"Cell_17045","Isocortex",1
"Cell_17711","Isocortex",1
"Cell_18057","Isocortex",1
"Cell_20947","Isocortex",1
"Cell_26847","Isocortex",1
"Cell_29332","Isocortex",1
"Cell_31827","Isocortex",1
"Cell_32893","Isocortex",1
"Cell_32943","Isocortex",1
"Cell_39874","Isocortex",1
"Cell_42821","Isocortex",1
"Cell_42864","Isocortex",1
"Cell_14872","Isocortex",1
"Cell_20312","Isocortex",1
"Cell_21816","Isocortex",1
"Cell_522","Isocortex",1
"Cell_9509","Isocortex",1
"Cell_16553","Isocortex",1
"Cell_38791","Isocortex",1
"Cell_41667","Isocortex",1
"Cell_43809","Isocortex",1
"Cell_17859","Isocortex",1
"Cell_1092","Isocortex",1
"Cell_11683","Isocortex",1
"Cell_13430","Isocortex",1
"Cell_18719","Isocortex",1
"Cell_27617","Isocortex",1
"Cell_40302","Isocortex",1
"Cell_2962","Isocortex",0.999999999999999
"Cell_16598","Isocortex",1
"Cell_23870","Isocortex",1
"Cell_32837","Isocortex",1
"Cell_36243","Isocortex",1
"Cell_36650","Isocortex",1
"Cell_41350","Isocortex",1
"Cell_24818","Isocortex",1
"Cell_21031","Isocortex",1
"Cell_33630","Isocortex",1
"Cell_32613","Isocortex",0.986357303206588
"Cell_37271","Isocortex",1
"Cell_3635","Isocortex",1
"Cell_5849","Isocortex",1
"Cell_8567","Isocortex",1
"Cell_23403","Isocortex",1
"Cell_28053","Isocortex",1
"Cell_33735","Isocortex",1
"Cell_41365","Isocortex",1
"Cell_45020","Isocortex",1
"Cell_8585","Isocortex",1
"Cell_10135","Isocortex",1
"Cell_17959","Isocortex",1
"Cell_28150","Isocortex",1
"Cell_1300","Isocortex",1
"Cell_1540","Isocortex",1
"Cell_2823","Isocortex",1
"Cell_4817","Isocortex",1
"Cell_6446","Isocortex",1
"Cell_6992","Isocortex",1
"Cell_8422","Isocortex",1
"Cell_10700","Isocortex",1
"Cell_10781","Isocortex",1
"Cell_11824","Isocortex",1
"Cell_12488","Isocortex",1
"Cell_13176","Isocortex",1
"Cell_15681","Isocortex",1
"Cell_22843","Isocortex",0.983768569528345
"Cell_23964","Isocortex",0.994344927004737
"Cell_25429","Isocortex",1
"Cell_27182","Isocortex",1
"Cell_28373","Isocortex",1
"Cell_30285","Isocortex",1
"Cell_30307","Isocortex",1
"Cell_30439","Isocortex",1
"Cell_30687","Isocortex",0.989103964260166
"Cell_31605","Isocortex",1
"Cell_32542","Isocortex",1
"Cell_33291","Isocortex",0.999999999999999
"Cell_33797","Isocortex",1
"Cell_34622","Isocortex",1
"Cell_35087","Isocortex",1
"Cell_37781","Isocortex",1
"Cell_39694","Isocortex",1
"Cell_43561","Isocortex",1
"Cell_44991","Isocortex",1
"Cell_45070","Isocortex",1
"Cell_9466","Isocortex",1
"Cell_13537","Isocortex",1
"Cell_16151","Isocortex",1
"Cell_18248","Isocortex",1
"Cell_21799","Isocortex",1
"Cell_23963","Isocortex",1
"Cell_24224","Isocortex",1
"Cell_25082","Isocortex",1
"Cell_3026","Isocortex",1
"Cell_435","Isocortex",1
"Cell_1564","Isocortex",1
"Cell_1849","Isocortex",1
"Cell_2072","Isocortex",1
"Cell_2096","Isocortex",1
"Cell_3163","Isocortex",1
"Cell_3649","Isocortex",1
"Cell_4512","Isocortex",1
"Cell_5119","Isocortex",1
"Cell_5637","Isocortex",1
"Cell_6123","Isocortex",1
"Cell_8100","Isocortex",1
"Cell_9186","Isocortex",1
"Cell_10934","Isocortex",1
"Cell_11387","Isocortex",1
"Cell_12867","Isocortex",1
"Cell_13845","Isocortex",1
"Cell_14151","Isocortex",1
"Cell_14381","Isocortex",1
"Cell_14471","Isocortex",1
"Cell_15233","Isocortex",1
"Cell_15331","Isocortex",1
"Cell_17194","Isocortex",1
"Cell_17502","Isocortex",1
"Cell_18715","Isocortex",1
"Cell_19274","Isocortex",1
"Cell_20078","Isocortex",1
"Cell_20253","Isocortex",1
"Cell_20469","Isocortex",1
"Cell_22338","Isocortex",1
"Cell_22832","Isocortex",1
"Cell_23456","Isocortex",1
"Cell_24801","Isocortex",1
"Cell_25679","Isocortex",1
"Cell_25696","Isocortex",1
"Cell_27110","Isocortex",1
"Cell_27183","Isocortex",1
"Cell_27476","Isocortex",1
"Cell_28011","Isocortex",1
"Cell_28406","Isocortex",1
"Cell_28413","Isocortex",1
"Cell_28987","Isocortex",1
"Cell_29247","Isocortex",1
"Cell_29431","Isocortex",1
"Cell_30506","Isocortex",1
"Cell_30512","Isocortex",1
"Cell_31305","Isocortex",1
"Cell_33615","Isocortex",1
"Cell_33836","Isocortex",1
"Cell_35742","Isocortex",1
"Cell_36501","Isocortex",1
"Cell_36946","Isocortex",1
"Cell_37260","Isocortex",1
"Cell_41097","Isocortex",1
"Cell_42090","Isocortex",1
"Cell_42649","Isocortex",1
"Cell_43727","Isocortex",1
"Cell_44973","Isocortex",1
"Cell_1041","Isocortex",1
"Cell_1428","Isocortex",1
"Cell_1793","Isocortex",1
"Cell_2653","Isocortex",1
"Cell_2800","Isocortex",1
"Cell_3554","Isocortex",1
"Cell_3987","Isocortex",0.999999999999999
"Cell_6039","Isocortex",1
"Cell_6368","Isocortex",1
"Cell_6558","Isocortex",1
"Cell_7460","Isocortex",1
"Cell_8161","Isocortex",1
"Cell_8208","Isocortex",1
"Cell_8225","Isocortex",1
"Cell_8330","Isocortex",1
"Cell_9523","Isocortex",1
"Cell_9714","Isocortex",0.999999999999999
"Cell_10378","Isocortex",1
"Cell_10866","Isocortex",1
"Cell_11058","Isocortex",1
"Cell_12492","Isocortex",1
"Cell_12981","Isocortex",1
"Cell_13541","Isocortex",1
"Cell_13555","Isocortex",0.954674709221328
"Cell_14111","Isocortex",1
"Cell_14258","Isocortex",1
"Cell_15407","Isocortex",1
"Cell_16682","Isocortex",1
"Cell_18752","Isocortex",1
"Cell_19625","Isocortex",1
"Cell_19655","Isocortex",1
"Cell_20295","Isocortex",0.999999999999999
"Cell_21767","Isocortex",1
"Cell_22182","Isocortex",1
"Cell_22610","Isocortex",1
"Cell_22973","Isocortex",1
"Cell_23618","Isocortex",1
"Cell_24838","Isocortex",1
"Cell_24951","Isocortex",1
"Cell_25839","Isocortex",1
"Cell_26503","Isocortex",1
"Cell_26633","Isocortex",1
"Cell_29287","Isocortex",0.965939830477866
"Cell_30041","Isocortex",1
"Cell_30213","Isocortex",1
"Cell_30215","Isocortex",1
"Cell_30217","Isocortex",1
"Cell_31204","Isocortex",1
"Cell_34726","Isocortex",1
"Cell_36415","Isocortex",1
"Cell_36514","Isocortex",1
"Cell_36540","Isocortex",1
"Cell_36568","Isocortex",1
"Cell_37742","Isocortex",1
"Cell_38482","Isocortex",1
"Cell_38880","Isocortex",1
"Cell_39754","Isocortex",1
"Cell_40001","Isocortex",1
"Cell_40800","Isocortex",1
"Cell_41193","Isocortex",1
"Cell_41385","Isocortex",0.961490337075836
"Cell_42399","Isocortex",1
"Cell_43063","Isocortex",1
"Cell_43138","Isocortex",1
"Cell_363","Isocortex",1
"Cell_540","Isocortex",0.958036765119945
"Cell_1212","Isocortex",1
"Cell_1398","Isocortex",1
"Cell_1618","Isocortex",1
"Cell_3119","Isocortex",1
"Cell_3486","Isocortex",1
"Cell_5511","Isocortex",1
"Cell_5749","Isocortex",1
"Cell_6002","Isocortex",1
"Cell_7105","Isocortex",1
"Cell_9818","Isocortex",1
"Cell_10113","Isocortex",1
"Cell_10262","Isocortex",1
"Cell_11396","Isocortex",1
"Cell_11475","Isocortex",1
"Cell_12315","Isocortex",1
"Cell_12347","Isocortex",1
"Cell_12457","Isocortex",1
"Cell_13285","Isocortex",1
"Cell_13608","Isocortex",1
"Cell_14257","Isocortex",1
"Cell_14702","Isocortex",1
"Cell_15075","Isocortex",1
"Cell_15256","Isocortex",1
"Cell_15561","Isocortex",1
"Cell_17373","Isocortex",1
"Cell_17386","Isocortex",1
"Cell_17555","Isocortex",1
"Cell_17602","Isocortex",1
"Cell_18282","Isocortex",1
"Cell_18368","Isocortex",1
"Cell_18796","Isocortex",1
"Cell_18904","Isocortex",0.999999999999999
"Cell_19075","Isocortex",1
"Cell_19084","Isocortex",1
"Cell_19552","Isocortex",1
"Cell_19614","Isocortex",1
"Cell_19964","Isocortex",1
"Cell_21708","Isocortex",1
"Cell_22592","Isocortex",1
"Cell_23718","Isocortex",1
"Cell_25764","Isocortex",1
"Cell_26027","Isocortex",1
"Cell_26461","Isocortex",1
"Cell_27053","Isocortex",1
"Cell_27807","Isocortex",1
"Cell_27995","Isocortex",1
"Cell_28013","Isocortex",1
"Cell_28198","Isocortex",1
"Cell_28261","Isocortex",1
"Cell_28531","Isocortex",1
"Cell_28669","Isocortex",1
"Cell_28964","Isocortex",1
"Cell_29260","Isocortex",1
"Cell_32338","Isocortex",1
"Cell_33188","Isocortex",1
"Cell_33259","Isocortex",1
"Cell_33418","Isocortex",1
"Cell_33619","Isocortex",1
"Cell_34720","Isocortex",1
"Cell_34775","Isocortex",0.999947347715882
"Cell_35216","Isocortex",1
"Cell_35684","Isocortex",1
"Cell_36034","Isocortex",1
"Cell_36202","Isocortex",1
"Cell_37120","Isocortex",1
"Cell_37611","Isocortex",1
"Cell_37639","Isocortex",1
"Cell_38057","Isocortex",1
"Cell_38898","Isocortex",1
"Cell_39212","Isocortex",1
"Cell_39518","Isocortex",1
"Cell_40210","Isocortex",1
"Cell_40312","Isocortex",1
"Cell_40727","Isocortex",1
"Cell_41790","Isocortex",1
"Cell_42972","Isocortex",1
"Cell_43010","Isocortex",1
"Cell_43446","Isocortex",1
"Cell_43548","Isocortex",1
"Cell_43808","Isocortex",1
"Cell_44157","Isocortex",1
"Cell_44236","Isocortex",1
"Cell_45282","Isocortex",1
"Cell_25080","Isocortex",1
"Cell_29643","Isocortex",1
"Cell_44823","Isocortex",1
"Cell_16918","Isocortex",1
"Cell_21696","Isocortex",1
"Cell_28360","Isocortex",1
"Cell_28659","Isocortex",1
"Cell_32341","Isocortex",1
"Cell_32649","Isocortex",1
"Cell_35964","Isocortex",1
"Cell_40764","Isocortex",1
"Cell_42553","Isocortex",1
"Cell_43291","Isocortex",1
"Cell_44009","Isocortex",1
"Cell_2482","Isocortex",1
"Cell_3613","Isocortex",1
"Cell_4147","Isocortex",1
"Cell_4388","Isocortex",1
"Cell_4544","Isocortex",1
"Cell_8602","Isocortex",1
"Cell_8788","Isocortex",1
"Cell_11083","Isocortex",1
"Cell_15149","Isocortex",1
"Cell_18978","Isocortex",1
"Cell_20117","Isocortex",1
"Cell_21437","Isocortex",1
"Cell_21632","Isocortex",1
"Cell_21866","Isocortex",1
"Cell_22450","Isocortex",1
"Cell_23446","Isocortex",1
"Cell_26088","Isocortex",1
"Cell_26094","Isocortex",1
"Cell_27026","Isocortex",1
"Cell_28017","Isocortex",1
"Cell_30778","Isocortex",1
"Cell_31241","Isocortex",1
"Cell_32607","Isocortex",1
"Cell_33761","Isocortex",1
"Cell_33902","Isocortex",1
"Cell_34436","Isocortex",1
"Cell_35641","Isocortex",1
"Cell_36518","Isocortex",1
"Cell_39450","Isocortex",1
"Cell_39803","Isocortex",1
"Cell_41485","Isocortex",1
"Cell_42114","Isocortex",1
"Cell_43521","Isocortex",1
"Cell_44011","Isocortex",1
"Cell_44353","Isocortex",1
"Cell_862","Isocortex",1
"Cell_982","Isocortex",1
"Cell_4332","Isocortex",1
"Cell_5153","Isocortex",1
"Cell_5384","Isocortex",1
"Cell_8079","Isocortex",1
"Cell_8755","Isocortex",1
"Cell_10830","Isocortex",1
"Cell_11541","Isocortex",1
"Cell_13382","Isocortex",1
"Cell_14516","Isocortex",1
"Cell_14997","Isocortex",1
"Cell_15147","Isocortex",1
"Cell_18242","Isocortex",1
"Cell_18660","Isocortex",1
"Cell_18890","Isocortex",1
"Cell_20480","Isocortex",0.992771856539575
"Cell_21511","Isocortex",1
"Cell_21805","Isocortex",1
"Cell_22271","Isocortex",1
"Cell_25433","Isocortex",0.99750667191865
"Cell_25775","Isocortex",1
"Cell_26140","Isocortex",1
"Cell_26545","Isocortex",1
"Cell_26988","Isocortex",1
"Cell_29135","Isocortex",1
"Cell_31215","Isocortex",0.999999999999999
"Cell_31766","Isocortex",1
"Cell_35929","Isocortex",1
"Cell_37138","Isocortex",1
"Cell_37430","Isocortex",1
"Cell_40805","Isocortex",1
"Cell_41443","Isocortex",1
"Cell_43858","Isocortex",1
"Cell_44204","Isocortex",0.999999999999999
"Cell_44552","Isocortex",1
"Cell_3747","Isocortex",1
"Cell_6723","Isocortex",1
"Cell_8522","Isocortex",1
"Cell_21886","Isocortex",1
"Cell_38289","Isocortex",1
"Cell_35030","Isocortex",1
"Cell_3774","Isocortex",1
"Cell_7841","Isocortex",1
"Cell_8530","Isocortex",1
"Cell_11135","Isocortex",1
"Cell_12754","Isocortex",1
"Cell_15734","Isocortex",1
"Cell_17117","Isocortex",1
"Cell_17511","Isocortex",1
"Cell_24032","Isocortex",0.98339004659087
"Cell_24418","Isocortex",1
"Cell_24482","Isocortex",1
"Cell_30022","Isocortex",1
"Cell_30644","Isocortex",1
"Cell_33467","Isocortex",1
"Cell_37511","Isocortex",1
"Cell_37659","Isocortex",0.999999999999999
"Cell_38961","Isocortex",0.999999999999999
"Cell_9724","Isocortex",1
"Cell_31152","Isocortex",1
"Cell_40716","Isocortex",1
"Cell_21053","Isocortex",1
"Cell_13058","Isocortex",1
"Cell_2148","Isocortex",1
"Cell_4445","Isocortex",1
"Cell_4664","Isocortex",1
"Cell_9319","Isocortex",1
"Cell_10524","Isocortex",1
"Cell_11300","Isocortex",1
"Cell_11583","Isocortex",1
"Cell_13299","Isocortex",0.999999999999999
"Cell_16590","Isocortex",1
"Cell_16780","Isocortex",1
"Cell_20559","Isocortex",1
"Cell_23393","Isocortex",1
"Cell_28870","Isocortex",1
"Cell_29351","Isocortex",1
"Cell_32880","Isocortex",1
"Cell_38319","Isocortex",1
"Cell_39063","Isocortex",1
"Cell_42246","Isocortex",1
"Cell_43457","Isocortex",1
"Cell_43757","Isocortex",1
"Cell_44535","Isocortex",1
"Cell_44639","Isocortex",1
"Cell_8821","Isocortex",1
"Cell_41132","Isocortex",1
"Cell_7544","Isocortex",1
"Cell_13548","Isocortex",1
"Cell_20528","Isocortex",1
"Cell_22528","Isocortex",1
"Cell_22884","Isocortex",1
"Cell_36550","Isocortex",1
"Cell_17399","Isocortex",1
"Cell_30652","Isocortex",1
"Cell_33192","Isocortex",1
"Cell_27822","Isocortex",1
"Cell_30952","Isocortex",1
"Cell_32585","Isocortex",1
"Cell_36073","Isocortex",1
"Cell_43954","Isocortex",1
"Cell_35046","Isocortex",1
"Cell_6267","MDl",1
"Cell_9385","MDl",1
"Cell_11474","MDl",1
"Cell_12319","MDl",0.999999999999999
"Cell_15911","MDl",1
"Cell_43132","MDl",1
"Cell_570","MDl",1
"Cell_4057","MDl",1
"Cell_7127","MDl",1
"Cell_17063","MDl",1
"Cell_26511","MDl",1
"Cell_37279","MDl",1
"Cell_17882","MDl",1
"Cell_3527","MDl",1
"Cell_5366","MDl",1
"Cell_25856","MDl",1
"Cell_37103","MDl",1
"Cell_37629","MDl",1
"Cell_39936","MDl",1
"Cell_2673","MDl",1
"Cell_8173","MDl",1
"Cell_8645","MDl",1
"Cell_24337","MDl",1
"Cell_24356","MDl",1
"Cell_33764","MDl",1
"Cell_4022","MDl",1
"Cell_4686","MDl",1
"Cell_6812","MDl",1
"Cell_7856","MDl",1
"Cell_11933","MDl",1
"Cell_13793","MDl",1
"Cell_14553","MDl",1
"Cell_15743","MDl",1
"Cell_21422","MDl",1
"Cell_21743","MDl",1
"Cell_21776","MDl",1
"Cell_23659","MDl",1
"Cell_25009","MDl",1
"Cell_27269","MDl",1
"Cell_27798","MDl",1
"Cell_28838","MDl",1
"Cell_29662","MDl",1
"Cell_32639","MDl",1
"Cell_33654","MDl",1
"Cell_34333","MDl",1
"Cell_35113","MDl",1
"Cell_36929","MDl",0.999999999999999
"Cell_38426","MDl",1
"Cell_39650","MDl",1
"Cell_40414","MDl",1
"Cell_40514","MDl",1
"Cell_41260","MDl",1
"Cell_44649","MDl",1
"Cell_15150","MDl",1
"Cell_28842","MDl",1
"Cell_36683","MDl",1
"Cell_9703","MDl",1
"Cell_11428","MDl",1
"Cell_23173","MDl",1
"Cell_37924","MDl",1
"Cell_43660","MDl",1
"Cell_45243","MDl",1
"Cell_11429","MDl",1
"Cell_24832","MDl",1
"Cell_36654","MDl",1
"Cell_9438","MDl",1
"Cell_2434","MDl",1
"Cell_9682","MDl",1
"Cell_10749","MDl",1
"Cell_12658","MDl",1
"Cell_14929","MDl",1
"Cell_17958","MDl",1
"Cell_25651","MDl",1
"Cell_26706","MDl",1
"Cell_30339","MDl",1
"Cell_35557","MDl",1
"Cell_37004","MDl",1
"Cell_40388","MDl",1
"Cell_41190","MDl",0.999999999999999
"Cell_44521","MDl",1
"Cell_8112","MDl",1
"Cell_12381","MDl",0.96905779099076
"Cell_19843","MDl",1
"Cell_30080","MDl",1
"Cell_36180","MDl",0.99882387498388
"Cell_36896","MDl",1
"Cell_39190","MDl",1
"Cell_40190","MDl",1
"Cell_10850","MDl",1
"Cell_12326","MDl",1
"Cell_22136","MDl",1
"Cell_26143","MDl",1
"Cell_34679","MDl",1
"Cell_35847","MDl",1
"Cell_42007","MDl",1
"Cell_15929","MDl",1
"Cell_41872","MDl",0.999999999999999
"Cell_28622","MDl",1
"Cell_35385","MDl",1
"Cell_21193","MDl",1
"Cell_6411","VM",1
"Cell_11448","VM",1
"Cell_14157","VM",1
"Cell_23037","VM",1
"Cell_27746","VM",1
"Cell_30883","VM",1
"Cell_36194","VM",1
"Cell_24957","VM",1
"Cell_3531","VM",1
"Cell_6337","VM",1
"Cell_7107","VM",1
"Cell_16592","VM",1
"Cell_16834","VM",1
"Cell_17229","VM",1
"Cell_21132","VM",1
"Cell_21353","VM",1
"Cell_23363","VM",1
"Cell_28237","VM",1
"Cell_30703","VM",1
"Cell_30916","VM",1
"Cell_33614","VM",1
"Cell_34552","VM",1
"Cell_36827","VM",1
"Cell_39347","VM",1
"Cell_41218","VM",1
"Cell_9543","VM",1
"Cell_12612","VM",1
"Cell_18676","VM",1
"Cell_25056","VM",1
"Cell_31794","VM",1
"Cell_1707","VM",1
"Cell_10540","VM",1
"Cell_10954","VM",1
"Cell_29467","VM",1
"Cell_35314","VM",1
"Cell_2589","VM",1
"Cell_4215","VM",1
"Cell_12474","VM",1
"Cell_16047","VM",1
"Cell_31547","VM",1
"Cell_31634","VM",1
"Cell_63","VM",1
"Cell_6352","VM",1
"Cell_7530","VM",1
"Cell_8609","VM",0.999999999999999
"Cell_10155","VM",1
"Cell_11480","VM",1
"Cell_12783","VM",1
"Cell_13789","VM",1
"Cell_16314","VM",1
"Cell_16331","VM",0.993548332288844
"Cell_16493","VM",1
"Cell_16876","VM",1
"Cell_20348","VM",1
"Cell_21847","VM",1
"Cell_22858","VM",1
"Cell_26480","VM",1
"Cell_28153","VM",1
"Cell_29488","VM",1
"Cell_29702","VM",1
"Cell_34808","VM",0.99999823114047
"Cell_35842","VM",1
"Cell_38973","VM",1
"Cell_39024","VM",1
"Cell_41025","VM",1
"Cell_42333","VM",1
"Cell_42700","VM",1
"Cell_42832","VM",1
"Cell_43891","VM",1
"Cell_15","VM",1
"Cell_2035","VM",1
"Cell_2438","VM",1
"Cell_2772","VM",1
"Cell_2916","VM",1
"Cell_3846","VM",1
"Cell_4073","VM",0.999999999999999
"Cell_4900","VM",1
"Cell_5199","VM",1
"Cell_7502","VM",1
"Cell_7553","VM",1
"Cell_7567","VM",1
"Cell_7723","VM",0.997444911934254
"Cell_8882","VM",1
"Cell_9106","VM",1
"Cell_9281","VM",1
"Cell_9448","VM",1
"Cell_10312","VM",1
"Cell_10961","VM",1
"Cell_12079","VM",1
"Cell_13129","VM",0.999999999999999
"Cell_13860","VM",1
"Cell_14601","VM",1
"Cell_15540","VM",1
"Cell_16113","VM",1
"Cell_16637","VM",1
"Cell_16802","VM",1
"Cell_20427","VM",1
"Cell_21419","VM",1
"Cell_21835","VM",1
"Cell_22147","VM",1
"Cell_22882","VM",1
"Cell_22958","VM",1
"Cell_23241","VM",1
"Cell_23780","VM",1
"Cell_24091","VM",1
"Cell_25261","VM",1
"Cell_26724","VM",1
"Cell_31617","VM",1
"Cell_33985","VM",1
"Cell_34079","VM",1
"Cell_35520","VM",1
"Cell_36539","VM",1
"Cell_37164","VM",1
"Cell_37813","VM",1
"Cell_38943","VM",1
"Cell_39382","VM",1
"Cell_39545","VM",1
"Cell_40263","VM",0.994986029081771
"Cell_40790","VM",1
"Cell_41545","VM",1
"Cell_42236","VM",1
"Cell_42276","VM",1
"Cell_43724","VM",1
"Cell_44880","VM",1
"Cell_22910","VM",1
"Cell_24762","VM",1
"Cell_4183","VM",1
"Cell_4435","VM",1
"Cell_5740","VM",1
"Cell_8384","VM",1
"Cell_9206","VM",1
"Cell_10666","VM",1
"Cell_11101","VM",1
"Cell_12019","VM",1
"Cell_14235","VM",1
"Cell_14631","VM",1
"Cell_19873","VM",1
"Cell_21322","VM",1
"Cell_24507","VM",1
"Cell_26169","VM",0.97951024935337
"Cell_29401","VM",1
"Cell_30947","VM",1
"Cell_34415","VM",1
"Cell_35554","VM",1
"Cell_37838","VM",1
"Cell_39527","VM",1
"Cell_39631","VM",1
"Cell_43413","VM",1
"Cell_10100","VM",1
"Cell_12388","VM",1
"Cell_33927","VM",1
"Cell_44455","VM",1
"Cell_28693","VM",1
"Cell_1287","VM",1
"Cell_18810","VM",1
"Cell_28477","VM",1
"Cell_778","VM",1
"Cell_957","VM",1
"Cell_1134","VM",1
"Cell_6404","VM",1
"Cell_7777","VM",1
"Cell_9990","VM",1
"Cell_11413","VM",1
"Cell_15046","VM",1
"Cell_20382","VM",1
"Cell_24804","VM",1
"Cell_31310","VM",1
"Cell_33676","VM",1
"Cell_35638","VM",0.969264194760629
"Cell_37301","VM",1
"Cell_41656","VM",1
"Cell_8611","VM",1
"Cell_10736","VM",1
"Cell_11662","VM",1
"Cell_13746","VM",1
"Cell_16750","VM",1
"Cell_16829","VM",1
"Cell_26470","VM",0.990839827893031
"Cell_27653","VM",1
"Cell_32642","VM",1
"Cell_34153","VM",0.999999999999999
"Cell_37754","VM",1
"Cell_39949","VM",0.998616959224652
"Cell_43110","VM",1
"Cell_34592","VM",1
"Cell_589","VM",1
"Cell_845","VM",1
"Cell_21538","VM",1
"Cell_22510","VM",1
"Cell_24886","VM",1
"Cell_27379","VM",1
"Cell_30420","VM",1
"Cell_31284","VM",1
"Cell_34048","VM",1
"Cell_37146","VM",1
"Cell_44865","VM",1
"Cell_16620","VM",1
"Cell_40180","VM",1
"Cell_1462","VM",1
"Cell_37294","VM",1
"Cell_15371","VM",1
"Cell_15924","VM",1
"Cell_44536","VM",1
"Cell_7853","VM",1
"Cell_14889","VM",0.999972533847636
"Cell_29259","VM",1
"Cell_31953","VM",1
"Cell_30496","VM",1
"Cell_36872","VM",1
"Cell_13534","VM",1
"Cell_42785","VM",1
"Cell_6646","Isocortex",1
"Cell_8708","Isocortex",0.999999701392842
"Cell_16534","Isocortex",1
"Cell_26617","Isocortex",1
"Cell_32810","Isocortex",1
"Cell_32928","Isocortex",1
"Cell_3787","Isocortex",1
"Cell_9427","Isocortex",1
"Cell_9716","Isocortex",1
"Cell_9915","Isocortex",0.999999999999999
"Cell_15183","Isocortex",1
"Cell_16718","Isocortex",1
"Cell_21773","Isocortex",1
"Cell_37154","Isocortex",1
"Cell_42139","Isocortex",1
"Cell_42737","Isocortex",1
"Cell_1826","Isocortex",1
"Cell_6568","Isocortex",1
"Cell_7391","Isocortex",1
"Cell_11251","Isocortex",1
"Cell_13450","Isocortex",1
"Cell_15190","Isocortex",1
"Cell_16924","Isocortex",1
"Cell_17635","Isocortex",1
"Cell_20074","Isocortex",1
"Cell_26298","Isocortex",1
"Cell_27621","Isocortex",1
"Cell_31918","Isocortex",1
"Cell_35545","Isocortex",1
"Cell_42783","Isocortex",1
"Cell_598","Isocortex",1
"Cell_3621","Isocortex",1
"Cell_3643","Isocortex",0.999999999999999
"Cell_7118","Isocortex",1
"Cell_8403","Isocortex",1
"Cell_8921","Isocortex",1
"Cell_11671","Isocortex",1
"Cell_15846","Isocortex",0.999999999999999
"Cell_16854","Isocortex",1
"Cell_23888","Isocortex",1
"Cell_25218","Isocortex",1
"Cell_26285","Isocortex",1
"Cell_33465","Isocortex",1
"Cell_35908","Isocortex",1
"Cell_36044","Isocortex",1
"Cell_36887","Isocortex",1
"Cell_38521","Isocortex",1
"Cell_40595","Isocortex",1
"Cell_41529","Isocortex",0.999999999999999
"Cell_45069","Isocortex",1
"Cell_16117","Isocortex",1
"Cell_42796","Isocortex",1
"Cell_1184","Isocortex",1
"Cell_4259","Isocortex",1
"Cell_7711","Isocortex",0.999999999999999
"Cell_8549","Isocortex",1
"Cell_10032","Isocortex",1
"Cell_11122","Isocortex",1
"Cell_14764","Isocortex",1
"Cell_15208","Isocortex",1
"Cell_16319","Isocortex",1
"Cell_17943","Isocortex",1
"Cell_24658","Isocortex",1
"Cell_24664","Isocortex",1
"Cell_28389","Isocortex",1
"Cell_28813","Isocortex",1
"Cell_28904","Isocortex",1
"Cell_37297","Isocortex",1
"Cell_42380","Isocortex",1
"Cell_44247","Isocortex",1
"Cell_103","Isocortex",1
"Cell_1267","Isocortex",0.982371851546418
"Cell_2471","Isocortex",1
"Cell_3872","Isocortex",1
"Cell_5227","Isocortex",0.999999999999999
"Cell_5502","Isocortex",1
"Cell_7289","Isocortex",1
"Cell_8386","Isocortex",1
"Cell_8717","Isocortex",1
"Cell_13471","Isocortex",1
"Cell_17871","Isocortex",1
"Cell_19393","Isocortex",1
"Cell_21232","Isocortex",1
"Cell_21524","Isocortex",1
"Cell_21659","Isocortex",1
"Cell_23877","Isocortex",1
"Cell_25252","Isocortex",1
"Cell_26433","Isocortex",1
"Cell_26811","Isocortex",1
"Cell_29386","Isocortex",1
"Cell_30055","Isocortex",1
"Cell_30188","Isocortex",1
"Cell_30315","Isocortex",1
"Cell_32058","Isocortex",1
"Cell_32192","Isocortex",1
"Cell_33402","Isocortex",1
"Cell_33869","Isocortex",1
"Cell_34602","Isocortex",1
"Cell_35004","Isocortex",1
"Cell_35578","Isocortex",1
"Cell_37174","Isocortex",0.999999999999999
"Cell_37435","Isocortex",1
"Cell_38315","Isocortex",1
"Cell_38706","Isocortex",1
"Cell_39157","Isocortex",1
"Cell_40404","Isocortex",1
"Cell_42107","Isocortex",1
"Cell_43579","Isocortex",1
"Cell_44217","Isocortex",1
"Cell_44542","Isocortex",1
"Cell_45283","Isocortex",1
"Cell_2979","Isocortex",1
"Cell_8478","Isocortex",1
"Cell_10038","Isocortex",1
"Cell_11347","Isocortex",1
"Cell_13753","Isocortex",1
"Cell_17451","Isocortex",1
"Cell_19864","Isocortex",1
"Cell_20631","Isocortex",1
"Cell_21828","Isocortex",1
"Cell_22329","Isocortex",1
"Cell_22704","Isocortex",1
"Cell_26363","Isocortex",1
"Cell_26645","Isocortex",1
"Cell_28859","Isocortex",1
"Cell_31599","Isocortex",0.993338077730979
"Cell_32652","Isocortex",1
"Cell_33798","Isocortex",1
"Cell_34341","Isocortex",1
"Cell_11168","Isocortex",1
"Cell_29313","Isocortex",1
"Cell_38832","Isocortex",1
"Cell_3276","Isocortex",1
"Cell_15134","Isocortex",1
"Cell_15405","Isocortex",1
"Cell_20139","Isocortex",1
"Cell_21067","Isocortex",1
"Cell_21381","Isocortex",1
"Cell_21512","Isocortex",1
"Cell_25885","Isocortex",1
"Cell_28609","Isocortex",1
"Cell_32121","Isocortex",1
"Cell_35715","Isocortex",1
"Cell_36436","Isocortex",1
"Cell_36971","Isocortex",1
"Cell_40610","Isocortex",1
"Cell_1574","Isocortex",1
"Cell_11389","Isocortex",1
"Cell_15332","Isocortex",0.981243562250096
"Cell_27422","Isocortex",1
"Cell_34191","Isocortex",1
"Cell_32632","Isocortex",1
"Cell_977","Isocortex",1
"Cell_2489","Isocortex",1
"Cell_8233","Isocortex",1
"Cell_11282","Isocortex",1
"Cell_36417","Isocortex",1
"Cell_7101","Isocortex",0.999999999999999
"Cell_24836","Isocortex",1
"Cell_31498","Isocortex",1
"Cell_6661","CA2sr",1
"Cell_6924","CA2sr",1
"Cell_4642","CA2sr",0.998996994102691
"Cell_15793","CA2sr",1
"Cell_292","CA2sr",1
"Cell_10586","CA2sr",1
"Cell_17234","CA2sr",1
"Cell_19383","CA2sr",1
"Cell_20079","CA2sr",1
"Cell_31476","CA2sr",1
"Cell_40775","CA2sr",1
"Cell_23973","CA2sr",1
"Cell_24429","CA2sr",1
"Cell_32431","CA2sr",1
"Cell_33942","CA2sr",1
"Cell_38740","CA2sr",0.999864868025411
"Cell_40814","CA2sr",1
"Cell_5794","CA2sr",1
"Cell_610","CA2sr",0.999999999999999
"Cell_7181","CA2sr",1
"Cell_8831","CA2sr",1
"Cell_11549","CA2sr",1
"Cell_18537","CA2sr",1
"Cell_23905","CA2sr",1
"Cell_26030","CA2sr",1
"Cell_26765","CA2sr",1
"Cell_30527","CA2sr",1
"Cell_36446","CA2sr",0.990922286756546
"Cell_41735","CA2sr",1
"Cell_41877","CA2sr",0.998753856709099
"Cell_25633","CA2sr",1
"Cell_6729","Isocortex",1
"Cell_12681","Isocortex",1
"Cell_41188","Isocortex",1
"Cell_24870","Isocortex",1
"Cell_25746","Isocortex",1
"Cell_28424","Isocortex",1
"Cell_21301","Isocortex",1
"Cell_3433","Isocortex",1
"Cell_1757","Isocortex",1
"Cell_10567","Isocortex",1
"Cell_30784","Isocortex",1
"Cell_37795","Isocortex",1
"Cell_41989","Isocortex",0.999999999999999
"Cell_152","Isocortex",1
"Cell_222","Isocortex",1
"Cell_1317","Isocortex",1
"Cell_5232","Isocortex",1
"Cell_7040","Isocortex",1
"Cell_7621","Isocortex",1
"Cell_7844","Isocortex",1
"Cell_8282","Isocortex",1
"Cell_8889","Isocortex",1
"Cell_11236","Isocortex",0.999983367456719
"Cell_18235","Isocortex",1
"Cell_19209","Isocortex",1
"Cell_19217","Isocortex",1
"Cell_20647","Isocortex",1
"Cell_21340","Isocortex",1
"Cell_26388","Isocortex",1
"Cell_26418","Isocortex",1
"Cell_30536","Isocortex",1
"Cell_30538","Isocortex",1
"Cell_43847","Isocortex",1
"Cell_7703","Isocortex",1
"Cell_9341","Isocortex",1
"Cell_12721","Isocortex",1
"Cell_32691","Isocortex",1
"Cell_36136","Isocortex",1
"Cell_36574","Isocortex",1
"Cell_26495","Isocortex",1
"Cell_38579","Isocortex",1
"Cell_39810","Isocortex",0.999999999999999
"Cell_4815","Isocortex",1
"Cell_16730","Isocortex",1
"Cell_30126","Isocortex",1
"Cell_41611","Isocortex",1
"Cell_43037","Isocortex",1
"Cell_44592","Isocortex",1
"Cell_29107","Isocortex",1
"Cell_28703","Isocortex",1
"Cell_17956","Isocortex",1
"Cell_31774","Isocortex",1
"Cell_22003","Isocortex",1
"Cell_23916","Isocortex",1
"Cell_43154","Isocortex",1
"Cell_15348","Isocortex",1
"Cell_35700","Isocortex",1
"Cell_15787","Isocortex",1
"Cell_7162","Isocortex",1
"Cell_27259","Isocortex",0.999686877035258
"Cell_29490","Isocortex",1
"Cell_22295","Isocortex",0.998881794708526
"Cell_41657","Isocortex",1
"Cell_5510","Isocortex",1
"Cell_42547","Isocortex",1
"Cell_29617","Isocortex",0.999999999999999
"Cell_11765","Isocortex",1
"Cell_22289","Isocortex",1
"Cell_27171","Isocortex",1
"Cell_31762","Isocortex",1
"Cell_36657","Isocortex",1
"Cell_22140","Isocortex",1
"Cell_28422","Isocortex",1
"Cell_7449","Isocortex",1
"Cell_30786","Isocortex",1
"Cell_1227","Isocortex",1
"Cell_2476","Isocortex",1
"Cell_3838","Isocortex",1
"Cell_5953","Isocortex",1
"Cell_6178","Isocortex",1
"Cell_8539","Isocortex",1
"Cell_11692","Isocortex",1
"Cell_12886","Isocortex",1
"Cell_20529","Isocortex",1
"Cell_32052","Isocortex",1
"Cell_32174","Isocortex",0.999999999999999
"Cell_33453","Isocortex",1
"Cell_34445","Isocortex",1
"Cell_40072","Isocortex",1
"Cell_44499","Isocortex",1
"Cell_4304","Isocortex",1
"Cell_14577","Isocortex",1
"Cell_18486","Isocortex",0.999999999999999
"Cell_21980","Isocortex",1
"Cell_24316","Isocortex",1
"Cell_32745","Isocortex",1
"Cell_34987","Isocortex",1
"Cell_36693","Isocortex",1
"Cell_41439","Isocortex",1
"Cell_16628","Isocortex",1
"Cell_29130","Isocortex",1
"Cell_33734","Isocortex",1
"Cell_35543","Isocortex",1
"Cell_38671","Isocortex",1
"Cell_41157","Isocortex",1
"Cell_44119","Isocortex",1
"Cell_3967","Isocortex",1
"Cell_5714","Isocortex",1
"Cell_7231","Isocortex",1
"Cell_15451","Isocortex",1
"Cell_25875","Isocortex",1
"Cell_28272","Isocortex",1
"Cell_31251","Isocortex",1
"Cell_35404","Isocortex",1
"Cell_5400","Isocortex",1
"Cell_6249","Isocortex",1
"Cell_10134","Isocortex",1
"Cell_14952","Isocortex",1
"Cell_26774","Isocortex",1
"Cell_28103","Isocortex",1
"Cell_34120","Isocortex",1
"Cell_35149","Isocortex",1
"Cell_40535","Isocortex",1
"Cell_44193","Isocortex",1
"Cell_6015","Isocortex",1
"Cell_7808","Isocortex",1
"Cell_22154","Isocortex",1
"Cell_27992","Isocortex",1
"Cell_44610","Isocortex",1
"Cell_16896","Isocortex",1
"Cell_24944","Isocortex",1
"Cell_19848","Isocortex",1
"Cell_7641","RHP",1
"Cell_10802","RHP",1
"Cell_7087","RHP",1
"Cell_11121","RHP",1
"Cell_18750","RHP",1
"Cell_42648","RHP",1
"Cell_11403","RHP",1
"Cell_17564","RHP",1
"Cell_41315","RHP",1
"Cell_1699","RHP",0.966004027495035
"Cell_5789","RHP",1
"Cell_14116","RHP",1
"Cell_15659","RHP",1
"Cell_28335","RHP",1
"Cell_40557","RHP",1
"Cell_45266","RHP",0.999999999999999
"Cell_29506","RHP",1
"Cell_40539","RHP",1
"Cell_26009","RHP",1
"Cell_38865","RHP",1
"Cell_40142","RHP",1
"Cell_4191","RHP",1
"Cell_35798","RHP",1
"Cell_9321","RHP",1
"Cell_24457","RHP",1
"Cell_43538","RHP",1
"Cell_14314","RHP",1
"Cell_2086","RHP",1
"Cell_2684","RHP",1
"Cell_22245","RHP",0.999606989351442
"Cell_26710","RHP",1
"Cell_35304","RHP",1
"Cell_3442","RHP",1
"Cell_3849","RHP",1
"Cell_6931","RHP",0.998777972829782
"Cell_7183","RHP",1
"Cell_8835","RHP",1
"Cell_26385","RHP",1
"Cell_32200","RHP",1
"Cell_42458","RHP",1
"Cell_7728","RHP",1
"Cell_25910","RHP",1
"Cell_38279","RHP",1
"Cell_42930","RHP",0.999999999999999
"Cell_13681","RHP",1
"Cell_15619","RHP",1
"Cell_18616","RHP",1
"Cell_8533","cc",1
"Cell_11575","cc",1
"Cell_35660","cc",1
"Cell_39697","cc",1
"Cell_29650","cc",1
"Cell_2016","cc",1
"Cell_2783","cc",1
"Cell_6586","cc",0.986870352809151
"Cell_6887","cc",1
"Cell_13707","cc",1
"Cell_15400","cc",1
"Cell_19341","cc",1
"Cell_23282","cc",1
"Cell_29282","cc",1
"Cell_30376","cc",1
"Cell_34433","cc",1
"Cell_39105","cc",1
"Cell_45280","cc",1
"Cell_20633","cc",1
"Cell_29240","cc",1
"Cell_26235","cc",1
"Cell_1615","cc",1
"Cell_5285","cc",1
"Cell_5824","cc",1
"Cell_8884","cc",1
"Cell_10476","cc",1
"Cell_12536","cc",1
"Cell_15282","cc",1
"Cell_15697","cc",1
"Cell_20050","cc",1
"Cell_26402","cc",1
"Cell_28941","cc",1
"Cell_35396","cc",1
"Cell_36045","cc",1
"Cell_39387","cc",1
"Cell_40389","cc",1
"Cell_42989","cc",1
"Cell_43722","cc",1
"Cell_44485","cc",1
"Cell_175","cc",1
"Cell_405","cc",1
"Cell_1508","cc",1
"Cell_2546","cc",1
"Cell_5777","cc",0.95766513291083
"Cell_5936","cc",1
"Cell_7209","cc",1
"Cell_7327","cc",1
"Cell_7654","cc",0.999999999999999
"Cell_7985","cc",1
"Cell_8459","cc",1
"Cell_9155","cc",1
"Cell_10283","cc",1
"Cell_12406","cc",1
"Cell_15106","cc",1
"Cell_17559","cc",0.993175350142715
"Cell_20225","cc",1
"Cell_20644","cc",1
"Cell_21076","cc",1
"Cell_21960","cc",1
"Cell_24326","cc",0.994289379530684
"Cell_25799","cc",1
"Cell_26106","cc",1
"Cell_26324","cc",1
"Cell_26649","cc",1
"Cell_27739","cc",1
"Cell_27778","cc",1
"Cell_28117","cc",1
"Cell_29119","cc",1
"Cell_29599","cc",1
"Cell_30647","cc",1
"Cell_31259","cc",1
"Cell_31297","cc",1
"Cell_31419","cc",1
"Cell_31624","cc",1
"Cell_32295","cc",1
"Cell_32992","cc",1
"Cell_34282","cc",1
"Cell_35777","cc",1
"Cell_37867","cc",1
"Cell_43330","cc",1
"Cell_44277","cc",1
"Cell_44350","cc",1
"Cell_44478","cc",1
"Cell_482","cc",1
"Cell_1475","cc",1
"Cell_1921","cc",1
"Cell_4914","cc",1
"Cell_6281","cc",1
"Cell_7419","cc",1
"Cell_8054","cc",1
"Cell_9986","cc",1
"Cell_10355","cc",1
"Cell_10851","cc",1
"Cell_11053","cc",1
"Cell_11081","cc",1
"Cell_12039","cc",1
"Cell_12049","cc",1
"Cell_14040","cc",1
"Cell_14499","cc",1
"Cell_16812","cc",1
"Cell_16881","cc",1
"Cell_17031","cc",1
"Cell_18154","cc",1
"Cell_19451","cc",1
"Cell_19731","cc",0.999999999999999
"Cell_20637","cc",1
"Cell_21796","cc",1
"Cell_22755","cc",1
"Cell_22803","cc",1
"Cell_24045","cc",1
"Cell_24663","cc",1
"Cell_24915","cc",1
"Cell_25317","cc",1
"Cell_25615","cc",1
"Cell_25853","cc",1
"Cell_26609","cc",1
"Cell_27924","cc",1
"Cell_28722","cc",1
"Cell_30272","cc",1
"Cell_32112","cc",1
"Cell_33520","cc",1
"Cell_33859","cc",1
"Cell_34779","cc",1
"Cell_35071","cc",1
"Cell_36112","cc",1
"Cell_39269","cc",1
"Cell_39688","cc",1
"Cell_41167","cc",1
"Cell_41235","cc",1
"Cell_41284","cc",1
"Cell_41342","cc",1
"Cell_42003","cc",1
"Cell_42259","cc",1
"Cell_42753","cc",1
"Cell_44303","cc",1
"Cell_5905","cc",1
"Cell_16875","cc",1
"Cell_36582","cc",0.960405633368689
"Cell_15625","cc",1
"Cell_33563","cc",1
"Cell_35045","cc",1
"Cell_40608","cc",0.999999999999999
"Cell_677","cc",1
"Cell_3100","cc",1
"Cell_5587","cc",1
"Cell_6652","cc",1
"Cell_8097","cc",1
"Cell_11334","cc",1
"Cell_11918","cc",0.999826142526581
"Cell_12939","cc",1
"Cell_12968","cc",1
"Cell_13010","cc",1
"Cell_14264","cc",1
"Cell_14664","cc",1
"Cell_14714","cc",1
"Cell_14796","cc",1
"Cell_16835","cc",1
"Cell_16953","cc",1
"Cell_17118","cc",1
"Cell_18458","cc",1
"Cell_22004","cc",1
"Cell_22537","cc",1
"Cell_23211","cc",1
"Cell_26404","cc",1
"Cell_28594","cc",1
"Cell_29007","cc",0.999999999999999
"Cell_29594","cc",1
"Cell_30093","cc",1
"Cell_31356","cc",1
"Cell_32037","cc",1
"Cell_33084","cc",1
"Cell_35691","cc",1
"Cell_36854","cc",1
"Cell_37666","cc",1
"Cell_39199","cc",1
"Cell_39218","cc",1
"Cell_40833","cc",1
"Cell_40875","cc",1
"Cell_42158","cc",1
"Cell_43234","cc",1
"Cell_43927","cc",0.999999999999999
"Cell_44008","cc",1
"Cell_45073","cc",1
"Cell_1263","cc",1
"Cell_2726","cc",1
"Cell_4671","cc",1
"Cell_5111","cc",1
"Cell_10169","cc",1
"Cell_10383","cc",1
"Cell_18838","cc",1
"Cell_19771","cc",1
"Cell_20246","cc",0.964696178703809
"Cell_20334","cc",1
"Cell_28378","cc",1
"Cell_30600","cc",1
"Cell_35005","cc",1
"Cell_36428","cc",1
"Cell_41436","cc",1
"Cell_8872","cc",0.999811454039373
"Cell_9392","cc",1
"Cell_19168","cc",1
"Cell_27006","cc",1
"Cell_421","cc",1
"Cell_1151","cc",1
"Cell_1306","cc",1
"Cell_1513","cc",1
"Cell_1969","cc",1
"Cell_2728","cc",1
"Cell_3521","cc",1
"Cell_4298","cc",1
"Cell_4770","cc",0.999891040029803
"Cell_5352","cc",1
"Cell_5386","cc",1
"Cell_5712","cc",1
"Cell_6321","cc",1
"Cell_7901","cc",1
"Cell_8221","cc",1
"Cell_9739","cc",1
"Cell_10730","cc",1
"Cell_11167","cc",1
"Cell_11447","cc",1
"Cell_11943","cc",1
"Cell_12930","cc",1
"Cell_13396","cc",1
"Cell_13810","cc",1
"Cell_14192","cc",1
"Cell_14275","cc",1
"Cell_14677","cc",1
"Cell_16525","cc",1
"Cell_16715","cc",1
"Cell_16731","cc",1
"Cell_17002","cc",1
"Cell_17094","cc",0.999999999999999
"Cell_17447","cc",1
"Cell_18496","cc",1
"Cell_19227","cc",0.984323618139066
"Cell_19366","cc",1
"Cell_19547","cc",1
"Cell_20003","cc",1
"Cell_20887","cc",1
"Cell_20918","cc",1
"Cell_21055","cc",1
"Cell_21861","cc",1
"Cell_22439","cc",1
"Cell_22498","cc",1
"Cell_23017","cc",1
"Cell_23230","cc",1
"Cell_24341","cc",0.999999999999999
"Cell_24837","cc",1
"Cell_24985","cc",1
"Cell_25128","cc",1
"Cell_25811","cc",1
"Cell_27113","cc",1
"Cell_27128","cc",1
"Cell_27771","cc",1
"Cell_28633","cc",1
"Cell_28697","cc",1
"Cell_29267","cc",1
"Cell_29505","cc",1
"Cell_30391","cc",1
"Cell_30927","cc",1
"Cell_31423","cc",1
"Cell_32196","cc",1
"Cell_32573","cc",1
"Cell_33648","cc",1
"Cell_34549","cc",1
"Cell_34624","cc",1
"Cell_34962","cc",1
"Cell_35097","cc",1
"Cell_35249","cc",1
"Cell_36916","cc",0.999999999999999
"Cell_37114","cc",1
"Cell_38813","cc",1
"Cell_39440","cc",1
"Cell_40108","cc",1
"Cell_40511","cc",1
"Cell_40649","cc",1
"Cell_40821","cc",1
"Cell_40945","cc",1
"Cell_42525","cc",1
"Cell_42858","cc",1
"Cell_43083","cc",1
"Cell_43595","cc",1
"Cell_44243","cc",1
"Cell_45119","cc",1
"Cell_45133","cc",1
"Cell_5865","cc",1
"Cell_13480","cc",1
"Cell_20628","cc",1
"Cell_26858","cc",1
"Cell_29645","cc",1
"Cell_29808","cc",1
"Cell_30286","cc",1
"Cell_31047","cc",1
"Cell_34929","cc",1
"Cell_44921","cc",1
"Cell_4818","cc",1
"Cell_28226","cc",1
"Cell_28461","cc",1
"Cell_38640","cc",1
"Cell_1812","cc",1
"Cell_5664","cc",1
"Cell_8782","cc",1
"Cell_23157","cc",1
"Cell_26446","cc",1
"Cell_31563","cc",1
"Cell_34536","cc",1
"Cell_36363","cc",0.982450413529403
"Cell_37831","cc",1
"Cell_11200","cc",1
"Cell_7360","cc",1
"Cell_1007","cc",1
"Cell_5305","cc",1
"Cell_7873","cc",1
"Cell_8598","cc",1
"Cell_9228","cc",1
"Cell_9488","cc",1
"Cell_11951","cc",1
"Cell_17745","cc",1
"Cell_18801","cc",1
"Cell_22283","cc",1
"Cell_24144","cc",1
"Cell_25234","cc",1
"Cell_31562","cc",1
"Cell_34139","cc",1
"Cell_40968","cc",0.988077274562642
"Cell_41795","cc",1
"Cell_42705","cc",0.999999999999999
"Cell_43129","cc",1
"Cell_43793","cc",1
"Cell_4913","cc",1
"Cell_10208","cc",1
"Cell_18508","cc",1
"Cell_22340","cc",1
"Cell_23537","cc",1
"Cell_24463","cc",1
"Cell_30925","cc",1
"Cell_40223","cc",1
"Cell_40456","cc",1
"Cell_40485","cc",1
"Cell_42892","cc",1
"Cell_2385","cc",1
"Cell_3853","cc",1
"Cell_4334","cc",1
"Cell_4865","cc",1
"Cell_8349","cc",1
"Cell_9664","cc",1
"Cell_12060","cc",1
"Cell_12763","cc",0.993357277580844
"Cell_13235","cc",1
"Cell_15054","cc",1
"Cell_17619","cc",1
"Cell_17824","cc",1
"Cell_18220","cc",1
"Cell_18302","cc",1
"Cell_18675","cc",1
"Cell_19003","cc",1
"Cell_20026","cc",1
"Cell_21161","cc",1
"Cell_21540","cc",1
"Cell_24095","cc",1
"Cell_24523","cc",1
"Cell_29177","cc",1
"Cell_29185","cc",1
"Cell_29904","cc",1
"Cell_30695","cc",1
"Cell_31005","cc",1
"Cell_33513","cc",1
"Cell_34933","cc",1
"Cell_39022","cc",1
"Cell_39352","cc",0.999999999999999
"Cell_41586","cc",1
"Cell_42598","cc",1
"Cell_43080","cc",1
"Cell_45093","cc",1
"Cell_2132","cc",1
"Cell_7692","cc",1
"Cell_13694","cc",1
"Cell_29472","cc",0.999999999999999
"Cell_32670","cc",0.999999999999999
"Cell_5220","cc",1
"Cell_7377","cc",1
"Cell_11290","cc",1
"Cell_13752","cc",1
"Cell_22747","cc",1
"Cell_23935","cc",1
"Cell_24323","cc",1
"Cell_26297","cc",1
"Cell_39290","cc",1
"Cell_42140","cc",1
"Cell_68","cc",1
"Cell_587","cc",1
"Cell_10071","cc",1
"Cell_16741","cc",1
"Cell_22893","cc",1
"Cell_23972","cc",1
"Cell_36573","cc",1
"Cell_43728","cc",0.997711127807863
"Cell_11142","cc",1
"Cell_10425","cc",1
"Cell_13033","cc",1
"Cell_15024","cc",1
"Cell_20619","cc",1
"Cell_24567","cc",1
"Cell_30827","cc",1
"Cell_37425","cc",0.999884026269108
"Cell_37426","cc",1
"Cell_40197","cc",1
"Cell_43130","cc",1
"Cell_2797","cc",1
"Cell_8323","cc",1
"Cell_6581","cc",1
"Cell_12046","cc",1
"Cell_16528","cc",1
"Cell_23424","cc",1
"Cell_33846","cc",1
"Cell_7758","cc",1
"Cell_7780","cc",1
"Cell_15250","cc",1
"Cell_26268","cc",1
"Cell_31471","cc",1
"Cell_40237","cc",1
"Cell_8917","CA1so",1
"Cell_19729","CA1so",0.983010176549197
"Cell_28783","CA1so",1
"Cell_12660","CA1so",1
"Cell_31811","CA1so",1
"Cell_33819","CA1so",1
"Cell_4978","CA1so",1
"Cell_2188","CA1so",1
"Cell_4519","CA1so",0.999999999999999
"Cell_6212","CA1so",0.997833202325349
"Cell_6287","CA1so",1
"Cell_6527","CA1so",0.999998674632388
"Cell_7911","CA1so",1
"Cell_8467","CA1so",1
"Cell_9736","CA1so",1
"Cell_9841","CA1so",0.999999999999999
"Cell_10253","CA1so",1
"Cell_11861","CA1so",1
"Cell_14132","CA1so",1
"Cell_14775","CA1so",1
"Cell_15156","CA1so",1
"Cell_15272","CA1so",0.987176371919702
"Cell_15312","CA1so",1
"Cell_16524","CA1so",0.999794862124755
"Cell_17052","CA1so",1
"Cell_20532","CA1so",0.985529499412953
"Cell_23215","CA1so",1
"Cell_25045","CA1so",0.998310108667053
"Cell_26064","CA1so",1
"Cell_28827","CA1so",1
"Cell_29971","CA1so",1
"Cell_31698","CA1so",1
"Cell_33463","CA1so",1
"Cell_34741","CA1so",1
"Cell_35310","CA1so",1
"Cell_35377","CA1so",1
"Cell_36059","CA1so",0.99041741301869
"Cell_36447","CA1so",1
"Cell_36578","CA1so",1
"Cell_37612","CA1so",1
"Cell_42413","CA1so",1
"Cell_44908","CA1so",1
"Cell_4013","CA1so",1
"Cell_4950","CA1so",1
"Cell_8136","CA1so",1
"Cell_11288","CA1so",1
"Cell_11468","CA1so",1
"Cell_12666","CA1so",1
"Cell_13282","CA1so",1
"Cell_17190","CA1so",1
"Cell_18416","CA1so",0.991825116950085
"Cell_19577","CA1so",1
"Cell_20569","CA1so",1
"Cell_21934","CA1so",1
"Cell_23183","CA1so",1
"Cell_23360","CA1so",0.963813736799145
"Cell_24302","CA1so",1
"Cell_25564","CA1so",1
"Cell_28696","CA1so",1
"Cell_30521","CA1so",1
"Cell_31838","CA1so",1
"Cell_34219","CA1so",1
"Cell_34925","CA1so",1
"Cell_41912","CA1so",1
"Cell_8941","CA1so",1
"Cell_6118","CA1so",1
"Cell_17268","CA1so",1
"Cell_21882","CA1so",1
"Cell_25574","CA1so",1
"Cell_25630","CA1so",1
"Cell_26025","CA1so",1
"Cell_27368","CA1so",1
"Cell_28121","CA1so",1
"Cell_28754","CA1so",0.999648551973018
"Cell_29398","CA1so",1
"Cell_30829","CA1so",1
"Cell_32571","CA1so",0.999999999999999
"Cell_43298","CA1so",1
"Cell_44147","CA1so",1
"Cell_44613","CA1so",1
"Cell_1384","CA1so",1
"Cell_5884","CA1so",1
"Cell_6182","CA1so",1
"Cell_7288","CA1so",1
"Cell_11451","CA1so",1
"Cell_11986","CA1so",1
"Cell_14009","CA1so",1
"Cell_14535","CA1so",1
"Cell_15666","CA1so",1
"Cell_15685","CA1so",1
"Cell_17869","CA1so",1
"Cell_21244","CA1so",0.99480179330587
"Cell_21972","CA1so",1
"Cell_27341","CA1so",1
"Cell_27938","CA1so",1
"Cell_30611","CA1so",1
"Cell_30919","CA1so",1
"Cell_33224","CA1so",1
"Cell_33365","CA1so",0.999999999999999
"Cell_33899","CA1so",1
"Cell_36557","CA1so",1
"Cell_38216","CA1so",1
"Cell_38574","CA1so",1
"Cell_38872","CA1so",1
"Cell_39835","CA1so",1
"Cell_40717","CA1so",1
"Cell_42784","CA1so",1
"Cell_44498","CA1so",1
"Cell_752","CA1so",1
"Cell_20357","CA1so",1
"Cell_14517","CA1so",1
"Cell_24648","CA1so",1
"Cell_32960","CA1so",0.996923960621656
"Cell_19218","CA1so",1
"Cell_41348","CA1so",1
"Cell_44705","CA1so",0.994517791668276
"Cell_3724","CA1so",1
"Cell_23333","CA1so",1
"Cell_41411","CA1so",1
"Cell_41902","CA1so",1
"Cell_25367","CA1so",1
"Cell_31660","CA1so",1
"Cell_31692","CA1so",1
"Cell_1202","CA1so",1
"Cell_41054","CA1so",1
"Cell_14733","amc",1
"Cell_22961","amc",1
"Cell_2207","amc",0.999999999999999
"Cell_731","amc",1
"Cell_9037","amc",1
"Cell_9116","amc",1
"Cell_29718","amc",0.993717658682218
"Cell_40054","amc",0.999456329074083
"Cell_44674","amc",1
"Cell_10247","amc",1
"Cell_41878","amc",1
"Cell_14763","amc",1
"Cell_42211","amc",1
"Cell_219","amc",0.999997354874536
"Cell_6043","amc",1
"Cell_6458","amc",0.999999999999999
"Cell_9539","amc",1
"Cell_10571","amc",0.994578785481746
"Cell_10951","amc",1
"Cell_12534","amc",0.962289963045617
"Cell_15733","amc",0.99189412768369
"Cell_22223","amc",1
"Cell_29477","amc",0.960408432751524
"Cell_33750","amc",1
"Cell_35562","amc",0.95182227621577
"Cell_39189","amc",1
"Cell_43439","amc",1
"Cell_3465","amc",1
"Cell_6466","amc",1
"Cell_6532","amc",1
"Cell_25950","amc",1
"Cell_27333","amc",0.999713814321768
"Cell_29887","amc",1
"Cell_37743","amc",1
"Cell_39091","amc",1
"Cell_40090","amc",0.992267940633852
"Cell_43332","amc",1
"Cell_2660","amc",1
"Cell_11651","amc",1
"Cell_43752","amc",1
"Cell_16529","amc",0.98112139301181
"Cell_20560","amc",1
"Cell_24609","amc",1
"Cell_39724","amc",1
"Cell_27865","amc",1
"Cell_39265","amc",1
"Cell_4412","amc",1
"Cell_41178","amc",1
"Cell_42505","amc",0.9759410793833
"Cell_10795","amc",1
"Cell_9374","Isocortex",1
"Cell_16070","Isocortex",1
"Cell_19500","Isocortex",1
"Cell_28796","Isocortex",1
"Cell_41314","Isocortex",1
"Cell_45036","Isocortex",1
"Cell_43261","Isocortex",1
"Cell_117","Isocortex",1
"Cell_11385","Isocortex",1
"Cell_14160","Isocortex",1
"Cell_15908","Isocortex",1
"Cell_18853","Isocortex",1
"Cell_34698","Isocortex",1
"Cell_34702","Isocortex",1
"Cell_37405","Isocortex",1
"Cell_38405","Isocortex",1
"Cell_39233","Isocortex",1
"Cell_40253","Isocortex",1
"Cell_45068","Isocortex",1
"Cell_4725","Isocortex",1
"Cell_6749","Isocortex",1
"Cell_10271","Isocortex",1
"Cell_13659","Isocortex",1
"Cell_14286","Isocortex",1
"Cell_15216","Isocortex",1
"Cell_18071","Isocortex",1
"Cell_23694","Isocortex",1
"Cell_25652","Isocortex",1
"Cell_25821","Isocortex",1
"Cell_30261","Isocortex",1
"Cell_30924","Isocortex",1
"Cell_32776","Isocortex",1
"Cell_34018","Isocortex",1
"Cell_35962","Isocortex",1
"Cell_42959","Isocortex",1
"Cell_44849","Isocortex",1
"Cell_39216","Isocortex",0.974749652818916
"Cell_1448","Isocortex",0.957164320629448
"Cell_9720","Isocortex",1
"Cell_9891","Isocortex",0.983467119556646
"Cell_10217","Isocortex",1
"Cell_10624","Isocortex",1
"Cell_12366","Isocortex",1
"Cell_14704","Isocortex",1
"Cell_21210","Isocortex",1
"Cell_23199","Isocortex",1
"Cell_23673","Isocortex",1
"Cell_23700","Isocortex",1
"Cell_25540","Isocortex",1
"Cell_26560","Isocortex",1
"Cell_29266","Isocortex",1
"Cell_31384","Isocortex",1
"Cell_33731","Isocortex",1
"Cell_38139","Isocortex",1
"Cell_985","Isocortex",1
"Cell_1113","Isocortex",1
"Cell_2088","Isocortex",1
"Cell_2604","Isocortex",1
"Cell_4479","Isocortex",1
"Cell_6470","Isocortex",1
"Cell_9963","Isocortex",0.999999999999999
"Cell_11858","Isocortex",0.989565824756192
"Cell_16751","Isocortex",1
"Cell_17941","Isocortex",1
"Cell_19420","Isocortex",0.999999999999999
"Cell_19747","Isocortex",1
"Cell_20505","Isocortex",1
"Cell_20820","Isocortex",1
"Cell_21122","Isocortex",1
"Cell_21129","Isocortex",1
"Cell_21546","Isocortex",1
"Cell_22710","Isocortex",1
"Cell_22923","Isocortex",1
"Cell_23650","Isocortex",1
"Cell_25008","Isocortex",1
"Cell_27657","Isocortex",1
"Cell_28029","Isocortex",1
"Cell_28537","Isocortex",1
"Cell_28702","Isocortex",1
"Cell_28770","Isocortex",1
"Cell_29831","Isocortex",1
"Cell_30340","Isocortex",1
"Cell_30494","Isocortex",1
"Cell_31644","Isocortex",1
"Cell_32368","Isocortex",1
"Cell_32663","Isocortex",1
"Cell_32751","Isocortex",1
"Cell_37131","Isocortex",1
"Cell_38287","Isocortex",1
"Cell_39144","Isocortex",1
"Cell_39503","Isocortex",1
"Cell_39802","Isocortex",0.999999999999999
"Cell_40700","Isocortex",1
"Cell_42893","Isocortex",1
"Cell_42961","Isocortex",1
"Cell_42986","Isocortex",1
"Cell_43631","Isocortex",1
"Cell_44976","Isocortex",1
"Cell_2998","Isocortex",1
"Cell_3300","Isocortex",1
"Cell_3878","Isocortex",0.999999999999999
"Cell_8647","Isocortex",1
"Cell_9440","Isocortex",1
"Cell_12093","Isocortex",1
"Cell_14709","Isocortex",1
"Cell_16159","Isocortex",1
"Cell_17082","Isocortex",0.999999999999999
"Cell_18370","Isocortex",1
"Cell_20350","Isocortex",1
"Cell_20831","Isocortex",1
"Cell_21008","Isocortex",1
"Cell_21806","Isocortex",1
"Cell_22240","Isocortex",1
"Cell_22483","Isocortex",1
"Cell_22785","Isocortex",1
"Cell_24319","Isocortex",1
"Cell_25686","Isocortex",1
"Cell_27971","Isocortex",1
"Cell_28081","Isocortex",1
"Cell_29930","Isocortex",1
"Cell_30189","Isocortex",0.999999999999999
"Cell_32902","Isocortex",1
"Cell_38960","Isocortex",1
"Cell_40257","Isocortex",1
"Cell_40783","Isocortex",1
"Cell_42178","Isocortex",1
"Cell_43277","Isocortex",1
"Cell_44033","Isocortex",1
"Cell_44889","Isocortex",1
"Cell_2841","Isocortex",1
"Cell_12262","Isocortex",1
"Cell_21001","Isocortex",1
"Cell_2433","Isocortex",1
"Cell_7403","Isocortex",1
"Cell_8328","Isocortex",1
"Cell_10638","Isocortex",1
"Cell_14248","Isocortex",1
"Cell_23015","Isocortex",1
"Cell_24050","Isocortex",1
"Cell_33407","Isocortex",1
"Cell_34394","Isocortex",1
"Cell_38656","Isocortex",1
"Cell_39613","Isocortex",1
"Cell_42493","Isocortex",1
"Cell_44533","Isocortex",1
"Cell_8878","Isocortex",1
"Cell_27392","Isocortex",1
"Cell_28903","Isocortex",1
"Cell_30991","Isocortex",1
"Cell_39449","Isocortex",1
"Cell_40940","Isocortex",1
"Cell_43613","Isocortex",1
"Cell_44696","Isocortex",1
"Cell_8358","Isocortex",1
"Cell_23270","Isocortex",0.999999999999999
"Cell_23892","Isocortex",1
"Cell_6923","Isocortex",1
"Cell_10685","Isocortex",1
"Cell_29559","Isocortex",1
"Cell_29876","Isocortex",1
"Cell_9632","MDm",1
"Cell_14936","MDm",1
"Cell_15548","MDm",1
"Cell_17683","MDm",1
"Cell_27116","MDm",1
"Cell_31073","MDm",1
"Cell_32501","MDm",1
"Cell_34011","MDm",1
"Cell_34229","MDm",1
"Cell_36358","MDm",0.999999999999999
"Cell_36380","MDm",1
"Cell_39830","MDm",1
"Cell_39991","MDm",1
"Cell_41086","MDm",1
"Cell_684","MDm",1
"Cell_1941","MDm",1
"Cell_3904","MDm",1
"Cell_6886","MDm",1
"Cell_21115","MDm",1
"Cell_21748","MDm",1
"Cell_28110","MDm",1
"Cell_36321","MDm",1
"Cell_37670","MDm",1
"Cell_38448","MDm",1
"Cell_39133","MDm",0.999999999999999
"Cell_39359","MDm",1
"Cell_245","MDm",1
"Cell_3416","MDm",1
"Cell_4665","MDm",1
"Cell_4842","MDm",1
"Cell_5175","MDm",1
"Cell_6232","MDm",1
"Cell_6385","MDm",1
"Cell_8867","MDm",1
"Cell_10083","MDm",1
"Cell_11744","MDm",1
"Cell_14124","MDm",1
"Cell_15521","MDm",1
"Cell_18051","MDm",1
"Cell_20690","MDm",1
"Cell_23300","MDm",1
"Cell_26190","MDm",1
"Cell_26800","MDm",1
"Cell_27141","MDm",1
"Cell_29310","MDm",1
"Cell_30508","MDm",0.995202335572672
"Cell_31340","MDm",1
"Cell_31360","MDm",1
"Cell_31637","MDm",1
"Cell_31972","MDm",1
"Cell_34685","MDm",1
"Cell_36287","MDm",1
"Cell_36679","MDm",1
"Cell_37280","MDm",1
"Cell_37355","MDm",1
"Cell_37978","MDm",1
"Cell_40342","MDm",1
"Cell_41960","MDm",1
"Cell_42149","MDm",1
"Cell_43269","MDm",1
"Cell_43860","MDm",1
"Cell_44129","MDm",1
"Cell_1318","MDm",1
"Cell_4731","MDm",1
"Cell_9717","MDm",1
"Cell_14999","MDm",1
"Cell_44099","MDm",1
"Cell_44220","MDm",1
"Cell_8047","MDm",1
"Cell_11043","MDm",1
"Cell_12655","MDm",1
"Cell_15358","MDm",1
"Cell_20595","MDm",0.999999999999999
"Cell_21411","MDm",1
"Cell_22719","MDm",1
"Cell_25671","MDm",1
"Cell_35661","MDm",1
"Cell_43535","MDm",1
"Cell_44941","MDm",1
"Cell_899","MDm",1
"Cell_6429","MDm",1
"Cell_9764","MDm",1
"Cell_9993","MDm",1
"Cell_13816","MDm",1
"Cell_16761","MDm",1
"Cell_16799","MDm",1
"Cell_19273","MDm",1
"Cell_19587","MDm",1
"Cell_22446","MDm",1
"Cell_23114","MDm",1
"Cell_24864","MDm",1
"Cell_32141","MDm",1
"Cell_33094","MDm",1
"Cell_33295","MDm",1
"Cell_38149","MDm",1
"Cell_39739","MDm",1
"Cell_176","MDm",1
"Cell_1410","MDm",1
"Cell_2098","MDm",1
"Cell_2516","MDm",1
"Cell_3514","MDm",1
"Cell_4867","MDm",1
"Cell_7609","MDm",1
"Cell_8823","MDm",1
"Cell_11147","MDm",1
"Cell_11322","MDm",1
"Cell_13950","MDm",1
"Cell_15913","MDm",1
"Cell_17833","MDm",1
"Cell_22891","MDm",0.999999999999999
"Cell_23717","MDm",1
"Cell_25040","MDm",1
"Cell_26204","MDm",1
"Cell_26210","MDm",1
"Cell_27639","MDm",1
"Cell_29092","MDm",1
"Cell_29800","MDm",1
"Cell_30311","MDm",1
"Cell_33217","MDm",1
"Cell_33892","MDm",1
"Cell_34456","MDm",1
"Cell_34593","MDm",1
"Cell_36385","MDm",1
"Cell_37117","MDm",1
"Cell_37975","MDm",1
"Cell_39562","MDm",1
"Cell_40732","MDm",1
"Cell_40888","MDm",1
"Cell_42015","MDm",1
"Cell_42425","MDm",1
"Cell_42977","MDm",1
"Cell_44660","MDm",1
"Cell_44839","MDm",1
"Cell_7","MDm",1
"Cell_455","MDm",1
"Cell_465","MDm",0.999999999999999
"Cell_603","MDm",1
"Cell_857","MDm",1
"Cell_949","MDm",1
"Cell_1518","MDm",1
"Cell_2488","MDm",1
"Cell_2493","MDm",1
"Cell_3219","MDm",1
"Cell_3264","MDm",1
"Cell_3296","MDm",1
"Cell_3548","MDm",1
"Cell_4488","MDm",1
"Cell_5057","MDm",1
"Cell_5064","MDm",1
"Cell_5373","MDm",1
"Cell_6108","MDm",1
"Cell_6216","MDm",1
"Cell_6394","MDm",1
"Cell_6645","MDm",1
"Cell_6700","MDm",1
"Cell_7176","MDm",0.999999999999999
"Cell_7408","MDm",1
"Cell_7418","MDm",1
"Cell_7702","MDm",1
"Cell_7840","MDm",1
"Cell_8329","MDm",1
"Cell_8417","MDm",1
"Cell_9423","MDm",1
"Cell_9433","MDm",1
"Cell_9905","MDm",1
"Cell_10122","MDm",1
"Cell_10452","MDm",1
"Cell_10473","MDm",1
"Cell_10547","MDm",1
"Cell_10637","MDm",1
"Cell_10772","MDm",1
"Cell_11497","MDm",1
"Cell_13483","MDm",1
"Cell_13846","MDm",1
"Cell_13985","MDm",1
"Cell_14056","MDm",1
"Cell_14088","MDm",1
"Cell_14896","MDm",1
"Cell_15305","MDm",1
"Cell_15339","MDm",1
"Cell_15485","MDm",1
"Cell_15545","MDm",1
"Cell_15621","MDm",1
"Cell_15676","MDm",1
"Cell_15718","MDm",1
"Cell_15797","MDm",1
"Cell_16056","MDm",1
"Cell_16089","MDm",1
"Cell_16411","MDm",1
"Cell_16666","MDm",1
"Cell_18225","MDm",1
"Cell_18342","MDm",1
"Cell_18840","MDm",1
"Cell_18869","MDm",1
"Cell_19097","MDm",1
"Cell_19180","MDm",0.990296438262878
"Cell_19224","MDm",1
"Cell_19360","MDm",1
"Cell_19560","MDm",1
"Cell_19596","MDm",1
"Cell_19989","MDm",1
"Cell_20158","MDm",1
"Cell_20224","MDm",1
"Cell_20483","MDm",1
"Cell_20612","MDm",1
"Cell_20669","MDm",1
"Cell_21181","MDm",1
"Cell_21341","MDm",1
"Cell_21407","MDm",1
"Cell_21469","MDm",1
"Cell_21684","MDm",1
"Cell_22198","MDm",1
"Cell_22529","MDm",1
"Cell_22725","MDm",1
"Cell_22875","MDm",1
"Cell_23758","MDm",1
"Cell_24703","MDm",1
"Cell_24745","MDm",1
"Cell_25693","MDm",1
"Cell_26029","MDm",1
"Cell_26043","MDm",1
"Cell_27239","MDm",0.999999999999999
"Cell_27387","MDm",1
"Cell_27535","MDm",1
"Cell_27946","MDm",1
"Cell_29014","MDm",1
"Cell_29427","MDm",1
"Cell_30049","MDm",1
"Cell_30166","MDm",1
"Cell_30308","MDm",1
"Cell_30379","MDm",1
"Cell_30541","MDm",1
"Cell_30844","MDm",1
"Cell_30879","MDm",0.999999999999999
"Cell_30930","MDm",1
"Cell_31427","MDm",1
"Cell_31631","MDm",1
"Cell_31665","MDm",1
"Cell_32805","MDm",1
"Cell_33435","MDm",1
"Cell_33468","MDm",1
"Cell_34184","MDm",1
"Cell_34233","MDm",1
"Cell_34526","MDm",1
"Cell_34919","MDm",0.999999999999999
"Cell_35159","MDm",0.999999999999999
"Cell_36153","MDm",1
"Cell_36216","MDm",1
"Cell_36496","MDm",1
"Cell_36811","MDm",1
"Cell_36907","MDm",1
"Cell_36996","MDm",1
"Cell_37560","MDm",0.999999999999999
"Cell_37655","MDm",1
"Cell_37850","MDm",1
"Cell_38501","MDm",1
"Cell_39135","MDm",1
"Cell_39409","MDm",1
"Cell_39512","MDm",1
"Cell_39896","MDm",1
"Cell_40678","MDm",1
"Cell_40926","MDm",1
"Cell_41153","MDm",1
"Cell_41220","MDm",1
"Cell_41534","MDm",1
"Cell_42293","MDm",1
"Cell_42318","MDm",1
"Cell_42607","MDm",0.963252917592758
"Cell_42710","MDm",1
"Cell_42734","MDm",1
"Cell_43175","MDm",1
"Cell_43559","MDm",1
"Cell_43807","MDm",1
"Cell_44022","MDm",1
"Cell_44426","MDm",1
"Cell_44894","MDm",1
"Cell_45114","MDm",1
"Cell_45179","MDm",1
"Cell_18128","MDm",1
"Cell_21648","MDm",1
"Cell_22823","MDm",1
"Cell_25643","MDm",1
"Cell_25694","MDm",1
"Cell_29693","MDm",1
"Cell_32244","MDm",1
"Cell_36787","MDm",1
"Cell_721","MDm",1
"Cell_1023","MDm",1
"Cell_2764","MDm",1
"Cell_6698","MDm",1
"Cell_9411","MDm",0.999999999999999
"Cell_9777","MDm",1
"Cell_14745","MDm",1
"Cell_16075","MDm",1
"Cell_17071","MDm",1
"Cell_20215","MDm",1
"Cell_23480","MDm",1
"Cell_23923","MDm",1
"Cell_24455","MDm",1
"Cell_24879","MDm",1
"Cell_27740","MDm",1
"Cell_28600","MDm",1
"Cell_29133","MDm",1
"Cell_29142","MDm",1
"Cell_32814","MDm",1
"Cell_38593","MDm",1
"Cell_39371","MDm",1
"Cell_39472","MDm",1
"Cell_40049","MDm",1
"Cell_41709","MDm",1
"Cell_2115","MDm",1
"Cell_2892","MDm",0.966566749139858
"Cell_6386","MDm",1
"Cell_6822","MDm",1
"Cell_7705","MDm",1
"Cell_16445","MDm",1
"Cell_16963","MDm",1
"Cell_20641","MDm",1
"Cell_22445","MDm",1
"Cell_23860","MDm",0.976258186231149
"Cell_24962","MDm",1
"Cell_26059","MDm",1
"Cell_26506","MDm",1
"Cell_26934","MDm",1
"Cell_29078","MDm",1
"Cell_29701","MDm",1
"Cell_32995","MDm",1
"Cell_34033","MDm",1
"Cell_36992","MDm",1
"Cell_40334","MDm",1
"Cell_42252","MDm",1
"Cell_42351","MDm",1
"Cell_42554","MDm",1
"Cell_43736","MDm",1
"Cell_43904","MDm",1
"Cell_20144","MDm",0.999999999999999
"Cell_1948","MDm",1
"Cell_2358","MDm",0.998376677969271
"Cell_2415","MDm",1
"Cell_2947","MDm",1
"Cell_5054","MDm",1
"Cell_5463","MDm",1
"Cell_6401","MDm",1
"Cell_7494","MDm",1
"Cell_9970","MDm",1
"Cell_10103","MDm",1
"Cell_10243","MDm",1
"Cell_10475","MDm",1
"Cell_11011","MDm",1
"Cell_12066","MDm",1
"Cell_14008","MDm",1
"Cell_14183","MDm",1
"Cell_14423","MDm",1
"Cell_15191","MDm",1
"Cell_15384","MDm",1
"Cell_17848","MDm",1
"Cell_18602","MDm",1
"Cell_22494","MDm",1
"Cell_28654","MDm",1
"Cell_31444","MDm",1
"Cell_38907","MDm",1
"Cell_44393","MDm",0.999999999999999
"Cell_1863","MDm",1
"Cell_4085","MDm",1
"Cell_15145","MDm",1
"Cell_16517","MDm",1
"Cell_17717","MDm",1
"Cell_21600","MDm",1
"Cell_34829","MDm",1
"Cell_37461","MDm",1
"Cell_38406","MDm",1
"Cell_43678","MDm",1
"Cell_1734","MDm",1
"Cell_3491","MDm",1
"Cell_8818","MDm",1
"Cell_11695","MDm",1
"Cell_17721","MDm",1
"Cell_17797","MDm",1
"Cell_21148","MDm",1
"Cell_21528","MDm",1
"Cell_28492","MDm",1
"Cell_29509","MDm",1
"Cell_37121","MDm",1
"Cell_38687","MDm",1
"Cell_40270","MDm",1
"Cell_43689","MDm",1
"Cell_43753","MDm",1
"Cell_44614","MDm",1
"Cell_39400","MDm",1
"Cell_8875","MDm",1
"Cell_41825","MDm",1
"Cell_12888","MDm",1
"Cell_26857","MDm",1
"Cell_12510","MDm",1
"Cell_15878","MDm",1
"Cell_24882","MDm",1
"Cell_27528","MDm",1
"Cell_31337","MDm",1
"Cell_37028","MDm",1
"Cell_20934","MDm",0.996320453992998
"Cell_24404","MDm",1
"Cell_33851","MDm",1
"Cell_203","MDm",1
"Cell_7860","MDm",1
"Cell_11311","MDm",1
"Cell_16593","MDm",1
"Cell_26762","MDm",1
"Cell_30799","MDm",1
"Cell_32149","MDm",1
"Cell_34554","MDm",1
"Cell_39297","MDm",1
"Cell_45007","MDm",1
"Cell_6713","MDm",1
"Cell_10340","MDm",1
"Cell_10974","MDm",1
"Cell_35515","MDm",1
"Cell_15765","MDm",1
"Cell_26481","MDm",1
"Cell_36534","MDm",1
"Cell_1196","MDm",1
"Cell_13855","Isocortex",1
"Cell_18908","Isocortex",1
"Cell_32258","Isocortex",1
"Cell_33509","Isocortex",1
"Cell_35237","Isocortex",1
"Cell_14836","Isocortex",1
"Cell_17908","Isocortex",1
"Cell_25613","Isocortex",1
"Cell_39090","Isocortex",1
"Cell_44728","Isocortex",1
"Cell_9416","Isocortex",1
"Cell_32574","Isocortex",0.998950102481678
"Cell_2275","Isocortex",1
"Cell_2528","Isocortex",1
"Cell_2825","Isocortex",1
"Cell_3221","Isocortex",1
"Cell_5356","Isocortex",1
"Cell_9693","Isocortex",1
"Cell_10572","Isocortex",1
"Cell_13062","Isocortex",1
"Cell_13870","Isocortex",0.996671977518608
"Cell_18200","Isocortex",1
"Cell_20920","Isocortex",0.970757688532997
"Cell_21717","Isocortex",1
"Cell_21990","Isocortex",1
"Cell_22185","Isocortex",1
"Cell_25990","Isocortex",1
"Cell_26227","Isocortex",1
"Cell_27296","Isocortex",1
"Cell_27708","Isocortex",1
"Cell_27793","Isocortex",1
"Cell_29898","Isocortex",1
"Cell_30519","Isocortex",1
"Cell_31980","Isocortex",1
"Cell_32618","Isocortex",1
"Cell_35422","Isocortex",1
"Cell_41465","Isocortex",1
"Cell_42397","Isocortex",1
"Cell_43621","Isocortex",1
"Cell_44343","Isocortex",1
"Cell_1366","Isocortex",1
"Cell_15719","Isocortex",1
"Cell_17387","Isocortex",1
"Cell_21109","Isocortex",0.964476209670145
"Cell_22244","Isocortex",1
"Cell_28637","Isocortex",1
"Cell_28868","Isocortex",1
"Cell_29435","Isocortex",1
"Cell_30650","Isocortex",1
"Cell_35072","Isocortex",1
"Cell_35325","Isocortex",1
"Cell_36515","Isocortex",1
"Cell_40104","Isocortex",1
"Cell_41493","Isocortex",1
"Cell_43562","Isocortex",1
"Cell_45142","Isocortex",1
"Cell_15403","Isocortex",1
"Cell_17896","Isocortex",1
"Cell_19799","Isocortex",1
"Cell_41124","Isocortex",1
"Cell_42150","Isocortex",1
"Cell_6880","Isocortex",1
"Cell_3135","Isocortex",1
"Cell_17418","Isocortex",1
"Cell_2907","Isocortex",1
"Cell_7962","Isocortex",1
"Cell_41180","Isocortex",1
"Cell_41703","Isocortex",1
"Cell_45009","Isocortex",1
"Cell_30897","Isocortex",0.999999999999999
"Cell_27556","Isocortex",1
"Cell_6806","Isocortex",1
"Cell_10447","Isocortex",1
"Cell_14447","Isocortex",1
"Cell_15695","Isocortex",1
"Cell_16951","Isocortex",1
"Cell_19080","Isocortex",1
"Cell_19772","Isocortex",1
"Cell_25272","Isocortex",1
"Cell_26531","Isocortex",1
"Cell_32041","Isocortex",1
"Cell_32064","Isocortex",1
"Cell_33374","Isocortex",1
"Cell_38830","Isocortex",1
"Cell_40549","Isocortex",1
"Cell_44078","Isocortex",1
"Cell_1556","Isocortex",1
"Cell_2394","Isocortex",1
"Cell_2446","Isocortex",1
"Cell_4656","Isocortex",0.999999999999999
"Cell_5117","Isocortex",1
"Cell_7533","Isocortex",1
"Cell_8825","Isocortex",1
"Cell_8939","Isocortex",1
"Cell_9308","Isocortex",1
"Cell_10648","Isocortex",1
"Cell_12592","Isocortex",1
"Cell_16417","Isocortex",1
"Cell_18646","Isocortex",1
"Cell_19073","Isocortex",1
"Cell_19909","Isocortex",1
"Cell_22395","Isocortex",1
"Cell_32772","Isocortex",1
"Cell_34396","Isocortex",1
"Cell_35534","Isocortex",1
"Cell_35819","Isocortex",1
"Cell_36457","Isocortex",1
"Cell_39566","Isocortex",1
"Cell_8909","Isocortex",1
"Cell_13059","Isocortex",1
"Cell_14870","Isocortex",1
"Cell_17206","Isocortex",1
"Cell_20891","Isocortex",1
"Cell_25894","Isocortex",1
"Cell_26562","Isocortex",1
"Cell_28588","Isocortex",1
"Cell_29376","Isocortex",1
"Cell_29963","Isocortex",1
"Cell_34935","Isocortex",1
"Cell_36097","Isocortex",1
"Cell_38071","Isocortex",1
"Cell_40452","Isocortex",1
"Cell_1595","Isocortex",1
"Cell_4643","Isocortex",1
"Cell_5172","Isocortex",1
"Cell_7066","Isocortex",1
"Cell_8114","Isocortex",1
"Cell_8154","Isocortex",1
"Cell_12819","Isocortex",1
"Cell_14586","Isocortex",1
"Cell_16130","Isocortex",1
"Cell_26659","Isocortex",1
"Cell_29841","Isocortex",1
"Cell_32756","Isocortex",0.999999999999999
"Cell_34562","Isocortex",1
"Cell_37625","Isocortex",1
"Cell_39296","Isocortex",1
"Cell_39281","Isocortex",1
"Cell_15006","Isocortex",1
"Cell_1251","Isocortex",1
"Cell_2064","Isocortex",1
"Cell_2885","Isocortex",1
"Cell_3700","Isocortex",0.999999999999999
"Cell_3738","Isocortex",1
"Cell_4204","Isocortex",1
"Cell_4604","Isocortex",1
"Cell_6068","Isocortex",1
"Cell_6374","Isocortex",1
"Cell_6492","Isocortex",1
"Cell_9917","Isocortex",1
"Cell_11373","Isocortex",1
"Cell_12597","Isocortex",1
"Cell_13340","Isocortex",1
"Cell_13897","Isocortex",1
"Cell_14790","Isocortex",1
"Cell_14914","Isocortex",1
"Cell_20792","Isocortex",1
"Cell_21983","Isocortex",1
"Cell_25903","Isocortex",1
"Cell_26093","Isocortex",1
"Cell_26587","Isocortex",1
"Cell_27122","Isocortex",1
"Cell_28778","Isocortex",0.999999999999999
"Cell_29497","Isocortex",0.972871459590638
"Cell_32521","Isocortex",1
"Cell_33242","Isocortex",1
"Cell_34290","Isocortex",1
"Cell_36547","Isocortex",1
"Cell_36969","Isocortex",1
"Cell_37385","Isocortex",1
"Cell_40745","Isocortex",1
"Cell_41653","Isocortex",1
"Cell_43953","Isocortex",1
"Cell_44155","Isocortex",1
"Cell_44549","Isocortex",1
"Cell_44589","Isocortex",1
"Cell_709","Isocortex",1
"Cell_879","Isocortex",1
"Cell_3785","Isocortex",1
"Cell_3982","Isocortex",1
"Cell_4167","Isocortex",0.997764432303592
"Cell_4207","Isocortex",0.999754525023105
"Cell_4394","Isocortex",1
"Cell_4801","Isocortex",1
"Cell_4965","Isocortex",1
"Cell_6561","Isocortex",1
"Cell_6732","Isocortex",1
"Cell_6829","Isocortex",1
"Cell_6906","Isocortex",0.999992192602831
"Cell_6977","Isocortex",1
"Cell_7300","Isocortex",1
"Cell_8743","Isocortex",1
"Cell_10764","Isocortex",1
"Cell_11339","Isocortex",1
"Cell_11411","Isocortex",1
"Cell_11868","Isocortex",1
"Cell_12878","Isocortex",1
"Cell_12904","Isocortex",1
"Cell_13378","Isocortex",1
"Cell_13994","Isocortex",1
"Cell_15269","Isocortex",1
"Cell_15663","Isocortex",1
"Cell_19149","Isocortex",1
"Cell_20319","Isocortex",1
"Cell_21482","Isocortex",1
"Cell_23316","Isocortex",1
"Cell_23771","Isocortex",1
"Cell_25555","Isocortex",1
"Cell_25712","Isocortex",1
"Cell_26142","Isocortex",1
"Cell_26432","Isocortex",1
"Cell_26899","Isocortex",1
"Cell_27582","Isocortex",1
"Cell_27733","Isocortex",1
"Cell_28312","Isocortex",1
"Cell_28500","Isocortex",0.999790436644897
"Cell_29450","Isocortex",1
"Cell_30363","Isocortex",1
"Cell_30465","Isocortex",1
"Cell_30993","Isocortex",1
"Cell_31290","Isocortex",1
"Cell_33722","Isocortex",1
"Cell_35601","Isocortex",1
"Cell_35875","Isocortex",1
"Cell_36214","Isocortex",1
"Cell_36735","Isocortex",1
"Cell_38538","Isocortex",0.999999999999999
"Cell_39933","Isocortex",0.999999999999999
"Cell_40339","Isocortex",1
"Cell_40908","Isocortex",1
"Cell_40988","Isocortex",1
"Cell_41245","Isocortex",1
"Cell_42467","Isocortex",1
"Cell_43665","Isocortex",1
"Cell_43733","Isocortex",1
"Cell_44309","Isocortex",1
"Cell_44529","Isocortex",1
"Cell_44731","Isocortex",1
"Cell_45148","Isocortex",1
"Cell_45248","Isocortex",1
"Cell_206","Isocortex",1
"Cell_1681","Isocortex",1
"Cell_2582","Isocortex",1
"Cell_2743","Isocortex",1
"Cell_4442","Isocortex",1
"Cell_4649","Isocortex",1
"Cell_5244","Isocortex",1
"Cell_5979","Isocortex",1
"Cell_6138","Isocortex",1
"Cell_7319","Isocortex",1
"Cell_8011","Isocortex",1
"Cell_8224","Isocortex",1
"Cell_8636","Isocortex",1
"Cell_8793","Isocortex",1
"Cell_8864","Isocortex",1
"Cell_9950","Isocortex",1
"Cell_10097","Isocortex",1
"Cell_10317","Isocortex",1
"Cell_10342","Isocortex",1
"Cell_10505","Isocortex",1
"Cell_12771","Isocortex",1
"Cell_13262","Isocortex",0.993394313924558
"Cell_14653","Isocortex",1
"Cell_14958","Isocortex",1
"Cell_15705","Isocortex",1
"Cell_15723","Isocortex",1
"Cell_16998","Isocortex",1
"Cell_17034","Isocortex",1
"Cell_17304","Isocortex",1
"Cell_17733","Isocortex",1
"Cell_18237","Isocortex",1
"Cell_18417","Isocortex",1
"Cell_18695","Isocortex",1
"Cell_19172","Isocortex",1
"Cell_19467","Isocortex",1
"Cell_19955","Isocortex",1
"Cell_20286","Isocortex",1
"Cell_22531","Isocortex",1
"Cell_22967","Isocortex",1
"Cell_23362","Isocortex",1
"Cell_24318","Isocortex",0.999999999999999
"Cell_24393","Isocortex",1
"Cell_24768","Isocortex",0.999999999999999
"Cell_24936","Isocortex",1
"Cell_26371","Isocortex",1
"Cell_27125","Isocortex",1
"Cell_29481","Isocortex",1
"Cell_29565","Isocortex",1
"Cell_30447","Isocortex",1
"Cell_31153","Isocortex",1
"Cell_31242","Isocortex",1
"Cell_32021","Isocortex",1
"Cell_32529","Isocortex",1
"Cell_33207","Isocortex",1
"Cell_33883","Isocortex",1
"Cell_35436","Isocortex",1
"Cell_35903","Isocortex",1
"Cell_37389","Isocortex",1
"Cell_38231","Isocortex",1
"Cell_38614","Isocortex",1
"Cell_41135","Isocortex",1
"Cell_41376","Isocortex",1
"Cell_41708","Isocortex",0.999999999999999
"Cell_42154","Isocortex",1
"Cell_42370","Isocortex",1
"Cell_43152","Isocortex",1
"Cell_43447","Isocortex",1
"Cell_43977","Isocortex",1
"Cell_44233","Isocortex",1
"Cell_44673","Isocortex",1
"Cell_4171","Isocortex",1
"Cell_18061","Isocortex",1
"Cell_27882","Isocortex",1
"Cell_31092","Isocortex",1
"Cell_1468","Isocortex",1
"Cell_3605","Isocortex",1
"Cell_9854","Isocortex",1
"Cell_10138","Isocortex",1
"Cell_11187","Isocortex",1
"Cell_20047","Isocortex",1
"Cell_20493","Isocortex",0.969442469678298
"Cell_21280","Isocortex",1
"Cell_22417","Isocortex",1
"Cell_24883","Isocortex",1
"Cell_27980","Isocortex",1
"Cell_29692","Isocortex",1
"Cell_30776","Isocortex",1
"Cell_35331","Isocortex",1
"Cell_41019","Isocortex",1
"Cell_43867","Isocortex",1
"Cell_45096","Isocortex",1
"Cell_5292","Isocortex",1
"Cell_10675","Isocortex",1
"Cell_33898","Isocortex",1
"Cell_9404","Isocortex",1
"Cell_43252","Isocortex",1
"Cell_869","Isocortex",1
"Cell_4002","Isocortex",1
"Cell_11026","Isocortex",1
"Cell_12598","Isocortex",1
"Cell_12718","Isocortex",1
"Cell_15934","Isocortex",1
"Cell_18641","Isocortex",1
"Cell_19466","Isocortex",1
"Cell_20879","Isocortex",1
"Cell_22296","Isocortex",1
"Cell_23079","Isocortex",1
"Cell_23202","Isocortex",1
"Cell_33025","Isocortex",1
"Cell_33499","Isocortex",1
"Cell_35582","Isocortex",1
"Cell_36460","Isocortex",1
"Cell_36634","Isocortex",1
"Cell_44715","Isocortex",1
"Cell_20557","Isocortex",1
"Cell_7797","Isocortex",1
"Cell_6192","Isocortex",1
"Cell_11210","Isocortex",1
"Cell_23902","Isocortex",1
"Cell_25323","Isocortex",1
"Cell_34099","Isocortex",1
"Cell_39342","Isocortex",1
"Cell_39862","Isocortex",1
"Cell_40465","Isocortex",1
"Cell_20086","Isocortex",1
"Cell_2686","Isocortex",1
"Cell_6199","Isocortex",1
"Cell_18842","Isocortex",0.999999999999999
"Cell_22526","Isocortex",1
"Cell_25949","Isocortex",1
"Cell_29575","Isocortex",0.997355112071759
"Cell_35178","Isocortex",1
"Cell_43072","Isocortex",1
"Cell_14127","Isocortex",1
"Cell_34896","Isocortex",1
"Cell_15301","Isocortex",1
"Cell_22188","Isocortex",1
"Cell_28036","Isocortex",1
"Cell_10676","Isocortex",1
"Cell_42349","Isocortex",1
"Cell_42897","Isocortex",1
"Cell_881","Isocortex",1
"Cell_5972","Isocortex",1
"Cell_5977","Isocortex",1
"Cell_21459","Isocortex",1
"Cell_32569","Isocortex",1
"Cell_39880","Isocortex",1
"Cell_1640","Isocortex",1
"Cell_2560","Isocortex",0.983882193270135
"Cell_6343","Isocortex",1
"Cell_13408","Isocortex",1
"Cell_18027","Isocortex",1
"Cell_19302","Isocortex",0.952691905486264
"Cell_43539","Isocortex",1
"Cell_5771","Isocortex",1
"Cell_5807","Isocortex",1
"Cell_6107","Isocortex",1
"Cell_11399","Isocortex",1
"Cell_12816","Isocortex",1
"Cell_18227","Isocortex",1
"Cell_18863","Isocortex",1
"Cell_21610","Isocortex",1
"Cell_22330","Isocortex",0.999999999999999
"Cell_29306","Isocortex",1
"Cell_29638","Isocortex",0.999999999999999
"Cell_29807","Isocortex",1
"Cell_32842","Isocortex",1
"Cell_33837","Isocortex",1
"Cell_40763","Isocortex",1
"Cell_43765","Isocortex",1
"Cell_44961","Isocortex",1
"Cell_1247","Isocortex",1
"Cell_3462","Isocortex",1
"Cell_7113","Isocortex",1
"Cell_7838","Isocortex",1
"Cell_7906","Isocortex",1
"Cell_9978","Isocortex",1
"Cell_15455","Isocortex",1
"Cell_30472","Isocortex",1
"Cell_33566","Isocortex",1
"Cell_37888","Isocortex",1
"Cell_38129","Isocortex",1
"Cell_38778","Isocortex",1
"Cell_658","Isocortex",1
"Cell_2678","Isocortex",0.999829126674825
"Cell_2878","Isocortex",1
"Cell_3530","Isocortex",1
"Cell_3698","Isocortex",1
"Cell_3730","Isocortex",1
"Cell_4444","Isocortex",1
"Cell_4600","Isocortex",1
"Cell_6213","Isocortex",1
"Cell_6863","Isocortex",1
"Cell_8179","Isocortex",1
"Cell_8937","Isocortex",1
"Cell_9064","Isocortex",1
"Cell_9080","Isocortex",1
"Cell_9405","Isocortex",1
"Cell_9522","Isocortex",1
"Cell_9593","Isocortex",1
"Cell_9838","Isocortex",1
"Cell_10193","Isocortex",1
"Cell_10282","Isocortex",1
"Cell_10950","Isocortex",1
"Cell_11649","Isocortex",1
"Cell_11926","Isocortex",1
"Cell_13175","Isocortex",1
"Cell_13921","Isocortex",0.957526415414664
"Cell_14464","Isocortex",1
"Cell_14505","Isocortex",1
"Cell_14670","Isocortex",1
"Cell_14691","Isocortex",0.999999999999999
"Cell_14703","Isocortex",1
"Cell_15582","Isocortex",1
"Cell_15637","Isocortex",1
"Cell_16208","Isocortex",1
"Cell_16329","Isocortex",1
"Cell_16907","Isocortex",1
"Cell_17384","Isocortex",1
"Cell_18475","Isocortex",1
"Cell_19254","Isocortex",1
"Cell_20545","Isocortex",1
"Cell_20955","Isocortex",1
"Cell_21615","Isocortex",1
"Cell_21832","Isocortex",1
"Cell_22362","Isocortex",1
"Cell_24439","Isocortex",1
"Cell_24606","Isocortex",1
"Cell_25302","Isocortex",1
"Cell_26421","Isocortex",0.986825928435033
"Cell_27200","Isocortex",0.996368752191642
"Cell_27306","Isocortex",1
"Cell_27486","Isocortex",1
"Cell_28168","Isocortex",1
"Cell_28734","Isocortex",1
"Cell_29301","Isocortex",1
"Cell_31009","Isocortex",1
"Cell_31269","Isocortex",1
"Cell_32046","Isocortex",1
"Cell_32289","Isocortex",1
"Cell_32416","Isocortex",1
"Cell_33263","Isocortex",1
"Cell_34355","Isocortex",1
"Cell_34373","Isocortex",1
"Cell_34408","Isocortex",1
"Cell_35284","Isocortex",1
"Cell_36019","Isocortex",1
"Cell_36715","Isocortex",1
"Cell_37557","Isocortex",1
"Cell_38341","Isocortex",1
"Cell_38560","Isocortex",1
"Cell_38605","Isocortex",0.977573150578267
"Cell_38975","Isocortex",1
"Cell_39245","Isocortex",1
"Cell_39860","Isocortex",1
"Cell_40550","Isocortex",1
"Cell_41743","Isocortex",1
"Cell_41983","Isocortex",1
"Cell_42754","Isocortex",1
"Cell_42942","Isocortex",1
"Cell_42987","Isocortex",1
"Cell_43519","Isocortex",1
"Cell_44291","Isocortex",1
"Cell_5604","Isocortex",1
"Cell_7843","Isocortex",1
"Cell_8851","Isocortex",1
"Cell_13688","Isocortex",0.999999999999999
"Cell_26144","Isocortex",1
"Cell_26425","Isocortex",1
"Cell_28905","Isocortex",1
"Cell_34478","Isocortex",1
"Cell_37161","Isocortex",1
"Cell_44347","Isocortex",1
"Cell_14224","Isocortex",1
"Cell_5890","Isocortex",1
"Cell_8857","Isocortex",1
"Cell_14204","Isocortex",1
"Cell_17145","Isocortex",1
"Cell_18584","Isocortex",1
"Cell_19251","Isocortex",1
"Cell_39843","Isocortex",1
"Cell_42668","Isocortex",1
"Cell_7093","Isocortex",1
"Cell_9922","Isocortex",1
"Cell_15795","Isocortex",1
"Cell_16354","Isocortex",1
"Cell_23339","Isocortex",1
"Cell_36188","Isocortex",1
"Cell_38797","Isocortex",1
"Cell_41843","Isocortex",1
"Cell_21141","Isocortex",1
"Cell_5686","Isocortex",1
"Cell_9548","Isocortex",1
"Cell_39136","Isocortex",1
"Cell_2981","Isocortex",1
"Cell_6373","Isocortex",1
"Cell_11324","Isocortex",0.999999999999999
"Cell_20798","Isocortex",1
"Cell_21500","Isocortex",1
"Cell_27135","Isocortex",1
"Cell_12869","Isocortex",1
"Cell_11994","Isocortex",1
"Cell_13227","Isocortex",1
"Cell_28923","Isocortex",1
"Cell_44073","Isocortex",1
"Cell_9334","Isocortex",1
"Cell_31332","Isocortex",1
"Cell_42795","Isocortex",1
"Cell_21918","Isocortex",1
"Cell_10711","Isocortex",0.998033773490096
"Cell_19453","Isocortex",1
"Cell_15964","Isocortex",1
"Cell_26939","Isocortex",1
"Cell_31234","Isocortex",1
"Cell_790","Isocortex",1
"Cell_20275","Isocortex",1
"Cell_21727","Isocortex",1
"Cell_25966","Isocortex",1
"Cell_43900","Isocortex",1
"Cell_3765","Isocortex",1
"Cell_9786","Isocortex",1
"Cell_14296","Isocortex",1
"Cell_16489","Isocortex",1
"Cell_16511","Isocortex",1
"Cell_16552","Isocortex",0.995513970443755
"Cell_17798","Isocortex",1
"Cell_22420","Isocortex",1
"Cell_25389","Isocortex",1
"Cell_25445","Isocortex",1
"Cell_26741","Isocortex",0.982859479906797
"Cell_27114","Isocortex",1
"Cell_30782","Isocortex",1
"Cell_36306","Isocortex",1
"Cell_38390","Isocortex",1
"Cell_38948","Isocortex",1
"Cell_39935","Isocortex",1
"Cell_40422","Isocortex",1
"Cell_40653","Isocortex",1
"Cell_41006","Isocortex",0.971734094391238
"Cell_3573","Isocortex",1
"Cell_7656","Isocortex",1
"Cell_25411","Isocortex",1
"Cell_26497","Isocortex",1
"Cell_33974","Isocortex",1
"Cell_10477","Isocortex",1
"Cell_2329","Isocortex",1
"Cell_19174","Isocortex",1
"Cell_22052","Isocortex",1
"Cell_25458","Isocortex",1
"Cell_25745","Isocortex",1
"Cell_14342","Isocortex",1
"Cell_24083","Isocortex",1
"Cell_32703","Isocortex",1
"Cell_25836","Isocortex",0.999999999999999
"Cell_2662","Isocortex",0.991033448652867
"Cell_4824","Isocortex",1
"Cell_12884","Isocortex",1
"Cell_37001","Isocortex",1
"Cell_37400","Isocortex",1
"Cell_753","Isocortex",1
"Cell_14967","Isocortex",1
"Cell_33161","Isocortex",1
"Cell_36649","Isocortex",1
"Cell_24848","Isocortex",1
"Cell_31491","Isocortex",1
"Cell_41074","Isocortex",1
"Cell_7060","Isocortex",1
"Cell_13023","Isocortex",1
"Cell_14811","Isocortex",1
"Cell_26246","Isocortex",1
"Cell_36139","Isocortex",1
"Cell_4647","Isocortex",1
"Cell_8076","Isocortex",0.966575984483131
"Cell_14076","Isocortex",0.995101843549522
"Cell_17167","Isocortex",1
"Cell_21214","Isocortex",1
"Cell_21215","Isocortex",1
"Cell_23541","Isocortex",1
"Cell_24160","Isocortex",1
"Cell_24551","Isocortex",1
"Cell_25534","Isocortex",1
"Cell_26627","Isocortex",1
"Cell_28244","Isocortex",1
"Cell_28969","Isocortex",1
"Cell_30000","Isocortex",1
"Cell_36516","Isocortex",1
"Cell_38342","Isocortex",1
"Cell_39316","Isocortex",0.999909752041656
"Cell_40003","Isocortex",1
"Cell_42873","Isocortex",1
"Cell_36732","Isocortex",1
"Cell_37800","Isocortex",1
"Cell_7135","Isocortex",1
"Cell_11507","Isocortex",1
"Cell_14453","Isocortex",1
"Cell_31438","Isocortex",1
"Cell_35260","Isocortex",1
"Cell_29463","Isocortex",1
"Cell_559","Isocortex",1
"Cell_5556","Isocortex",1
"Cell_30795","Isocortex",1
"Cell_18851","Isocortex",1
"Cell_466","Isocortex",1
"Cell_35765","Isocortex",1
"Cell_36016","Isocortex",1
"Cell_36615","Isocortex",1
"Cell_38633","Isocortex",1
"Cell_43029","Isocortex",1
"Cell_24123","Isocortex",1
"Cell_32284","Isocortex",1
"Cell_6163","Isocortex",1
"Cell_24639","fi",1
"Cell_29270","fi",1
"Cell_34357","fi",0.97186487795541
"Cell_34793","fi",1
"Cell_3798","fi",1
"Cell_14843","fi",1
"Cell_16040","fi",1
"Cell_35846","fi",1
"Cell_9378","fi",0.999999999999999
"Cell_12294","fi",0.960935465641074
"Cell_23285","fi",1
"Cell_28182","fi",1
"Cell_35591","fi",1
"Cell_9060","fi",1
"Cell_11677","fi",0.999999999999999
"Cell_14284","fi",1
"Cell_17650","fi",1
"Cell_19253","fi",1
"Cell_21865","fi",1
"Cell_29624","fi",1
"Cell_39385","fi",1
"Cell_40084","fi",1
"Cell_41038","fi",1
"Cell_41040","fi",0.971620971894673
"Cell_7461","fi",1
"Cell_9946","fi",1
"Cell_12277","fi",0.999998945268551
"Cell_14760","fi",1
"Cell_16263","fi",1
"Cell_18529","fi",1
"Cell_23036","fi",1
"Cell_44640","fi",1
"Cell_45143","fi",1
"Cell_54","fi",1
"Cell_6670","fi",1
"Cell_8456","fi",1
"Cell_8984","fi",0.999915194918617
"Cell_13669","fi",1
"Cell_15414","fi",1
"Cell_18956","fi",1
"Cell_24939","fi",1
"Cell_26795","fi",1
"Cell_43812","fi",1
"Cell_1784","fi",1
"Cell_18011","fi",1
"Cell_21781","fi",1
"Cell_22720","fi",1
"Cell_28388","fi",1
"Cell_30205","fi",1
"Cell_35782","fi",1
"Cell_35858","fi",0.999999781337492
"Cell_39589","fi",1
"Cell_45112","fi",1
"Cell_5801","fi",1
"Cell_3577","fi",1
"Cell_22718","fi",1
"Cell_32495","fi",1
"Cell_21498","fi",1
"Cell_2414","fi",1
"Cell_4518","fi",1
"Cell_5033","fi",1
"Cell_5416","fi",1
"Cell_12610","fi",1
"Cell_12965","fi",1
"Cell_14706","fi",1
"Cell_16747","fi",1
"Cell_19048","fi",1
"Cell_19189","fi",1
"Cell_23929","fi",1
"Cell_24469","fi",1
"Cell_30674","fi",1
"Cell_31683","fi",1
"Cell_31701","fi",1
"Cell_32709","fi",1
"Cell_33757","fi",1
"Cell_34687","fi",1
"Cell_36903","fi",1
"Cell_38996","fi",1
"Cell_5455","fi",1
"Cell_20543","fi",1
"Cell_25422","fi",1
"Cell_27930","fi",1
"Cell_30545","fi",1
"Cell_36211","fi",1
"Cell_39120","fi",1
"Cell_39982","fi",1
"Cell_42346","fi",1
"Cell_42391","fi",1
"Cell_8699","fi",1
"Cell_27889","fi",1
"Cell_33642","fi",1
"Cell_40139","fi",1
"Cell_770","fi",1
"Cell_3602","fi",1
"Cell_7194","fi",1
"Cell_7543","fi",1
"Cell_14020","fi",1
"Cell_22451","fi",1
"Cell_24626","fi",1
"Cell_24645","fi",1
"Cell_38028","fi",1
"Cell_41964","fi",1
"Cell_43099","fi",1
"Cell_329","fi",0.986892984068211
"Cell_885","fi",1
"Cell_6106","fi",1
"Cell_7622","fi",1
"Cell_10144","fi",1
"Cell_13319","fi",1
"Cell_13913","fi",1
"Cell_16124","fi",1
"Cell_17098","fi",1
"Cell_17246","fi",1
"Cell_21874","fi",1
"Cell_23733","fi",1
"Cell_25232","fi",1
"Cell_25870","fi",1
"Cell_27856","fi",1
"Cell_28227","fi",1
"Cell_28610","fi",1
"Cell_28878","fi",1
"Cell_29438","fi",1
"Cell_29694","fi",1
"Cell_30484","fi",1
"Cell_34261","fi",1
"Cell_35250","fi",1
"Cell_36770","fi",1
"Cell_39424","fi",1
"Cell_40915","fi",1
"Cell_41668","fi",1
"Cell_44136","fi",1
"Cell_21948","fi",1
"Cell_19408","fi",1
"Cell_25854","fi",1
"Cell_26128","fi",1
"Cell_2199","fi",1
"Cell_32683","fi",1
"Cell_34252","fi",1
"Cell_2997","fi",1
"Cell_6659","fi",1
"Cell_12119","fi",1
"Cell_16466","fi",1
"Cell_27915","fi",1
"Cell_23516","fi",1
"Cell_16328","fi",0.999999999999999
"Cell_21894","fi",1
"Cell_23107","fi",1
"Cell_24831","fi",1
"Cell_27859","fi",1
"Cell_32958","fi",1
"Cell_8148","fi",0.990591360926256
"Cell_21151","fi",1
"Cell_28595","fi",1
"Cell_32038","fi",1
"Cell_32530","fi",1
"Cell_40597","fi",1
"Cell_11193","Isocortex",1
"Cell_24184","Isocortex",1
"Cell_20570","Isocortex",1
"Cell_27530","Isocortex",1
"Cell_28573","Isocortex",1
"Cell_28501","Isocortex",1
"Cell_10356","Isocortex",1
"Cell_11484","Isocortex",0.978883196157472
"Cell_13783","Isocortex",1
"Cell_17792","Isocortex",1
"Cell_20587","Isocortex",1
"Cell_21434","Isocortex",1
"Cell_21927","Isocortex",1
"Cell_22740","Isocortex",1
"Cell_25423","Isocortex",1
"Cell_33023","Isocortex",1
"Cell_38688","Isocortex",1
"Cell_40165","Isocortex",1
"Cell_40472","Isocortex",1
"Cell_40905","Isocortex",1
"Cell_43984","Isocortex",1
"Cell_23171","Isocortex",1
"Cell_5211","Isocortex",1
"Cell_6810","Isocortex",1
"Cell_19677","Isocortex",0.981037897583541
"Cell_23352","Isocortex",1
"Cell_29703","Isocortex",1
"Cell_33975","Isocortex",1
"Cell_37093","Isocortex",0.990205385052042
"Cell_8412","Isocortex",1
"Cell_31308","Isocortex",1
"Cell_34580","Isocortex",1
"Cell_25393","Isocortex",1
"Cell_36212","Isocortex",1
"Cell_2954","Isocortex",1
"Cell_31011","Isocortex",1
"Cell_17954","A13",1
"Cell_35955","A13",1
"Cell_6403","A13",1
"Cell_31776","A13",1
"Cell_23466","A13",1
"Cell_34399","A13",1
"Cell_35602","A13",1
"Cell_36409","A13",0.999999999999999
"Cell_10551","A13",1
"Cell_36343","A13",1
"Cell_43698","A13",1
"Cell_5718","A13",1
"Cell_19570","A13",1
"Cell_31237","A13",1
"Cell_1114","A13",1
"Cell_1327","A13",1
"Cell_11266","A13",1
"Cell_11314","A13",1
"Cell_13153","A13",1
"Cell_13360","A13",1
"Cell_15289","A13",1
"Cell_15992","A13",1
"Cell_21589","A13",1
"Cell_23312","A13",0.999999999999999
"Cell_25741","A13",0.983981607709011
"Cell_31354","A13",0.999511774958753
"Cell_37186","A13",1
"Cell_42188","A13",1
"Cell_45035","A13",1
"Cell_3240","A13",1
"Cell_3461","A13",0.992332155713656
"Cell_5362","A13",0.999363050671355
"Cell_6302","A13",1
"Cell_7160","A13",1
"Cell_11543","A13",1
"Cell_12279","A13",1
"Cell_15429","A13",1
"Cell_18545","A13",1
"Cell_21811","A13",1
"Cell_21953","A13",1
"Cell_24780","A13",1
"Cell_31755","A13",1
"Cell_34094","A13",1
"Cell_34294","A13",1
"Cell_38753","A13",1
"Cell_12688","A13",1
"Cell_26599","A13",1
"Cell_32463","A13",1
"Cell_3615","A13",1
"Cell_6873","A13",1
"Cell_9394","A13",1
"Cell_10451","A13",1
"Cell_22001","A13",1
"Cell_25253","A13",1
"Cell_28777","A13",1
"Cell_33799","A13",1
"Cell_21092","A13",1
"Cell_22474","A13",1
"Cell_12456","Isocortex",1
"Cell_1354","Isocortex",1
"Cell_13240","Isocortex",1
"Cell_9630","Isocortex",1
"Cell_19055","Isocortex",1
"Cell_22476","Isocortex",1
"Cell_32532","Isocortex",1
"Cell_2271","Isocortex",1
"Cell_4175","Isocortex",1
"Cell_8347","Isocortex",1
"Cell_10168","Isocortex",1
"Cell_10313","Isocortex",1
"Cell_12395","Isocortex",1
"Cell_12903","Isocortex",1
"Cell_16395","Isocortex",1
"Cell_17178","Isocortex",1
"Cell_20707","Isocortex",1
"Cell_22782","Isocortex",1
"Cell_26534","Isocortex",1
"Cell_29934","Isocortex",1
"Cell_30722","Isocortex",1
"Cell_31805","Isocortex",1
"Cell_32767","Isocortex",1
"Cell_33850","Isocortex",1
"Cell_34586","Isocortex",0.985285941848155
"Cell_34821","Isocortex",1
"Cell_38350","Isocortex",1
"Cell_39077","Isocortex",1
"Cell_39897","Isocortex",1
"Cell_43094","Isocortex",1
"Cell_768","Isocortex",0.999993828430879
"Cell_1821","Isocortex",0.966064594397114
"Cell_5309","Isocortex",1
"Cell_5893","Isocortex",1
"Cell_6142","Isocortex",1
"Cell_9145","Isocortex",1
"Cell_9888","Isocortex",1
"Cell_10810","Isocortex",1
"Cell_14947","Isocortex",1
"Cell_16664","Isocortex",1
"Cell_17269","Isocortex",1
"Cell_17452","Isocortex",1
"Cell_18371","Isocortex",1
"Cell_19541","Isocortex",1
"Cell_22369","Isocortex",1
"Cell_24138","Isocortex",0.996477263831257
"Cell_24767","Isocortex",1
"Cell_25525","Isocortex",1
"Cell_26738","Isocortex",1
"Cell_27480","Isocortex",1
"Cell_27999","Isocortex",1
"Cell_28128","Isocortex",1
"Cell_31610","Isocortex",1
"Cell_33179","Isocortex",1
"Cell_33562","Isocortex",1
"Cell_36987","Isocortex",1
"Cell_38267","Isocortex",1
"Cell_38476","Isocortex",1
"Cell_44282","Isocortex",1
"Cell_150","Isocortex",1
"Cell_698","Isocortex",1
"Cell_1529","Isocortex",1
"Cell_1873","Isocortex",0.999999999999999
"Cell_3231","Isocortex",1
"Cell_6979","Isocortex",1
"Cell_10102","Isocortex",1
"Cell_10133","Isocortex",1
"Cell_10556","Isocortex",1
"Cell_16618","Isocortex",1
"Cell_17617","Isocortex",1
"Cell_18081","Isocortex",1
"Cell_19259","Isocortex",1
"Cell_19988","Isocortex",1
"Cell_21445","Isocortex",1
"Cell_21952","Isocortex",1
"Cell_22536","Isocortex",1
"Cell_24325","Isocortex",1
"Cell_25546","Isocortex",1
"Cell_27144","Isocortex",1
"Cell_27327","Isocortex",1
"Cell_27707","Isocortex",1
"Cell_28752","Isocortex",1
"Cell_29735","Isocortex",1
"Cell_29926","Isocortex",1
"Cell_30772","Isocortex",1
"Cell_32329","Isocortex",1
"Cell_33392","Isocortex",1
"Cell_33678","Isocortex",1
"Cell_34110","Isocortex",1
"Cell_35294","Isocortex",1
"Cell_35615","Isocortex",1
"Cell_37269","Isocortex",1
"Cell_38421","Isocortex",1
"Cell_40336","Isocortex",1
"Cell_41183","Isocortex",1
"Cell_41224","Isocortex",1
"Cell_42435","Isocortex",1
"Cell_44630","Isocortex",1
"Cell_44707","Isocortex",1
"Cell_1748","Isocortex",1
"Cell_7398","Isocortex",1
"Cell_10364","Isocortex",1
"Cell_14240","Isocortex",1
"Cell_20140","Isocortex",1
"Cell_20287","Isocortex",1
"Cell_35460","Isocortex",1
"Cell_37631","Isocortex",1
"Cell_41379","Isocortex",1
"Cell_45018","Isocortex",1
"Cell_2","Isocortex",1
"Cell_4083","Isocortex",1
"Cell_4168","Isocortex",1
"Cell_4935","Isocortex",1
"Cell_5397","Isocortex",1
"Cell_6085","Isocortex",1
"Cell_7736","Isocortex",1
"Cell_7905","Isocortex",0.980966063169138
"Cell_15593","Isocortex",1
"Cell_16136","Isocortex",1
"Cell_16498","Isocortex",1
"Cell_17276","Isocortex",0.957884181282454
"Cell_18190","Isocortex",1
"Cell_18597","Isocortex",1
"Cell_19445","Isocortex",1
"Cell_20479","Isocortex",1
"Cell_22354","Isocortex",1
"Cell_23988","Isocortex",1
"Cell_24577","Isocortex",1
"Cell_24721","Isocortex",1
"Cell_32230","Isocortex",1
"Cell_32672","Isocortex",1
"Cell_32720","Isocortex",1
"Cell_33044","Isocortex",0.993685533264938
"Cell_34103","Isocortex",1
"Cell_34587","Isocortex",1
"Cell_34758","Isocortex",1
"Cell_36799","Isocortex",1
"Cell_38827","Isocortex",1
"Cell_40089","Isocortex",1
"Cell_42645","Isocortex",0.985039651005486
"Cell_42945","Isocortex",1
"Cell_43789","Isocortex",1
"Cell_44465","Isocortex",1
"Cell_44965","Isocortex",1
"Cell_29805","Isocortex",1
"Cell_36114","Isocortex",1
"Cell_1382","Isocortex",0.997906721605805
"Cell_2960","Isocortex",1
"Cell_4773","Isocortex",1
"Cell_6246","Isocortex",1
"Cell_7446","Isocortex",1
"Cell_10783","Isocortex",1
"Cell_12085","Isocortex",1
"Cell_16179","Isocortex",1
"Cell_19936","Isocortex",1
"Cell_21635","Isocortex",1
"Cell_23697","Isocortex",1
"Cell_25421","Isocortex",1
"Cell_27797","Isocortex",1
"Cell_27821","Isocortex",1
"Cell_28961","Isocortex",1
"Cell_32439","Isocortex",1
"Cell_35999","Isocortex",0.999981820323358
"Cell_37897","Isocortex",1
"Cell_40454","Isocortex",1
"Cell_41196","Isocortex",1
"Cell_42545","Isocortex",1
"Cell_22571","Isocortex",1
"Cell_33413","Isocortex",1
"Cell_33426","Isocortex",1
"Cell_354","Isocortex",1
"Cell_3146","Isocortex",1
"Cell_11103","Isocortex",1
"Cell_17105","Isocortex",1
"Cell_19734","Isocortex",1
"Cell_20256","Isocortex",1
"Cell_25349","Isocortex",1
"Cell_26319","Isocortex",1
"Cell_33906","Isocortex",1
"Cell_41833","Isocortex",1
"Cell_43494","Isocortex",1
"Cell_44275","Isocortex",1
"Cell_1129","Isocortex",1
"Cell_11505","Isocortex",1
"Cell_12155","Isocortex",1
"Cell_16949","Isocortex",1
"Cell_18023","Isocortex",1
"Cell_38525","Isocortex",1
"Cell_39102","Isocortex",1
"Cell_45110","Isocortex",1
"Cell_787","Isocortex",1
"Cell_16774","Isocortex",1
"Cell_44041","Isocortex",1
"Cell_17909","Isocortex",1
"Cell_35960","Isocortex",1
"Cell_36377","Isocortex",1
"Cell_40146","Isocortex",0.999999999999999
"Cell_7112","Isocortex",1
"Cell_427","Isocortex",1
"Cell_7704","Isocortex",1
"Cell_9412","Isocortex",1
"Cell_9521","Isocortex",1
"Cell_11113","Isocortex",1
"Cell_17832","Isocortex",1
"Cell_44746","Isocortex",1
"Cell_12464","LD",1
"Cell_13617","LD",1
"Cell_20781","LD",0.999889499816186
"Cell_22138","LD",1
"Cell_42024","LD",1
"Cell_29323","LD",1
"Cell_66","LD",0.999999999999999
"Cell_387","LD",1
"Cell_3108","LD",1
"Cell_4737","LD",1
"Cell_11374","LD",1
"Cell_11393","LD",1
"Cell_15762","LD",1
"Cell_21700","LD",1
"Cell_22600","LD",0.999999999999999
"Cell_25487","LD",1
"Cell_32115","LD",1
"Cell_33282","LD",1
"Cell_35938","LD",0.997291565390179
"Cell_41238","LD",1
"Cell_1110","LD",0.998159964341464
"Cell_1931","LD",1
"Cell_9233","LD",1
"Cell_10051","LD",1
"Cell_12398","LD",1
"Cell_17948","LD",1
"Cell_19441","LD",1
"Cell_25197","LD",1
"Cell_25717","LD",1
"Cell_26365","LD",1
"Cell_27845","LD",1
"Cell_37476","LD",1
"Cell_38215","LD",1
"Cell_40310","LD",1
"Cell_40970","LD",0.999999999999999
"Cell_41899","LD",1
"Cell_10605","LD",1
"Cell_32956","LD",1
"Cell_27612","LD",1
"Cell_3047","LD",1
"Cell_21534","LD",1
"Cell_25556","LD",1
"Cell_27687","LD",1
"Cell_29631","LD",1
"Cell_3662","LD",1
"Cell_4941","LD",1
"Cell_7781","LD",1
"Cell_9833","LD",1
"Cell_11601","LD",1
"Cell_19148","LD",1
"Cell_19265","LD",1
"Cell_21497","LD",1
"Cell_31947","LD",1
"Cell_32983","LD",1
"Cell_43057","LD",1
"Cell_293","LD",1
"Cell_1381","LD",1
"Cell_1867","LD",1
"Cell_1960","LD",1
"Cell_2534","LD",0.999999999999999
"Cell_2775","LD",1
"Cell_3143","LD",1
"Cell_3815","LD",1
"Cell_4123","LD",1
"Cell_4688","LD",1
"Cell_4728","LD",1
"Cell_5342","LD",1
"Cell_5474","LD",1
"Cell_6885","LD",1
"Cell_7253","LD",1
"Cell_7431","LD",1
"Cell_7590","LD",1
"Cell_7782","LD",1
"Cell_8020","LD",1
"Cell_8150","LD",1
"Cell_8560","LD",1
"Cell_9221","LD",1
"Cell_9933","LD",1
"Cell_9998","LD",1
"Cell_10899","LD",1
"Cell_11088","LD",1
"Cell_11483","LD",1
"Cell_12030","LD",1
"Cell_12052","LD",1
"Cell_12776","LD",1
"Cell_13019","LD",1
"Cell_13719","LD",0.999999999999999
"Cell_14005","LD",0.999999999999999
"Cell_14781","LD",1
"Cell_15166","LD",1
"Cell_15584","LD",1
"Cell_15600","LD",1
"Cell_15937","LD",1
"Cell_16694","LD",1
"Cell_16933","LD",1
"Cell_17154","LD",1
"Cell_18266","LD",1
"Cell_18713","LD",1
"Cell_19010","LD",1
"Cell_19387","LD",1
"Cell_19403","LD",1
"Cell_20283","LD",1
"Cell_20504","LD",1
"Cell_20909","LD",1
"Cell_21066","LD",1
"Cell_21117","LD",1
"Cell_21744","LD",1
"Cell_21891","LD",1
"Cell_22778","LD",1
"Cell_23277","LD",1
"Cell_24361","LD",1
"Cell_24406","LD",1
"Cell_24788","LD",1
"Cell_25902","LD",1
"Cell_26444","LD",1
"Cell_27185","LD",1
"Cell_27427","LD",1
"Cell_27650","LD",1
"Cell_27729","LD",1
"Cell_27772","LD",1
"Cell_28223","LD",1
"Cell_28907","LD",1
"Cell_29232","LD",1
"Cell_29625","LD",1
"Cell_29885","LD",1
"Cell_29912","LD",1
"Cell_30620","LD",1
"Cell_30632","LD",1
"Cell_30910","LD",1
"Cell_32107","LD",1
"Cell_32373","LD",1
"Cell_33276","LD",1
"Cell_33573","LD",1
"Cell_33683","LD",1
"Cell_34669","LD",1
"Cell_36484","LD",1
"Cell_36810","LD",1
"Cell_37203","LD",1
"Cell_37226","LD",1
"Cell_37453","LD",1
"Cell_37749","LD",1
"Cell_39149","LD",1
"Cell_39334","LD",1
"Cell_39797","LD",1
"Cell_42131","LD",1
"Cell_42176","LD",1
"Cell_42484","LD",1
"Cell_42715","LD",1
"Cell_42889","LD",1
"Cell_43347","LD",0.955080889884255
"Cell_44537","LD",1
"Cell_44942","LD",1
"Cell_45202","LD",1
"Cell_28554","LD",1
"Cell_11299","LD",1
"Cell_13871","LD",1
"Cell_15997","LD",1
"Cell_16626","LD",1
"Cell_17030","LD",1
"Cell_23457","LD",1
"Cell_25904","LD",1
"Cell_34150","LD",1
"Cell_35303","LD",1
"Cell_39869","LD",1
"Cell_40128","LD",1
"Cell_41032","LD",1
"Cell_41880","LD",1
"Cell_1422","LD",0.999999999999999
"Cell_4757","LD",1
"Cell_7803","LD",1
"Cell_8119","LD",1
"Cell_9314","LD",1
"Cell_12116","LD",1
"Cell_14098","LD",1
"Cell_15278","LD",1
"Cell_15322","LD",1
"Cell_17259","LD",1
"Cell_17852","LD",1
"Cell_25219","LD",1
"Cell_31973","LD",1
"Cell_33421","LD",1
"Cell_34980","LD",1
"Cell_36599","LD",1
"Cell_39174","LD",1
"Cell_41598","LD",1
"Cell_42359","LD",0.95217584871019
"Cell_43040","LD",1
"Cell_43377","LD",1
"Cell_44481","LD",1
"Cell_13532","LD",1
"Cell_17232","LD",1
"Cell_26299","LD",1
"Cell_43018","LD",1
"Cell_13910","LD",1
"Cell_31824","LD",0.999999999999999
"Cell_37883","LD",1
"Cell_42903","LD",1
"Cell_14320","LD",1
"Cell_1718","LD",1
"Cell_1805","LD",1
"Cell_1897","LD",1
"Cell_1936","LD",1
"Cell_1967","LD",1
"Cell_4997","LD",0.999999999999999
"Cell_7529","LD",1
"Cell_9898","LD",1
"Cell_12404","LD",1
"Cell_14182","LD",1
"Cell_14916","LD",1
"Cell_16173","LD",1
"Cell_18243","LD",1
"Cell_20422","LD",1
"Cell_23412","LD",0.999999999999999
"Cell_24121","LD",1
"Cell_24599","LD",1
"Cell_25147","LD",1
"Cell_28123","LD",1
"Cell_28745","LD",0.999762854709626
"Cell_29215","LD",1
"Cell_29945","LD",1
"Cell_30915","LD",1
"Cell_31749","LD",1
"Cell_35086","LD",1
"Cell_37204","LD",1
"Cell_39941","LD",1
"Cell_44335","LD",1
"Cell_44860","LD",0.999999999999999
"Cell_1568","LD",0.999999999999999
"Cell_2127","LD",1
"Cell_5350","LD",1
"Cell_5538","LD",1
"Cell_5980","LD",1
"Cell_12364","LD",1
"Cell_20343","LD",1
"Cell_29405","LD",1
"Cell_34871","LD",1
"Cell_20930","LD",1
"Cell_15396","LD",1
"Cell_18502","LD",1
"Cell_23304","LD",0.95068626372455
"Cell_15262","LD",1
"Cell_25509","LD",1
"Cell_6080","LD",1
"Cell_278","LD",1
"Cell_1613","LD",1
"Cell_1627","LD",1
"Cell_2097","LD",1
"Cell_4787","LD",1
"Cell_4808","LD",1
"Cell_4899","LD",1
"Cell_5269","LD",1
"Cell_6000","LD",1
"Cell_6705","LD",1
"Cell_8049","LD",1
"Cell_8240","LD",1
"Cell_9700","LD",1
"Cell_10331","LD",1
"Cell_10332","LD",1
"Cell_12044","LD",1
"Cell_12380","LD",1
"Cell_12846","LD",1
"Cell_13893","LD",1
"Cell_14412","LD",1
"Cell_15897","LD",0.965429400453171
"Cell_17567","LD",1
"Cell_18467","LD",1
"Cell_18781","LD",1
"Cell_18912","LD",0.999999999999999
"Cell_21593","LD",1
"Cell_22815","LD",1
"Cell_23772","LD",1
"Cell_24486","LD",1
"Cell_25832","LD",1
"Cell_26475","LD",1
"Cell_26862","LD",1
"Cell_27257","LD",1
"Cell_30346","LD",1
"Cell_32556","LD",1
"Cell_33133","LD",1
"Cell_33334","LD",1
"Cell_34004","LD",1
"Cell_34924","LD",1
"Cell_35472","LD",1
"Cell_36232","LD",1
"Cell_36344","LD",1
"Cell_36369","LD",1
"Cell_37237","LD",1
"Cell_37893","LD",1
"Cell_38651","LD",1
"Cell_39415","LD",1
"Cell_39542","LD",1
"Cell_40117","LD",1
"Cell_40272","LD",1
"Cell_41100","LD",1
"Cell_41408","LD",1
"Cell_41480","LD",1
"Cell_41691","LD",1
"Cell_41865","LD",1
"Cell_42787","LD",1
"Cell_42976","LD",1
"Cell_9059","LD",1
"Cell_18726","LD",1
"Cell_30299","LD",1
"Cell_32197","LD",1
"Cell_619","LD",1
"Cell_32184","LD",1
"Cell_3111","LD",1
"Cell_3200","LD",1
"Cell_6109","LD",1
"Cell_6934","LD",1
"Cell_8657","LD",1
"Cell_11444","LD",1
"Cell_12344","LD",1
"Cell_13268","LD",1
"Cell_14655","LD",1
"Cell_23396","LD",1
"Cell_26051","LD",1
"Cell_31800","LD",1
"Cell_43156","LD",1
"Cell_44027","LD",1
"Cell_3024","LD",1
"Cell_14666","LD",1
"Cell_19581","LD",1
"Cell_23483","LD",1
"Cell_39878","LD",1
"Cell_34967","LD",1
"Cell_37160","LD",1
"Cell_6591","LD",1
"Cell_8637","LD",1
"Cell_8850","LD",1
"Cell_9639","LD",1
"Cell_25772","LD",1
"Cell_29402","LD",1
"Cell_29705","LD",1
"Cell_30497","LD",1
"Cell_37423","LD",1
"Cell_40865","LD",1
"Cell_12246","LD",1
"Cell_14061","LD",1
"Cell_27312","LD",1
"Cell_44843","LD",1
"Cell_44576","LD",1
"Cell_4609","LD",1
"Cell_11196","LD",1
"Cell_17813","LD",1
"Cell_17740","LD",1
"Cell_25392","LD",1
"Cell_27886","LD",1
"Cell_44931","LD",1
"Cell_34000","LD",0.999999999999999
"Cell_12772","PO",1
"Cell_13500","PO",1
"Cell_18382","PO",1
"Cell_6027","PO",1
"Cell_6328","PO",1
"Cell_10587","PO",1
"Cell_40189","PO",1
"Cell_8041","PO",1
"Cell_10807","PO",1
"Cell_16275","PO",1
"Cell_19488","PO",0.999999999999999
"Cell_45087","PO",1
"Cell_92","PO",1
"Cell_1063","PO",1
"Cell_4962","PO",1
"Cell_6667","PO",1
"Cell_9331","PO",1
"Cell_12767","PO",0.999999999999999
"Cell_13317","PO",1
"Cell_14549","PO",1
"Cell_16670","PO",1
"Cell_20220","PO",1
"Cell_20994","PO",1
"Cell_22601","PO",1
"Cell_27555","PO",1
"Cell_28883","PO",0.999999999999999
"Cell_30612","PO",1
"Cell_30711","PO",1
"Cell_36831","PO",1
"Cell_38310","PO",1
"Cell_41146","PO",1
"Cell_41312","PO",1
"Cell_42599","PO",1
"Cell_42870","PO",1
"Cell_44334","PO",1
"Cell_23898","PO",1
"Cell_44","PO",0.999999999999999
"Cell_10483","PO",1
"Cell_18889","PO",1
"Cell_26406","PO",1
"Cell_27356","PO",1
"Cell_28354","PO",1
"Cell_35822","PO",1
"Cell_42260","PO",1
"Cell_44283","PO",1
"Cell_2238","PO",1
"Cell_9346","PO",1
"Cell_29942","PO",1
"Cell_29961","PO",1
"Cell_31063","PO",1
"Cell_31814","PO",1
"Cell_33658","PO",1
"Cell_17968","PO",1
"Cell_15747","PO",1
"Cell_6464","PO",1
"Cell_15350","PO",1
"Cell_18849","PO",1
"Cell_26964","PO",1
"Cell_42798","PO",1
"Cell_304","PO",1
"Cell_31881","PO",1
"Cell_31936","PO",1
"Cell_43246","PO",1
"Cell_11345","PO",1
"Cell_15589","PO",1
"Cell_17599","PO",1
"Cell_22090","PO",1
"Cell_29843","PO",1
"Cell_32045","PO",1
"Cell_33527","PO",1
"Cell_33861","PO",1
"Cell_35465","PO",1
"Cell_37357","PO",1
"Cell_38709","PO",1
"Cell_39437","PO",1
"Cell_15026","PO",1
"Cell_29539","PO",1
"Cell_26000","PO",1
"Cell_43230","PO",1
"Cell_10965","PO",1
"Cell_14768","PO",1
"Cell_19361","PO",1
"Cell_14756","PO",1
"Cell_43148","PO",0.969786830419123
"Cell_12245","PO",1
"Cell_12283","PO",1
"Cell_25881","PO",1
"Cell_28083","PO",1
"Cell_39607","PO",1
"Cell_536","PO",1
"Cell_34059","PO",1
"Cell_36297","PO",1
"Cell_36478","PO",1
"Cell_33882","PO",1
"Cell_41676","PO",0.987140877347045
"Cell_8712","PO",1
"Cell_3092","PO",1
"Cell_13420","CTXsp",1
"Cell_20857","CTXsp",1
"Cell_24828","CTXsp",1
"Cell_6077","CTXsp",1
"Cell_6176","CTXsp",1
"Cell_11042","CTXsp",1
"Cell_12328","CTXsp",1
"Cell_18795","CTXsp",1
"Cell_34410","CTXsp",1
"Cell_37217","CTXsp",1
"Cell_39621","CTXsp",1
"Cell_44101","CTXsp",1
"Cell_44253","CTXsp",1
"Cell_8484","CTXsp",1
"Cell_14407","CTXsp",1
"Cell_17398","CTXsp",1
"Cell_28437","CTXsp",1
"Cell_36303","CTXsp",1
"Cell_36955","CTXsp",1
"Cell_41092","CTXsp",1
"Cell_42503","CTXsp",1
"Cell_39893","CTXsp",0.977507531966397
"Cell_11865","CTXsp",1
"Cell_38766","CTXsp",1
"Cell_3284","CTXsp",0.999999999999999
"Cell_11357","CTXsp",1
"Cell_16836","CTXsp",1
"Cell_17515","CTXsp",1
"Cell_20437","CTXsp",1
"Cell_26263","CTXsp",1
"Cell_28917","CTXsp",1
"Cell_35806","CTXsp",1
"Cell_38473","CTXsp",1
"Cell_4369","CTXsp",1
"Cell_4849","CTXsp",1
"Cell_8168","CTXsp",0.999999999999999
"Cell_14318","CTXsp",0.999999999999999
"Cell_27063","CTXsp",1
"Cell_44333","CTXsp",1
"Cell_5385","CTXsp",1
"Cell_6148","CTXsp",0.996790282208866
"Cell_9354","CTXsp",1
"Cell_3750","CTXsp",1
"Cell_19496","CTXsp",1
"Cell_30923","CTXsp",1
"Cell_40359","CTXsp",1
"Cell_19896","CTXsp",1
"Cell_25523","CTXsp",1
"Cell_10137","CTXsp",1
"Cell_27022","CTXsp",1
"Cell_13880","Isocortex",1
"Cell_14665","Isocortex",1
"Cell_17486","Isocortex",1
"Cell_21259","Isocortex",1
"Cell_22382","Isocortex",1
"Cell_32730","Isocortex",0.999999999999999
"Cell_33446","Isocortex",1
"Cell_20006","Isocortex",1
"Cell_39390","Isocortex",1
"Cell_6169","Isocortex",1
"Cell_9537","Isocortex",1
"Cell_10757","Isocortex",1
"Cell_11177","Isocortex",1
"Cell_11256","Isocortex",1
"Cell_11587","Isocortex",1
"Cell_14654","Isocortex",1
"Cell_17120","Isocortex",1
"Cell_20899","Isocortex",1
"Cell_21931","Isocortex",1
"Cell_23307","Isocortex",1
"Cell_23835","Isocortex",1
"Cell_24088","Isocortex",0.999999999999999
"Cell_27058","Isocortex",1
"Cell_29392","Isocortex",1
"Cell_33922","Isocortex",1
"Cell_35026","Isocortex",1
"Cell_38733","Isocortex",0.999999999999999
"Cell_39329","Isocortex",1
"Cell_42769","Isocortex",1
"Cell_43699","Isocortex",1
"Cell_5473","Isocortex",1
"Cell_10385","Isocortex",1
"Cell_12648","Isocortex",1
"Cell_21296","Isocortex",1
"Cell_21397","Isocortex",1
"Cell_25986","Isocortex",0.999996596686818
"Cell_27948","Isocortex",1
"Cell_29118","Isocortex",1
"Cell_34528","Isocortex",1
"Cell_600","Isocortex",1
"Cell_11999","Isocortex",1
"Cell_26806","Isocortex",1
"Cell_33452","Isocortex",1
"Cell_35374","Isocortex",1
"Cell_2347","Isocortex",1
"Cell_5460","Isocortex",1
"Cell_7324","Isocortex",1
"Cell_9866","Isocortex",1
"Cell_13388","Isocortex",1
"Cell_13713","Isocortex",1
"Cell_14299","Isocortex",1
"Cell_14814","Isocortex",1
"Cell_15214","Isocortex",1
"Cell_15517","Isocortex",1
"Cell_15714","Isocortex",1
"Cell_18064","Isocortex",1
"Cell_22308","Isocortex",1
"Cell_23934","Isocortex",1
"Cell_24017","Isocortex",1
"Cell_25025","Isocortex",1
"Cell_25179","Isocortex",0.999999999999999
"Cell_27286","Isocortex",1
"Cell_28912","Isocortex",1
"Cell_32072","Isocortex",1
"Cell_33298","Isocortex",1
"Cell_35179","Isocortex",1
"Cell_35535","Isocortex",1
"Cell_38528","Isocortex",0.999999999999999
"Cell_42775","Isocortex",1
"Cell_43356","Isocortex",1
"Cell_43360","Isocortex",1
"Cell_799","Isocortex",1
"Cell_1248","Isocortex",1
"Cell_1465","Isocortex",1
"Cell_1645","Isocortex",1
"Cell_2116","Isocortex",1
"Cell_2454","Isocortex",1
"Cell_3154","Isocortex",1
"Cell_3669","Isocortex",1
"Cell_7507","Isocortex",1
"Cell_8718","Isocortex",1
"Cell_9892","Isocortex",1
"Cell_10608","Isocortex",1
"Cell_11770","Isocortex",1
"Cell_12153","Isocortex",1
"Cell_13686","Isocortex",1
"Cell_14325","Isocortex",1
"Cell_14850","Isocortex",1
"Cell_16688","Isocortex",1
"Cell_17171","Isocortex",1
"Cell_17345","Isocortex",1
"Cell_17369","Isocortex",1
"Cell_19463","Isocortex",0.999887188349829
"Cell_19727","Isocortex",1
"Cell_20125","Isocortex",1
"Cell_20127","Isocortex",1
"Cell_20767","Isocortex",0.999999999999999
"Cell_20774","Isocortex",1
"Cell_21513","Isocortex",1
"Cell_21750","Isocortex",1
"Cell_22127","Isocortex",1
"Cell_23804","Isocortex",1
"Cell_24056","Isocortex",1
"Cell_24988","Isocortex",1
"Cell_26248","Isocortex",0.999999999999999
"Cell_26372","Isocortex",0.999999999999999
"Cell_26389","Isocortex",1
"Cell_26502","Isocortex",1
"Cell_26699","Isocortex",1
"Cell_26775","Isocortex",1
"Cell_27603","Isocortex",1
"Cell_27605","Isocortex",0.999999999999999
"Cell_28051","Isocortex",1
"Cell_28438","Isocortex",1
"Cell_30216","Isocortex",1
"Cell_30436","Isocortex",0.997241778823399
"Cell_32413","Isocortex",1
"Cell_32944","Isocortex",1
"Cell_33208","Isocortex",0.999999999999999
"Cell_33355","Isocortex",1
"Cell_34235","Isocortex",1
"Cell_34242","Isocortex",0.994123570413277
"Cell_34910","Isocortex",1
"Cell_35127","Isocortex",1
"Cell_35559","Isocortex",1
"Cell_35650","Isocortex",1
"Cell_37402","Isocortex",1
"Cell_39532","Isocortex",1
"Cell_39603","Isocortex",1
"Cell_39861","Isocortex",1
"Cell_41072","Isocortex",1
"Cell_42453","Isocortex",1
"Cell_42944","Isocortex",1
"Cell_74","Isocortex",1
"Cell_101","Isocortex",1
"Cell_207","Isocortex",1
"Cell_738","Isocortex",1
"Cell_983","Isocortex",1
"Cell_1211","Isocortex",1
"Cell_1476","Isocortex",0.999999999999999
"Cell_1712","Isocortex",1
"Cell_1911","Isocortex",1
"Cell_2117","Isocortex",1
"Cell_2413","Isocortex",1
"Cell_2905","Isocortex",1
"Cell_2976","Isocortex",1
"Cell_3012","Isocortex",1
"Cell_3103","Isocortex",1
"Cell_3347","Isocortex",1
"Cell_3533","Isocortex",1
"Cell_3680","Isocortex",1
"Cell_4165","Isocortex",1
"Cell_4277","Isocortex",1
"Cell_4611","Isocortex",1
"Cell_5456","Isocortex",1
"Cell_6355","Isocortex",1
"Cell_6856","Isocortex",1
"Cell_7064","Isocortex",1
"Cell_7334","Isocortex",1
"Cell_7665","Isocortex",1
"Cell_7747","Isocortex",1
"Cell_8029","Isocortex",1
"Cell_8269","Isocortex",0.999999999999999
"Cell_8475","Isocortex",1
"Cell_8845","Isocortex",1
"Cell_9192","Isocortex",1
"Cell_9487","Isocortex",1
"Cell_9653","Isocortex",1
"Cell_9690","Isocortex",1
"Cell_10125","Isocortex",1
"Cell_10218","Isocortex",1
"Cell_10440","Isocortex",1
"Cell_10486","Isocortex",1
"Cell_10800","Isocortex",1
"Cell_11037","Isocortex",0.993497750198216
"Cell_11465","Isocortex",1
"Cell_11559","Isocortex",1
"Cell_11940","Isocortex",1
"Cell_12522","Isocortex",1
"Cell_12530","Isocortex",1
"Cell_12856","Isocortex",1
"Cell_13032","Isocortex",1
"Cell_13358","Isocortex",1
"Cell_13397","Isocortex",1
"Cell_13902","Isocortex",1
"Cell_14023","Isocortex",1
"Cell_14336","Isocortex",1
"Cell_15270","Isocortex",1
"Cell_15493","Isocortex",1
"Cell_15537","Isocortex",1
"Cell_15665","Isocortex",1
"Cell_15943","Isocortex",1
"Cell_16231","Isocortex",1
"Cell_17049","Isocortex",1
"Cell_17273","Isocortex",1
"Cell_17822","Isocortex",0.998079634336195
"Cell_18035","Isocortex",1
"Cell_18273","Isocortex",1
"Cell_18819","Isocortex",1
"Cell_18850","Isocortex",1
"Cell_18882","Isocortex",1
"Cell_19015","Isocortex",1
"Cell_19111","Isocortex",1
"Cell_19815","Isocortex",1
"Cell_20108","Isocortex",1
"Cell_20240","Isocortex",1
"Cell_20326","Isocortex",1
"Cell_20914","Isocortex",1
"Cell_21022","Isocortex",1
"Cell_22042","Isocortex",1
"Cell_23220","Isocortex",1
"Cell_23413","Isocortex",0.999999999999999
"Cell_23416","Isocortex",1
"Cell_23608","Isocortex",1
"Cell_23956","Isocortex",1
"Cell_23980","Isocortex",1
"Cell_24047","Isocortex",1
"Cell_24310","Isocortex",1
"Cell_24968","Isocortex",1
"Cell_25132","Isocortex",1
"Cell_25266","Isocortex",1
"Cell_25520","Isocortex",1
"Cell_25538","Isocortex",1
"Cell_25857","Isocortex",1
"Cell_25919","Isocortex",1
"Cell_26287","Isocortex",1
"Cell_26345","Isocortex",0.999999999999999
"Cell_26525","Isocortex",1
"Cell_27112","Isocortex",0.999999999999999
"Cell_27321","Isocortex",1
"Cell_27340","Isocortex",1
"Cell_27640","Isocortex",1
"Cell_28300","Isocortex",1
"Cell_28356","Isocortex",1
"Cell_28561","Isocortex",1
"Cell_28898","Isocortex",1
"Cell_29995","Isocortex",1
"Cell_30566","Isocortex",1
"Cell_30838","Isocortex",1
"Cell_32199","Isocortex",1
"Cell_32432","Isocortex",0.986936997268042
"Cell_33176","Isocortex",1
"Cell_33763","Isocortex",0.979337718186032
"Cell_33957","Isocortex",1
"Cell_34070","Isocortex",1
"Cell_34181","Isocortex",1
"Cell_34342","Isocortex",1
"Cell_34535","Isocortex",1
"Cell_34751","Isocortex",1
"Cell_35140","Isocortex",1
"Cell_35302","Isocortex",1
"Cell_35536","Isocortex",1
"Cell_36401","Isocortex",1
"Cell_36456","Isocortex",1
"Cell_36825","Isocortex",1
"Cell_36939","Isocortex",1
"Cell_37092","Isocortex",1
"Cell_37206","Isocortex",1
"Cell_37483","Isocortex",1
"Cell_37671","Isocortex",1
"Cell_38113","Isocortex",1
"Cell_38238","Isocortex",1
"Cell_39166","Isocortex",1
"Cell_40484","Isocortex",1
"Cell_41249","Isocortex",1
"Cell_41301","Isocortex",1
"Cell_41494","Isocortex",1
"Cell_41862","Isocortex",1
"Cell_42327","Isocortex",1
"Cell_42651","Isocortex",1
"Cell_42684","Isocortex",1
"Cell_42970","Isocortex",0.991875159442564
"Cell_44040","Isocortex",1
"Cell_44811","Isocortex",1
"Cell_44815","Isocortex",1
"Cell_45145","Isocortex",1
"Cell_29752","Isocortex",1
"Cell_17577","Isocortex",1
"Cell_31278","Isocortex",1
"Cell_40619","Isocortex",1
"Cell_41058","Isocortex",0.98210471928714
"Cell_7109","Isocortex",1
"Cell_12295","Isocortex",1
"Cell_20988","Isocortex",1
"Cell_24876","Isocortex",1
"Cell_25226","Isocortex",1
"Cell_28790","Isocortex",1
"Cell_30656","Isocortex",1
"Cell_32415","Isocortex",1
"Cell_1153","Isocortex",0.984180905600166
"Cell_3236","Isocortex",1
"Cell_3449","Isocortex",1
"Cell_6456","Isocortex",1
"Cell_8589","Isocortex",1
"Cell_9150","Isocortex",1
"Cell_10926","Isocortex",1
"Cell_12606","Isocortex",1
"Cell_13162","Isocortex",1
"Cell_14788","Isocortex",1
"Cell_21100","Isocortex",1
"Cell_22746","Isocortex",1
"Cell_24591","Isocortex",1
"Cell_25855","Isocortex",1
"Cell_26696","Isocortex",1
"Cell_33173","Isocortex",1
"Cell_38518","Isocortex",1
"Cell_40400","Isocortex",1
"Cell_41495","Isocortex",1
"Cell_41846","Isocortex",1
"Cell_43027","Isocortex",1
"Cell_44127","Isocortex",1
"Cell_19928","Isocortex",1
"Cell_26849","Isocortex",1
"Cell_2328","Isocortex",1
"Cell_2332","Isocortex",1
"Cell_3182","Isocortex",1
"Cell_3281","Isocortex",1
"Cell_3706","Isocortex",1
"Cell_5007","Isocortex",1
"Cell_5698","Isocortex",1
"Cell_5715","Isocortex",1
"Cell_6609","Isocortex",1
"Cell_6901","Isocortex",1
"Cell_8099","Isocortex",1
"Cell_8503","Isocortex",1
"Cell_10106","Isocortex",1
"Cell_10494","Isocortex",1
"Cell_12232","Isocortex",1
"Cell_14569","Isocortex",1
"Cell_16928","Isocortex",1
"Cell_18240","Isocortex",1
"Cell_20277","Isocortex",1
"Cell_21433","Isocortex",1
"Cell_21936","Isocortex",1
"Cell_23265","Isocortex",1
"Cell_23478","Isocortex",0.969649869557302
"Cell_25117","Isocortex",1
"Cell_26600","Isocortex",1
"Cell_27789","Isocortex",1
"Cell_28445","Isocortex",1
"Cell_28535","Isocortex",1
"Cell_28947","Isocortex",1
"Cell_29162","Isocortex",1
"Cell_29892","Isocortex",1
"Cell_30192","Isocortex",1
"Cell_31060","Isocortex",1
"Cell_31475","Isocortex",0.950258394937242
"Cell_31613","Isocortex",1
"Cell_31734","Isocortex",1
"Cell_34876","Isocortex",1
"Cell_35108","Isocortex",0.999999999999999
"Cell_35426","Isocortex",1
"Cell_36260","Isocortex",1
"Cell_37116","Isocortex",1
"Cell_37681","Isocortex",1
"Cell_38603","Isocortex",1
"Cell_41327","Isocortex",1
"Cell_42223","Isocortex",1
"Cell_42907","Isocortex",1
"Cell_43909","Isocortex",1
"Cell_44300","Isocortex",1
"Cell_19512","Isocortex",1
"Cell_27218","Isocortex",1
"Cell_28760","Isocortex",1
"Cell_44545","Isocortex",1
"Cell_4792","Isocortex",1
"Cell_15263","Isocortex",1
"Cell_25656","Isocortex",1
"Cell_27727","Isocortex",1
"Cell_31708","Isocortex",1
"Cell_32506","Isocortex",1
"Cell_10286","Isocortex",1
"Cell_129","Isocortex",1
"Cell_1193","Isocortex",1
"Cell_2906","Isocortex",1
"Cell_6472","Isocortex",1
"Cell_19324","Isocortex",1
"Cell_28892","Isocortex",1
"Cell_30845","Isocortex",0.999999999999999
"Cell_31129","Isocortex",1
"Cell_32016","Isocortex",1
"Cell_33941","Isocortex",1
"Cell_35032","Isocortex",1
"Cell_35580","Isocortex",1
"Cell_38963","Isocortex",1
"Cell_39689","Isocortex",1
"Cell_40323","Isocortex",1
"Cell_40621","Isocortex",1
"Cell_43901","Isocortex",1
"Cell_1405","Isocortex",1
"Cell_9380","Isocortex",1
"Cell_9771","Isocortex",1
"Cell_15613","Isocortex",1
"Cell_17132","Isocortex",1
"Cell_20114","Isocortex",0.98395750301726
"Cell_24926","Isocortex",1
"Cell_28173","Isocortex",1
"Cell_29229","Isocortex",1
"Cell_39443","Isocortex",1
"Cell_12160","Isocortex",1
"Cell_1284","Isocortex",1
"Cell_38846","Isocortex",1
"Cell_17292","Isocortex",1
"Cell_23775","Isocortex",1
"Cell_31629","Isocortex",1
"Cell_37054","Isocortex",1
"Cell_7597","Isocortex",1
"Cell_14554","Isocortex",1
"Cell_18109","Isocortex",1
"Cell_22697","Isocortex",1
"Cell_23640","Isocortex",0.959421241290793
"Cell_31168","Isocortex",0.999999999999999
"Cell_23008","Isocortex",1
"Cell_15900","Isocortex",1
"Cell_26156","Isocortex",1
"Cell_32120","Isocortex",1
"Cell_38017","Isocortex",1
"Cell_12413","Isocortex",1
"Cell_28222","Isocortex",1
"Cell_29275","Isocortex",1
"Cell_947","Isocortex",0.953536251213095
"Cell_12891","Isocortex",1
"Cell_22123","Isocortex",1
"Cell_28773","Isocortex",1
"Cell_35920","Isocortex",1
"Cell_44794","Isocortex",1
"Cell_242","Isocortex",1
"Cell_868","Isocortex",1
"Cell_2161","Isocortex",1
"Cell_3075","Isocortex",1
"Cell_3229","Isocortex",1
"Cell_6529","Isocortex",1
"Cell_7480","Isocortex",1
"Cell_9377","Isocortex",1
"Cell_9489","Isocortex",1
"Cell_9694","Isocortex",1
"Cell_10633","Isocortex",1
"Cell_10691","Isocortex",1
"Cell_10782","Isocortex",1
"Cell_11078","Isocortex",1
"Cell_13366","Isocortex",1
"Cell_17346","Isocortex",1
"Cell_17802","Isocortex",1
"Cell_18624","Isocortex",0.999999999999999
"Cell_20148","Isocortex",1
"Cell_22939","Isocortex",0.985797683439073
"Cell_23326","Isocortex",1
"Cell_24943","Isocortex",1
"Cell_25211","Isocortex",1
"Cell_26126","Isocortex",1
"Cell_28375","Isocortex",1
"Cell_29128","Isocortex",1
"Cell_30655","Isocortex",1
"Cell_32323","Isocortex",1
"Cell_34058","Isocortex",1
"Cell_34699","Isocortex",1
"Cell_35567","Isocortex",1
"Cell_36226","Isocortex",1
"Cell_40817","Isocortex",1
"Cell_40842","Isocortex",1
"Cell_40957","Isocortex",1
"Cell_43147","Isocortex",0.997550006756528
"Cell_43453","Isocortex",1
"Cell_43933","Isocortex",1
"Cell_1594","Isocortex",1
"Cell_6506","Isocortex",1
"Cell_10682","Isocortex",1
"Cell_16250","Isocortex",1
"Cell_18699","Isocortex",1
"Cell_24028","Isocortex",1
"Cell_27537","Isocortex",1
"Cell_28447","Isocortex",1
"Cell_34255","Isocortex",1
"Cell_35954","Isocortex",1
"Cell_36712","Isocortex",1
"Cell_37950","Isocortex",1
"Cell_38668","Isocortex",0.993241822601977
"Cell_41020","Isocortex",1
"Cell_41187","Isocortex",1
"Cell_42875","Isocortex",1
"Cell_11294","Isocortex",1
"Cell_1834","Isocortex",1
"Cell_26487","Isocortex",1
"Cell_29066","Isocortex",1
"Cell_2508","Isocortex",1
"Cell_6317","Isocortex",1
"Cell_7355","Isocortex",0.99997445123327
"Cell_9473","Isocortex",1
"Cell_12074","Isocortex",1
"Cell_12563","Isocortex",1
"Cell_13770","Isocortex",1
"Cell_15390","Isocortex",1
"Cell_22035","Isocortex",1
"Cell_22587","Isocortex",1
"Cell_22635","Isocortex",1
"Cell_23027","Isocortex",1
"Cell_29483","Isocortex",1
"Cell_35705","Isocortex",1
"Cell_35752","Isocortex",1
"Cell_3444","Isocortex",1
"Cell_17829","Isocortex",1
"Cell_35051","Isocortex",1
"Cell_35354","Isocortex",1
"Cell_6603","Isocortex",1
"Cell_23536","Isocortex",1
"Cell_35835","Isocortex",1
"Cell_38186","Isocortex",1
"Cell_25069","Isocortex",1
"Cell_21876","Isocortex",1
"Cell_9274","Isocortex",1
"Cell_35357","Isocortex",1
"Cell_2555","Isocortex",1
"Cell_19516","Isocortex",1
"Cell_24701","Isocortex",1
"Cell_37599","Isocortex",0.985299523035432
"Cell_9879","Isocortex",1
"Cell_13337","Isocortex",1
"Cell_30501","Isocortex",1
"Cell_14200","Isocortex",1
"Cell_23043","Isocortex",1
"Cell_15735","Isocortex",1
"Cell_2350","Isocortex",1
"Cell_14031","Isocortex",1
"Cell_21336","Isocortex",1
"Cell_30940","Isocortex",1
"Cell_10966","Isocortex",1
"Cell_32967","Isocortex",1
"Cell_38175","Isocortex",1
"Cell_7575","Isocortex",1
"Cell_13103","Isocortex",1
"Cell_17697","Isocortex",1
"Cell_37312","Isocortex",1
"Cell_41248","Isocortex",0.984546575503408
"Cell_44971","Isocortex",1
"Cell_3040","Isocortex",1
"Cell_15327","Isocortex",1
"Cell_18965","Isocortex",1
"Cell_25599","Isocortex",1
"Cell_26390","Isocortex",1
"Cell_28968","Isocortex",1
"Cell_13369","Isocortex",1
"Cell_15523","Isocortex",1
"Cell_18331","Isocortex",1
"Cell_23670","Isocortex",1
"Cell_42374","Isocortex",1
"Cell_6193","Isocortex",1
"Cell_1851","Isocortex",1
"Cell_16238","Isocortex",1
"Cell_22074","Isocortex",1
"Cell_22590","Isocortex",0.997853671327735
"Cell_25724","Isocortex",1
"Cell_34946","Isocortex",1
"Cell_35151","Isocortex",1
"Cell_40419","Isocortex",1
"Cell_44698","Isocortex",1
"Cell_18378","Isocortex",1
"Cell_14385","Isocortex",1
"Cell_21050","Isocortex",1
"Cell_21575","Isocortex",1
"Cell_25051","Isocortex",1
"Cell_27093","Isocortex",0.999999999999999
"Cell_35585","Isocortex",1
"Cell_19399","Isocortex",1
"Cell_208","Isocortex",1
"Cell_23349","Isocortex",1
"Cell_24774","Isocortex",1
"Cell_28589","Isocortex",1
"Cell_39244","Isocortex",1
"Cell_39788","Isocortex",1
"Cell_40987","Isocortex",1
"Cell_21418","Isocortex",1
"Cell_33605","Isocortex",1
"Cell_9589","Isocortex",1
"Cell_5997","Isocortex",1
"Cell_4425","Isocortex",1
"Cell_5058","Isocortex",1
"Cell_5761","Isocortex",1
"Cell_8301","Isocortex",1
"Cell_13156","Isocortex",1
"Cell_14222","Isocortex",1
"Cell_16457","Isocortex",1
"Cell_26575","Isocortex",1
"Cell_29512","Isocortex",1
"Cell_31351","Isocortex",1
"Cell_33339","Isocortex",1
"Cell_35050","Isocortex",1
"Cell_35664","Isocortex",1
"Cell_39900","Isocortex",1
"Cell_42793","Isocortex",1
"Cell_43877","Isocortex",1
"Cell_483","Isocortex",1
"Cell_11329","Isocortex",1
"Cell_11547","Isocortex",0.999927464132339
"Cell_12556","Isocortex",1
"Cell_13523","Isocortex",1
"Cell_17983","Isocortex",1
"Cell_18559","Isocortex",1
"Cell_22935","Isocortex",1
"Cell_23383","Isocortex",0.999999999999999
"Cell_23817","Isocortex",1
"Cell_24528","Isocortex",1
"Cell_25396","Isocortex",1
"Cell_28928","Isocortex",1
"Cell_29412","Isocortex",1
"Cell_33315","Isocortex",1
"Cell_34531","Isocortex",1
"Cell_35448","Isocortex",1
"Cell_35635","Isocortex",0.999999999999999
"Cell_36940","Isocortex",1
"Cell_37642","Isocortex",0.999684488011197
"Cell_38649","Isocortex",1
"Cell_39186","Isocortex",1
"Cell_43675","Isocortex",1
"Cell_44666","Isocortex",1
"Cell_45135","Isocortex",1
"Cell_2562","Isocortex",1
"Cell_5835","Isocortex",1
"Cell_6531","Isocortex",1
"Cell_10894","Isocortex",1
"Cell_11959","Isocortex",1
"Cell_15627","Isocortex",1
"Cell_15814","Isocortex",1
"Cell_22926","Isocortex",1
"Cell_23031","Isocortex",0.999989565991741
"Cell_24586","Isocortex",1
"Cell_26469","Isocortex",1
"Cell_27832","Isocortex",1
"Cell_31489","Isocortex",1
"Cell_32460","Isocortex",1
"Cell_34165","Isocortex",1
"Cell_37746","Isocortex",1
"Cell_38780","Isocortex",1
"Cell_39842","Isocortex",1
"Cell_41031","Isocortex",1
"Cell_44406","Isocortex",1
"Cell_27343","Isocortex",1
"Cell_21672","Isocortex",1
"Cell_36914","Isocortex",1
"Cell_38266","Isocortex",0.999999999999999
"Cell_8014","Isocortex",1
"Cell_14074","Isocortex",1
"Cell_15002","Isocortex",1
"Cell_15703","Isocortex",1
"Cell_15790","Isocortex",0.999730879459225
"Cell_16222","Isocortex",1
"Cell_17961","Isocortex",1
"Cell_19725","Isocortex",1
"Cell_20443","Isocortex",1
"Cell_23566","Isocortex",1
"Cell_24756","Isocortex",1
"Cell_26340","Isocortex",1
"Cell_28547","Isocortex",1
"Cell_32679","Isocortex",1
"Cell_37201","Isocortex",1
"Cell_37658","Isocortex",1
"Cell_39399","Isocortex",1
"Cell_5592","Isocortex",1
"Cell_13185","Isocortex",1
"Cell_13626","Isocortex",1
"Cell_17464","Isocortex",1
"Cell_22695","Isocortex",1
"Cell_24688","Isocortex",1
"Cell_35271","Isocortex",0.999999999999999
"Cell_933","Isocortex",1
"Cell_27048","Isocortex",1
"Cell_29916","Isocortex",1
"Cell_35248","Isocortex",1
"Cell_40525","Isocortex",1
"Cell_21627","Isocortex",0.999999999999999
"Cell_38391","Isocortex",1
"Cell_8747","Isocortex",1
"Cell_17720","Isocortex",1
"Cell_23458","Isocortex",1
"Cell_26644","Isocortex",1
"Cell_29590","Isocortex",1
"Cell_35278","Isocortex",1
"Cell_5106","Isocortex",1
"Cell_15822","Isocortex",1
"Cell_21597","Isocortex",1
"Cell_33464","Isocortex",1
"Cell_44268","Isocortex",1
"Cell_13087","Isocortex",1
"Cell_13464","Isocortex",1
"Cell_15228","PVT",1
"Cell_30364","PVT",1
"Cell_31703","PVT",1
"Cell_171","PVT",1
"Cell_22960","PVT",1
"Cell_44378","PVT",1
"Cell_45267","PVT",1
"Cell_16656","PVT",1
"Cell_27538","PVT",1
"Cell_43302","PVT",1
"Cell_9111","PVT",1
"Cell_3403","PVT",1
"Cell_23638","PVT",1
"Cell_28831","PVT",1
"Cell_30087","PVT",1
"Cell_31853","PVT",1
"Cell_40341","PVT",1
"Cell_4764","PVT",1
"Cell_6636","PVT",1
"Cell_23847","PVT",1
"Cell_33493","PVT",1
"Cell_36626","PVT",1
"Cell_12302","PVT",1
"Cell_33972","PVT",1
"Cell_35008","PVT",1
"Cell_43247","PVT",1
"Cell_1886","PVT",1
"Cell_7439","PVT",1
"Cell_8658","PVT",1
"Cell_17539","PVT",1
"Cell_18019","PVT",1
"Cell_18130","PVT",1
"Cell_18925","PVT",1
"Cell_22068","PVT",1
"Cell_22804","PVT",1
"Cell_26990","PVT",1
"Cell_28776","PVT",1
"Cell_34390","PVT",1
"Cell_36609","PVT",1
"Cell_37062","PVT",1
"Cell_37074","PVT",1
"Cell_41994","PVT",1
"Cell_43756","PVT",1
"Cell_44143","PVT",1
"Cell_398","PVT",1
"Cell_3655","PVT",1
"Cell_4284","PVT",1
"Cell_4800","PVT",1
"Cell_5133","PVT",1
"Cell_5204","PVT",0.999999999999999
"Cell_5564","PVT",1
"Cell_7161","PVT",1
"Cell_15306","PVT",1
"Cell_17669","PVT",1
"Cell_18865","PVT",1
"Cell_19679","PVT",1
"Cell_20211","PVT",0.982681127393299
"Cell_20405","PVT",1
"Cell_20450","PVT",1
"Cell_29116","PVT",1
"Cell_39549","PVT",1
"Cell_45224","PVT",1
"Cell_20400","PVT",1
"Cell_37797","PVT",1
"Cell_38300","PVT",1
"Cell_42882","PVT",1
"Cell_42888","PVT",1
"Cell_2063","PVT",1
"Cell_9223","PVT",1
"Cell_1536","PVT",1
"Cell_8307","PVT",1
"Cell_37125","PVT",1
"Cell_19239","PVT",1
"Cell_30605","PVT",1
"Cell_493","PVT",1
"Cell_2526","PVT",1
"Cell_3674","PVT",0.953178182794134
"Cell_27287","PVT",1
"Cell_16071","RHP",1
"Cell_17627","RHP",1
"Cell_36402","RHP",1
"Cell_41591","RHP",1
"Cell_25200","RHP",1
"Cell_42238","RHP",1
"Cell_14802","RHP",1
"Cell_43054","RHP",1
"Cell_16861","Isocortex",1
"Cell_40107","Isocortex",1
"Cell_41702","Isocortex",0.999999999999999
"Cell_4039","Isocortex",1
"Cell_4403","Isocortex",1
"Cell_14211","Isocortex",1
"Cell_16643","Isocortex",1
"Cell_18734","Isocortex",1
"Cell_34376","Isocortex",1
"Cell_42199","Isocortex",0.998077654199128
"Cell_43035","Isocortex",1
"Cell_3385","Isocortex",1
"Cell_20814","Isocortex",1
"Cell_6988","Isocortex",1
"Cell_801","Isocortex",1
"Cell_920","Isocortex",1
"Cell_2044","Isocortex",1
"Cell_2194","Isocortex",1
"Cell_2608","Isocortex",1
"Cell_3210","Isocortex",1
"Cell_3544","Isocortex",1
"Cell_3591","Isocortex",1
"Cell_3919","Isocortex",1
"Cell_3950","Isocortex",1
"Cell_4537","Isocortex",1
"Cell_4743","Isocortex",1
"Cell_4993","Isocortex",1
"Cell_5520","Isocortex",1
"Cell_5549","Isocortex",1
"Cell_7425","Isocortex",1
"Cell_7490","Isocortex",1
"Cell_8021","Isocortex",1
"Cell_8931","Isocortex",1
"Cell_9166","Isocortex",1
"Cell_9503","Isocortex",1
"Cell_10087","Isocortex",1
"Cell_10301","Isocortex",1
"Cell_10579","Isocortex",1
"Cell_10662","Isocortex",1
"Cell_12033","Isocortex",1
"Cell_12372","Isocortex",1
"Cell_12966","Isocortex",1
"Cell_13419","Isocortex",1
"Cell_14144","Isocortex",1
"Cell_14242","Isocortex",1
"Cell_14420","Isocortex",1
"Cell_15044","Isocortex",0.999999999999999
"Cell_15497","Isocortex",1
"Cell_16211","Isocortex",1
"Cell_16532","Isocortex",1
"Cell_16804","Isocortex",0.999999999999999
"Cell_17365","Isocortex",1
"Cell_17704","Isocortex",1
"Cell_18577","Isocortex",1
"Cell_19145","Isocortex",1
"Cell_19599","Isocortex",1
"Cell_20060","Isocortex",0.996787659985936
"Cell_20360","Isocortex",1
"Cell_21478","Isocortex",1
"Cell_21625","Isocortex",1
"Cell_21837","Isocortex",1
"Cell_22246","Isocortex",1
"Cell_22464","Isocortex",1
"Cell_22892","Isocortex",1
"Cell_23052","Isocortex",1
"Cell_23437","Isocortex",1
"Cell_25057","Isocortex",1
"Cell_26076","Isocortex",1
"Cell_26959","Isocortex",1
"Cell_27115","Isocortex",1
"Cell_27382","Isocortex",1
"Cell_27641","Isocortex",1
"Cell_27728","Isocortex",1
"Cell_28114","Isocortex",1
"Cell_28435","Isocortex",0.979446673648971
"Cell_28497","Isocortex",1
"Cell_28526","Isocortex",1
"Cell_29375","Isocortex",1
"Cell_29935","Isocortex",1
"Cell_30154","Isocortex",1
"Cell_30669","Isocortex",1
"Cell_31451","Isocortex",1
"Cell_31581","Isocortex",1
"Cell_31997","Isocortex",1
"Cell_32190","Isocortex",1
"Cell_32358","Isocortex",1
"Cell_32371","Isocortex",1
"Cell_33003","Isocortex",1
"Cell_33617","Isocortex",1
"Cell_36067","Isocortex",1
"Cell_36709","Isocortex",1
"Cell_38086","Isocortex",1
"Cell_38826","Isocortex",1
"Cell_39351","Isocortex",1
"Cell_39709","Isocortex",1
"Cell_40799","Isocortex",1
"Cell_40837","Isocortex",1
"Cell_40972","Isocortex",1
"Cell_40999","Isocortex",1
"Cell_41998","Isocortex",1
"Cell_42722","Isocortex",1
"Cell_43451","Isocortex",1
"Cell_44197","Isocortex",1
"Cell_44396","Isocortex",1
"Cell_44486","Isocortex",1
"Cell_44914","Isocortex",1
"Cell_414","Isocortex",1
"Cell_1180","Isocortex",1
"Cell_1710","Isocortex",1
"Cell_1831","Isocortex",1
"Cell_1891","Isocortex",1
"Cell_2294","Isocortex",1
"Cell_2518","Isocortex",1
"Cell_2532","Isocortex",1
"Cell_2866","Isocortex",1
"Cell_2915","Isocortex",1
"Cell_4417","Isocortex",1
"Cell_5968","Isocortex",0.999155330826076
"Cell_6378","Isocortex",1
"Cell_7134","Isocortex",1
"Cell_7228","Isocortex",1
"Cell_7616","Isocortex",1
"Cell_7639","Isocortex",1
"Cell_8198","Isocortex",1
"Cell_8667","Isocortex",0.971658855806523
"Cell_8785","Isocortex",1
"Cell_9421","Isocortex",1
"Cell_10256","Isocortex",1
"Cell_11388","Isocortex",1
"Cell_12742","Isocortex",1
"Cell_13312","Isocortex",1
"Cell_13387","Isocortex",1
"Cell_13520","Isocortex",1
"Cell_13642","Isocortex",1
"Cell_13716","Isocortex",1
"Cell_14563","Isocortex",1
"Cell_15008","Isocortex",1
"Cell_15385","Isocortex",1
"Cell_15677","Isocortex",1
"Cell_16167","Isocortex",0.959588372177891
"Cell_16216","Isocortex",1
"Cell_19317","Isocortex",1
"Cell_20118","Isocortex",1
"Cell_20133","Isocortex",1
"Cell_20488","Isocortex",1
"Cell_20848","Isocortex",1
"Cell_20983","Isocortex",1
"Cell_21082","Isocortex",1
"Cell_22200","Isocortex",1
"Cell_23045","Isocortex",1
"Cell_23081","Isocortex",1
"Cell_23102","Isocortex",1
"Cell_23484","Isocortex",1
"Cell_23705","Isocortex",1
"Cell_24020","Isocortex",1
"Cell_24143","Isocortex",1
"Cell_24409","Isocortex",1
"Cell_24594","Isocortex",1
"Cell_25104","Isocortex",1
"Cell_26108","Isocortex",1
"Cell_26196","Isocortex",1
"Cell_26211","Isocortex",1
"Cell_26283","Isocortex",1
"Cell_26827","Isocortex",1
"Cell_27045","Isocortex",1
"Cell_27355","Isocortex",1
"Cell_27669","Isocortex",1
"Cell_28015","Isocortex",0.999999999999999
"Cell_28667","Isocortex",1
"Cell_28705","Isocortex",1
"Cell_29280","Isocortex",1
"Cell_29872","Isocortex",0.999999999999999
"Cell_30116","Isocortex",1
"Cell_30247","Isocortex",1
"Cell_30390","Isocortex",1
"Cell_31467","Isocortex",1
"Cell_31761","Isocortex",1
"Cell_32300","Isocortex",1
"Cell_33501","Isocortex",0.997165649735078
"Cell_33560","Isocortex",1
"Cell_33980","Isocortex",1
"Cell_35443","Isocortex",1
"Cell_35977","Isocortex",1
"Cell_36264","Isocortex",1
"Cell_36724","Isocortex",1
"Cell_37521","Isocortex",1
"Cell_37610","Isocortex",1
"Cell_37686","Isocortex",1
"Cell_37966","Isocortex",1
"Cell_38292","Isocortex",1
"Cell_38318","Isocortex",1
"Cell_38653","Isocortex",1
"Cell_39176","Isocortex",1
"Cell_39420","Isocortex",1
"Cell_40132","Isocortex",1
"Cell_40384","Isocortex",0.962352977956649
"Cell_40469","Isocortex",1
"Cell_40544","Isocortex",1
"Cell_41305","Isocortex",1
"Cell_41820","Isocortex",1
"Cell_42973","Isocortex",1
"Cell_43374","Isocortex",1
"Cell_43912","Isocortex",1
"Cell_45061","Isocortex",1
"Cell_70","Isocortex",1
"Cell_575","Isocortex",1
"Cell_877","Isocortex",1
"Cell_1257","Isocortex",1
"Cell_1411","Isocortex",1
"Cell_1503","Isocortex",1
"Cell_1530","Isocortex",1
"Cell_3077","Isocortex",1
"Cell_3099","Isocortex",1
"Cell_3365","Isocortex",1
"Cell_3629","Isocortex",1
"Cell_4451","Isocortex",1
"Cell_4491","Isocortex",1
"Cell_4936","Isocortex",1
"Cell_6012","Isocortex",1
"Cell_6639","Isocortex",1
"Cell_6654","Isocortex",1
"Cell_7147","Isocortex",1
"Cell_8959","Isocortex",1
"Cell_9117","Isocortex",1
"Cell_10244","Isocortex",1
"Cell_10920","Isocortex",1
"Cell_11151","Isocortex",1
"Cell_11913","Isocortex",1
"Cell_11958","Isocortex",1
"Cell_12890","Isocortex",1
"Cell_13582","Isocortex",1
"Cell_13938","Isocortex",1
"Cell_14037","Isocortex",1
"Cell_14172","Isocortex",1
"Cell_14477","Isocortex",1
"Cell_14556","Isocortex",1
"Cell_16742","Isocortex",0.999953686340543
"Cell_18150","Isocortex",1
"Cell_18256","Isocortex",0.999999999999999
"Cell_19159","Isocortex",1
"Cell_19961","Isocortex",1
"Cell_20447","Isocortex",1
"Cell_20579","Isocortex",1
"Cell_20871","Isocortex",1
"Cell_23702","Isocortex",1
"Cell_24764","Isocortex",1
"Cell_24796","Isocortex",1
"Cell_26926","Isocortex",1
"Cell_28344","Isocortex",1
"Cell_28352","Isocortex",1
"Cell_29451","Isocortex",1
"Cell_29476","Isocortex",1
"Cell_29740","Isocortex",1
"Cell_31321","Isocortex",1
"Cell_31574","Isocortex",1
"Cell_31717","Isocortex",1
"Cell_32148","Isocortex",1
"Cell_32824","Isocortex",1
"Cell_33049","Isocortex",1
"Cell_33385","Isocortex",0.970680423989938
"Cell_33424","Isocortex",1
"Cell_33440","Isocortex",1
"Cell_33832","Isocortex",1
"Cell_34225","Isocortex",1
"Cell_34500","Isocortex",1
"Cell_34740","Isocortex",0.995401500793296
"Cell_36166","Isocortex",1
"Cell_36205","Isocortex",1
"Cell_36944","Isocortex",1
"Cell_36985","Isocortex",1
"Cell_37016","Isocortex",1
"Cell_37851","Isocortex",0.999960005129902
"Cell_37935","Isocortex",1
"Cell_37985","Isocortex",1
"Cell_38345","Isocortex",1
"Cell_38783","Isocortex",0.999999999999999
"Cell_38860","Isocortex",1
"Cell_38957","Isocortex",1
"Cell_40971","Isocortex",1
"Cell_42205","Isocortex",1
"Cell_42837","Isocortex",1
"Cell_42935","Isocortex",1
"Cell_43003","Isocortex",1
"Cell_43563","Isocortex",1
"Cell_43861","Isocortex",1
"Cell_45178","Isocortex",1
"Cell_15051","Isocortex",1
"Cell_15178","Isocortex",1
"Cell_29187","Isocortex",0.999999999999999
"Cell_819","Isocortex",1
"Cell_4015","Isocortex",1
"Cell_5323","Isocortex",1
"Cell_13478","Isocortex",1
"Cell_16764","Isocortex",1
"Cell_24451","Isocortex",1
"Cell_25743","Isocortex",1
"Cell_27574","Isocortex",1
"Cell_29907","Isocortex",1
"Cell_40110","Isocortex",1
"Cell_45270","Isocortex",1
"Cell_135","Isocortex",1
"Cell_210","Isocortex",1
"Cell_1213","Isocortex",1
"Cell_14331","Isocortex",1
"Cell_16127","Isocortex",1
"Cell_21718","Isocortex",1
"Cell_26463","Isocortex",1
"Cell_29257","Isocortex",1
"Cell_31837","Isocortex",1
"Cell_32139","Isocortex",0.999999999999999
"Cell_32405","Isocortex",1
"Cell_34089","Isocortex",1
"Cell_34662","Isocortex",0.999939205110039
"Cell_35787","Isocortex",1
"Cell_37495","Isocortex",1
"Cell_38660","Isocortex",0.999999999999999
"Cell_41203","Isocortex",1
"Cell_41646","Isocortex",1
"Cell_42098","Isocortex",1
"Cell_42916","Isocortex",1
"Cell_43874","Isocortex",0.999999999999999
"Cell_44290","Isocortex",1
"Cell_44584","Isocortex",1
"Cell_282","Isocortex",1
"Cell_289","Isocortex",1
"Cell_2535","Isocortex",1
"Cell_2565","Isocortex",1
"Cell_3647","Isocortex",1
"Cell_3710","Isocortex",1
"Cell_5123","Isocortex",1
"Cell_5184","Isocortex",1
"Cell_6969","Isocortex",1
"Cell_7822","Isocortex",1
"Cell_10033","Isocortex",1
"Cell_10910","Isocortex",0.999999999999999
"Cell_11622","Isocortex",1
"Cell_11643","Isocortex",0.989998934693249
"Cell_11956","Isocortex",1
"Cell_12680","Isocortex",1
"Cell_12902","Isocortex",0.999999999999999
"Cell_13891","Isocortex",1
"Cell_14985","Isocortex",1
"Cell_17202","Isocortex",1
"Cell_17795","Isocortex",1
"Cell_18110","Isocortex",1
"Cell_18275","Isocortex",1
"Cell_18876","Isocortex",1
"Cell_19056","Isocortex",1
"Cell_19762","Isocortex",1
"Cell_20978","Isocortex",1
"Cell_21809","Isocortex",1
"Cell_23023","Isocortex",1
"Cell_23463","Isocortex",1
"Cell_26058","Isocortex",1
"Cell_26249","Isocortex",1
"Cell_26630","Isocortex",1
"Cell_27462","Isocortex",1
"Cell_27848","Isocortex",1
"Cell_28804","Isocortex",1
"Cell_29001","Isocortex",1
"Cell_29526","Isocortex",0.999999999999999
"Cell_30938","Isocortex",1
"Cell_31455","Isocortex",1
"Cell_34618","Isocortex",1
"Cell_35313","Isocortex",1
"Cell_35712","Isocortex",1
"Cell_36685","Isocortex",1
"Cell_38435","Isocortex",1
"Cell_38926","Isocortex",1
"Cell_40774","Isocortex",1
"Cell_41871","Isocortex",1
"Cell_42459","Isocortex",1
"Cell_43173","Isocortex",1
"Cell_43174","Isocortex",1
"Cell_44141","Isocortex",1
"Cell_26276","Isocortex",1
"Cell_38744","Isocortex",1
"Cell_27484","Isocortex",1
"Cell_161","Isocortex",1
"Cell_4384","Isocortex",1
"Cell_4430","Isocortex",1
"Cell_4716","Isocortex",1
"Cell_5061","Isocortex",1
"Cell_5431","Isocortex",1
"Cell_5568","Isocortex",1
"Cell_5937","Isocortex",1
"Cell_7232","Isocortex",1
"Cell_7793","Isocortex",1
"Cell_8595","Isocortex",1
"Cell_8723","Isocortex",1
"Cell_8725","Isocortex",1
"Cell_9016","Isocortex",1
"Cell_9532","Isocortex",1
"Cell_10456","Isocortex",1
"Cell_10812","Isocortex",1
"Cell_10902","Isocortex",1
"Cell_10957","Isocortex",1
"Cell_11419","Isocortex",1
"Cell_11489","Isocortex",1
"Cell_11494","Isocortex",1
"Cell_12349","Isocortex",1
"Cell_12542","Isocortex",1
"Cell_13632","Isocortex",1
"Cell_14125","Isocortex",1
"Cell_14463","Isocortex",1
"Cell_14807","Isocortex",1
"Cell_16365","Isocortex",1
"Cell_16736","Isocortex",1
"Cell_17008","Isocortex",1
"Cell_17139","Isocortex",1
"Cell_17209","Isocortex",1
"Cell_17934","Isocortex",1
"Cell_19064","Isocortex",1
"Cell_19484","Isocortex",1
"Cell_19653","Isocortex",1
"Cell_19907","Isocortex",1
"Cell_20173","Isocortex",1
"Cell_20602","Isocortex",1
"Cell_22640","Isocortex",1
"Cell_23586","Isocortex",1
"Cell_23739","Isocortex",1
"Cell_24271","Isocortex",1
"Cell_24345","Isocortex",1
"Cell_24414","Isocortex",1
"Cell_24960","Isocortex",1
"Cell_25004","Isocortex",1
"Cell_25228","Isocortex",1
"Cell_25231","Isocortex",1
"Cell_26331","Isocortex",1
"Cell_26942","Isocortex",1
"Cell_27455","Isocortex",1
"Cell_28044","Isocortex",1
"Cell_28080","Isocortex",1
"Cell_29235","Isocortex",1
"Cell_29327","Isocortex",1
"Cell_29998","Isocortex",1
"Cell_30048","Isocortex",1
"Cell_30331","Isocortex",1
"Cell_30604","Isocortex",1
"Cell_31250","Isocortex",0.999999999999999
"Cell_31559","Isocortex",1
"Cell_31560","Isocortex",1
"Cell_31722","Isocortex",1
"Cell_31836","Isocortex",1
"Cell_32062","Isocortex",1
"Cell_32221","Isocortex",1
"Cell_32261","Isocortex",1
"Cell_32269","Isocortex",1
"Cell_32330","Isocortex",1
"Cell_32398","Isocortex",1
"Cell_32640","Isocortex",1
"Cell_33053","Isocortex",1
"Cell_35037","Isocortex",1
"Cell_35239","Isocortex",1
"Cell_36449","Isocortex",0.999999999999999
"Cell_37278","Isocortex",0.996062319280737
"Cell_37947","Isocortex",1
"Cell_37989","Isocortex",1
"Cell_38224","Isocortex",1
"Cell_38368","Isocortex",1
"Cell_38849","Isocortex",1
"Cell_38980","Isocortex",1
"Cell_39521","Isocortex",1
"Cell_39655","Isocortex",1
"Cell_39822","Isocortex",1
"Cell_39961","Isocortex",1
"Cell_40047","Isocortex",1
"Cell_40083","Isocortex",1
"Cell_40486","Isocortex",1
"Cell_40844","Isocortex",1
"Cell_41062","Isocortex",1
"Cell_41694","Isocortex",1
"Cell_42102","Isocortex",1
"Cell_42695","Isocortex",1
"Cell_43153","Isocortex",1
"Cell_43225","Isocortex",1
"Cell_6864","Isocortex",1
"Cell_25711","Isocortex",1
"Cell_1499","Isocortex",1
"Cell_3030","Isocortex",1
"Cell_19018","Isocortex",1
"Cell_42773","Isocortex",0.989414019468075
"Cell_13999","Isocortex",1
"Cell_15931","Isocortex",0.999999999999999
"Cell_24475","Isocortex",1
"Cell_26911","Isocortex",1
"Cell_32007","Isocortex",1
"Cell_36371","Isocortex",1
"Cell_3755","Isocortex",1
"Cell_10239","Isocortex",1
"Cell_10242","Isocortex",1
"Cell_11618","Isocortex",1
"Cell_14059","Isocortex",1
"Cell_14545","Isocortex",1
"Cell_16137","Isocortex",1
"Cell_16210","Isocortex",1
"Cell_16776","Isocortex",1
"Cell_16917","Isocortex",1
"Cell_17597","Isocortex",0.999999999999999
"Cell_18799","Isocortex",1
"Cell_18870","Isocortex",1
"Cell_19322","Isocortex",1
"Cell_21989","Isocortex",1
"Cell_24217","Isocortex",1
"Cell_24366","Isocortex",1
"Cell_25565","Isocortex",1
"Cell_27136","Isocortex",1
"Cell_31540","Isocortex",1
"Cell_32800","Isocortex",1
"Cell_32843","Isocortex",1
"Cell_33008","Isocortex",1
"Cell_33281","Isocortex",1
"Cell_34642","Isocortex",1
"Cell_35533","Isocortex",1
"Cell_37067","Isocortex",1
"Cell_40027","Isocortex",1
"Cell_42841","Isocortex",1
"Cell_43459","Isocortex",1
"Cell_45067","Isocortex",1
"Cell_6073","Isocortex",1
"Cell_22756","Isocortex",1
"Cell_25207","Isocortex",1
"Cell_31819","Isocortex",1
"Cell_368","Isocortex",1
"Cell_1036","Isocortex",1
"Cell_1661","Isocortex",1
"Cell_3507","Isocortex",1
"Cell_4422","Isocortex",1
"Cell_5156","Isocortex",1
"Cell_6065","Isocortex",1
"Cell_7516","Isocortex",1
"Cell_7718","Isocortex",1
"Cell_8033","Isocortex",1
"Cell_8448","Isocortex",1
"Cell_8704","Isocortex",1
"Cell_9552","Isocortex",1
"Cell_9829","Isocortex",1
"Cell_10259","Isocortex",1
"Cell_10900","Isocortex",1
"Cell_11211","Isocortex",1
"Cell_11467","Isocortex",1
"Cell_11992","Isocortex",1
"Cell_12506","Isocortex",1
"Cell_14028","Isocortex",1
"Cell_15185","Isocortex",1
"Cell_15344","Isocortex",1
"Cell_17988","Isocortex",1
"Cell_19982","Isocortex",1
"Cell_21165","Isocortex",1
"Cell_22539","Isocortex",1
"Cell_23497","Isocortex",1
"Cell_24182","Isocortex",1
"Cell_24841","Isocortex",1
"Cell_25028","Isocortex",1
"Cell_25501","Isocortex",1
"Cell_26039","Isocortex",1
"Cell_26754","Isocortex",1
"Cell_27338","Isocortex",1
"Cell_27968","Isocortex",1
"Cell_28411","Isocortex",1
"Cell_29660","Isocortex",1
"Cell_30588","Isocortex",1
"Cell_30833","Isocortex",1
"Cell_31462","Isocortex",1
"Cell_31960","Isocortex",1
"Cell_33216","Isocortex",1
"Cell_34450","Isocortex",1
"Cell_35857","Isocortex",1
"Cell_36277","Isocortex",1
"Cell_37440","Isocortex",1
"Cell_38161","Isocortex",1
"Cell_40760","Isocortex",1
"Cell_41595","Isocortex",1
"Cell_41762","Isocortex",1
"Cell_42256","Isocortex",1
"Cell_42633","Isocortex",1
"Cell_43061","Isocortex",1
"Cell_43343","Isocortex",1
"Cell_44602","Isocortex",1
"Cell_45192","Isocortex",1
"Cell_2348","Isocortex",1
"Cell_4096","Isocortex",1
"Cell_10922","Isocortex",1
"Cell_12299","Isocortex",0.999999999999999
"Cell_12391","Isocortex",1
"Cell_12477","Isocortex",1
"Cell_13322","Isocortex",1
"Cell_15163","Isocortex",1
"Cell_15904","Isocortex",1
"Cell_20336","Isocortex",1
"Cell_34991","Isocortex",1
"Cell_35075","Isocortex",1
"Cell_35576","Isocortex",1
"Cell_38192","Isocortex",1
"Cell_39299","Isocortex",1
"Cell_43652","Isocortex",1
"Cell_36215","Isocortex",1
"Cell_7035","Isocortex",1
"Cell_12504","Isocortex",1
"Cell_18238","Isocortex",1
"Cell_19586","Isocortex",1
"Cell_23421","Isocortex",1
"Cell_24249","Isocortex",1
"Cell_24598","Isocortex",1
"Cell_26267","Isocortex",1
"Cell_28805","Isocortex",1
"Cell_31036","Isocortex",1
"Cell_32085","Isocortex",1
"Cell_40907","Isocortex",1
"Cell_42799","Isocortex",1
"Cell_43478","Isocortex",1
"Cell_6930","Isocortex",1
"Cell_12448","Isocortex",1
"Cell_19340","Isocortex",1
"Cell_28799","Isocortex",1
"Cell_981","Isocortex",1
"Cell_2502","Isocortex",0.997714285481654
"Cell_8218","Isocortex",1
"Cell_8492","Isocortex",1
"Cell_22119","Isocortex",1
"Cell_26585","Isocortex",1
"Cell_28292","Isocortex",1
"Cell_29709","Isocortex",1
"Cell_30125","Isocortex",1
"Cell_39538","Isocortex",1
"Cell_42581","Isocortex",1
"Cell_43068","Isocortex",1
"Cell_4078","Isocortex",1
"Cell_43720","Isocortex",1
"Cell_20516","CA1sp",1
"Cell_29075","CA1sp",1
"Cell_166","CA1sp",0.976415880713441
"Cell_1660","CA1sp",0.978290239504166
"Cell_1664","CA1sp",1
"Cell_2341","CA1sp",1
"Cell_3080","CA1sp",1
"Cell_3098","CA1sp",1
"Cell_3893","CA1sp",1
"Cell_6877","CA1sp",1
"Cell_7351","CA1sp",0.999999999999999
"Cell_8399","CA1sp",1
"Cell_9252","CA1sp",1
"Cell_9650","CA1sp",1
"Cell_9913","CA1sp",1
"Cell_13068","CA1sp",0.964304172677449
"Cell_13135","CA1sp",0.999979086756788
"Cell_13145","CA1sp",1
"Cell_13797","CA1sp",0.967672046709994
"Cell_13963","CA1sp",1
"Cell_14363","CA1sp",1
"Cell_14786","CA1sp",0.994165873350341
"Cell_15038","CA1sp",0.995742112070338
"Cell_15158","CA1sp",1
"Cell_16259","CA1sp",1
"Cell_16950","CA1sp",0.999955752778323
"Cell_17029","CA1sp",1
"Cell_18455","CA1sp",1
"Cell_20101","CA1sp",1
"Cell_20761","CA1sp",0.95644366561642
"Cell_22435","CA1sp",1
"Cell_22737","CA1sp",1
"Cell_23827","CA1sp",1
"Cell_24464","CA1sp",1
"Cell_24619","CA1sp",1
"Cell_24894","CA1sp",0.970462633482582
"Cell_25472","CA1sp",1
"Cell_26173","CA1sp",1
"Cell_26313","CA1sp",1
"Cell_28070","CA1sp",1
"Cell_28181","CA1sp",1
"Cell_28394","CA1sp",1
"Cell_29411","CA1sp",1
"Cell_30186","CA1sp",1
"Cell_30306","CA1sp",1
"Cell_30770","CA1sp",1
"Cell_31254","CA1sp",1
"Cell_33256","CA1sp",1
"Cell_33406","CA1sp",1
"Cell_34218","CA1sp",1
"Cell_34802","CA1sp",1
"Cell_34858","CA1sp",1
"Cell_34874","CA1sp",1
"Cell_35006","CA1sp",1
"Cell_35169","CA1sp",1
"Cell_35565","CA1sp",1
"Cell_35943","CA1sp",1
"Cell_37156","CA1sp",1
"Cell_37286","CA1sp",1
"Cell_39217","CA1sp",1
"Cell_39713","CA1sp",1
"Cell_40518","CA1sp",1
"Cell_42082","CA1sp",1
"Cell_43236","CA1sp",1
"Cell_43601","CA1sp",1
"Cell_45188","CA1sp",1
"Cell_2891","CA1sp",0.997228114367431
"Cell_7196","CA1sp",0.982969125593174
"Cell_7580","CA1sp",1
"Cell_7993","CA1sp",1
"Cell_11350","CA1sp",1
"Cell_18193","CA1sp",1
"Cell_20808","CA1sp",1
"Cell_21321","CA1sp",0.999999999999999
"Cell_22368","CA1sp",1
"Cell_23510","CA1sp",1
"Cell_28619","CA1sp",1
"Cell_38429","CA1sp",1
"Cell_38672","CA1sp",1
"Cell_39806","CA1sp",1
"Cell_40222","CA1sp",1
"Cell_40983","CA1sp",1
"Cell_41295","CA1sp",1
"Cell_42277","CA1sp",1
"Cell_42416","CA1sp",1
"Cell_20987","CA1sp",1
"Cell_18274","CA1sp",1
"Cell_574","CA1sp",1
"Cell_1966","CA1sp",1
"Cell_2118","CA1sp",1
"Cell_2235","CA1sp",1
"Cell_2495","CA1sp",1
"Cell_7340","CA1sp",1
"Cell_8083","CA1sp",1
"Cell_9028","CA1sp",1
"Cell_9470","CA1sp",1
"Cell_9582","CA1sp",1
"Cell_10116","CA1sp",1
"Cell_12784","CA1sp",1
"Cell_14602","CA1sp",1
"Cell_16171","CA1sp",1
"Cell_18335","CA1sp",0.999999999999999
"Cell_20812","CA1sp",1
"Cell_22260","CA1sp",1
"Cell_22752","CA1sp",1
"Cell_27453","CA1sp",1
"Cell_27985","CA1sp",1
"Cell_30124","CA1sp",1
"Cell_30128","CA1sp",0.968236905771733
"Cell_34981","CA1sp",1
"Cell_35718","CA1sp",1
"Cell_39059","CA1sp",1
"Cell_39959","CA1sp",1
"Cell_44012","CA1sp",1
"Cell_1262","CA1sp",0.999106475000913
"Cell_1537","CA1sp",1
"Cell_4018","CA1sp",1
"Cell_5096","CA1sp",1
"Cell_5116","CA1sp",1
"Cell_5756","CA1sp",1
"Cell_6152","CA1sp",1
"Cell_6294","CA1sp",1
"Cell_6395","CA1sp",1
"Cell_6740","CA1sp",1
"Cell_7002","CA1sp",1
"Cell_7785","CA1sp",1
"Cell_7976","CA1sp",1
"Cell_8067","CA1sp",1
"Cell_8732","CA1sp",1
"Cell_9826","CA1sp",1
"Cell_9964","CA1sp",1
"Cell_10535","CA1sp",1
"Cell_11416","CA1sp",1
"Cell_12761","CA1sp",1
"Cell_14748","CA1sp",1
"Cell_16826","CA1sp",1
"Cell_17570","CA1sp",1
"Cell_17807","CA1sp",1
"Cell_17906","CA1sp",1
"Cell_18770","CA1sp",1
"Cell_21351","CA1sp",1
"Cell_21537","CA1sp",1
"Cell_21701","CA1sp",1
"Cell_21778","CA1sp",1
"Cell_23502","CA1sp",1
"Cell_24653","CA1sp",1
"Cell_25785","CA1sp",1
"Cell_25798","CA1sp",1
"Cell_25927","CA1sp",1
"Cell_26148","CA1sp",1
"Cell_26272","CA1sp",1
"Cell_27164","CA1sp",1
"Cell_27674","CA1sp",1
"Cell_29440","CA1sp",1
"Cell_30088","CA1sp",1
"Cell_30199","CA1sp",1
"Cell_31415","CA1sp",0.991901737702895
"Cell_32106","CA1sp",1
"Cell_32170","CA1sp",1
"Cell_32989","CA1sp",1
"Cell_33135","CA1sp",1
"Cell_34634","CA1sp",0.967829660686316
"Cell_34953","CA1sp",1
"Cell_37620","CA1sp",1
"Cell_38167","CA1sp",1
"Cell_38398","CA1sp",1
"Cell_39696","CA1sp",1
"Cell_40424","CA1sp",1
"Cell_40451","CA1sp",1
"Cell_41792","CA1sp",1
"Cell_43493","CA1sp",1
"Cell_43578","CA1sp",1
"Cell_44271","CA1sp",1
"Cell_44997","CA1sp",1
"Cell_45122","CA1sp",0.999999999999999
"Cell_6111","CA1sp",0.999999999999999
"Cell_11025","CA1sp",1
"Cell_12037","CA1sp",1
"Cell_21268","CA1sp",1
"Cell_21350","CA1sp",1
"Cell_10980","CA1sp",1
"Cell_19883","CA1sp",1
"Cell_31178","CA1sp",1
"Cell_5361","CA1sp",1
"Cell_6833","CA1sp",1
"Cell_11699","CA1sp",1
"Cell_18252","CA1sp",1
"Cell_19556","CA1sp",1
"Cell_19926","CA1sp",1
"Cell_20598","CA1sp",1
"Cell_43441","CA1sp",1
"Cell_44855","CA1sp",1
"Cell_4987","CA1sp",1
"Cell_7569","CA1sp",1
"Cell_14039","CA1sp",1
"Cell_18422","CA1sp",1
"Cell_20652","CA1sp",1
"Cell_22151","CA1sp",1
"Cell_27504","CA1sp",0.999999999999999
"Cell_28331","CA1sp",1
"Cell_30366","CA1sp",1
"Cell_32586","CA1sp",1
"Cell_34182","CA1sp",1
"Cell_37921","CA1sp",1
"Cell_42161","CA1sp",1
"Cell_8781","CA1sp",1
"Cell_11630","CA1sp",1
"Cell_22515","CA1sp",0.999999999999999
"Cell_23175","CA1sp",1
"Cell_39169","CA1sp",1
"Cell_27375","CA1sp",1
"Cell_7582","CA1sp",1
"Cell_8563","CA1sp",1
"Cell_20752","CA1sp",1
"Cell_28966","CA1sp",0.999502210386635
"Cell_32931","CA1sp",1
"Cell_36545","CA1sp",1
"Cell_38020","CA1sp",1
"Cell_43181","CA1sp",0.968704008477591
"Cell_2344","CA1sp",1
"Cell_2854","CA1sp",1
"Cell_9315","CA1sp",1
"Cell_39656","CA1sp",1
"Cell_32315","CA2so",1
"Cell_15821","CA2so",1
"Cell_3713","CA2so",1
"Cell_33015","CA2so",1
"Cell_44158","CA2so",0.978403468025791
"Cell_17837","CA2so",1
"Cell_19177","CA2so",1
"Cell_26062","CA2so",1
"Cell_26676","CA2so",1
"Cell_39686","CA2so",0.999999999999999
"Cell_43020","CA2so",0.999999999999999
"Cell_2930","CA2so",0.999999982368703
"Cell_9464","CA2so",1
"Cell_5774","CA2so",1
"Cell_36475","CA2so",1
"Cell_44274","CA2so",1
"Cell_44337","CA2so",0.979564169698606
"Cell_44875","CA2sp",1
"Cell_9827","CA2sp",1
"Cell_3927","CA2sp",1
"Cell_6520","CA2sp",0.999999999999999
"Cell_6739","CA2sp",1
"Cell_7963","CA2sp",1
"Cell_8572","CA2sp",1
"Cell_10121","CA2sp",1
"Cell_14613","CA2sp",1
"Cell_16165","CA2sp",1
"Cell_18450","CA2sp",0.999999999999999
"Cell_19040","CA2sp",1
"Cell_20477","CA2sp",1
"Cell_20517","CA2sp",1
"Cell_22945","CA2sp",1
"Cell_24153","CA2sp",1
"Cell_25084","CA2sp",1
"Cell_26998","CA2sp",1
"Cell_27003","CA2sp",1
"Cell_29774","CA2sp",1
"Cell_32973","CA2sp",1
"Cell_33305","CA2sp",1
"Cell_33367","CA2sp",1
"Cell_33528","CA2sp",1
"Cell_33855","CA2sp",1
"Cell_35207","CA2sp",1
"Cell_35940","CA2sp",1
"Cell_36182","CA2sp",1
"Cell_36745","CA2sp",1
"Cell_37247","CA2sp",1
"Cell_38170","CA2sp",1
"Cell_39019","CA2sp",1
"Cell_39653","CA2sp",1
"Cell_40997","CA2sp",1
"Cell_42142","CA2sp",1
"Cell_44661","CA2sp",1
"Cell_3676","CA2sp",1
"Cell_10925","CA2sp",1
"Cell_12227","CA2sp",1
"Cell_13242","CA2sp",1
"Cell_19415","CA2sp",1
"Cell_21737","CA2sp",1
"Cell_37285","CA2sp",1
"Cell_41106","CA2sp",1
"Cell_2590","CA2sp",1
"Cell_5782","CA2sp",1
"Cell_12916","CA2sp",1
"Cell_20856","CA2sp",0.999999999999999
"Cell_22054","CA2sp",0.996350830352538
"Cell_29670","CA2sp",1
"Cell_31622","CA2sp",1
"Cell_44067","CA2sp",0.992377022605631
"Cell_2586","CA2sp",1
"Cell_4862","CA2sp",1
"Cell_6251","CA2sp",1
"Cell_10406","CA2sp",1
"Cell_18949","CA2sp",0.998454590303146
"Cell_18982","CA2sp",1
"Cell_20106","CA2sp",0.983307132357006
"Cell_23159","CA2sp",1
"Cell_23891","CA2sp",1
"Cell_26851","CA2sp",1
"Cell_27305","CA2sp",1
"Cell_29577","CA2sp",1
"Cell_35609","CA2sp",1
"Cell_35815","CA2sp",1
"Cell_38609","CA2sp",1
"Cell_42594","CA2sp",1
"Cell_45208","CA2sp",1
"Cell_2389","CA2sp",1
"Cell_26259","CA2sp",1
"Cell_2890","CA2sp",1
"Cell_18278","CA2sp",1
"Cell_23850","CA2sp",1
"Cell_29756","CA2sp",1
"Cell_31865","CA2sp",1
"Cell_20551","PCN",1
"Cell_35389","PCN",1
"Cell_6631","PCN",0.978339227783458
"Cell_8031","PCN",1
"Cell_26513","PCN",1
"Cell_294","PCN",1
"Cell_12650","PCN",1
"Cell_13154","PCN",1
"Cell_32498","PCN",1
"Cell_34278","PCN",1
"Cell_17648","PCN",1
"Cell_44462","PCN",1
"Cell_6092","PCN",1
"Cell_10078","PCN",1
"Cell_25946","PCN",1
"Cell_29166","PCN",1
"Cell_29250","PCN",1
"Cell_35355","PCN",1
"Cell_262","PCN",1
"Cell_921","PCN",1
"Cell_4239","PCN",1
"Cell_5209","PCN",1
"Cell_7894","PCN",1
"Cell_8680","PCN",1
"Cell_9645","PCN",1
"Cell_11317","PCN",1
"Cell_11437","PCN",1
"Cell_13105","PCN",1
"Cell_14176","PCN",1
"Cell_15082","PCN",1
"Cell_15089","PCN",1
"Cell_17765","PCN",1
"Cell_18937","PCN",1
"Cell_19647","PCN",1
"Cell_19711","PCN",0.994078873854706
"Cell_19791","PCN",1
"Cell_21838","PCN",1
"Cell_22204","PCN",1
"Cell_22920","PCN",1
"Cell_25094","PCN",1
"Cell_26824","PCN",0.953464162484267
"Cell_29039","PCN",1
"Cell_29468","PCN",1
"Cell_31098","PCN",1
"Cell_31541","PCN",1
"Cell_32897","PCN",1
"Cell_33754","PCN",1
"Cell_35188","PCN",1
"Cell_36965","PCN",1
"Cell_37182","PCN",1
"Cell_38664","PCN",1
"Cell_38673","PCN",1
"Cell_38909","PCN",1
"Cell_40093","PCN",1
"Cell_44276","PCN",1
"Cell_21435","PCN",1
"Cell_15235","PCN",1
"Cell_18429","PCN",1
"Cell_27156","PCN",1
"Cell_32201","PCN",1
"Cell_4289","PCN",1
"Cell_11202","PCN",1
"Cell_12252","PCN",1
"Cell_18775","PCN",1
"Cell_19619","PCN",1
"Cell_22036","PCN",1
"Cell_37852","PCN",1
"Cell_42345","PCN",1
"Cell_10055","PCN",0.974496712644379
"Cell_17875","PCN",0.999999999999999
"Cell_44810","PCN",1
"Cell_16868","PCN",1
"Cell_4200","PCN",1
"Cell_19744","PCN",1
"Cell_1847","PCN",1
"Cell_4194","PCN",1
"Cell_11694","PCN",1
"Cell_19689","PCN",1
"Cell_20911","PCN",1
"Cell_24228","PCN",1
"Cell_26553","PCN",1
"Cell_27334","PCN",1
"Cell_28006","PCN",1
"Cell_29030","PCN",1
"Cell_31364","PCN",1
"Cell_31781","PCN",1
"Cell_45215","PCN",1
"Cell_8569","PCN",1
"Cell_20340","PCN",1
"Cell_24311","PCN",1
"Cell_28751","PCN",1
"Cell_35231","PCN",1
"Cell_820","PCN",1
"Cell_11513","PCN",1
"Cell_12103","PCN",1
"Cell_21213","PCN",1
"Cell_24113","PCN",1
"Cell_34745","PCN",1
"Cell_42937","PCN",1
"Cell_5049","PCN",1
"Cell_3089","PCN",1
"Cell_3025","PCN",1
"Cell_14732","PCN",1
"Cell_18086","PCN",1
"Cell_21059","PCN",0.997889164830432
"Cell_23003","PCN",1
"Cell_24938","PCN",0.999999999999999
"Cell_30490","PCN",1
"Cell_34236","PCN",1
"Cell_36249","PCN",1
"Cell_39319","PCN",0.999999999999999
"Cell_5086","PCN",1
"Cell_5486","PCN",1
"Cell_20838","PCN",1
"Cell_13578","PCN",1
"Cell_20950","PCN",1
"Cell_24375","PCN",1
"Cell_29144","PCN",1
"Cell_39502","PCN",1
"Cell_23272","Isocortex",1
"Cell_6060","Isocortex",1
"Cell_274","Isocortex",1
"Cell_2592","Isocortex",1
"Cell_4659","Isocortex",1
"Cell_18896","Isocortex",1
"Cell_22717","Isocortex",1
"Cell_27396","Isocortex",1
"Cell_39131","Isocortex",1
"Cell_3650","Isocortex",0.987211287923037
"Cell_39782","Isocortex",1
"Cell_9428","Isocortex",1
"Cell_12826","Isocortex",1
"Cell_38446","Isocortex",1
"Cell_9230","Isocortex",1
"Cell_11807","Isocortex",1
"Cell_38412","Isocortex",1
"Cell_11675","Isocortex",1
"Cell_24371","Isocortex",1
"Cell_15376","Isocortex",1
"Cell_37868","Isocortex",1
"Cell_43207","Isocortex",1
"Cell_12654","Isocortex",1
"Cell_26486","Isocortex",1
"Cell_31986","Isocortex",1
"Cell_7896","Isocortex",1
"Cell_8254","Isocortex",0.999999999999999
"Cell_8956","Isocortex",1
"Cell_11073","Isocortex",1
"Cell_13714","Isocortex",1
"Cell_15520","Isocortex",1
"Cell_15590","Isocortex",1
"Cell_16286","Isocortex",1
"Cell_17861","Isocortex",1
"Cell_24736","Isocortex",1
"Cell_28728","Isocortex",1
"Cell_30334","Isocortex",1
"Cell_30989","Isocortex",1
"Cell_33353","Isocortex",0.999999999999999
"Cell_37241","Isocortex",1
"Cell_37584","Isocortex",0.953932237454538
"Cell_39610","Isocortex",1
"Cell_43090","Isocortex",1
"Cell_9840","Isocortex",1
"Cell_11607","Isocortex",1
"Cell_12443","Isocortex",1
"Cell_12708","Isocortex",0.986014478940993
"Cell_15971","Isocortex",1
"Cell_16205","Isocortex",1
"Cell_17256","Isocortex",1
"Cell_19357","Isocortex",1
"Cell_21594","Isocortex",1
"Cell_24241","Isocortex",1
"Cell_29305","Isocortex",1
"Cell_36875","Isocortex",1
"Cell_41607","Isocortex",1
"Cell_979","Isocortex",1
"Cell_1338","Isocortex",1
"Cell_1744","Isocortex",1
"Cell_2715","Isocortex",1
"Cell_4367","Isocortex",1
"Cell_10234","Isocortex",1
"Cell_18069","Isocortex",1
"Cell_18162","Isocortex",0.999999999999999
"Cell_20116","Isocortex",1
"Cell_21695","Isocortex",1
"Cell_25900","Isocortex",0.956168439320616
"Cell_26515","Isocortex",1
"Cell_28911","Isocortex",1
"Cell_31600","Isocortex",1
"Cell_33331","Isocortex",1
"Cell_37038","Isocortex",1
"Cell_37420","Isocortex",1
"Cell_43299","Isocortex",1
"Cell_44280","Isocortex",1
"Cell_180","Isocortex",1
"Cell_3751","Isocortex",1
"Cell_26787","Isocortex",1
"Cell_28710","Isocortex",1
"Cell_34068","Isocortex",1
"Cell_22691","Isocortex",1
"Cell_28774","Isocortex",0.999999999999999
"Cell_36614","Isocortex",1
"Cell_39278","Isocortex",1
"Cell_7802","Isocortex",1
"Cell_8580","Isocortex",1
"Cell_9313","Isocortex",1
"Cell_9596","Isocortex",1
"Cell_9692","Isocortex",1
"Cell_11249","Isocortex",1
"Cell_11438","Isocortex",1
"Cell_11758","Isocortex",1
"Cell_12693","Isocortex",1
"Cell_13133","Isocortex",1
"Cell_18381","Isocortex",1
"Cell_19757","Isocortex",1
"Cell_26711","Isocortex",0.982947110655461
"Cell_27221","Isocortex",1
"Cell_27261","Isocortex",0.999999999999999
"Cell_28093","Isocortex",1
"Cell_28439","Isocortex",0.955213651111685
"Cell_29121","Isocortex",1
"Cell_29410","Isocortex",1
"Cell_29533","Isocortex",1
"Cell_29858","Isocortex",1
"Cell_29938","Isocortex",1
"Cell_30664","Isocortex",1
"Cell_31994","Isocortex",1
"Cell_33072","Isocortex",1
"Cell_34644","Isocortex",1
"Cell_41522","Isocortex",0.999999999999999
"Cell_44451","Isocortex",1
"Cell_44956","Isocortex",1
"Cell_24986","Isocortex",1
"Cell_43726","Isocortex",1
"Cell_5453","Isocortex",1
"Cell_6783","Isocortex",0.984499332882376
"Cell_6862","Isocortex",1
"Cell_10280","Isocortex",1
"Cell_12220","Isocortex",1
"Cell_14743","Isocortex",0.999999999999999
"Cell_18039","Isocortex",1
"Cell_18490","Isocortex",1
"Cell_22322","Isocortex",1
"Cell_22387","Isocortex",1
"Cell_28909","Isocortex",1
"Cell_30532","Isocortex",1
"Cell_33430","Isocortex",1
"Cell_6816","Isocortex",1
"Cell_5210","Isocortex",1
"Cell_9613","Isocortex",1
"Cell_13084","Isocortex",1
"Cell_13700","Isocortex",1
"Cell_13943","Isocortex",1
"Cell_39476","Isocortex",1
"Cell_12175","Isocortex",1
"Cell_9000","Isocortex",1
"Cell_9514","Isocortex",1
"Cell_18013","Isocortex",1
"Cell_26978","Isocortex",1
"Cell_34736","Isocortex",1
"Cell_44430","Isocortex",1
"Cell_23761","Isocortex",1
"Cell_33775","Isocortex",1
"Cell_40420","Isocortex",1
"Cell_39268","Isocortex",1
"Cell_18789","CA3slu",1
"Cell_32628","CA3slu",0.999999999999999
"Cell_34825","CA3slu",1
"Cell_42385","CA3slu",1
"Cell_489","CA3slu",1
"Cell_3410","CA3slu",0.998981018575531
"Cell_3768","CA3slu",1
"Cell_5872","CA3slu",0.999991696331157
"Cell_17493","CA3slu",1
"Cell_21777","CA3slu",0.969112674373791
"Cell_22996","CA3slu",1
"Cell_23256","CA3slu",0.999856207109408
"Cell_8949","CA3slu",1
"Cell_16573","CA3slu",1
"Cell_28079","CA3slu",1
"Cell_25862","CA2sp",1
"Cell_43165","CA2sp",1
"Cell_2014","CA2sp",0.999883323336793
"Cell_2213","CA2sp",1
"Cell_4249","CA2sp",1
"Cell_7631","CA2sp",1
"Cell_8575","CA2sp",1
"Cell_9610","CA2sp",1
"Cell_13485","CA2sp",1
"Cell_16968","CA2sp",1
"Cell_18589","CA2sp",1
"Cell_20878","CA2sp",1
"Cell_21219","CA2sp",1
"Cell_22406","CA2sp",1
"Cell_23866","CA2sp",1
"Cell_25716","CA2sp",1
"Cell_26520","CA2sp",1
"Cell_29026","CA2sp",1
"Cell_35132","CA2sp",1
"Cell_35850","CA2sp",1
"Cell_20577","CA2sp",0.999381415038011
"Cell_22022","CA2sp",1
"Cell_1102","CA2sp",1
"Cell_5170","CA2sp",1
"Cell_23932","CA2sp",1
"Cell_43966","CA2sp",1
"Cell_7139","CA2sp",1
"Cell_17955","CA2sp",1
"Cell_29053","CA2sp",1
"Cell_25908","Isocortex",1
"Cell_22431","Isocortex",1
"Cell_32682","Isocortex",1
"Cell_36869","Isocortex",1
"Cell_1188","Isocortex",1
"Cell_1307","Isocortex",1
"Cell_3583","Isocortex",1
"Cell_10946","Isocortex",1
"Cell_26175","Isocortex",1
"Cell_26785","Isocortex",1
"Cell_28040","Isocortex",1
"Cell_28433","Isocortex",1
"Cell_28523","Isocortex",1
"Cell_30488","Isocortex",1
"Cell_36525","Isocortex",1
"Cell_42143","Isocortex",1
"Cell_8435","Isocortex",1
"Cell_8750","Isocortex",1
"Cell_10258","Isocortex",1
"Cell_15098","Isocortex",1
"Cell_27187","Isocortex",1
"Cell_35906","Isocortex",1
"Cell_39929","Isocortex",1
"Cell_17123","Isocortex",1
"Cell_14761","Isocortex",1
"Cell_32362","Isocortex",0.993555419953442
"Cell_11812","Isocortex",1
"Cell_21126","Isocortex",1
"Cell_24093","Isocortex",1
"Cell_28415","Isocortex",1
"Cell_32834","Isocortex",1
"Cell_36520","Isocortex",1
"Cell_37158","Isocortex",0.97445805304574
"Cell_11915","Isocortex",1
"Cell_29367","Isocortex",1
"Cell_35107","Isocortex",1
"Cell_674","Isocortex",1
"Cell_1154","Isocortex",1
"Cell_20937","Isocortex",0.999999999999999
"Cell_33459","Isocortex",1
"Cell_41940","Isocortex",1
"Cell_18520","Isocortex",1
"Cell_41363","Isocortex",1
"Cell_41953","Isocortex",1
"Cell_60","Isocortex",1
"Cell_2613","Isocortex",1
"Cell_16192","Isocortex",1
"Cell_6014","Isocortex",1
"Cell_31022","Isocortex",1
"Cell_38655","Isocortex",1
"Cell_12944","Isocortex",0.996064456929954
"Cell_4898","Isocortex",1
"Cell_9710","Isocortex",1
"Cell_41477","Isocortex",1
"Cell_8453","Isocortex",0.981329474931522
"Cell_9264","Isocortex",1
"Cell_19774","Isocortex",1
"Cell_42272","Isocortex",1
"Cell_2830","Isocortex",1
"Cell_3035","Isocortex",1
"Cell_3994","Isocortex",1
"Cell_20638","Isocortex",1
"Cell_23813","Isocortex",1
"Cell_28361","Isocortex",1
"Cell_31107","Isocortex",1
"Cell_38173","Isocortex",1
"Cell_38332","Isocortex",1
"Cell_42353","Isocortex",0.978236075383578
"Cell_44514","Isocortex",1
"Cell_45157","Isocortex",1
"Cell_3093","Isocortex",1
"Cell_4812","Isocortex",1
"Cell_13061","Isocortex",1
"Cell_39154","Isocortex",1
"Cell_26394","Isocortex",1
"Cell_17940","Isocortex",1
"Cell_28646","Isocortex",1
"Cell_13031","Isocortex",1
"Cell_26901","CM",1
"Cell_28945","CM",1
"Cell_38648","CM",1
"Cell_42344","CM",1
"Cell_14077","CM",1
"Cell_34141","CM",1
"Cell_1884","CM",1
"Cell_5541","CM",1
"Cell_6616","CM",0.970697106815999
"Cell_7599","CM",1
"Cell_10431","CM",1
"Cell_14523","CM",1
"Cell_17270","CM",1
"Cell_23808","CM",1
"Cell_25460","CM",1
"Cell_31177","CM",1
"Cell_34421","CM",1
"Cell_37047","CM",1
"Cell_45250","CM",1
"Cell_14053","CM",1
"Cell_24025","CM",1
"Cell_37108","CM",1
"Cell_39272","CM",1
"Cell_3995","CM",0.980369161258056
"Cell_11598","CM",1
"Cell_20381","CM",1
"Cell_22026","CM",1
"Cell_26452","CM",1
"Cell_32811","CM",1
"Cell_33237","CM",1
"Cell_8748","CM",1
"Cell_11639","CM",1
"Cell_18330","CM",0.99008684130922
"Cell_18656","CM",1
"Cell_24178","CM",1
"Cell_26216","CM",1
"Cell_32217","CM",1
"Cell_38048","CM",1
"Cell_42912","CM",1
"Cell_43450","CM",1
"Cell_793","CM",0.999999999999999
"Cell_1520","CM",0.999999999999999
"Cell_1607","CM",0.999999999999999
"Cell_1771","CM",1
"Cell_2599","CM",1
"Cell_3021","CM",1
"Cell_3735","CM",1
"Cell_6968","CM",1
"Cell_7763","CM",1
"Cell_8177","CM",1
"Cell_9684","CM",1
"Cell_10189","CM",1
"Cell_10441","CM",1
"Cell_12415","CM",1
"Cell_12561","CM",1
"Cell_13205","CM",1
"Cell_15373","CM",1
"Cell_16420","CM",1
"Cell_17491","CM",1
"Cell_22687","CM",1
"Cell_23414","CM",1
"Cell_24312","CM",1
"Cell_24381","CM",1
"Cell_27285","CM",1
"Cell_28663","CM",1
"Cell_30909","CM",1
"Cell_31056","CM",1
"Cell_31097","CM",1
"Cell_35096","CM",1
"Cell_35532","CM",1
"Cell_36162","CM",1
"Cell_36383","CM",1
"Cell_39807","CM",1
"Cell_39866","CM",1
"Cell_40561","CM",1
"Cell_2629","CM",1
"Cell_15317","CM",1
"Cell_18131","CM",1
"Cell_22770","CM",1
"Cell_26845","CM",0.999871389624408
"Cell_31484","CM",1
"Cell_32194","CM",1
"Cell_36835","CM",1
"Cell_37970","CM",1
"Cell_2842","CM",1
"Cell_24247","CM",1
"Cell_1694","CM",1
"Cell_13618","CM",1
"Cell_15209","CM",1
"Cell_17758","CM",1
"Cell_24262","CM",1
"Cell_26095","CM",1
"Cell_32077","CM",1
"Cell_41005","CM",1
"Cell_7374","CM",1
"Cell_16051","CM",1
"Cell_17159","CM",1
"Cell_36433","CM",1
"Cell_38892","CM",1
"Cell_40625","CM",1
"Cell_3863","CM",1
"Cell_4199","CM",1
"Cell_14879","CM",1
"Cell_14987","CM",1
"Cell_18315","CM",1
"Cell_23444","CM",1
"Cell_39460","CM",1
"Cell_42746","CM",1
"Cell_37542","CM",1
"Cell_25325","CM",1
"Cell_82","CM",1
"Cell_7124","CM",1
"Cell_14685","CM",1
"Cell_21035","CM",1
"Cell_36086","CM",0.999999999999999
"Cell_41942","CM",0.999999999999999
"Cell_36053","CM",1
"Cell_35165","Isocortex",0.957530598573933
"Cell_864","Isocortex",1
"Cell_3708","Isocortex",1
"Cell_11315","Isocortex",1
"Cell_11879","Isocortex",1
"Cell_15887","Isocortex",1
"Cell_16303","Isocortex",1
"Cell_18614","Isocortex",1
"Cell_18698","Isocortex",1
"Cell_21887","Isocortex",1
"Cell_22171","Isocortex",0.994605541887062
"Cell_25256","Isocortex",1
"Cell_34462","Isocortex",1
"Cell_38358","Isocortex",1
"Cell_40676","Isocortex",1
"Cell_42278","Isocortex",1
"Cell_1601","Isocortex",1
"Cell_19535","Isocortex",1
"Cell_2876","Isocortex",1
"Cell_11361","Isocortex",0.994912987630984
"Cell_12486","Isocortex",1
"Cell_1175","Isocortex",1
"Cell_40586","Isocortex",1
"Cell_16110","Isocortex",1
"Cell_17781","Isocortex",1
"Cell_39211","Isocortex",1
"Cell_26946","Isocortex",1
"Cell_8714","Isocortex",1
"Cell_33288","Isocortex",1
"Cell_33389","Isocortex",1
"Cell_938","Isocortex",1
"Cell_1894","Isocortex",1
"Cell_7790","Isocortex",1
"Cell_11067","Isocortex",1
"Cell_18063","Isocortex",1
"Cell_21976","Isocortex",1
"Cell_27526","Isocortex",1
"Cell_31155","Isocortex",1
"Cell_1899","Isocortex",1
"Cell_4372","Isocortex",0.951882381516571
"Cell_6259","Isocortex",0.999999999999999
"Cell_6605","Isocortex",1
"Cell_7978","Isocortex",1
"Cell_10252","Isocortex",1
"Cell_18170","Isocortex",1
"Cell_20581","Isocortex",1
"Cell_22314","Isocortex",1
"Cell_23561","Isocortex",1
"Cell_30388","Isocortex",1
"Cell_31032","Isocortex",1
"Cell_40045","Isocortex",1
"Cell_40599","Isocortex",1
"Cell_40848","Isocortex",1
"Cell_43049","Isocortex",1
"Cell_44737","Isocortex",1
"Cell_7698","Isocortex",1
"Cell_17749","Isocortex",1
"Cell_31754","Isocortex",1
"Cell_32232","Isocortex",1
"Cell_3931","Isocortex",1
"Cell_9004","Isocortex",1
"Cell_9389","Isocortex",1
"Cell_15928","Isocortex",1
"Cell_16111","Isocortex",1
"Cell_19350","Isocortex",1
"Cell_20328","Isocortex",1
"Cell_26685","Isocortex",1
"Cell_29469","Isocortex",1
"Cell_39800","Isocortex",1
"Cell_44319","Isocortex",1
"Cell_3614","Isocortex",1
"Cell_18957","Isocortex",0.998833348857626
"Cell_1301","Isocortex",1
"Cell_16502","Isocortex",1
"Cell_23527","Isocortex",1
"Cell_26162","Isocortex",1
"Cell_32012","Isocortex",1
"Cell_35084","Isocortex",1
"Cell_41352","Isocortex",1
"Cell_43418","CL",1
"Cell_3305","CL",1
"Cell_9516","CL",1
"Cell_23774","CL",1
"Cell_27643","CL",1
"Cell_34598","CL",1
"Cell_35353","CL",1
"Cell_43384","CL",1
"Cell_10970","CL",1
"Cell_15951","CL",1
"Cell_44074","CL",1
"Cell_17408","CL",1
"Cell_23529","CL",0.999999999999999
"Cell_26105","CL",1
"Cell_31246","CL",1
"Cell_39128","CL",0.98593368861314
"Cell_40479","CL",1
"Cell_41814","CL",1
"Cell_42619","CL",1
"Cell_1575","CL",1
"Cell_4104","CL",1
"Cell_9498","CL",1
"Cell_9848","CL",1
"Cell_12179","CL",1
"Cell_13009","CL",1
"Cell_16929","CL",1
"Cell_17767","CL",1
"Cell_20519","CL",1
"Cell_23301","CL",1
"Cell_24994","CL",1
"Cell_29530","CL",1
"Cell_30050","CL",1
"Cell_31195","CL",1
"Cell_32155","CL",0.999999999999999
"Cell_34605","CL",1
"Cell_41081","CL",1
"Cell_43569","CL",1
"Cell_44346","CL",1
"Cell_44919","CL",1
"Cell_285","CL",1
"Cell_915","CL",1
"Cell_2247","CL",1
"Cell_4222","CL",0.999999999999999
"Cell_4582","CL",1
"Cell_7073","CL",1
"Cell_7108","CL",1
"Cell_7156","CL",1
"Cell_9357","CL",1
"Cell_10842","CL",1
"Cell_12000","CL",1
"Cell_12516","CL",1
"Cell_20509","CL",1
"Cell_28980","CL",1
"Cell_28983","CL",0.99999984705423
"Cell_30083","CL",1
"Cell_30614","CL",1
"Cell_31885","CL",1
"Cell_33871","CL",1
"Cell_37475","CL",1
"Cell_39916","CL",1
"Cell_41112","CL",1
"Cell_41213","CL",1
"Cell_43258","CL",1
"Cell_29768","CL",1
"Cell_217","CL",1
"Cell_10569","CL",1
"Cell_29545","CL",1
"Cell_44225","CL",1
"Cell_757","CL",1
"Cell_1511","CL",1
"Cell_7191","CL",1
"Cell_12113","CL",1
"Cell_12976","CL",1
"Cell_22767","CL",1
"Cell_24724","CL",1
"Cell_33199","CL",1
"Cell_336","CL",1
"Cell_5243","CL",1
"Cell_17586","CL",1
"Cell_20137","CL",1
"Cell_24214","CL",0.999999999999999
"Cell_29154","CL",1
"Cell_33944","CL",1
"Cell_44727","CL",1
"Cell_5382","CL",1
"Cell_7623","CL",1
"Cell_10458","CL",1
"Cell_12726","CL",1
"Cell_14024","CL",1
"Cell_16476","CL",1
"Cell_20853","CL",1
"Cell_21328","CL",1
"Cell_21666","CL",1
"Cell_23288","CL",1
"Cell_27623","CL",1
"Cell_30797","CL",0.999999999999999
"Cell_30905","CL",1
"Cell_31252","CL",1
"Cell_37170","CL",0.995545334366329
"Cell_39831","CL",1
"Cell_41826","CL",1
"Cell_7078","CL",1
"Cell_11423","CL",1
"Cell_12369","CL",1
"Cell_28016","CL",1
"Cell_36389","CL",1
"Cell_12719","CL",1
"Cell_13168","CL",0.999999999999999
"Cell_13862","CL",1
"Cell_27758","CL",1
"Cell_37267","CL",1
"Cell_4471","CL",1
"Cell_7061","CL",1
"Cell_9402","CL",1
"Cell_11108","CL",1
"Cell_26772","CL",1
"Cell_41440","CL",1
"Cell_1340","CL",1
"Cell_20659","CL",1
"Cell_41618","CL",1
"Cell_3866","CL",1
"Cell_23769","CL",0.999999999999999
"Cell_30685","CL",1
"Cell_7509","CL",1
"Cell_15220","CL",1
"Cell_2470","Isocortex",1
"Cell_18575","Isocortex",1
"Cell_3737","Isocortex",1
"Cell_18457","Isocortex",1
"Cell_5132","Isocortex",1
"Cell_39","Isocortex",1
"Cell_23704","Isocortex",1
"Cell_18257","Isocortex",1
"Cell_27302","Isocortex",1
"Cell_37763","Isocortex",1
"Cell_38637","Isocortex",1
"Cell_1316","Isocortex",1
"Cell_1996","Isocortex",1
"Cell_3611","Isocortex",1
"Cell_4507","Isocortex",1
"Cell_5257","Isocortex",1
"Cell_5896","Isocortex",1
"Cell_5918","Isocortex",1
"Cell_6019","Isocortex",1
"Cell_7103","Isocortex",1
"Cell_9484","Isocortex",1
"Cell_9554","Isocortex",1
"Cell_9661","Isocortex",1
"Cell_9670","Isocortex",1
"Cell_10588","Isocortex",1
"Cell_12893","Isocortex",1
"Cell_13416","Isocortex",1
"Cell_13946","Isocortex",1
"Cell_14789","Isocortex",1
"Cell_17282","Isocortex",1
"Cell_17483","Isocortex",1
"Cell_18135","Isocortex",1
"Cell_19220","Isocortex",1
"Cell_20061","Isocortex",1
"Cell_20404","Isocortex",1
"Cell_21798","Isocortex",1
"Cell_22263","Isocortex",1
"Cell_22392","Isocortex",1
"Cell_22933","Isocortex",1
"Cell_24029","Isocortex",1
"Cell_24108","Isocortex",1
"Cell_31667","Isocortex",1
"Cell_33342","Isocortex",1
"Cell_36015","Isocortex",1
"Cell_37972","Isocortex",1
"Cell_39673","Isocortex",1
"Cell_40265","Isocortex",1
"Cell_40354","Isocortex",1
"Cell_41638","Isocortex",1
"Cell_42415","Isocortex",1
"Cell_42631","Isocortex",1
"Cell_44502","Isocortex",1
"Cell_44709","Isocortex",1
"Cell_44791","Isocortex",1
"Cell_44958","Isocortex",1
"Cell_20254","Isocortex",1
"Cell_11750","Isocortex",1
"Cell_25778","Isocortex",1
"Cell_35749","Isocortex",1
"Cell_2887","Isocortex",1
"Cell_4772","Isocortex",1
"Cell_22500","Isocortex",1
"Cell_40111","Isocortex",1
"Cell_26559","Isocortex",1
"Cell_39076","Isocortex",1
"Cell_27329","Isocortex",1
"Cell_513","Isocortex",1
"Cell_6952","Isocortex",1
"Cell_44080","Isocortex",1
"Cell_17012","Isocortex",1
"Cell_25972","Isocortex",1
"Cell_29035","Isocortex",1
"Cell_34311","Isocortex",0.987087106547074
"Cell_36628","Isocortex",1
"Cell_21289","Isocortex",1
"Cell_36263","Isocortex",1
"Cell_25315","Isocortex",1
"Cell_10847","Isocortex",0.992640806682408
"Cell_29760","Isocortex",1
"Cell_9916","Isocortex",1
"Cell_16888","Isocortex",1
"Cell_11265","CA3sr",1
"Cell_27328","CA3sr",1
"Cell_31556","CA3sr",1
"Cell_28577","CA3sr",1
"Cell_38824","CA3sr",1
"Cell_13101","CA3sr",1
"Cell_1080","CA3sr",1
"Cell_1386","CA3sr",1
"Cell_15503","CA3sr",1
"Cell_17362","CA3sr",0.984577232050163
"Cell_36244","CA3sr",1
"Cell_7706","CA3sr",1
"Cell_9338","CA3sr",1
"Cell_37021","CA3sr",1
"Cell_36126","CA3sr",1
"Cell_18122","CA3sr",1
"Cell_27096","CA3sr",1
"Cell_25271","CA3sr",1
"Cell_26822","CA3sr",1
"Cell_6036","CA3sr",0.999771206723133
"Cell_5845","CA3sr",1
"Cell_4595","CA3sr",1
"Cell_20153","Isocortex",1
"Cell_12226","Isocortex",1
"Cell_18454","Isocortex",1
"Cell_33283","Isocortex",1
"Cell_40911","Isocortex",1
"Cell_578","Isocortex",1
"Cell_1494","Isocortex",1
"Cell_2751","Isocortex",1
"Cell_3715","Isocortex",1
"Cell_5631","Isocortex",1
"Cell_6114","Isocortex",1
"Cell_7275","Isocortex",0.999999999999999
"Cell_8363","Isocortex",1
"Cell_11821","Isocortex",1
"Cell_13992","Isocortex",1
"Cell_15175","Isocortex",1
"Cell_18690","Isocortex",1
"Cell_23130","Isocortex",1
"Cell_24135","Isocortex",1
"Cell_29611","Isocortex",1
"Cell_32876","Isocortex",1
"Cell_36155","Isocortex",0.963596404085547
"Cell_36789","Isocortex",1
"Cell_39040","Isocortex",1
"Cell_39528","Isocortex",1
"Cell_43204","Isocortex",1
"Cell_4790","Isocortex",1
"Cell_7046","Isocortex",1
"Cell_16612","Isocortex",1
"Cell_20829","Isocortex",0.954514037516817
"Cell_25401","Isocortex",1
"Cell_37967","Isocortex",1
"Cell_6814","Isocortex",0.999999999999999
"Cell_12590","Isocortex",1
"Cell_18348","Isocortex",1
"Cell_30601","Isocortex",0.98161914374855
"Cell_34900","Isocortex",1
"Cell_4924","Isocortex",1
"Cell_17799","Isocortex",1
"Cell_21032","Isocortex",1
"Cell_21058","Isocortex",1
"Cell_26294","Isocortex",1
"Cell_31783","Isocortex",1
"Cell_45230","Isocortex",1
"Cell_3823","Isocortex",1
"Cell_6161","Isocortex",1
"Cell_15617","Isocortex",0.988568609100539
"Cell_38896","Isocortex",1
"Cell_7525","Isocortex",1
"Cell_23221","Isocortex",1
"Cell_24892","Isocortex",1
"Cell_26360","Isocortex",1
"Cell_34904","Isocortex",1
"Cell_39389","Isocortex",1
"Cell_6432","Isocortex",1
"Cell_13316","Isocortex",1
"Cell_14590","Isocortex",0.99787910438591
"Cell_18984","Isocortex",1
"Cell_44438","Isocortex",1
"Cell_3364","Isocortex",1
"Cell_7250","Isocortex",1
"Cell_12143","Isocortex",1
"Cell_13596","Isocortex",1
"Cell_14919","Isocortex",1
"Cell_26577","Isocortex",0.999979873924101
"Cell_34880","Isocortex",1
"Cell_36120","Isocortex",1
"Cell_42748","Isocortex",1
"Cell_20539","Isocortex",1
"Cell_35827","Isocortex",1
"Cell_9263","Isocortex",0.999999999999999
"Cell_22","Isocortex",1
"Cell_25810","Isocortex",1
"Cell_20378","Isocortex",1
"Cell_3354","Isocortex",0.999999999999999
"Cell_3648","Isocortex",1
"Cell_14195","Isocortex",1
"Cell_23197","Isocortex",1
"Cell_25177","Isocortex",1
"Cell_29946","Isocortex",1
"Cell_2880","Isocortex",1
"Cell_5090","Isocortex",1
"Cell_16649","Isocortex",1
"Cell_21909","Isocortex",1
"Cell_39925","Isocortex",1
"Cell_44371","Isocortex",1
"Cell_4271","Isocortex",1
"Cell_37040","Isocortex",1
"Cell_18192","Isocortex",1
"Cell_25034","Isocortex",1
"Cell_26573","Isocortex",1
"Cell_33925","Isocortex",1
"Cell_35091","Isocortex",1
"Cell_37310","Isocortex",1
"Cell_42462","Isocortex",1
"Cell_45253","Isocortex",1
"Cell_12706","Isocortex",1
"Cell_9018","Isocortex",1
"Cell_24405","Isocortex",1
"Cell_37134","Isocortex",0.989171790933434
"Cell_40768","Isocortex",1
"Cell_22906","Isocortex",1
"Cell_3644","Isocortex",1
"Cell_17429","Isocortex",1
"Cell_36404","Isocortex",1
"Cell_23178","CA2so",1
"Cell_13130","CA2so",1
"Cell_8512","CA2so",1
"Cell_20750","CA2so",0.964872892839939
"Cell_6719","CA2so",1
"Cell_25535","CA2so",1
"Cell_4132","CA2so",1
"Cell_5052","CA2so",1
"Cell_1239","CA2so",0.999999999999999
"Cell_28416","CA2so",1
"Cell_20881","Isocortex",1
"Cell_38442","Isocortex",1
"Cell_334","Isocortex",1
"Cell_3675","Isocortex",1
"Cell_6250","Isocortex",1
"Cell_8820","Isocortex",1
"Cell_11284","Isocortex",1
"Cell_15179","Isocortex",1
"Cell_16706","Isocortex",1
"Cell_17616","Isocortex",1
"Cell_26547","Isocortex",0.976572384042705
"Cell_31965","Isocortex",1
"Cell_34039","Isocortex",1
"Cell_37113","Isocortex",1
"Cell_37386","Isocortex",1
"Cell_41659","Isocortex",1
"Cell_8062","Isocortex",1
"Cell_10853","Isocortex",0.970313556426054
"Cell_21856","Isocortex",1
"Cell_22157","Isocortex",1
"Cell_24789","Isocortex",1
"Cell_31131","Isocortex",1
"Cell_31922","Isocortex",0.999999999999999
"Cell_41410","Isocortex",1
"Cell_44756","Isocortex",1
"Cell_6857","Isocortex",1
"Cell_7251","Isocortex",1
"Cell_7344","Isocortex",1
"Cell_10734","Isocortex",1
"Cell_11258","Isocortex",1
"Cell_11825","Isocortex",1
"Cell_13339","Isocortex",1
"Cell_16291","Isocortex",1
"Cell_16372","Isocortex",1
"Cell_23615","Isocortex",1
"Cell_38878","Isocortex",0.999999999999999
"Cell_40943","Isocortex",1
"Cell_42809","Isocortex",1
"Cell_1717","Isocortex",1
"Cell_27065","Isocortex",1
"Cell_34245","Isocortex",1
"Cell_43962","Isocortex",1
"Cell_2024","Isocortex",1
"Cell_5459","Isocortex",1
"Cell_28918","Isocortex",1
"Cell_18304","Isocortex",0.971626448609845
"Cell_38787","Isocortex",1
"Cell_3979","Isocortex",1
"Cell_248","Isocortex",0.999999999999999
"Cell_9193","Isocortex",1
"Cell_23881","Isocortex",1
"Cell_802","Isocortex",1
"Cell_32890","Isocortex",0.999999999999999
"Cell_11593","Isocortex",1
"Cell_16287","Isocortex",1
"Cell_25470","CA1sr",1
"Cell_29558","CA1sr",1
"Cell_28784","CA1sr",1
"Cell_15746","CA1sr",1
"Cell_13778","CA1sr",1
"Cell_24388","CA1sr",1
"Cell_30876","CA1sr",0.994038546681563
"Cell_36006","CA1sr",1
"Cell_41484","CA1sr",1
"Cell_3845","CA1sr",1
"Cell_5757","CA1sr",1
"Cell_6333","CA1sr",1
"Cell_14202","CA1sr",1
"Cell_17790","CA1sr",1
"Cell_44615","CA1sr",1
"Cell_35470","CA1sr",1
"Cell_19285","CA1sr",1
"Cell_33134","CA1sr",1
"Cell_20826","CA1sr",1
"Cell_13066","CA1sr",1
"Cell_32576","CA1sr",1
"Cell_32990","CA1sr",1
"Cell_43300","CA1sr",1
"Cell_6278","CA1sr",0.963954683943922
"Cell_5107","CA1sr",1
"Cell_6103","CA1sr",1
"Cell_28657","CA2sr",1
"Cell_27133","CA2sr",0.994832431394918
"Cell_1339","CA2sr",1
"Cell_7946","CA2sr",1
"Cell_17841","CA2sr",1
"Cell_23740","CA2sr",1
"Cell_37178","CA2sr",1
"Cell_26935","CA2sr",1
"Cell_134","Isocortex",1
"Cell_11579","Isocortex",1
"Cell_10412","Isocortex",1
"Cell_17774","Isocortex",1
"Cell_30666","Isocortex",1
"Cell_17918","Isocortex",1
"Cell_29194","Isocortex",1
"Cell_1839","Isocortex",0.998120838055091
"Cell_23473","Isocortex",1
"Cell_8767","Isocortex",0.999933061047475
"Cell_15501","Isocortex",0.998347323485547
"Cell_36596","Isocortex",1
"Cell_36307","Isocortex",1
"Cell_25577","Isocortex",1
"Cell_7441","Isocortex",1
"Cell_43461","Isocortex",1
"Cell_4126","Isocortex",1
"Cell_6791","Isocortex",1
"Cell_38970","Isocortex",1
"Cell_30052","Isocortex",1
"Cell_32208","Isocortex",1
"Cell_8500","Isocortex",1
"Cell_19257","Isocortex",1
"Cell_25048","Isocortex",1
"Cell_7211","Isocortex",1
"Cell_19763","Isocortex",1
"Cell_23451","Isocortex",1
"Cell_39876","Isocortex",1
"Cell_17323","Isocortex",1
"Cell_39947","Isocortex",1
"Cell_21682","Isocortex",1
"Cell_34432","Isocortex",1
"Cell_19698","Isocortex",1
"Cell_35525","Isocortex",1
"Cell_38582","Isocortex",1
"Cell_22124","Isocortex",0.964809286883839
"Cell_28614","Isocortex",1
"Cell_19682","Isocortex",1
"Cell_33458","Isocortex",0.977634610375917
"Cell_39853","Isocortex",1
"Cell_18295","Isocortex",1
"Cell_7902","Isocortex",1
"Cell_13394","Isocortex",1
